Starting PDB update process at Mon May 25 03:00:06 AM EDT 2026...
Defaulting to user installation because normal site-packages is not writeable
Requirement already satisfied: requests>=2.31 in /home/brianna/miniconda3/lib/python3.13/site-packages (from -r update_pdb/requirements-updater.txt (line 1)) (2.32.5)
Requirement already satisfied: pandas>=2.0 in /home/pisces/.local/lib/python3.13/site-packages (from -r update_pdb/requirements-updater.txt (line 2)) (3.0.3)
Requirement already satisfied: urllib3>=1.26 in /home/brianna/miniconda3/lib/python3.13/site-packages (from -r update_pdb/requirements-updater.txt (line 3)) (2.6.1)
Requirement already satisfied: charset_normalizer<4,>=2 in /home/brianna/miniconda3/lib/python3.13/site-packages (from requests>=2.31->-r update_pdb/requirements-updater.txt (line 1)) (3.4.4)
Requirement already satisfied: idna<4,>=2.5 in /home/brianna/miniconda3/lib/python3.13/site-packages (from requests>=2.31->-r update_pdb/requirements-updater.txt (line 1)) (3.11)
Requirement already satisfied: certifi>=2017.4.17 in /home/brianna/miniconda3/lib/python3.13/site-packages (from requests>=2.31->-r update_pdb/requirements-updater.txt (line 1)) (2025.11.12)
Requirement already satisfied: numpy>=1.26.0 in /home/pisces/.local/lib/python3.13/site-packages (from pandas>=2.0->-r update_pdb/requirements-updater.txt (line 2)) (2.4.6)
Requirement already satisfied: python-dateutil>=2.8.2 in /home/pisces/.local/lib/python3.13/site-packages (from pandas>=2.0->-r update_pdb/requirements-updater.txt (line 2)) (2.9.0.post0)
Requirement already satisfied: six>=1.5 in /home/pisces/.local/lib/python3.13/site-packages (from python-dateutil>=2.8.2->pandas>=2.0->-r update_pdb/requirements-updater.txt (line 2)) (1.17.0)
Running update_pdb_e2_e3.py...
2026-05-25 03:00:09,110 - INFO - Logging to /home/brianna/data/ubiqcore/pdb_updates/pdb_update_20260525_030009.log
2026-05-25 03:00:09,121 - INFO - Read 37 E2 IDs and 369 E3 IDs
2026-05-25 03:00:09,121 - INFO - Total unique UniProt IDs: 406
2026-05-25 03:00:09,121 - INFO - Starting UniProt→PDB mapping via UniProt service...
2026-05-25 03:00:09,121 - INFO - UniProt mapping batch 1: 50 IDs
2026-05-25 03:00:10,802 - INFO - UniProt mapping batch 2: 50 IDs
2026-05-25 03:00:12,248 - INFO - UniProt mapping batch 3: 50 IDs
2026-05-25 03:00:13,646 - INFO - UniProt mapping batch 4: 50 IDs
2026-05-25 03:00:15,036 - INFO - UniProt mapping batch 5: 50 IDs
2026-05-25 03:00:16,428 - INFO - UniProt mapping batch 6: 50 IDs
2026-05-25 03:00:17,829 - INFO - UniProt mapping batch 7: 50 IDs
2026-05-25 03:00:19,205 - INFO - UniProt mapping batch 8: 50 IDs
2026-05-25 03:00:20,576 - INFO - UniProt mapping batch 9: 6 IDs
2026-05-25 03:00:21,940 - INFO - Starting UniProt→PDB mapping via RCSB full-text search...
2026-05-25 03:00:21,941 - INFO - RCSB full-text mapping 1/406: A0A1B0GUS4
2026-05-25 03:00:22,101 - INFO - RCSB full-text mapping 2/406: A0AVI4
2026-05-25 03:00:22,119 - INFO - RCSB full-text mapping 3/406: A1L020
2026-05-25 03:00:22,136 - INFO - RCSB full-text mapping 4/406: A1L167
2026-05-25 03:00:22,154 - INFO - RCSB full-text mapping 5/406: A6NCK2
2026-05-25 03:00:22,170 - INFO - RCSB full-text mapping 6/406: A6NCQ9
2026-05-25 03:00:22,192 - INFO - RCSB full-text mapping 7/406: A6NDI0
2026-05-25 03:00:22,209 - INFO - RCSB full-text mapping 8/406: A6NGJ6
2026-05-25 03:00:22,226 - INFO - RCSB full-text mapping 9/406: A6NI03
2026-05-25 03:00:22,243 - INFO - RCSB full-text mapping 10/406: A6NK02
2026-05-25 03:00:22,259 - INFO - RCSB full-text mapping 11/406: A6NLI5
2026-05-25 03:00:22,276 - INFO - RCSB full-text mapping 12/406: A6NLU0
2026-05-25 03:00:23,294 - INFO - RCSB full-text mapping 13/406: A6NNE9
2026-05-25 03:00:23,312 - INFO - RCSB full-text mapping 14/406: A8MQ27
2026-05-25 03:00:23,329 - INFO - RCSB full-text mapping 15/406: A8MTL3
2026-05-25 03:00:23,347 - INFO - RCSB full-text mapping 16/406: C9J1S8
2026-05-25 03:00:23,365 - INFO - RCSB full-text mapping 17/406: E7ERA6
2026-05-25 03:00:23,382 - INFO - RCSB full-text mapping 18/406: F8VTS6
2026-05-25 03:00:23,399 - INFO - RCSB full-text mapping 19/406: I1YAP6
2026-05-25 03:00:23,416 - INFO - RCSB full-text mapping 20/406: M0QZC1
2026-05-25 03:00:23,433 - INFO - RCSB full-text mapping 21/406: O00237
2026-05-25 03:00:23,450 - INFO - RCSB full-text mapping 22/406: O00308
2026-05-25 03:00:24,467 - INFO - RCSB full-text mapping 23/406: O00463
2026-05-25 03:00:25,501 - INFO - RCSB full-text mapping 24/406: O00623
2026-05-25 03:00:25,520 - INFO - RCSB full-text mapping 25/406: O00635
2026-05-25 03:00:25,536 - INFO - RCSB full-text mapping 26/406: O00762
2026-05-25 03:00:26,553 - INFO - RCSB full-text mapping 27/406: O14686
2026-05-25 03:00:27,573 - INFO - RCSB full-text mapping 28/406: O14933
2026-05-25 03:00:28,592 - INFO - RCSB full-text mapping 29/406: O15033
2026-05-25 03:00:29,612 - INFO - RCSB full-text mapping 30/406: O15151
2026-05-25 03:00:30,630 - INFO - RCSB full-text mapping 31/406: O15164
2026-05-25 03:00:31,650 - INFO - RCSB full-text mapping 32/406: O15344
2026-05-25 03:00:32,671 - INFO - RCSB full-text mapping 33/406: O15541
2026-05-25 03:00:33,691 - INFO - RCSB full-text mapping 34/406: O43164
2026-05-25 03:00:33,709 - INFO - RCSB full-text mapping 35/406: O43255
2026-05-25 03:00:34,727 - INFO - RCSB full-text mapping 36/406: O43567
2026-05-25 03:00:35,746 - INFO - RCSB full-text mapping 37/406: O60260
2026-05-25 03:00:36,767 - INFO - RCSB full-text mapping 38/406: O60291
2026-05-25 03:00:36,784 - INFO - RCSB full-text mapping 39/406: O60337
2026-05-25 03:00:36,801 - INFO - RCSB full-text mapping 40/406: O60683
2026-05-25 03:00:36,818 - INFO - RCSB full-text mapping 41/406: O60858
2026-05-25 03:00:36,836 - INFO - RCSB full-text mapping 42/406: O75150
2026-05-25 03:00:37,853 - INFO - RCSB full-text mapping 43/406: O75382
2026-05-25 03:00:38,873 - INFO - RCSB full-text mapping 44/406: O75592
2026-05-25 03:00:39,893 - INFO - RCSB full-text mapping 45/406: O75677
2026-05-25 03:00:39,911 - INFO - RCSB full-text mapping 46/406: O75678
2026-05-25 03:00:39,928 - INFO - RCSB full-text mapping 47/406: O75679
2026-05-25 03:00:39,945 - INFO - RCSB full-text mapping 48/406: O75928
2026-05-25 03:00:40,964 - INFO - RCSB full-text mapping 49/406: O76050
2026-05-25 03:00:40,982 - INFO - RCSB full-text mapping 50/406: O76064
2026-05-25 03:00:42,000 - INFO - RCSB full-text mapping 51/406: O94822
2026-05-25 03:00:43,019 - INFO - RCSB full-text mapping 52/406: O94941
2026-05-25 03:00:43,038 - INFO - RCSB full-text mapping 53/406: O94972
2026-05-25 03:00:44,056 - INFO - RCSB full-text mapping 54/406: O95071
2026-05-25 03:00:45,076 - INFO - RCSB full-text mapping 55/406: O95155
2026-05-25 03:00:46,095 - INFO - RCSB full-text mapping 56/406: O95159
2026-05-25 03:00:46,113 - INFO - RCSB full-text mapping 57/406: O95376
2026-05-25 03:00:47,131 - INFO - RCSB full-text mapping 58/406: O95628
2026-05-25 03:00:48,151 - INFO - RCSB full-text mapping 59/406: O95714
2026-05-25 03:00:49,169 - INFO - RCSB full-text mapping 60/406: P0CI25
2026-05-25 03:00:49,188 - INFO - RCSB full-text mapping 61/406: P0CI26
2026-05-25 03:00:49,205 - INFO - RCSB full-text mapping 62/406: P0DH78
2026-05-25 03:00:49,223 - INFO - RCSB full-text mapping 63/406: P0DTL6
2026-05-25 03:00:49,239 - INFO - RCSB full-text mapping 64/406: P14373
2026-05-25 03:00:49,256 - INFO - RCSB full-text mapping 65/406: P15918
2026-05-25 03:00:49,274 - INFO - RCSB full-text mapping 66/406: P19474
2026-05-25 03:00:50,292 - INFO - RCSB full-text mapping 67/406: P22681
2026-05-25 03:00:51,311 - INFO - RCSB full-text mapping 68/406: P28328
2026-05-25 03:00:51,329 - INFO - RCSB full-text mapping 69/406: P29590
2026-05-25 03:00:52,349 - INFO - RCSB full-text mapping 70/406: P35226
2026-05-25 03:00:53,368 - INFO - RCSB full-text mapping 71/406: P35227
2026-05-25 03:00:53,386 - INFO - RCSB full-text mapping 72/406: P36406
2026-05-25 03:00:54,405 - INFO - RCSB full-text mapping 73/406: P38398
2026-05-25 03:00:55,424 - INFO - RCSB full-text mapping 74/406: P46934
2026-05-25 03:00:56,443 - INFO - RCSB full-text mapping 75/406: P49427
2026-05-25 03:00:57,462 - INFO - RCSB full-text mapping 76/406: P49459
2026-05-25 03:00:58,481 - INFO - RCSB full-text mapping 77/406: P49754
2026-05-25 03:00:58,498 - INFO - RCSB full-text mapping 78/406: P50876
2026-05-25 03:00:59,517 - INFO - RCSB full-text mapping 79/406: P51668
2026-05-25 03:01:00,538 - INFO - RCSB full-text mapping 80/406: P51948
2026-05-25 03:01:01,557 - INFO - RCSB full-text mapping 81/406: P51965
2026-05-25 03:01:02,582 - INFO - RCSB full-text mapping 82/406: P53804
2026-05-25 03:01:02,600 - INFO - RCSB full-text mapping 83/406: P60604
2026-05-25 03:01:03,642 - INFO - RCSB full-text mapping 84/406: P61077
2026-05-25 03:01:04,661 - INFO - RCSB full-text mapping 85/406: P61081
2026-05-25 03:01:05,680 - INFO - RCSB full-text mapping 86/406: P61086
2026-05-25 03:01:06,699 - INFO - RCSB full-text mapping 87/406: P61088
2026-05-25 03:01:07,767 - INFO - RCSB full-text mapping 88/406: P62253
2026-05-25 03:01:08,787 - INFO - RCSB full-text mapping 89/406: P62256
2026-05-25 03:01:09,807 - INFO - RCSB full-text mapping 90/406: P62837
2026-05-25 03:01:10,825 - INFO - RCSB full-text mapping 91/406: P62877
2026-05-25 03:01:11,846 - INFO - RCSB full-text mapping 92/406: P63146
2026-05-25 03:01:12,867 - INFO - RCSB full-text mapping 93/406: P63279
2026-05-25 03:01:13,885 - INFO - RCSB full-text mapping 94/406: P68036
2026-05-25 03:01:14,905 - INFO - RCSB full-text mapping 95/406: P78317
2026-05-25 03:01:15,925 - INFO - RCSB full-text mapping 96/406: P98170
2026-05-25 03:01:16,943 - INFO - RCSB full-text mapping 97/406: Q00987
2026-05-25 03:01:17,964 - INFO - RCSB full-text mapping 98/406: Q05086
2026-05-25 03:01:18,984 - INFO - RCSB full-text mapping 99/406: Q06587
2026-05-25 03:01:19,001 - INFO - RCSB full-text mapping 100/406: Q09472
2026-05-25 03:01:20,020 - INFO - RCSB full-text mapping 101/406: Q12899
2026-05-25 03:01:20,038 - INFO - RCSB full-text mapping 102/406: Q12933
2026-05-25 03:01:21,058 - INFO - RCSB full-text mapping 103/406: Q12986
2026-05-25 03:01:21,076 - INFO - RCSB full-text mapping 104/406: Q13049
2026-05-25 03:01:22,095 - INFO - RCSB full-text mapping 105/406: Q13064
2026-05-25 03:01:23,114 - INFO - RCSB full-text mapping 106/406: Q13114
2026-05-25 03:01:24,132 - INFO - RCSB full-text mapping 107/406: Q13191
2026-05-25 03:01:25,150 - INFO - RCSB full-text mapping 108/406: Q13233
2026-05-25 03:01:26,169 - INFO - RCSB full-text mapping 109/406: Q13263
2026-05-25 03:01:27,189 - INFO - RCSB full-text mapping 110/406: Q13356
2026-05-25 03:01:28,208 - INFO - RCSB full-text mapping 111/406: Q13404
2026-05-25 03:01:29,227 - INFO - RCSB full-text mapping 112/406: Q13434
2026-05-25 03:01:29,246 - INFO - RCSB full-text mapping 113/406: Q13489
2026-05-25 03:01:30,264 - INFO - RCSB full-text mapping 114/406: Q13490
2026-05-25 03:01:31,285 - INFO - RCSB full-text mapping 115/406: Q13501
2026-05-25 03:01:32,303 - INFO - RCSB full-text mapping 116/406: Q13702
2026-05-25 03:01:32,319 - INFO - RCSB full-text mapping 117/406: Q14139
2026-05-25 03:01:33,338 - INFO - RCSB full-text mapping 118/406: Q14258
2026-05-25 03:01:34,359 - INFO - RCSB full-text mapping 119/406: Q14527
2026-05-25 03:01:35,378 - INFO - RCSB full-text mapping 120/406: Q14669
2026-05-25 03:01:36,397 - INFO - RCSB full-text mapping 121/406: Q149N8
2026-05-25 03:01:37,417 - INFO - RCSB full-text mapping 122/406: Q15034
2026-05-25 03:01:37,435 - INFO - RCSB full-text mapping 123/406: Q15386
2026-05-25 03:01:38,455 - INFO - RCSB full-text mapping 124/406: Q15751
2026-05-25 03:01:39,473 - INFO - RCSB full-text mapping 125/406: Q15819
2026-05-25 03:01:40,495 - INFO - RCSB full-text mapping 126/406: Q16763
2026-05-25 03:01:41,513 - INFO - RCSB full-text mapping 127/406: Q17RB8
2026-05-25 03:01:41,531 - INFO - RCSB full-text mapping 128/406: Q1L5Z9
2026-05-25 03:01:41,548 - INFO - RCSB full-text mapping 129/406: Q2KHN1
2026-05-25 03:01:41,567 - INFO - RCSB full-text mapping 130/406: Q2Q1W2
2026-05-25 03:01:42,586 - INFO - RCSB full-text mapping 131/406: Q3KNV8
2026-05-25 03:01:42,603 - INFO - RCSB full-text mapping 132/406: Q495C1
2026-05-25 03:01:42,619 - INFO - RCSB full-text mapping 133/406: Q495X7
2026-05-25 03:01:42,636 - INFO - RCSB full-text mapping 134/406: Q496Y0
2026-05-25 03:01:42,653 - INFO - RCSB full-text mapping 135/406: Q5EBN2
2026-05-25 03:01:42,669 - INFO - RCSB full-text mapping 136/406: Q5GLZ8
2026-05-25 03:01:42,685 - INFO - RCSB full-text mapping 137/406: Q5M7Z0
2026-05-25 03:01:42,702 - INFO - RCSB full-text mapping 138/406: Q5T0T0
2026-05-25 03:01:43,719 - INFO - RCSB full-text mapping 139/406: Q5T197
2026-05-25 03:01:43,736 - INFO - RCSB full-text mapping 140/406: Q5T447
2026-05-25 03:01:44,754 - INFO - RCSB full-text mapping 141/406: Q5T4S7
2026-05-25 03:01:45,774 - INFO - RCSB full-text mapping 142/406: Q5TA31
2026-05-25 03:01:46,793 - INFO - RCSB full-text mapping 143/406: Q5TC82
2026-05-25 03:01:47,811 - INFO - RCSB full-text mapping 144/406: Q5U5Q3
2026-05-25 03:01:48,831 - INFO - RCSB full-text mapping 145/406: Q5U5R9
2026-05-25 03:01:48,850 - INFO - RCSB full-text mapping 146/406: Q5VTB9
2026-05-25 03:01:48,867 - INFO - RCSB full-text mapping 147/406: Q5VTR2
2026-05-25 03:01:49,885 - INFO - RCSB full-text mapping 148/406: Q5VVX9
2026-05-25 03:01:50,904 - INFO - RCSB full-text mapping 149/406: Q5W0B1
2026-05-25 03:01:50,923 - INFO - RCSB full-text mapping 150/406: Q5XPI4
2026-05-25 03:01:51,941 - INFO - RCSB full-text mapping 151/406: Q63HN8
2026-05-25 03:01:52,960 - INFO - RCSB full-text mapping 152/406: Q68DV7
2026-05-25 03:01:53,980 - INFO - RCSB full-text mapping 153/406: Q6AZZ1
2026-05-25 03:01:53,999 - INFO - RCSB full-text mapping 154/406: Q6P9F5
2026-05-25 03:01:54,017 - INFO - RCSB full-text mapping 155/406: Q6PCD5
2026-05-25 03:01:55,036 - INFO - RCSB full-text mapping 156/406: Q6PJ69
2026-05-25 03:01:56,055 - INFO - RCSB full-text mapping 157/406: Q6PJI9
2026-05-25 03:01:57,075 - INFO - RCSB full-text mapping 158/406: Q6Q0C0
2026-05-25 03:01:58,094 - INFO - RCSB full-text mapping 159/406: Q6UWE0
2026-05-25 03:01:58,114 - INFO - RCSB full-text mapping 160/406: Q6VVB1
2026-05-25 03:01:58,130 - INFO - RCSB full-text mapping 161/406: Q6ZMN7
2026-05-25 03:01:58,149 - INFO - RCSB full-text mapping 162/406: Q6ZMU5
2026-05-25 03:01:59,167 - INFO - RCSB full-text mapping 163/406: Q6ZMZ0
2026-05-25 03:01:59,183 - INFO - RCSB full-text mapping 164/406: Q6ZN04
2026-05-25 03:02:00,201 - INFO - RCSB full-text mapping 165/406: Q6ZNA4
2026-05-25 03:02:01,222 - INFO - RCSB full-text mapping 166/406: Q6ZNB6
2026-05-25 03:02:01,241 - INFO - RCSB full-text mapping 167/406: Q6ZRF8
2026-05-25 03:02:01,258 - INFO - RCSB full-text mapping 168/406: Q6ZSG1
2026-05-25 03:02:02,277 - INFO - RCSB full-text mapping 169/406: Q6ZT12
2026-05-25 03:02:02,295 - INFO - RCSB full-text mapping 170/406: Q6ZTA4
2026-05-25 03:02:03,313 - INFO - RCSB full-text mapping 171/406: Q6ZWI9
2026-05-25 03:02:03,331 - INFO - RCSB full-text mapping 172/406: Q712K3
2026-05-25 03:02:04,350 - INFO - RCSB full-text mapping 173/406: Q75N03
2026-05-25 03:02:04,368 - INFO - RCSB full-text mapping 174/406: Q76N89
2026-05-25 03:02:05,386 - INFO - RCSB full-text mapping 175/406: Q7L0R7
2026-05-25 03:02:05,404 - INFO - RCSB full-text mapping 176/406: Q7L5Y9
2026-05-25 03:02:06,421 - INFO - RCSB full-text mapping 177/406: Q7L622
2026-05-25 03:02:06,438 - INFO - RCSB full-text mapping 178/406: Q7Z3V4
2026-05-25 03:02:06,455 - INFO - RCSB full-text mapping 179/406: Q7Z419
2026-05-25 03:02:06,473 - INFO - RCSB full-text mapping 180/406: Q7Z4K8
2026-05-25 03:02:06,490 - INFO - RCSB full-text mapping 181/406: Q7Z569
2026-05-25 03:02:06,508 - INFO - RCSB full-text mapping 182/406: Q7Z5L9
2026-05-25 03:02:07,525 - INFO - RCSB full-text mapping 183/406: Q7Z6E9
2026-05-25 03:02:08,545 - INFO - RCSB full-text mapping 184/406: Q7Z6J0
2026-05-25 03:02:09,565 - INFO - RCSB full-text mapping 185/406: Q7Z6J8
2026-05-25 03:02:09,582 - INFO - RCSB full-text mapping 186/406: Q7Z6Z7
2026-05-25 03:02:10,601 - INFO - RCSB full-text mapping 187/406: Q7Z7E8
2026-05-25 03:02:11,622 - INFO - RCSB full-text mapping 188/406: Q86SE9
2026-05-25 03:02:12,641 - INFO - RCSB full-text mapping 189/406: Q86T96
2026-05-25 03:02:12,660 - INFO - RCSB full-text mapping 190/406: Q86TM6
2026-05-25 03:02:13,678 - INFO - RCSB full-text mapping 191/406: Q86UD3
2026-05-25 03:02:13,698 - INFO - RCSB full-text mapping 192/406: Q86UK7
2026-05-25 03:02:13,716 - INFO - RCSB full-text mapping 193/406: Q86UV6
2026-05-25 03:02:13,734 - INFO - RCSB full-text mapping 194/406: Q86UV7
2026-05-25 03:02:13,751 - INFO - RCSB full-text mapping 195/406: Q86UW9
2026-05-25 03:02:14,769 - INFO - RCSB full-text mapping 196/406: Q86WT6
2026-05-25 03:02:15,788 - INFO - RCSB full-text mapping 197/406: Q86XN8
2026-05-25 03:02:16,806 - INFO - RCSB full-text mapping 198/406: Q86XS8
2026-05-25 03:02:16,824 - INFO - RCSB full-text mapping 199/406: Q86XT4
2026-05-25 03:02:16,841 - INFO - RCSB full-text mapping 200/406: Q86Y01
2026-05-25 03:02:17,861 - INFO - RCSB full-text mapping 201/406: Q86Y13
2026-05-25 03:02:17,878 - INFO - RCSB full-text mapping 202/406: Q86YJ5
2026-05-25 03:02:17,896 - INFO - RCSB full-text mapping 203/406: Q86YT6
2026-05-25 03:02:18,914 - INFO - RCSB full-text mapping 204/406: Q8IU81
2026-05-25 03:02:18,934 - INFO - RCSB full-text mapping 205/406: Q8IUD6
2026-05-25 03:02:19,953 - INFO - RCSB full-text mapping 206/406: Q8IUQ4
2026-05-25 03:02:20,973 - INFO - RCSB full-text mapping 207/406: Q8IVU3
2026-05-25 03:02:21,992 - INFO - RCSB full-text mapping 208/406: Q8IWR1
2026-05-25 03:02:22,009 - INFO - RCSB full-text mapping 209/406: Q8IWT3
2026-05-25 03:02:23,026 - INFO - RCSB full-text mapping 210/406: Q8IWV7
2026-05-25 03:02:24,045 - INFO - RCSB full-text mapping 211/406: Q8IWV8
2026-05-25 03:02:25,233 - INFO - RCSB full-text mapping 212/406: Q8IWZ4
2026-05-25 03:02:25,252 - INFO - RCSB full-text mapping 213/406: Q8IWZ5
2026-05-25 03:02:25,271 - INFO - RCSB full-text mapping 214/406: Q8IYM9
2026-05-25 03:02:25,340 - INFO - RCSB full-text mapping 215/406: Q8IYU2
2026-05-25 03:02:26,359 - INFO - RCSB full-text mapping 216/406: Q8IYW5
2026-05-25 03:02:27,378 - INFO - RCSB full-text mapping 217/406: Q8IZP6
2026-05-25 03:02:28,398 - INFO - RCSB full-text mapping 218/406: Q8N2H9
2026-05-25 03:02:28,416 - INFO - RCSB full-text mapping 219/406: Q8N2K1
2026-05-25 03:02:29,436 - INFO - RCSB full-text mapping 220/406: Q8N2W9
2026-05-25 03:02:29,454 - INFO - RCSB full-text mapping 221/406: Q8N3P4
2026-05-25 03:02:29,472 - INFO - RCSB full-text mapping 222/406: Q8N448
2026-05-25 03:02:30,491 - INFO - RCSB full-text mapping 223/406: Q8N4F7
2026-05-25 03:02:30,508 - INFO - RCSB full-text mapping 224/406: Q8N5U6
2026-05-25 03:02:30,526 - INFO - RCSB full-text mapping 225/406: Q8N6D2
2026-05-25 03:02:30,543 - INFO - RCSB full-text mapping 226/406: Q8N7C7
2026-05-25 03:02:30,560 - INFO - RCSB full-text mapping 227/406: Q8N7E2
2026-05-25 03:02:30,578 - INFO - RCSB full-text mapping 228/406: Q8N8N0
2026-05-25 03:02:30,595 - INFO - RCSB full-text mapping 229/406: Q8N9I9
2026-05-25 03:02:30,612 - INFO - RCSB full-text mapping 230/406: Q8N9V2
2026-05-25 03:02:30,629 - INFO - RCSB full-text mapping 231/406: Q8N9V3
2026-05-25 03:02:30,645 - INFO - RCSB full-text mapping 232/406: Q8NA82
2026-05-25 03:02:30,662 - INFO - RCSB full-text mapping 233/406: Q8NC42
2026-05-25 03:02:30,679 - INFO - RCSB full-text mapping 234/406: Q8NCN4
2026-05-25 03:02:31,697 - INFO - RCSB full-text mapping 235/406: Q8ND24
2026-05-25 03:02:31,714 - INFO - RCSB full-text mapping 236/406: Q8ND25
2026-05-25 03:02:32,732 - INFO - RCSB full-text mapping 237/406: Q8NEG5
2026-05-25 03:02:33,751 - INFO - RCSB full-text mapping 238/406: Q8NEZ4
2026-05-25 03:02:34,770 - INFO - RCSB full-text mapping 239/406: Q8NF64
2026-05-25 03:02:34,787 - INFO - RCSB full-text mapping 240/406: Q8NG06
2026-05-25 03:02:35,807 - INFO - RCSB full-text mapping 241/406: Q8NG27
2026-05-25 03:02:36,827 - INFO - RCSB full-text mapping 242/406: Q8NHG8
2026-05-25 03:02:36,846 - INFO - RCSB full-text mapping 243/406: Q8NHY2
2026-05-25 03:02:37,865 - INFO - RCSB full-text mapping 244/406: Q8TBB1
2026-05-25 03:02:38,884 - INFO - RCSB full-text mapping 245/406: Q8TC41
2026-05-25 03:02:38,902 - INFO - RCSB full-text mapping 246/406: Q8TCQ1
2026-05-25 03:02:38,920 - INFO - RCSB full-text mapping 247/406: Q8TDB6
2026-05-25 03:02:39,938 - INFO - RCSB full-text mapping 248/406: Q8TEB7
2026-05-25 03:02:40,962 - INFO - RCSB full-text mapping 249/406: Q8TEC5
2026-05-25 03:02:40,980 - INFO - RCSB full-text mapping 250/406: Q8TEJ3
2026-05-25 03:02:40,997 - INFO - RCSB full-text mapping 251/406: Q8WU17
2026-05-25 03:02:41,014 - INFO - RCSB full-text mapping 252/406: Q8WV22
2026-05-25 03:02:42,033 - INFO - RCSB full-text mapping 253/406: Q8WV44
2026-05-25 03:02:43,053 - INFO - RCSB full-text mapping 254/406: Q8WVD3
2026-05-25 03:02:43,070 - INFO - RCSB full-text mapping 255/406: Q8WVD5
2026-05-25 03:02:44,089 - INFO - RCSB full-text mapping 256/406: Q8WVN8
2026-05-25 03:02:45,109 - INFO - RCSB full-text mapping 257/406: Q8WVZ7
2026-05-25 03:02:45,129 - INFO - RCSB full-text mapping 258/406: Q8WWF5
2026-05-25 03:02:45,147 - INFO - RCSB full-text mapping 259/406: Q8WY64
2026-05-25 03:02:46,166 - INFO - RCSB full-text mapping 260/406: Q8WZ73
2026-05-25 03:02:47,185 - INFO - RCSB full-text mapping 261/406: Q92793
2026-05-25 03:02:48,206 - INFO - RCSB full-text mapping 262/406: Q969K3
2026-05-25 03:02:48,223 - INFO - RCSB full-text mapping 263/406: Q969M7
2026-05-25 03:02:49,242 - INFO - RCSB full-text mapping 264/406: Q969Q1
2026-05-25 03:02:50,261 - INFO - RCSB full-text mapping 265/406: Q969T4
2026-05-25 03:02:51,280 - INFO - RCSB full-text mapping 266/406: Q969V5
2026-05-25 03:02:52,299 - INFO - RCSB full-text mapping 267/406: Q96A37
2026-05-25 03:02:52,318 - INFO - RCSB full-text mapping 268/406: Q96A61
2026-05-25 03:02:52,337 - INFO - RCSB full-text mapping 269/406: Q96AX9
2026-05-25 03:02:52,355 - INFO - RCSB full-text mapping 270/406: Q96B02
2026-05-25 03:02:53,374 - INFO - RCSB full-text mapping 271/406: Q96BH1
2026-05-25 03:02:54,395 - INFO - RCSB full-text mapping 272/406: Q96BQ3
2026-05-25 03:02:54,412 - INFO - RCSB full-text mapping 273/406: Q96CA5
2026-05-25 03:02:55,430 - INFO - RCSB full-text mapping 274/406: Q96D59
2026-05-25 03:02:55,448 - INFO - RCSB full-text mapping 275/406: Q96DX4
2026-05-25 03:02:55,464 - INFO - RCSB full-text mapping 276/406: Q96EH8
2026-05-25 03:02:55,481 - INFO - RCSB full-text mapping 277/406: Q96EP0
2026-05-25 03:02:56,499 - INFO - RCSB full-text mapping 278/406: Q96EP1
2026-05-25 03:02:57,518 - INFO - RCSB full-text mapping 279/406: Q96EQ8
2026-05-25 03:02:58,538 - INFO - RCSB full-text mapping 280/406: Q96EX2
2026-05-25 03:02:58,556 - INFO - RCSB full-text mapping 281/406: Q96F44
2026-05-25 03:02:59,574 - INFO - RCSB full-text mapping 282/406: Q96FA3
2026-05-25 03:03:00,592 - INFO - RCSB full-text mapping 283/406: Q96G75
2026-05-25 03:03:00,609 - INFO - RCSB full-text mapping 284/406: Q96GF1
2026-05-25 03:03:00,627 - INFO - RCSB full-text mapping 285/406: Q96J02
2026-05-25 03:03:01,644 - INFO - RCSB full-text mapping 286/406: Q96K19
2026-05-25 03:03:01,662 - INFO - RCSB full-text mapping 287/406: Q96LD4
2026-05-25 03:03:01,679 - INFO - RCSB full-text mapping 288/406: Q96LR5
2026-05-25 03:03:02,698 - INFO - RCSB full-text mapping 289/406: Q96MF7
2026-05-25 03:03:03,716 - INFO - RCSB full-text mapping 290/406: Q96MT1
2026-05-25 03:03:03,733 - INFO - RCSB full-text mapping 291/406: Q96P09
2026-05-25 03:03:04,750 - INFO - RCSB full-text mapping 292/406: Q96PM5
2026-05-25 03:03:05,770 - INFO - RCSB full-text mapping 293/406: Q96PU4
2026-05-25 03:03:06,788 - INFO - RCSB full-text mapping 294/406: Q96PU5
2026-05-25 03:03:07,807 - INFO - RCSB full-text mapping 295/406: Q96PX1
2026-05-25 03:03:07,826 - INFO - RCSB full-text mapping 296/406: Q96T88
2026-05-25 03:03:08,845 - INFO - RCSB full-text mapping 297/406: Q99496
2026-05-25 03:03:09,865 - INFO - RCSB full-text mapping 298/406: Q99590
2026-05-25 03:03:09,883 - INFO - RCSB full-text mapping 299/406: Q99675
2026-05-25 03:03:10,902 - INFO - RCSB full-text mapping 300/406: Q99728
2026-05-25 03:03:11,922 - INFO - RCSB full-text mapping 301/406: Q99942
2026-05-25 03:03:11,939 - INFO - RCSB full-text mapping 302/406: Q9BRZ2
2026-05-25 03:03:12,956 - INFO - RCSB full-text mapping 303/406: Q9BSJ1
2026-05-25 03:03:12,977 - INFO - RCSB full-text mapping 304/406: Q9BSM1
2026-05-25 03:03:13,995 - INFO - RCSB full-text mapping 305/406: Q9BUZ4
2026-05-25 03:03:15,014 - INFO - RCSB full-text mapping 306/406: Q9BV68
2026-05-25 03:03:16,034 - INFO - RCSB full-text mapping 307/406: Q9BVG3
2026-05-25 03:03:16,055 - INFO - RCSB full-text mapping 308/406: Q9BWF2
2026-05-25 03:03:17,074 - INFO - RCSB full-text mapping 309/406: Q9BWX1
2026-05-25 03:03:17,091 - INFO - RCSB full-text mapping 310/406: Q9BXT8
2026-05-25 03:03:18,109 - INFO - RCSB full-text mapping 311/406: Q9BY78
2026-05-25 03:03:18,127 - INFO - RCSB full-text mapping 312/406: Q9BYE7
2026-05-25 03:03:19,145 - INFO - RCSB full-text mapping 313/406: Q9BYJ4
2026-05-25 03:03:20,164 - INFO - RCSB full-text mapping 314/406: Q9BYM8
2026-05-25 03:03:21,185 - INFO - RCSB full-text mapping 315/406: Q9BYV2
2026-05-25 03:03:22,205 - INFO - RCSB full-text mapping 316/406: Q9BYV6
2026-05-25 03:03:22,223 - INFO - RCSB full-text mapping 317/406: Q9BZR9
2026-05-25 03:03:22,240 - INFO - RCSB full-text mapping 318/406: Q9BZY9
2026-05-25 03:03:23,260 - INFO - RCSB full-text mapping 319/406: Q9C019
2026-05-25 03:03:24,280 - INFO - RCSB full-text mapping 320/406: Q9C026
2026-05-25 03:03:25,299 - INFO - RCSB full-text mapping 321/406: Q9C029
2026-05-25 03:03:26,318 - INFO - RCSB full-text mapping 322/406: Q9C030
2026-05-25 03:03:26,338 - INFO - RCSB full-text mapping 323/406: Q9C035
2026-05-25 03:03:27,359 - INFO - RCSB full-text mapping 324/406: Q9C037
2026-05-25 03:03:27,376 - INFO - RCSB full-text mapping 325/406: Q9C040
2026-05-25 03:03:28,394 - INFO - RCSB full-text mapping 326/406: Q9C0B0
2026-05-25 03:03:28,414 - INFO - RCSB full-text mapping 327/406: Q9C0C9
2026-05-25 03:03:29,435 - INFO - RCSB full-text mapping 328/406: Q9H000
2026-05-25 03:03:29,454 - INFO - RCSB full-text mapping 329/406: Q9H0A6
2026-05-25 03:03:29,471 - INFO - RCSB full-text mapping 330/406: Q9H0F5
2026-05-25 03:03:30,489 - INFO - RCSB full-text mapping 331/406: Q9H0M0
2026-05-25 03:03:31,507 - INFO - RCSB full-text mapping 332/406: Q9H0X6
2026-05-25 03:03:31,525 - INFO - RCSB full-text mapping 333/406: Q9H1B7
2026-05-25 03:03:32,608 - INFO - RCSB full-text mapping 334/406: Q9H270
2026-05-25 03:03:32,663 - INFO - RCSB full-text mapping 335/406: Q9H2S5
2026-05-25 03:03:32,681 - INFO - RCSB full-text mapping 336/406: Q9H4P4
2026-05-25 03:03:33,700 - INFO - RCSB full-text mapping 337/406: Q9H6Y7
2026-05-25 03:03:33,718 - INFO - RCSB full-text mapping 338/406: Q9H832
2026-05-25 03:03:34,738 - INFO - RCSB full-text mapping 339/406: Q9H871
2026-05-25 03:03:35,758 - INFO - RCSB full-text mapping 340/406: Q9H8W5
2026-05-25 03:03:36,775 - INFO - RCSB full-text mapping 341/406: Q9H920
2026-05-25 03:03:36,794 - INFO - RCSB full-text mapping 342/406: Q9H992
2026-05-25 03:03:36,811 - INFO - RCSB full-text mapping 343/406: Q9H9P5
2026-05-25 03:03:36,829 - INFO - RCSB full-text mapping 344/406: Q9H9V4
2026-05-25 03:03:36,846 - INFO - RCSB full-text mapping 345/406: Q9HAT8
2026-05-25 03:03:37,864 - INFO - RCSB full-text mapping 346/406: Q9HAU4
2026-05-25 03:03:38,883 - INFO - RCSB full-text mapping 347/406: Q9HBD1
2026-05-25 03:03:39,902 - INFO - RCSB full-text mapping 348/406: Q9HCE7
2026-05-25 03:03:40,922 - INFO - RCSB full-text mapping 349/406: Q9HCI7
2026-05-25 03:03:41,940 - INFO - RCSB full-text mapping 350/406: Q9HCM9
2026-05-25 03:03:42,958 - INFO - RCSB full-text mapping 351/406: Q9NPC3
2026-05-25 03:03:43,976 - INFO - RCSB full-text mapping 352/406: Q9NPD8
2026-05-25 03:03:44,994 - INFO - RCSB full-text mapping 353/406: Q9NQ86
2026-05-25 03:03:46,011 - INFO - RCSB full-text mapping 354/406: Q9NR09
2026-05-25 03:03:47,030 - INFO - RCSB full-text mapping 355/406: Q9NS56
2026-05-25 03:03:47,048 - INFO - RCSB full-text mapping 356/406: Q9NS91
2026-05-25 03:03:48,067 - INFO - RCSB full-text mapping 357/406: Q9NTX7
2026-05-25 03:03:49,087 - INFO - RCSB full-text mapping 358/406: Q9NV58
2026-05-25 03:03:49,104 - INFO - RCSB full-text mapping 359/406: Q9NVW2
2026-05-25 03:03:50,123 - INFO - RCSB full-text mapping 360/406: Q9NW38
2026-05-25 03:03:51,143 - INFO - RCSB full-text mapping 361/406: Q9NWF9
2026-05-25 03:03:52,162 - INFO - RCSB full-text mapping 362/406: Q9NX47
2026-05-25 03:03:52,179 - INFO - RCSB full-text mapping 363/406: Q9NXI6
2026-05-25 03:03:52,230 - INFO - RCSB full-text mapping 364/406: Q9NYG5
2026-05-25 03:03:53,248 - INFO - RCSB full-text mapping 365/406: Q9NZS9
2026-05-25 03:03:53,266 - INFO - RCSB full-text mapping 366/406: Q9P0J7
2026-05-25 03:03:54,285 - INFO - RCSB full-text mapping 367/406: Q9P0N8
2026-05-25 03:03:54,303 - INFO - RCSB full-text mapping 368/406: Q9P0P0
2026-05-25 03:03:54,321 - INFO - RCSB full-text mapping 369/406: Q9P1Y6
2026-05-25 03:03:54,338 - INFO - RCSB full-text mapping 370/406: Q9P253
2026-05-25 03:03:54,355 - INFO - RCSB full-text mapping 371/406: Q9P2E8
2026-05-25 03:03:54,372 - INFO - RCSB full-text mapping 372/406: Q9P2G1
2026-05-25 03:03:54,389 - INFO - RCSB full-text mapping 373/406: Q9P2P5
2026-05-25 03:03:55,406 - INFO - RCSB full-text mapping 374/406: Q9UBF6
2026-05-25 03:03:56,425 - INFO - RCSB full-text mapping 375/406: Q9UBN7
2026-05-25 03:03:57,446 - INFO - RCSB full-text mapping 376/406: Q9UBS8
2026-05-25 03:03:57,464 - INFO - RCSB full-text mapping 377/406: Q9UDY6
2026-05-25 03:03:58,483 - INFO - RCSB full-text mapping 378/406: Q9UHC7
2026-05-25 03:03:58,500 - INFO - RCSB full-text mapping 379/406: Q9UII4
2026-05-25 03:03:59,519 - INFO - RCSB full-text mapping 380/406: Q9UJV3
2026-05-25 03:04:00,537 - INFO - RCSB full-text mapping 381/406: Q9UKV5
2026-05-25 03:04:01,555 - INFO - RCSB full-text mapping 382/406: Q9ULJ6
2026-05-25 03:04:02,575 - INFO - RCSB full-text mapping 383/406: Q9ULK6
2026-05-25 03:04:02,593 - INFO - RCSB full-text mapping 384/406: Q9ULT6
2026-05-25 03:04:03,611 - INFO - RCSB full-text mapping 385/406: Q9ULT8
2026-05-25 03:04:04,630 - INFO - RCSB full-text mapping 386/406: Q9ULV8
2026-05-25 03:04:05,648 - INFO - RCSB full-text mapping 387/406: Q9ULX5
2026-05-25 03:04:05,666 - INFO - RCSB full-text mapping 388/406: Q9UMS4
2026-05-25 03:04:06,686 - INFO - RCSB full-text mapping 389/406: Q9UNE7
2026-05-25 03:04:07,705 - INFO - RCSB full-text mapping 390/406: Q9UPN9
2026-05-25 03:04:08,724 - INFO - RCSB full-text mapping 391/406: Q9UPQ4
2026-05-25 03:04:08,741 - INFO - RCSB full-text mapping 392/406: Q9UPQ7
2026-05-25 03:04:09,759 - INFO - RCSB full-text mapping 393/406: Q9Y225
2026-05-25 03:04:10,779 - INFO - RCSB full-text mapping 394/406: Q9Y252
2026-05-25 03:04:10,798 - INFO - RCSB full-text mapping 395/406: Q9Y2E6
2026-05-25 03:04:10,814 - INFO - RCSB full-text mapping 396/406: Q9Y2X8
2026-05-25 03:04:10,831 - INFO - RCSB full-text mapping 397/406: Q9Y314
2026-05-25 03:04:11,849 - INFO - RCSB full-text mapping 398/406: Q9Y385
2026-05-25 03:04:11,869 - INFO - RCSB full-text mapping 399/406: Q9Y3C5
2026-05-25 03:04:11,886 - INFO - RCSB full-text mapping 400/406: Q9Y4D8
2026-05-25 03:04:11,903 - INFO - RCSB full-text mapping 401/406: Q9Y4K3
2026-05-25 03:04:12,922 - INFO - RCSB full-text mapping 402/406: Q9Y4L5
2026-05-25 03:04:12,940 - INFO - RCSB full-text mapping 403/406: Q9Y4X5
2026-05-25 03:04:13,957 - INFO - RCSB full-text mapping 404/406: Q9Y508
2026-05-25 03:04:13,975 - INFO - RCSB full-text mapping 405/406: Q9Y577
2026-05-25 03:04:13,993 - INFO - RCSB full-text mapping 406/406: Q9Y6U7
2026-05-25 03:04:14,012 - INFO - Combined mapping complete
2026-05-25 03:04:14,013 - INFO - Total unique PDB IDs mapped: 2069
2026-05-25 03:04:14,013 - INFO - Processing all 2069 PDB IDs
2026-05-25 03:04:14,013 - INFO - JSON API: 1/2069 13RZ
2026-05-25 03:04:18,063 - INFO - JSON API: 51/2069 1FP0
2026-05-25 03:04:23,510 - INFO - JSON API: 101/2069 1TFT
2026-05-25 03:04:28,641 - INFO - JSON API: 151/2069 2A25
2026-05-25 03:04:33,483 - INFO - JSON API: 201/2069 2ECL
2026-05-25 03:04:37,455 - INFO - JSON API: 251/2069 2JY7
2026-05-25 03:04:42,629 - INFO - JSON API: 301/2069 2LZG
2026-05-25 03:04:46,739 - INFO - JSON API: 351/2069 2R1Z
2026-05-25 03:04:51,764 - INFO - JSON API: 401/2069 3BUW
2026-05-25 03:04:55,991 - INFO - JSON API: 451/2069 3H8K
2026-05-25 03:05:02,068 - INFO - JSON API: 501/2069 3O33
2026-05-25 03:05:06,408 - INFO - JSON API: 551/2069 3U15
2026-05-25 03:05:11,986 - INFO - JSON API: 601/2069 4CFG
2026-05-25 03:05:16,529 - INFO - JSON API: 651/2069 4JLU
2026-05-25 03:05:21,633 - INFO - JSON API: 701/2069 4O2W
2026-05-25 03:05:26,093 - INFO - JSON API: 751/2069 4TSE
2026-05-25 03:05:31,761 - INFO - JSON API: 801/2069 4ZFI
2026-05-25 03:05:36,400 - INFO - JSON API: 851/2069 5DIN
2026-05-25 03:05:42,276 - INFO - JSON API: 901/2069 5HQG
2026-05-25 03:05:47,756 - INFO - JSON API: 951/2069 5LPM
2026-05-25 03:05:53,558 - INFO - JSON API: 1001/2069 5TRB
2026-05-25 03:05:58,732 - INFO - JSON API: 1051/2069 5YPE
2026-05-25 03:06:07,373 - INFO - JSON API: 1101/2069 6ES6
2026-05-25 03:06:14,840 - INFO - JSON API: 1151/2069 6JX5
2026-05-25 03:06:21,522 - INFO - JSON API: 1201/2069 6QCI
2026-05-25 03:06:28,858 - INFO - JSON API: 1251/2069 6UMS
2026-05-25 03:06:35,745 - INFO - JSON API: 1301/2069 7AD0
2026-05-25 03:06:45,731 - INFO - JSON API: 1351/2069 7KJN
2026-05-25 03:06:56,851 - INFO - JSON API: 1401/2069 7OJX
2026-05-25 03:07:02,410 - INFO - JSON API: 1451/2069 7UN6
2026-05-25 03:07:10,424 - INFO - JSON API: 1501/2069 8A58
2026-05-25 03:07:18,496 - INFO - JSON API: 1551/2069 8EI4
2026-05-25 03:07:26,011 - INFO - JSON API: 1601/2069 8GXS
2026-05-25 03:07:39,663 - INFO - JSON API: 1651/2069 8JAS
2026-05-25 03:07:46,115 - INFO - JSON API: 1701/2069 8PJN
2026-05-25 03:07:52,628 - INFO - JSON API: 1751/2069 8SN0
2026-05-25 03:08:06,954 - INFO - JSON API: 1801/2069 8WMS
2026-05-25 03:08:13,118 - INFO - JSON API: 1851/2069 9BJ9
2026-05-25 03:08:22,036 - INFO - JSON API: 1901/2069 9GFC
2026-05-25 03:08:28,247 - INFO - JSON API: 1951/2069 9KQ2
2026-05-25 03:08:36,125 - INFO - JSON API: 2001/2069 9OLB
2026-05-25 03:08:42,054 - INFO - JSON API: 2051/2069 9RFF
2026-05-25 03:08:44,498 - INFO - JSON API returned base info for 2069 entries
2026-05-25 03:08:44,587 - INFO - UniProt gene-mapping batch 1: 400 IDs
2026-05-25 03:08:46,279 - INFO - UniProt gene-mapping batch 2: 6 IDs
2026-05-25 03:08:47,653 - INFO - Mapped 406 UniProt IDs to gene names via mapping API
2026-05-25 03:08:47,830 - INFO - Saved main CSV: /home/brianna/data/ubiqcore/pdb_updates/pdb_structures_detailed_update_20260525.csv
2026-05-25 03:08:47,842 - INFO - 
Summary:
2026-05-25 03:08:47,842 - INFO - Total unique PDB structures: 2069
2026-05-25 03:08:47,844 - INFO - PDB structures containing E2 (by UniProt IDs): 365
2026-05-25 03:08:47,846 - INFO - PDB structures containing E3 (by UniProt IDs): 1838
2026-05-25 03:08:47,846 - INFO - PDB structures containing Ubiquitin: 172
2026-05-25 03:08:47,847 - INFO - PDB structures containing both E2 and E3: 135
2026-05-25 03:08:47,848 - INFO - PDB structures containing E2, E3, and Ubiquitin: 58
2026-05-25 03:08:47,849 - INFO - processing complete.
Running download_pdb_files.py...
2026-05-25 03:08:49,198 - INFO - Using CSV: /home/brianna/data/ubiqcore/pdb_updates/pdb_structures_detailed_update_20260525.csv
2026-05-25 03:08:49,224 - INFO - Found 2069 PDB IDs
2026-05-25 03:08:49,224 - INFO - [1/2069] Asymmetric unit already cached: 13RZ.cif
2026-05-25 03:08:49,225 - INFO - [1/2069] Biological assembly already cached: 13RZ-assembly1.cif
2026-05-25 03:08:49,425 - INFO - [2/2069] Asymmetric unit already cached: 13SA.cif
2026-05-25 03:08:49,425 - INFO - [2/2069] Biological assembly already cached: 13SA-assembly1.cif
2026-05-25 03:08:49,625 - INFO - [3/2069] Asymmetric unit already cached: 13SB.cif
2026-05-25 03:08:49,625 - INFO - [3/2069] Biological assembly already cached: 13SB-assembly1.cif
2026-05-25 03:08:49,826 - INFO - [4/2069] Asymmetric unit already cached: 13SC.cif
2026-05-25 03:08:49,826 - INFO - [4/2069] Biological assembly already cached: 13SC-assembly1.cif
2026-05-25 03:08:50,026 - INFO - [5/2069] Asymmetric unit already cached: 13SD.cif
2026-05-25 03:08:50,026 - INFO - [5/2069] Biological assembly already cached: 13SD-assembly1.cif
2026-05-25 03:08:50,227 - INFO - [6/2069] Asymmetric unit already cached: 13SE.cif
2026-05-25 03:08:50,227 - INFO - [6/2069] Biological assembly already cached: 13SE-assembly1.cif
2026-05-25 03:08:50,427 - INFO - [7/2069] Asymmetric unit already cached: 13SF.cif
2026-05-25 03:08:50,427 - INFO - [7/2069] Biological assembly already cached: 13SF-assembly1.cif
2026-05-25 03:08:50,627 - INFO - [8/2069] Asymmetric unit already cached: 13SG.cif
2026-05-25 03:08:50,627 - INFO - [8/2069] Biological assembly already cached: 13SG-assembly1.cif
2026-05-25 03:08:50,828 - INFO - [9/2069] Asymmetric unit already cached: 13SH.cif
2026-05-25 03:08:50,828 - INFO - [9/2069] Biological assembly already cached: 13SH-assembly1.cif
2026-05-25 03:08:51,028 - INFO - [10/2069] Asymmetric unit already cached: 13SI.cif
2026-05-25 03:08:51,028 - INFO - [10/2069] Biological assembly already cached: 13SI-assembly1.cif
2026-05-25 03:08:51,229 - INFO - [11/2069] Asymmetric unit already cached: 13SJ.cif
2026-05-25 03:08:51,229 - INFO - [11/2069] Biological assembly already cached: 13SJ-assembly1.cif
2026-05-25 03:08:51,429 - INFO - [12/2069] Asymmetric unit already cached: 13SK.cif
2026-05-25 03:08:51,429 - INFO - [12/2069] Biological assembly already cached: 13SK-assembly1.cif
2026-05-25 03:08:51,629 - INFO - [13/2069] Asymmetric unit already cached: 13SL.cif
2026-05-25 03:08:51,629 - INFO - [13/2069] Biological assembly already cached: 13SL-assembly1.cif
2026-05-25 03:08:51,830 - INFO - [14/2069] Asymmetric unit already cached: 13SM.cif
2026-05-25 03:08:51,830 - INFO - [14/2069] Biological assembly already cached: 13SM-assembly1.cif
2026-05-25 03:08:52,030 - INFO - [15/2069] Asymmetric unit already cached: 13SN.cif
2026-05-25 03:08:52,030 - INFO - [15/2069] Biological assembly already cached: 13SN-assembly1.cif
2026-05-25 03:08:52,231 - INFO - [16/2069] Asymmetric unit already cached: 13SO.cif
2026-05-25 03:08:52,232 - INFO - [16/2069] Biological assembly already cached: 13SO-assembly1.cif
2026-05-25 03:08:52,432 - INFO - [17/2069] Asymmetric unit already cached: 13SP.cif
2026-05-25 03:08:52,432 - INFO - [17/2069] Biological assembly already cached: 13SP-assembly1.cif
2026-05-25 03:08:52,632 - INFO - [18/2069] Asymmetric unit already cached: 13SQ.cif
2026-05-25 03:08:52,632 - INFO - [18/2069] Biological assembly already cached: 13SQ-assembly1.cif
2026-05-25 03:08:52,833 - INFO - [19/2069] Asymmetric unit already cached: 13SR.cif
2026-05-25 03:08:52,833 - INFO - [19/2069] Biological assembly already cached: 13SR-assembly1.cif
2026-05-25 03:08:53,033 - INFO - [20/2069] Asymmetric unit already cached: 13SS.cif
2026-05-25 03:08:53,033 - INFO - [20/2069] Biological assembly already cached: 13SS-assembly1.cif
2026-05-25 03:08:53,234 - INFO - [21/2069] Asymmetric unit already cached: 13ST.cif
2026-05-25 03:08:53,234 - INFO - [21/2069] Biological assembly already cached: 13ST-assembly1.cif
2026-05-25 03:08:53,434 - INFO - [22/2069] Asymmetric unit already cached: 13SU.cif
2026-05-25 03:08:53,434 - INFO - [22/2069] Biological assembly already cached: 13SU-assembly1.cif
2026-05-25 03:08:53,634 - INFO - [23/2069] Asymmetric unit already cached: 13SV.cif
2026-05-25 03:08:53,635 - INFO - [23/2069] Biological assembly already cached: 13SV-assembly1.cif
2026-05-25 03:08:53,835 - INFO - [24/2069] Asymmetric unit already cached: 13SW.cif
2026-05-25 03:08:53,835 - INFO - [24/2069] Biological assembly already cached: 13SW-assembly1.cif
2026-05-25 03:08:54,035 - INFO - [25/2069] Asymmetric unit already cached: 13SX.cif
2026-05-25 03:08:54,035 - INFO - [25/2069] Biological assembly already cached: 13SX-assembly1.cif
2026-05-25 03:08:54,236 - INFO - [26/2069] Asymmetric unit already cached: 13SY.cif
2026-05-25 03:08:54,236 - INFO - [26/2069] Biological assembly already cached: 13SY-assembly1.cif
2026-05-25 03:08:54,436 - INFO - [27/2069] Asymmetric unit already cached: 13SZ.cif
2026-05-25 03:08:54,436 - INFO - [27/2069] Biological assembly already cached: 13SZ-assembly1.cif
2026-05-25 03:08:54,637 - INFO - [28/2069] Asymmetric unit already cached: 13TA.cif
2026-05-25 03:08:54,637 - INFO - [28/2069] Biological assembly already cached: 13TA-assembly1.cif
2026-05-25 03:08:54,837 - INFO - [29/2069] Asymmetric unit already cached: 13TB.cif
2026-05-25 03:08:54,837 - INFO - [29/2069] Biological assembly already cached: 13TB-assembly1.cif
2026-05-25 03:08:55,037 - INFO - [30/2069] Asymmetric unit already cached: 1A3S.cif
2026-05-25 03:08:55,038 - INFO - [30/2069] Biological assembly already cached: 1A3S-assembly1.cif
2026-05-25 03:08:55,238 - INFO - [31/2069] Asymmetric unit already cached: 1B47.cif
2026-05-25 03:08:55,238 - INFO - [31/2069] Biological assembly already cached: 1B47-assembly1.cif
2026-05-25 03:08:55,438 - INFO - [32/2069] Asymmetric unit already cached: 1BOR.cif
2026-05-25 03:08:55,438 - INFO - [32/2069] Biological assembly already cached: 1BOR-assembly1.cif
2026-05-25 03:08:55,639 - INFO - [33/2069] Asymmetric unit already cached: 1C4Z.cif
2026-05-25 03:08:55,639 - INFO - [33/2069] Biological assembly already cached: 1C4Z-assembly1.cif
2026-05-25 03:08:55,839 - INFO - [34/2069] Asymmetric unit already cached: 1C9Q.cif
2026-05-25 03:08:55,839 - INFO - [34/2069] Biological assembly already cached: 1C9Q-assembly1.cif
2026-05-25 03:08:56,040 - INFO - [35/2069] Asymmetric unit already cached: 1CA4.cif
2026-05-25 03:08:56,040 - INFO - [35/2069] Biological assembly already cached: 1CA4-assembly1.cif
2026-05-25 03:08:56,240 - INFO - [36/2069] Asymmetric unit already cached: 1CA9.cif
2026-05-25 03:08:56,240 - INFO - [36/2069] Biological assembly already cached: 1CA9-assembly1.cif
2026-05-25 03:08:56,440 - INFO - [37/2069] Asymmetric unit already cached: 1CZY.cif
2026-05-25 03:08:56,441 - INFO - [37/2069] Biological assembly already cached: 1CZY-assembly1.cif
2026-05-25 03:08:56,641 - INFO - [38/2069] Asymmetric unit already cached: 1CZZ.cif
2026-05-25 03:08:56,641 - INFO - [38/2069] Biological assembly already cached: 1CZZ-assembly1.cif
2026-05-25 03:08:56,842 - INFO - [39/2069] Asymmetric unit already cached: 1D00.cif
2026-05-25 03:08:56,842 - INFO - [39/2069] Biological assembly already cached: 1D00-assembly1.cif
2026-05-25 03:08:57,042 - INFO - [40/2069] Asymmetric unit already cached: 1D01.cif
2026-05-25 03:08:57,042 - INFO - [40/2069] Biological assembly already cached: 1D01-assembly1.cif
2026-05-25 03:08:57,243 - INFO - [41/2069] Asymmetric unit already cached: 1D0A.cif
2026-05-25 03:08:57,243 - INFO - [41/2069] Biological assembly already cached: 1D0A-assembly1.cif
2026-05-25 03:08:57,444 - INFO - [42/2069] Asymmetric unit already cached: 1D0J.cif
2026-05-25 03:08:57,444 - INFO - [42/2069] Biological assembly already cached: 1D0J-assembly1.cif
2026-05-25 03:08:57,644 - INFO - [43/2069] Asymmetric unit already cached: 1D5F.cif
2026-05-25 03:08:57,644 - INFO - [43/2069] Biological assembly already cached: 1D5F-assembly1.cif
2026-05-25 03:08:57,844 - INFO - [44/2069] Asymmetric unit already cached: 1E4U.cif
2026-05-25 03:08:57,844 - INFO - [44/2069] Biological assembly already cached: 1E4U-assembly1.cif
2026-05-25 03:08:58,045 - INFO - [45/2069] Asymmetric unit already cached: 1EQX.cif
2026-05-25 03:08:58,045 - INFO - [45/2069] Biological assembly already cached: 1EQX-assembly1.cif
2026-05-25 03:08:58,245 - INFO - [46/2069] Asymmetric unit already cached: 1F3V.cif
2026-05-25 03:08:58,245 - INFO - [46/2069] Biological assembly already cached: 1F3V-assembly1.cif
2026-05-25 03:08:58,445 - INFO - [47/2069] Asymmetric unit already cached: 1F9X.cif
2026-05-25 03:08:58,446 - INFO - [47/2069] Biological assembly already cached: 1F9X-assembly1.cif
2026-05-25 03:08:58,646 - INFO - [48/2069] Asymmetric unit already cached: 1FBV.cif
2026-05-25 03:08:58,646 - INFO - [48/2069] Biological assembly already cached: 1FBV-assembly1.cif
2026-05-25 03:08:58,846 - INFO - [49/2069] Asymmetric unit already cached: 1FLK.cif
2026-05-25 03:08:58,846 - INFO - [49/2069] Biological assembly already cached: 1FLK-assembly1.cif
2026-05-25 03:08:59,047 - INFO - [50/2069] Asymmetric unit already cached: 1FLL.cif
2026-05-25 03:08:59,047 - INFO - [50/2069] Biological assembly already cached: 1FLL-assembly1.cif
2026-05-25 03:08:59,247 - INFO - [51/2069] Asymmetric unit already cached: 1FP0.cif
2026-05-25 03:08:59,247 - INFO - [51/2069] Biological assembly already cached: 1FP0-assembly1.cif
2026-05-25 03:08:59,448 - INFO - [52/2069] Asymmetric unit already cached: 1G25.cif
2026-05-25 03:08:59,448 - INFO - [52/2069] Biological assembly already cached: 1G25-assembly1.cif
2026-05-25 03:08:59,648 - INFO - [53/2069] Asymmetric unit already cached: 1G3F.cif
2026-05-25 03:08:59,648 - INFO - [53/2069] Biological assembly already cached: 1G3F-assembly1.cif
2026-05-25 03:08:59,848 - INFO - [54/2069] Asymmetric unit already cached: 1G73.cif
2026-05-25 03:08:59,849 - INFO - [54/2069] Biological assembly already cached: 1G73-assembly1.cif
2026-05-25 03:09:00,049 - INFO - [55/2069] Asymmetric unit already cached: 1I2T.cif
2026-05-25 03:09:00,049 - INFO - [55/2069] Biological assembly already cached: 1I2T-assembly1.cif
2026-05-25 03:09:00,249 - INFO - [56/2069] Asymmetric unit already cached: 1I3O.cif
2026-05-25 03:09:00,249 - INFO - [56/2069] Biological assembly already cached: 1I3O-assembly1.cif
2026-05-25 03:09:00,450 - INFO - [57/2069] Asymmetric unit already cached: 1I4O.cif
2026-05-25 03:09:00,450 - INFO - [57/2069] Biological assembly already cached: 1I4O-assembly1.cif
2026-05-25 03:09:00,650 - INFO - [58/2069] Asymmetric unit already cached: 1I51.cif
2026-05-25 03:09:00,651 - INFO - [58/2069] Biological assembly already cached: 1I51-assembly1.cif
2026-05-25 03:09:00,852 - INFO - [59/2069] Asymmetric unit already cached: 1I7K.cif
2026-05-25 03:09:00,852 - INFO - [59/2069] Biological assembly already cached: 1I7K-assembly1.cif
2026-05-25 03:09:01,052 - INFO - [60/2069] Asymmetric unit already cached: 1IYF.cif
2026-05-25 03:09:01,052 - INFO - [60/2069] Biological assembly already cached: 1IYF-assembly1.cif
2026-05-25 03:09:01,253 - INFO - [61/2069] Asymmetric unit already cached: 1J74.cif
2026-05-25 03:09:01,253 - INFO - [61/2069] Biological assembly already cached: 1J74-assembly1.cif
2026-05-25 03:09:01,453 - INFO - [62/2069] Asymmetric unit already cached: 1J7D.cif
2026-05-25 03:09:01,453 - INFO - [62/2069] Biological assembly already cached: 1J7D-assembly1.cif
2026-05-25 03:09:01,654 - INFO - [63/2069] Asymmetric unit already cached: 1JAS.cif
2026-05-25 03:09:01,654 - INFO - [63/2069] Biological assembly already cached: 1JAS-assembly1.cif
2026-05-25 03:09:01,854 - INFO - [64/2069] Asymmetric unit already cached: 1JM7.cif
2026-05-25 03:09:01,854 - INFO - [64/2069] Biological assembly already cached: 1JM7-assembly1.cif
2026-05-25 03:09:02,055 - INFO - [65/2069] Asymmetric unit already cached: 1JNX.cif
2026-05-25 03:09:02,055 - INFO - [65/2069] Biological assembly already cached: 1JNX-assembly1.cif
2026-05-25 03:09:02,255 - INFO - [66/2069] Asymmetric unit already cached: 1JSP.cif
2026-05-25 03:09:02,255 - INFO - [66/2069] Biological assembly already cached: 1JSP-assembly1.cif
2026-05-25 03:09:02,456 - INFO - [67/2069] Asymmetric unit already cached: 1KMC.cif
2026-05-25 03:09:02,456 - INFO - [67/2069] Biological assembly already cached: 1KMC-assembly1.cif
2026-05-25 03:09:02,657 - INFO - [68/2069] Asymmetric unit already cached: 1KPS.cif
2026-05-25 03:09:02,657 - INFO - [68/2069] Biological assembly already cached: 1KPS-assembly1.cif
2026-05-25 03:09:02,857 - INFO - [69/2069] Asymmetric unit already cached: 1KZZ.cif
2026-05-25 03:09:02,857 - INFO - [69/2069] Biological assembly already cached: 1KZZ-assembly1.cif
2026-05-25 03:09:03,057 - INFO - [70/2069] Asymmetric unit already cached: 1L0A.cif
2026-05-25 03:09:03,058 - INFO - [70/2069] Biological assembly already cached: 1L0A-assembly1.cif
2026-05-25 03:09:03,258 - INFO - [71/2069] Asymmetric unit already cached: 1L3E.cif
2026-05-25 03:09:03,258 - INFO - [71/2069] Biological assembly already cached: 1L3E-assembly1.cif
2026-05-25 03:09:03,458 - INFO - [72/2069] Asymmetric unit already cached: 1LB4.cif
2026-05-25 03:09:03,458 - INFO - [72/2069] Biological assembly already cached: 1LB4-assembly1.cif
2026-05-25 03:09:03,659 - INFO - [73/2069] Asymmetric unit already cached: 1LB5.cif
2026-05-25 03:09:03,659 - INFO - [73/2069] Biological assembly already cached: 1LB5-assembly1.cif
2026-05-25 03:09:03,859 - INFO - [74/2069] Asymmetric unit already cached: 1LB6.cif
2026-05-25 03:09:03,859 - INFO - [74/2069] Biological assembly already cached: 1LB6-assembly1.cif
2026-05-25 03:09:04,059 - INFO - [75/2069] Asymmetric unit already cached: 1LDJ.cif
2026-05-25 03:09:04,060 - INFO - [75/2069] Biological assembly already cached: 1LDJ-assembly1.cif
2026-05-25 03:09:04,260 - INFO - [76/2069] Asymmetric unit already cached: 1LDK.cif
2026-05-25 03:09:04,260 - INFO - [76/2069] Biological assembly already cached: 1LDK-assembly1.cif
2026-05-25 03:09:04,460 - INFO - [77/2069] Asymmetric unit already cached: 1LGP.cif
2026-05-25 03:09:04,460 - INFO - [77/2069] Biological assembly already cached: 1LGP-assembly1.cif
2026-05-25 03:09:04,661 - INFO - [78/2069] Asymmetric unit already cached: 1LGQ.cif
2026-05-25 03:09:04,661 - INFO - [78/2069] Biological assembly already cached: 1LGQ-assembly1.cif
2026-05-25 03:09:04,861 - INFO - [79/2069] Asymmetric unit already cached: 1LIQ.cif
2026-05-25 03:09:04,861 - INFO - [79/2069] Biological assembly already cached: 1LIQ-assembly1.cif
2026-05-25 03:09:05,062 - INFO - [80/2069] Asymmetric unit already cached: 1N5O.cif
2026-05-25 03:09:05,062 - INFO - [80/2069] Biological assembly already cached: 1N5O-assembly1.cif
2026-05-25 03:09:05,262 - INFO - [81/2069] Asymmetric unit already cached: 1ND7.cif
2026-05-25 03:09:05,262 - INFO - [81/2069] Biological assembly already cached: 1ND7-assembly1.cif
2026-05-25 03:09:05,462 - INFO - [82/2069] Asymmetric unit already cached: 1NW9.cif
2026-05-25 03:09:05,463 - INFO - [82/2069] Biological assembly already cached: 1NW9-assembly1.cif
2026-05-25 03:09:05,663 - INFO - [83/2069] Asymmetric unit already cached: 1OQA.cif
2026-05-25 03:09:05,663 - INFO - [83/2069] Biological assembly already cached: 1OQA-assembly1.cif
2026-05-25 03:09:05,863 - INFO - [84/2069] Asymmetric unit already cached: 1OXN.cif
2026-05-25 03:09:05,863 - INFO - [84/2069] Biological assembly already cached: 1OXN-assembly1.cif
2026-05-25 03:09:06,064 - INFO - [85/2069] Asymmetric unit already cached: 1OXQ.cif
2026-05-25 03:09:06,064 - INFO - [85/2069] Biological assembly already cached: 1OXQ-assembly1.cif
2026-05-25 03:09:06,264 - INFO - [86/2069] Asymmetric unit already cached: 1OY7.cif
2026-05-25 03:09:06,264 - INFO - [86/2069] Biological assembly already cached: 1OY7-assembly1.cif
2026-05-25 03:09:06,464 - INFO - [87/2069] Asymmetric unit already cached: 1P4Q.cif
2026-05-25 03:09:06,465 - INFO - [87/2069] Biological assembly already cached: 1P4Q-assembly1.cif
2026-05-25 03:09:06,665 - INFO - [88/2069] Asymmetric unit already cached: 1Q02.cif
2026-05-25 03:09:06,665 - INFO - [88/2069] Biological assembly already cached: 1Q02-assembly1.cif
2026-05-25 03:09:06,865 - INFO - [89/2069] Asymmetric unit already cached: 1QBH.cif
2026-05-25 03:09:06,865 - INFO - [89/2069] Biological assembly already cached: 1QBH-assembly1.cif
2026-05-25 03:09:07,066 - INFO - [90/2069] Asymmetric unit already cached: 1QSC.cif
2026-05-25 03:09:07,066 - INFO - [90/2069] Biological assembly already cached: 1QSC-assembly1.cif
2026-05-25 03:09:07,266 - INFO - [91/2069] Asymmetric unit already cached: 1RDT.cif
2026-05-25 03:09:07,266 - INFO - [91/2069] Biological assembly already cached: 1RDT-assembly1.cif
2026-05-25 03:09:07,467 - INFO - [92/2069] Asymmetric unit already cached: 1RF3.cif
2026-05-25 03:09:07,467 - INFO - [92/2069] Biological assembly already cached: 1RF3-assembly1.cif
2026-05-25 03:09:07,667 - INFO - [93/2069] Asymmetric unit already cached: 1RV1.cif
2026-05-25 03:09:07,668 - INFO - [93/2069] Biological assembly already cached: 1RV1-assembly1.cif
2026-05-25 03:09:07,868 - INFO - [94/2069] Asymmetric unit already cached: 1T15.cif
2026-05-25 03:09:07,868 - INFO - [94/2069] Biological assembly already cached: 1T15-assembly1.cif
2026-05-25 03:09:08,068 - INFO - [95/2069] Asymmetric unit already cached: 1T29.cif
2026-05-25 03:09:08,069 - INFO - [95/2069] Biological assembly already cached: 1T29-assembly1.cif
2026-05-25 03:09:08,269 - INFO - [96/2069] Asymmetric unit already cached: 1T2U.cif
2026-05-25 03:09:08,269 - INFO - [96/2069] Biological assembly already cached: 1T2U-assembly1.cif
2026-05-25 03:09:08,469 - INFO - [97/2069] Asymmetric unit already cached: 1T2V.cif
2026-05-25 03:09:08,469 - INFO - [97/2069] Biological assembly already cached: 1T2V-assembly1.cif
2026-05-25 03:09:08,670 - INFO - [98/2069] Asymmetric unit already cached: 1T4E.cif
2026-05-25 03:09:08,670 - INFO - [98/2069] Biological assembly already cached: 1T4E-assembly1.cif
2026-05-25 03:09:08,870 - INFO - [99/2069] Asymmetric unit already cached: 1T4F.cif
2026-05-25 03:09:08,870 - INFO - [99/2069] Biological assembly already cached: 1T4F-assembly1.cif
2026-05-25 03:09:09,071 - INFO - [100/2069] Asymmetric unit already cached: 1TFQ.cif
2026-05-25 03:09:09,071 - INFO - [100/2069] Biological assembly already cached: 1TFQ-assembly1.cif
2026-05-25 03:09:09,271 - INFO - [101/2069] Asymmetric unit already cached: 1TFT.cif
2026-05-25 03:09:09,271 - INFO - [101/2069] Biological assembly already cached: 1TFT-assembly1.cif
2026-05-25 03:09:09,471 - INFO - [102/2069] Asymmetric unit already cached: 1TT5.cif
2026-05-25 03:09:09,472 - INFO - [102/2069] Biological assembly already cached: 1TT5-assembly1.cif
2026-05-25 03:09:09,672 - INFO - [103/2069] Asymmetric unit already cached: 1TW6.cif
2026-05-25 03:09:09,672 - INFO - [103/2069] Biological assembly already cached: 1TW6-assembly1.cif
2026-05-25 03:09:09,872 - INFO - [104/2069] Asymmetric unit already cached: 1U6G.cif
2026-05-25 03:09:09,872 - INFO - [104/2069] Biological assembly already cached: 1U6G-assembly1.cif
2026-05-25 03:09:10,073 - INFO - [105/2069] Asymmetric unit already cached: 1UHP.cif
2026-05-25 03:09:10,073 - INFO - [105/2069] Biological assembly already cached: 1UHP-assembly1.cif
2026-05-25 03:09:10,273 - INFO - [106/2069] Asymmetric unit already cached: 1UR6.cif
2026-05-25 03:09:10,273 - INFO - [106/2069] Biological assembly already cached: 1UR6-assembly1.cif
2026-05-25 03:09:10,474 - INFO - [107/2069] Asymmetric unit already cached: 1W4U.cif
2026-05-25 03:09:10,474 - INFO - [107/2069] Biological assembly already cached: 1W4U-assembly1.cif
2026-05-25 03:09:10,674 - INFO - [108/2069] Asymmetric unit already cached: 1WD2.cif
2026-05-25 03:09:10,674 - INFO - [108/2069] Biological assembly already cached: 1WD2-assembly1.cif
2026-05-25 03:09:10,875 - INFO - [109/2069] Asymmetric unit already cached: 1WGM.cif
2026-05-25 03:09:10,875 - INFO - [109/2069] Biological assembly already cached: 1WGM-assembly1.cif
2026-05-25 03:09:11,075 - INFO - [110/2069] Asymmetric unit already cached: 1WH1.cif
2026-05-25 03:09:11,075 - INFO - [110/2069] Biological assembly already cached: 1WH1-assembly1.cif
2026-05-25 03:09:11,276 - INFO - [111/2069] Asymmetric unit already cached: 1WIM.cif
2026-05-25 03:09:11,276 - INFO - [111/2069] Biological assembly already cached: 1WIM-assembly1.cif
2026-05-25 03:09:11,476 - INFO - [112/2069] Asymmetric unit already cached: 1WO3.cif
2026-05-25 03:09:11,476 - INFO - [112/2069] Biological assembly already cached: 1WO3-assembly1.cif
2026-05-25 03:09:11,677 - INFO - [113/2069] Asymmetric unit already cached: 1WO4.cif
2026-05-25 03:09:11,677 - INFO - [113/2069] Biological assembly already cached: 1WO4-assembly1.cif
2026-05-25 03:09:11,877 - INFO - [114/2069] Asymmetric unit already cached: 1WO5.cif
2026-05-25 03:09:11,877 - INFO - [114/2069] Biological assembly already cached: 1WO5-assembly1.cif
2026-05-25 03:09:12,077 - INFO - [115/2069] Asymmetric unit already cached: 1WO6.cif
2026-05-25 03:09:12,078 - INFO - [115/2069] Biological assembly already cached: 1WO6-assembly1.cif
2026-05-25 03:09:12,278 - INFO - [116/2069] Asymmetric unit already cached: 1WO7.cif
2026-05-25 03:09:12,278 - INFO - [116/2069] Biological assembly already cached: 1WO7-assembly1.cif
2026-05-25 03:09:12,479 - INFO - [117/2069] Asymmetric unit already cached: 1WY8.cif
2026-05-25 03:09:12,479 - INFO - [117/2069] Biological assembly already cached: 1WY8-assembly1.cif
2026-05-25 03:09:12,679 - INFO - [118/2069] Asymmetric unit already cached: 1WZV.cif
2026-05-25 03:09:12,679 - INFO - [118/2069] Biological assembly already cached: 1WZV-assembly1.cif
2026-05-25 03:09:12,880 - INFO - [119/2069] Asymmetric unit already cached: 1WZW.cif
2026-05-25 03:09:12,880 - INFO - [119/2069] Biological assembly already cached: 1WZW-assembly1.cif
2026-05-25 03:09:13,080 - INFO - [120/2069] Asymmetric unit already cached: 1X23.cif
2026-05-25 03:09:13,080 - INFO - [120/2069] Biological assembly already cached: 1X23-assembly1.cif
2026-05-25 03:09:13,281 - INFO - [121/2069] Asymmetric unit already cached: 1X4J.cif
2026-05-25 03:09:13,281 - INFO - [121/2069] Biological assembly already cached: 1X4J-assembly1.cif
2026-05-25 03:09:13,481 - INFO - [122/2069] Asymmetric unit already cached: 1XB0.cif
2026-05-25 03:09:13,481 - INFO - [122/2069] Biological assembly already cached: 1XB0-assembly1.cif
2026-05-25 03:09:13,681 - INFO - [123/2069] Asymmetric unit already cached: 1XB1.cif
2026-05-25 03:09:13,682 - INFO - [123/2069] Biological assembly already cached: 1XB1-assembly1.cif
2026-05-25 03:09:13,882 - INFO - [124/2069] Asymmetric unit already cached: 1XR9.cif
2026-05-25 03:09:13,882 - INFO - [124/2069] Biological assembly already cached: 1XR9-assembly1.cif
2026-05-25 03:09:14,082 - INFO - [125/2069] Asymmetric unit already cached: 1Y02.cif
2026-05-25 03:09:14,083 - INFO - [125/2069] Biological assembly already cached: 1Y02-assembly1.cif
2026-05-25 03:09:14,283 - INFO - [126/2069] Asymmetric unit already cached: 1Y6L.cif
2026-05-25 03:09:14,283 - INFO - [126/2069] Biological assembly already cached: 1Y6L-assembly1.cif
2026-05-25 03:09:14,483 - INFO - [127/2069] Asymmetric unit already cached: 1Y8X.cif
2026-05-25 03:09:14,483 - INFO - [127/2069] Biological assembly already cached: 1Y8X-assembly1.cif
2026-05-25 03:09:14,684 - INFO - [128/2069] Asymmetric unit already cached: 1Y98.cif
2026-05-25 03:09:14,684 - INFO - [128/2069] Biological assembly already cached: 1Y98-assembly1.cif
2026-05-25 03:09:14,884 - INFO - [129/2069] Asymmetric unit already cached: 1YCR.cif
2026-05-25 03:09:14,884 - INFO - [129/2069] Biological assembly already cached: 1YCR-assembly1.cif
2026-05-25 03:09:15,085 - INFO - [130/2069] Asymmetric unit already cached: 1YH2.cif
2026-05-25 03:09:15,085 - INFO - [130/2069] Biological assembly already cached: 1YH2-assembly1.cif
2026-05-25 03:09:15,285 - INFO - [131/2069] Asymmetric unit already cached: 1YLA.cif
2026-05-25 03:09:15,285 - INFO - [131/2069] Biological assembly already cached: 1YLA-assembly1.cif
2026-05-25 03:09:15,485 - INFO - [132/2069] Asymmetric unit already cached: 1YRV.cif
2026-05-25 03:09:15,486 - INFO - [132/2069] Biological assembly already cached: 1YRV-assembly1.cif
2026-05-25 03:09:15,686 - INFO - [133/2069] Asymmetric unit already cached: 1YVH.cif
2026-05-25 03:09:15,686 - INFO - [133/2069] Biological assembly already cached: 1YVH-assembly1.cif
2026-05-25 03:09:15,886 - INFO - [134/2069] Asymmetric unit already cached: 1Z1M.cif
2026-05-25 03:09:15,886 - INFO - [134/2069] Biological assembly already cached: 1Z1M-assembly1.cif
2026-05-25 03:09:16,087 - INFO - [135/2069] Asymmetric unit already cached: 1Z5S.cif
2026-05-25 03:09:16,087 - INFO - [135/2069] Biological assembly already cached: 1Z5S-assembly1.cif
2026-05-25 03:09:16,287 - INFO - [136/2069] Asymmetric unit already cached: 1Z6U.cif
2026-05-25 03:09:16,287 - INFO - [136/2069] Biological assembly already cached: 1Z6U-assembly1.cif
2026-05-25 03:09:16,488 - INFO - [137/2069] Asymmetric unit already cached: 1ZDN.cif
2026-05-25 03:09:16,488 - INFO - [137/2069] Biological assembly already cached: 1ZDN-assembly1.cif
2026-05-25 03:09:16,688 - INFO - [138/2069] Asymmetric unit already cached: 1ZGU.cif
2026-05-25 03:09:16,688 - INFO - [138/2069] Biological assembly already cached: 1ZGU-assembly1.cif
2026-05-25 03:09:16,888 - INFO - [139/2069] Asymmetric unit already cached: 1ZKC.cif
2026-05-25 03:09:16,889 - INFO - [139/2069] Biological assembly already cached: 1ZKC-assembly1.cif
2026-05-25 03:09:17,089 - INFO - [140/2069] Asymmetric unit already cached: 1ZMS.cif
2026-05-25 03:09:17,089 - INFO - [140/2069] Biological assembly already cached: 1ZMS-assembly1.cif
2026-05-25 03:09:17,289 - INFO - [141/2069] Asymmetric unit already cached: 1ZOQ.cif
2026-05-25 03:09:17,289 - INFO - [141/2069] Biological assembly already cached: 1ZOQ-assembly1.cif
2026-05-25 03:09:17,490 - INFO - [142/2069] Asymmetric unit already cached: 1ZUO.cif
2026-05-25 03:09:17,490 - INFO - [142/2069] Biological assembly already cached: 1ZUO-assembly1.cif
2026-05-25 03:09:17,690 - INFO - [143/2069] Asymmetric unit already cached: 1ZVD.cif
2026-05-25 03:09:17,691 - INFO - [143/2069] Biological assembly already cached: 1ZVD-assembly1.cif
2026-05-25 03:09:17,891 - INFO - [144/2069] Asymmetric unit already cached: 28JM.cif
2026-05-25 03:09:17,891 - INFO - [144/2069] Biological assembly already cached: 28JM-assembly1.cif
2026-05-25 03:09:18,091 - INFO - [145/2069] Asymmetric unit already cached: 28JS.cif
2026-05-25 03:09:18,091 - INFO - [145/2069] Biological assembly already cached: 28JS-assembly1.cif
2026-05-25 03:09:18,292 - INFO - [146/2069] Asymmetric unit already cached: 28JV.cif
2026-05-25 03:09:18,292 - INFO - [146/2069] Biological assembly already cached: 28JV-assembly1.cif
2026-05-25 03:09:18,492 - INFO - [147/2069] Asymmetric unit already cached: 28KE.cif
2026-05-25 03:09:18,492 - INFO - [147/2069] Biological assembly already cached: 28KE-assembly1.cif
2026-05-25 03:09:18,693 - INFO - [148/2069] Asymmetric unit already cached: 29HG.cif
2026-05-25 03:09:18,693 - INFO - [148/2069] Biological assembly already cached: 29HG-assembly1.cif
2026-05-25 03:09:18,893 - INFO - [149/2069] Asymmetric unit already cached: 29HH.cif
2026-05-25 03:09:18,893 - INFO - [149/2069] Biological assembly already cached: 29HH-assembly1.cif
2026-05-25 03:09:19,094 - INFO - [150/2069] Asymmetric unit already cached: 29HI.cif
2026-05-25 03:09:19,094 - INFO - [150/2069] Biological assembly already cached: 29HI-assembly1.cif
2026-05-25 03:09:19,294 - INFO - [151/2069] Asymmetric unit already cached: 2A25.cif
2026-05-25 03:09:19,294 - INFO - [151/2069] Biological assembly already cached: 2A25-assembly1.cif
2026-05-25 03:09:19,494 - INFO - [152/2069] Asymmetric unit already cached: 2A4D.cif
2026-05-25 03:09:19,495 - INFO - [152/2069] Biological assembly already cached: 2A4D-assembly1.cif
2026-05-25 03:09:19,695 - INFO - [153/2069] Asymmetric unit already cached: 2A7L.cif
2026-05-25 03:09:19,695 - INFO - [153/2069] Biological assembly already cached: 2A7L-assembly1.cif
2026-05-25 03:09:19,895 - INFO - [154/2069] Asymmetric unit already cached: 2AK5.cif
2026-05-25 03:09:19,895 - INFO - [154/2069] Biological assembly already cached: 2AK5-assembly1.cif
2026-05-25 03:09:20,096 - INFO - [155/2069] Asymmetric unit already cached: 2ASQ.cif
2026-05-25 03:09:20,096 - INFO - [155/2069] Biological assembly already cached: 2ASQ-assembly1.cif
2026-05-25 03:09:20,296 - INFO - [156/2069] Asymmetric unit already cached: 2AWF.cif
2026-05-25 03:09:20,296 - INFO - [156/2069] Biological assembly already cached: 2AWF-assembly1.cif
2026-05-25 03:09:20,496 - INFO - [157/2069] Asymmetric unit already cached: 2AXI.cif
2026-05-25 03:09:20,497 - INFO - [157/2069] Biological assembly already cached: 2AXI-assembly1.cif
2026-05-25 03:09:20,697 - INFO - [158/2069] Asymmetric unit already cached: 2BZ8.cif
2026-05-25 03:09:20,697 - INFO - [158/2069] Biological assembly already cached: 2BZ8-assembly1.cif
2026-05-25 03:09:20,897 - INFO - [159/2069] Asymmetric unit already cached: 2C2V.cif
2026-05-25 03:09:20,897 - INFO - [159/2069] Biological assembly already cached: 2C2V-assembly1.cif
2026-05-25 03:09:21,098 - INFO - [160/2069] Asymmetric unit already cached: 2C4P.cif
2026-05-25 03:09:21,098 - INFO - [160/2069] Biological assembly already cached: 2C4P-assembly1.cif
2026-05-25 03:09:21,298 - INFO - [161/2069] Asymmetric unit already cached: 2C6A.cif
2026-05-25 03:09:21,298 - INFO - [161/2069] Biological assembly already cached: 2C6A-assembly1.cif
2026-05-25 03:09:21,498 - INFO - [162/2069] Asymmetric unit already cached: 2C6B.cif
2026-05-25 03:09:21,499 - INFO - [162/2069] Biological assembly already cached: 2C6B-assembly1.cif
2026-05-25 03:09:21,699 - INFO - [163/2069] Asymmetric unit already cached: 2C7H.cif
2026-05-25 03:09:21,699 - INFO - [163/2069] Biological assembly already cached: 2C7H-assembly1.cif
2026-05-25 03:09:21,899 - INFO - [164/2069] Asymmetric unit already cached: 2CBL.cif
2026-05-25 03:09:21,899 - INFO - [164/2069] Biological assembly already cached: 2CBL-assembly1.cif
2026-05-25 03:09:22,100 - INFO - [165/2069] Asymmetric unit already cached: 2CLW.cif
2026-05-25 03:09:22,100 - INFO - [165/2069] Biological assembly already cached: 2CLW-assembly1.cif
2026-05-25 03:09:22,300 - INFO - [166/2069] Asymmetric unit already cached: 2CR8.cif
2026-05-25 03:09:22,300 - INFO - [166/2069] Biological assembly already cached: 2CR8-assembly1.cif
2026-05-25 03:09:22,501 - INFO - [167/2069] Asymmetric unit already cached: 2CRC.cif
2026-05-25 03:09:22,501 - INFO - [167/2069] Biological assembly already cached: 2CRC-assembly1.cif
2026-05-25 03:09:22,701 - INFO - [168/2069] Asymmetric unit already cached: 2CS3.cif
2026-05-25 03:09:22,702 - INFO - [168/2069] Biological assembly already cached: 2CS3-assembly1.cif
2026-05-25 03:09:22,902 - INFO - [169/2069] Asymmetric unit already cached: 2CSW.cif
2026-05-25 03:09:22,902 - INFO - [169/2069] Biological assembly already cached: 2CSW-assembly1.cif
2026-05-25 03:09:23,102 - INFO - [170/2069] Asymmetric unit already cached: 2CSY.cif
2026-05-25 03:09:23,103 - INFO - [170/2069] Biological assembly already cached: 2CSY-assembly1.cif
2026-05-25 03:09:23,303 - INFO - [171/2069] Asymmetric unit already cached: 2CT0.cif
2026-05-25 03:09:23,303 - INFO - [171/2069] Biological assembly already cached: 2CT0-assembly1.cif
2026-05-25 03:09:23,503 - INFO - [172/2069] Asymmetric unit already cached: 2CT2.cif
2026-05-25 03:09:23,503 - INFO - [172/2069] Biological assembly already cached: 2CT2-assembly1.cif
2026-05-25 03:09:23,704 - INFO - [173/2069] Asymmetric unit already cached: 2CT7.cif
2026-05-25 03:09:23,704 - INFO - [173/2069] Biological assembly already cached: 2CT7-assembly1.cif
2026-05-25 03:09:23,904 - INFO - [174/2069] Asymmetric unit already cached: 2CYX.cif
2026-05-25 03:09:23,904 - INFO - [174/2069] Biological assembly already cached: 2CYX-assembly1.cif
2026-05-25 03:09:24,105 - INFO - [175/2069] Asymmetric unit already cached: 2D82.cif
2026-05-25 03:09:24,105 - INFO - [175/2069] Biological assembly already cached: 2D82-assembly1.cif
2026-05-25 03:09:24,305 - INFO - [176/2069] Asymmetric unit already cached: 2D8S.cif
2026-05-25 03:09:24,305 - INFO - [176/2069] Biological assembly already cached: 2D8S-assembly1.cif
2026-05-25 03:09:24,506 - INFO - [177/2069] Asymmetric unit already cached: 2D8T.cif
2026-05-25 03:09:24,506 - INFO - [177/2069] Biological assembly already cached: 2D8T-assembly1.cif
2026-05-25 03:09:24,706 - INFO - [178/2069] Asymmetric unit already cached: 2D8U.cif
2026-05-25 03:09:24,706 - INFO - [178/2069] Biological assembly already cached: 2D8U-assembly1.cif
2026-05-25 03:09:24,906 - INFO - [179/2069] Asymmetric unit already cached: 2DAY.cif
2026-05-25 03:09:24,907 - INFO - [179/2069] Biological assembly already cached: 2DAY-assembly1.cif
2026-05-25 03:09:25,107 - INFO - [180/2069] Asymmetric unit already cached: 2DB8.cif
2026-05-25 03:09:25,107 - INFO - [180/2069] Biological assembly already cached: 2DB8-assembly1.cif
2026-05-25 03:09:25,307 - INFO - [181/2069] Asymmetric unit already cached: 2DGR.cif
2026-05-25 03:09:25,307 - INFO - [181/2069] Biological assembly already cached: 2DGR-assembly1.cif
2026-05-25 03:09:25,508 - INFO - [182/2069] Asymmetric unit already cached: 2DID.cif
2026-05-25 03:09:25,508 - INFO - [182/2069] Biological assembly already cached: 2DID-assembly1.cif
2026-05-25 03:09:25,708 - INFO - [183/2069] Asymmetric unit already cached: 2DIF.cif
2026-05-25 03:09:25,709 - INFO - [183/2069] Biological assembly already cached: 2DIF-assembly1.cif
2026-05-25 03:09:25,909 - INFO - [184/2069] Asymmetric unit already cached: 2DIP.cif
2026-05-25 03:09:25,909 - INFO - [184/2069] Biological assembly already cached: 2DIP-assembly1.cif
2026-05-25 03:09:26,109 - INFO - [185/2069] Asymmetric unit already cached: 2DJA.cif
2026-05-25 03:09:26,110 - INFO - [185/2069] Biological assembly already cached: 2DJA-assembly1.cif
2026-05-25 03:09:26,310 - INFO - [186/2069] Asymmetric unit already cached: 2DJB.cif
2026-05-25 03:09:26,310 - INFO - [186/2069] Biological assembly already cached: 2DJB-assembly1.cif
2026-05-25 03:09:26,510 - INFO - [187/2069] Asymmetric unit already cached: 2DJY.cif
2026-05-25 03:09:26,511 - INFO - [187/2069] Biological assembly already cached: 2DJY-assembly1.cif
2026-05-25 03:09:26,711 - INFO - [188/2069] Asymmetric unit already cached: 2DK3.cif
2026-05-25 03:09:26,711 - INFO - [188/2069] Biological assembly already cached: 2DK3-assembly1.cif
2026-05-25 03:09:26,911 - INFO - [189/2069] Asymmetric unit already cached: 2DMF.cif
2026-05-25 03:09:26,911 - INFO - [189/2069] Biological assembly already cached: 2DMF-assembly1.cif
2026-05-25 03:09:27,112 - INFO - [190/2069] Asymmetric unit already cached: 2DMK.cif
2026-05-25 03:09:27,112 - INFO - [190/2069] Biological assembly already cached: 2DMK-assembly1.cif
2026-05-25 03:09:27,312 - INFO - [191/2069] Asymmetric unit already cached: 2DMV.cif
2026-05-25 03:09:27,313 - INFO - [191/2069] Biological assembly already cached: 2DMV-assembly1.cif
2026-05-25 03:09:27,513 - INFO - [192/2069] Asymmetric unit already cached: 2DO6.cif
2026-05-25 03:09:27,513 - INFO - [192/2069] Biological assembly already cached: 2DO6-assembly1.cif
2026-05-25 03:09:27,714 - INFO - [193/2069] Asymmetric unit already cached: 2DQ5.cif
2026-05-25 03:09:27,714 - INFO - [193/2069] Biological assembly already cached: 2DQ5-assembly1.cif
2026-05-25 03:09:27,914 - INFO - [194/2069] Asymmetric unit already cached: 2DS4.cif
2026-05-25 03:09:27,914 - INFO - [194/2069] Biological assembly already cached: 2DS4-assembly1.cif
2026-05-25 03:09:28,115 - INFO - [195/2069] Asymmetric unit already cached: 2E6S.cif
2026-05-25 03:09:28,115 - INFO - [195/2069] Biological assembly already cached: 2E6S-assembly1.cif
2026-05-25 03:09:28,315 - INFO - [196/2069] Asymmetric unit already cached: 2EA5.cif
2026-05-25 03:09:28,315 - INFO - [196/2069] Biological assembly already cached: 2EA5-assembly1.cif
2026-05-25 03:09:28,516 - INFO - [197/2069] Asymmetric unit already cached: 2EA6.cif
2026-05-25 03:09:28,516 - INFO - [197/2069] Biological assembly already cached: 2EA6-assembly1.cif
2026-05-25 03:09:28,716 - INFO - [198/2069] Asymmetric unit already cached: 2ECG.cif
2026-05-25 03:09:28,716 - INFO - [198/2069] Biological assembly already cached: 2ECG-assembly1.cif
2026-05-25 03:09:28,917 - INFO - [199/2069] Asymmetric unit already cached: 2ECI.cif
2026-05-25 03:09:28,917 - INFO - [199/2069] Biological assembly already cached: 2ECI-assembly1.cif
2026-05-25 03:09:29,117 - INFO - [200/2069] Asymmetric unit already cached: 2ECJ.cif
2026-05-25 03:09:29,117 - INFO - [200/2069] Biological assembly already cached: 2ECJ-assembly1.cif
2026-05-25 03:09:29,317 - INFO - [201/2069] Asymmetric unit already cached: 2ECL.cif
2026-05-25 03:09:29,317 - INFO - [201/2069] Biological assembly already cached: 2ECL-assembly1.cif
2026-05-25 03:09:29,518 - INFO - [202/2069] Asymmetric unit already cached: 2ECN.cif
2026-05-25 03:09:29,518 - INFO - [202/2069] Biological assembly already cached: 2ECN-assembly1.cif
2026-05-25 03:09:29,718 - INFO - [203/2069] Asymmetric unit already cached: 2ECV.cif
2026-05-25 03:09:29,718 - INFO - [203/2069] Biological assembly already cached: 2ECV-assembly1.cif
2026-05-25 03:09:29,919 - INFO - [204/2069] Asymmetric unit already cached: 2ECY.cif
2026-05-25 03:09:29,919 - INFO - [204/2069] Biological assembly already cached: 2ECY-assembly1.cif
2026-05-25 03:09:30,119 - INFO - [205/2069] Asymmetric unit already cached: 2EDI.cif
2026-05-25 03:09:30,119 - INFO - [205/2069] Biological assembly already cached: 2EDI-assembly1.cif
2026-05-25 03:09:30,319 - INFO - [206/2069] Asymmetric unit already cached: 2EGM.cif
2026-05-25 03:09:30,320 - INFO - [206/2069] Biological assembly already cached: 2EGM-assembly1.cif
2026-05-25 03:09:30,520 - INFO - [207/2069] Asymmetric unit already cached: 2EGP.cif
2026-05-25 03:09:30,520 - INFO - [207/2069] Biological assembly already cached: 2EGP-assembly1.cif
2026-05-25 03:09:30,720 - INFO - [208/2069] Asymmetric unit already cached: 2EJS.cif
2026-05-25 03:09:30,720 - INFO - [208/2069] Biological assembly already cached: 2EJS-assembly1.cif
2026-05-25 03:09:30,921 - INFO - [209/2069] Asymmetric unit already cached: 2EKK.cif
2026-05-25 03:09:30,921 - INFO - [209/2069] Biological assembly already cached: 2EKK-assembly1.cif
2026-05-25 03:09:31,121 - INFO - [210/2069] Asymmetric unit already cached: 2EOD.cif
2026-05-25 03:09:31,121 - INFO - [210/2069] Biological assembly already cached: 2EOD-assembly1.cif
2026-05-25 03:09:31,321 - INFO - [211/2069] Asymmetric unit already cached: 2EP4.cif
2026-05-25 03:09:31,322 - INFO - [211/2069] Biological assembly already cached: 2EP4-assembly1.cif
2026-05-25 03:09:31,522 - INFO - [212/2069] Asymmetric unit already cached: 2EQK.cif
2026-05-25 03:09:31,522 - INFO - [212/2069] Biological assembly already cached: 2EQK-assembly1.cif
2026-05-25 03:09:31,722 - INFO - [213/2069] Asymmetric unit already cached: 2ESK.cif
2026-05-25 03:09:31,722 - INFO - [213/2069] Biological assembly already cached: 2ESK-assembly1.cif
2026-05-25 03:09:31,923 - INFO - [214/2069] Asymmetric unit already cached: 2ESO.cif
2026-05-25 03:09:31,923 - INFO - [214/2069] Biological assembly already cached: 2ESO-assembly1.cif
2026-05-25 03:09:32,123 - INFO - [215/2069] Asymmetric unit already cached: 2ESP.cif
2026-05-25 03:09:32,123 - INFO - [215/2069] Biological assembly already cached: 2ESP-assembly1.cif
2026-05-25 03:09:32,324 - INFO - [216/2069] Asymmetric unit already cached: 2ESQ.cif
2026-05-25 03:09:32,324 - INFO - [216/2069] Biological assembly already cached: 2ESQ-assembly1.cif
2026-05-25 03:09:32,524 - INFO - [217/2069] Asymmetric unit already cached: 2F1Y.cif
2026-05-25 03:09:32,525 - INFO - [217/2069] Biological assembly already cached: 2F1Y-assembly1.cif
2026-05-25 03:09:32,725 - INFO - [218/2069] Asymmetric unit already cached: 2F4W.cif
2026-05-25 03:09:32,725 - INFO - [218/2069] Biological assembly already cached: 2F4W-assembly1.cif
2026-05-25 03:09:32,925 - INFO - [219/2069] Asymmetric unit already cached: 2FAZ.cif
2026-05-25 03:09:32,925 - INFO - [219/2069] Biological assembly already cached: 2FAZ-assembly1.cif
2026-05-25 03:09:33,126 - INFO - [220/2069] Asymmetric unit already cached: 2FBE.cif
2026-05-25 03:09:33,126 - INFO - [220/2069] Biological assembly already cached: 2FBE-assembly1.cif
2026-05-25 03:09:33,326 - INFO - [221/2069] Asymmetric unit already cached: 2FFW.cif
2026-05-25 03:09:33,326 - INFO - [221/2069] Biological assembly already cached: 2FFW-assembly1.cif
2026-05-25 03:09:33,527 - INFO - [222/2069] Asymmetric unit already cached: 2FOP.cif
2026-05-25 03:09:33,527 - INFO - [222/2069] Biological assembly already cached: 2FOP-assembly1.cif
2026-05-25 03:09:33,727 - INFO - [223/2069] Asymmetric unit already cached: 2FUH.cif
2026-05-25 03:09:33,727 - INFO - [223/2069] Biological assembly already cached: 2FUH-assembly1.cif
2026-05-25 03:09:33,927 - INFO - [224/2069] Asymmetric unit already cached: 2FZP.cif
2026-05-25 03:09:33,928 - INFO - [224/2069] Biological assembly already cached: 2FZP-assembly1.cif
2026-05-25 03:09:34,128 - INFO - [225/2069] Asymmetric unit already cached: 2GKW.cif
2026-05-25 03:09:34,128 - INFO - [225/2069] Biological assembly already cached: 2GKW-assembly1.cif
2026-05-25 03:09:34,328 - INFO - [226/2069] Asymmetric unit already cached: 2GRN.cif
2026-05-25 03:09:34,328 - INFO - [226/2069] Biological assembly already cached: 2GRN-assembly1.cif
2026-05-25 03:09:34,529 - INFO - [227/2069] Asymmetric unit already cached: 2GRO.cif
2026-05-25 03:09:34,529 - INFO - [227/2069] Biological assembly already cached: 2GRO-assembly1.cif
2026-05-25 03:09:34,729 - INFO - [228/2069] Asymmetric unit already cached: 2GRP.cif
2026-05-25 03:09:34,729 - INFO - [228/2069] Biological assembly already cached: 2GRP-assembly1.cif
2026-05-25 03:09:34,929 - INFO - [229/2069] Asymmetric unit already cached: 2GRQ.cif
2026-05-25 03:09:34,930 - INFO - [229/2069] Biological assembly already cached: 2GRQ-assembly1.cif
2026-05-25 03:09:35,130 - INFO - [230/2069] Asymmetric unit already cached: 2GRR.cif
2026-05-25 03:09:35,130 - INFO - [230/2069] Biological assembly already cached: 2GRR-assembly1.cif
2026-05-25 03:09:35,330 - INFO - [231/2069] Asymmetric unit already cached: 2GV2.cif
2026-05-25 03:09:35,330 - INFO - [231/2069] Biological assembly already cached: 2GV2-assembly1.cif
2026-05-25 03:09:35,531 - INFO - [232/2069] Asymmetric unit already cached: 2GWF.cif
2026-05-25 03:09:35,531 - INFO - [232/2069] Biological assembly already cached: 2GWF-assembly1.cif
2026-05-25 03:09:35,731 - INFO - [233/2069] Asymmetric unit already cached: 2H0D.cif
2026-05-25 03:09:35,731 - INFO - [233/2069] Biological assembly already cached: 2H0D-assembly1.cif
2026-05-25 03:09:35,931 - INFO - [234/2069] Asymmetric unit already cached: 2HDP.cif
2026-05-25 03:09:35,932 - INFO - [234/2069] Biological assembly already cached: 2HDP-assembly1.cif
2026-05-25 03:09:36,132 - INFO - [235/2069] Asymmetric unit already cached: 2HLW.cif
2026-05-25 03:09:36,132 - INFO - [235/2069] Biological assembly already cached: 2HLW-assembly1.cif
2026-05-25 03:09:36,332 - INFO - [236/2069] Asymmetric unit already cached: 2HYE.cif
2026-05-25 03:09:36,332 - INFO - [236/2069] Biological assembly already cached: 2HYE-assembly1.cif
2026-05-25 03:09:36,533 - INFO - [237/2069] Asymmetric unit already cached: 2I3H.cif
2026-05-25 03:09:36,533 - INFO - [237/2069] Biological assembly already cached: 2I3H-assembly1.cif
2026-05-25 03:09:36,733 - INFO - [238/2069] Asymmetric unit already cached: 2I3I.cif
2026-05-25 03:09:36,733 - INFO - [238/2069] Biological assembly already cached: 2I3I-assembly1.cif
2026-05-25 03:09:36,933 - INFO - [239/2069] Asymmetric unit already cached: 2ING.cif
2026-05-25 03:09:36,934 - INFO - [239/2069] Biological assembly already cached: 2ING-assembly1.cif
2026-05-25 03:09:37,134 - INFO - [240/2069] Asymmetric unit already cached: 2IWG.cif
2026-05-25 03:09:37,134 - INFO - [240/2069] Biological assembly already cached: 2IWG-assembly1.cif
2026-05-25 03:09:37,334 - INFO - [241/2069] Asymmetric unit already cached: 2J6F.cif
2026-05-25 03:09:37,334 - INFO - [241/2069] Biological assembly already cached: 2J6F-assembly1.cif
2026-05-25 03:09:37,535 - INFO - [242/2069] Asymmetric unit already cached: 2JK7.cif
2026-05-25 03:09:37,535 - INFO - [242/2069] Biological assembly already cached: 2JK7-assembly1.cif
2026-05-25 03:09:37,735 - INFO - [243/2069] Asymmetric unit already cached: 2JMD.cif
2026-05-25 03:09:37,735 - INFO - [243/2069] Biological assembly already cached: 2JMD-assembly1.cif
2026-05-25 03:09:37,936 - INFO - [244/2069] Asymmetric unit already cached: 2JMO.cif
2026-05-25 03:09:37,936 - INFO - [244/2069] Biological assembly already cached: 2JMO-assembly1.cif
2026-05-25 03:09:38,136 - INFO - [245/2069] Asymmetric unit already cached: 2JNH.cif
2026-05-25 03:09:38,137 - INFO - [245/2069] Biological assembly already cached: 2JNH-assembly1.cif
2026-05-25 03:09:38,337 - INFO - [246/2069] Asymmetric unit already cached: 2JQZ.cif
2026-05-25 03:09:38,337 - INFO - [246/2069] Biological assembly already cached: 2JQZ-assembly1.cif
2026-05-25 03:09:38,537 - INFO - [247/2069] Asymmetric unit already cached: 2JRJ.cif
2026-05-25 03:09:38,537 - INFO - [247/2069] Biological assembly already cached: 2JRJ-assembly1.cif
2026-05-25 03:09:38,738 - INFO - [248/2069] Asymmetric unit already cached: 2JUF.cif
2026-05-25 03:09:38,738 - INFO - [248/2069] Biological assembly already cached: 2JUF-assembly1.cif
2026-05-25 03:09:38,938 - INFO - [249/2069] Asymmetric unit already cached: 2JUJ.cif
2026-05-25 03:09:38,938 - INFO - [249/2069] Biological assembly already cached: 2JUJ-assembly1.cif
2026-05-25 03:09:39,139 - INFO - [250/2069] Asymmetric unit already cached: 2JUN.cif
2026-05-25 03:09:39,139 - INFO - [250/2069] Biological assembly already cached: 2JUN-assembly1.cif
2026-05-25 03:09:39,339 - INFO - [251/2069] Asymmetric unit already cached: 2JY7.cif
2026-05-25 03:09:39,339 - INFO - [251/2069] Biological assembly already cached: 2JY7-assembly1.cif
2026-05-25 03:09:39,539 - INFO - [252/2069] Asymmetric unit already cached: 2JY8.cif
2026-05-25 03:09:39,540 - INFO - [252/2069] Biological assembly already cached: 2JY8-assembly1.cif
2026-05-25 03:09:39,740 - INFO - [253/2069] Asymmetric unit already cached: 2K0B.cif
2026-05-25 03:09:39,740 - INFO - [253/2069] Biological assembly already cached: 2K0B-assembly1.cif
2026-05-25 03:09:39,940 - INFO - [254/2069] Asymmetric unit already cached: 2K2C.cif
2026-05-25 03:09:39,941 - INFO - [254/2069] Biological assembly already cached: 2K2C-assembly1.cif
2026-05-25 03:09:40,141 - INFO - [255/2069] Asymmetric unit already cached: 2K2D.cif
2026-05-25 03:09:40,141 - INFO - [255/2069] Biological assembly already cached: 2K2D-assembly1.cif
2026-05-25 03:09:40,341 - INFO - [256/2069] Asymmetric unit already cached: 2K4D.cif
2026-05-25 03:09:40,341 - INFO - [256/2069] Biological assembly already cached: 2K4D-assembly1.cif
2026-05-25 03:09:40,542 - INFO - [257/2069] Asymmetric unit already cached: 2K8F.cif
2026-05-25 03:09:40,542 - INFO - [257/2069] Biological assembly already cached: 2K8F-assembly1.cif
2026-05-25 03:09:40,742 - INFO - [258/2069] Asymmetric unit already cached: 2KEO.cif
2026-05-25 03:09:40,742 - INFO - [258/2069] Biological assembly already cached: 2KEO-assembly1.cif
2026-05-25 03:09:40,943 - INFO - [259/2069] Asymmetric unit already cached: 2KIZ.cif
2026-05-25 03:09:40,943 - INFO - [259/2069] Biological assembly already cached: 2KIZ-assembly1.cif
2026-05-25 03:09:41,143 - INFO - [260/2069] Asymmetric unit already cached: 2KJE.cif
2026-05-25 03:09:41,143 - INFO - [260/2069] Biological assembly already cached: 2KJE-assembly1.cif
2026-05-25 03:09:41,344 - INFO - [261/2069] Asymmetric unit already cached: 2KJH.cif
2026-05-25 03:09:41,344 - INFO - [261/2069] Biological assembly already cached: 2KJH-assembly1.cif
2026-05-25 03:09:41,544 - INFO - [262/2069] Asymmetric unit already cached: 2KLY.cif
2026-05-25 03:09:41,544 - INFO - [262/2069] Biological assembly already cached: 2KLY-assembly1.cif
2026-05-25 03:09:41,744 - INFO - [263/2069] Asymmetric unit already cached: 2KNA.cif
2026-05-25 03:09:41,745 - INFO - [263/2069] Biological assembly already cached: 2KNA-assembly1.cif
2026-05-25 03:09:41,945 - INFO - [264/2069] Asymmetric unit already cached: 2KNV.cif
2026-05-25 03:09:41,945 - INFO - [264/2069] Biological assembly already cached: 2KNV-assembly1.cif
2026-05-25 03:09:42,145 - INFO - [265/2069] Asymmetric unit already cached: 2KPZ.cif
2026-05-25 03:09:42,145 - INFO - [265/2069] Biological assembly already cached: 2KPZ-assembly1.cif
2026-05-25 03:09:42,346 - INFO - [266/2069] Asymmetric unit already cached: 2KQ0.cif
2026-05-25 03:09:42,346 - INFO - [266/2069] Biological assembly already cached: 2KQ0-assembly1.cif
2026-05-25 03:09:42,546 - INFO - [267/2069] Asymmetric unit already cached: 2KR1.cif
2026-05-25 03:09:42,547 - INFO - [267/2069] Biological assembly already cached: 2KR1-assembly1.cif
2026-05-25 03:09:42,747 - INFO - [268/2069] Asymmetric unit already cached: 2KRE.cif
2026-05-25 03:09:42,747 - INFO - [268/2069] Biological assembly already cached: 2KRE-assembly1.cif
2026-05-25 03:09:42,947 - INFO - [269/2069] Asymmetric unit already cached: 2KWF.cif
2026-05-25 03:09:42,947 - INFO - [269/2069] Biological assembly already cached: 2KWF-assembly1.cif
2026-05-25 03:09:43,148 - INFO - [270/2069] Asymmetric unit already cached: 2KXQ.cif
2026-05-25 03:09:43,148 - INFO - [270/2069] Biological assembly already cached: 2KXQ-assembly1.cif
2026-05-25 03:09:43,348 - INFO - [271/2069] Asymmetric unit already cached: 2KYK.cif
2026-05-25 03:09:43,348 - INFO - [271/2069] Biological assembly already cached: 2KYK-assembly1.cif
2026-05-25 03:09:43,548 - INFO - [272/2069] Asymmetric unit already cached: 2L0B.cif
2026-05-25 03:09:43,549 - INFO - [272/2069] Biological assembly already cached: 2L0B-assembly1.cif
2026-05-25 03:09:43,749 - INFO - [273/2069] Asymmetric unit already cached: 2L3R.cif
2026-05-25 03:09:43,749 - INFO - [273/2069] Biological assembly already cached: 2L3R-assembly1.cif
2026-05-25 03:09:43,949 - INFO - [274/2069] Asymmetric unit already cached: 2L84.cif
2026-05-25 03:09:43,949 - INFO - [274/2069] Biological assembly already cached: 2L84-assembly1.cif
2026-05-25 03:09:44,150 - INFO - [275/2069] Asymmetric unit already cached: 2L85.cif
2026-05-25 03:09:44,150 - INFO - [275/2069] Biological assembly already cached: 2L85-assembly1.cif
2026-05-25 03:09:44,350 - INFO - [276/2069] Asymmetric unit already cached: 2L9M.cif
2026-05-25 03:09:44,350 - INFO - [276/2069] Biological assembly already cached: 2L9M-assembly1.cif
2026-05-25 03:09:44,551 - INFO - [277/2069] Asymmetric unit already cached: 2LAJ.cif
2026-05-25 03:09:44,551 - INFO - [277/2069] Biological assembly already cached: 2LAJ-assembly1.cif
2026-05-25 03:09:44,751 - INFO - [278/2069] Asymmetric unit already cached: 2LAZ.cif
2026-05-25 03:09:44,751 - INFO - [278/2069] Biological assembly already cached: 2LAZ-assembly1.cif
2026-05-25 03:09:44,951 - INFO - [279/2069] Asymmetric unit already cached: 2LB0.cif
2026-05-25 03:09:44,952 - INFO - [279/2069] Biological assembly already cached: 2LB0-assembly1.cif
2026-05-25 03:09:45,152 - INFO - [280/2069] Asymmetric unit already cached: 2LB1.cif
2026-05-25 03:09:45,152 - INFO - [280/2069] Biological assembly already cached: 2LB1-assembly1.cif
2026-05-25 03:09:45,352 - INFO - [281/2069] Asymmetric unit already cached: 2LB2.cif
2026-05-25 03:09:45,353 - INFO - [281/2069] Biological assembly already cached: 2LB2-assembly1.cif
2026-05-25 03:09:45,553 - INFO - [282/2069] Asymmetric unit already cached: 2LC3.cif
2026-05-25 03:09:45,553 - INFO - [282/2069] Biological assembly already cached: 2LC3-assembly1.cif
2026-05-25 03:09:45,753 - INFO - [283/2069] Asymmetric unit already cached: 2LDR.cif
2026-05-25 03:09:45,753 - INFO - [283/2069] Biological assembly already cached: 2LDR-assembly1.cif
2026-05-25 03:09:45,954 - INFO - [284/2069] Asymmetric unit already cached: 2LFE.cif
2026-05-25 03:09:45,954 - INFO - [284/2069] Biological assembly already cached: 2LFE-assembly1.cif
2026-05-25 03:09:46,154 - INFO - [285/2069] Asymmetric unit already cached: 2LGG.cif
2026-05-25 03:09:46,154 - INFO - [285/2069] Biological assembly already cached: 2LGG-assembly1.cif
2026-05-25 03:09:46,355 - INFO - [286/2069] Asymmetric unit already cached: 2LGK.cif
2026-05-25 03:09:46,355 - INFO - [286/2069] Biological assembly already cached: 2LGK-assembly1.cif
2026-05-25 03:09:46,555 - INFO - [287/2069] Asymmetric unit already cached: 2LGL.cif
2026-05-25 03:09:46,555 - INFO - [287/2069] Biological assembly already cached: 2LGL-assembly1.cif
2026-05-25 03:09:46,755 - INFO - [288/2069] Asymmetric unit already cached: 2LGV.cif
2026-05-25 03:09:46,755 - INFO - [288/2069] Biological assembly already cached: 2LGV-assembly1.cif
2026-05-25 03:09:46,956 - INFO - [289/2069] Asymmetric unit already cached: 2LGY.cif
2026-05-25 03:09:46,956 - INFO - [289/2069] Biological assembly already cached: 2LGY-assembly1.cif
2026-05-25 03:09:47,156 - INFO - [290/2069] Asymmetric unit already cached: 2LTX.cif
2026-05-25 03:09:47,156 - INFO - [290/2069] Biological assembly already cached: 2LTX-assembly1.cif
2026-05-25 03:09:47,357 - INFO - [291/2069] Asymmetric unit already cached: 2LTY.cif
2026-05-25 03:09:47,357 - INFO - [291/2069] Biological assembly already cached: 2LTY-assembly1.cif
2026-05-25 03:09:47,558 - INFO - [292/2069] Asymmetric unit already cached: 2LTZ.cif
2026-05-25 03:09:47,558 - INFO - [292/2069] Biological assembly already cached: 2LTZ-assembly1.cif
2026-05-25 03:09:47,758 - INFO - [293/2069] Asymmetric unit already cached: 2LVN.cif
2026-05-25 03:09:47,758 - INFO - [293/2069] Biological assembly already cached: 2LVN-assembly1.cif
2026-05-25 03:09:47,958 - INFO - [294/2069] Asymmetric unit already cached: 2LVO.cif
2026-05-25 03:09:47,959 - INFO - [294/2069] Biological assembly already cached: 2LVO-assembly1.cif
2026-05-25 03:09:48,159 - INFO - [295/2069] Asymmetric unit already cached: 2LVP.cif
2026-05-25 03:09:48,159 - INFO - [295/2069] Biological assembly already cached: 2LVP-assembly1.cif
2026-05-25 03:09:48,359 - INFO - [296/2069] Asymmetric unit already cached: 2LVQ.cif
2026-05-25 03:09:48,359 - INFO - [296/2069] Biological assembly already cached: 2LVQ-assembly1.cif
2026-05-25 03:09:48,560 - INFO - [297/2069] Asymmetric unit already cached: 2LXH.cif
2026-05-25 03:09:48,560 - INFO - [297/2069] Biological assembly already cached: 2LXH-assembly1.cif
2026-05-25 03:09:48,760 - INFO - [298/2069] Asymmetric unit already cached: 2LXP.cif
2026-05-25 03:09:48,760 - INFO - [298/2069] Biological assembly already cached: 2LXP-assembly1.cif
2026-05-25 03:09:48,960 - INFO - [299/2069] Asymmetric unit already cached: 2LXS.cif
2026-05-25 03:09:48,961 - INFO - [299/2069] Biological assembly already cached: 2LXS-assembly1.cif
2026-05-25 03:09:49,161 - INFO - [300/2069] Asymmetric unit already cached: 2LXT.cif
2026-05-25 03:09:49,161 - INFO - [300/2069] Biological assembly already cached: 2LXT-assembly1.cif
2026-05-25 03:09:49,361 - INFO - [301/2069] Asymmetric unit already cached: 2LZG.cif
2026-05-25 03:09:49,361 - INFO - [301/2069] Biological assembly already cached: 2LZG-assembly1.cif
2026-05-25 03:09:49,562 - INFO - [302/2069] Asymmetric unit already cached: 2M3O.cif
2026-05-25 03:09:49,562 - INFO - [302/2069] Biological assembly already cached: 2M3O-assembly1.cif
2026-05-25 03:09:49,762 - INFO - [303/2069] Asymmetric unit already cached: 2M85.cif
2026-05-25 03:09:49,762 - INFO - [303/2069] Biological assembly already cached: 2M85-assembly1.cif
2026-05-25 03:09:49,963 - INFO - [304/2069] Asymmetric unit already cached: 2M86.cif
2026-05-25 03:09:49,963 - INFO - [304/2069] Biological assembly already cached: 2M86-assembly1.cif
2026-05-25 03:09:50,163 - INFO - [305/2069] Asymmetric unit already cached: 2M9Y.cif
2026-05-25 03:09:50,163 - INFO - [305/2069] Biological assembly already cached: 2M9Y-assembly1.cif
2026-05-25 03:09:50,363 - INFO - [306/2069] Asymmetric unit already cached: 2MA6.cif
2026-05-25 03:09:50,364 - INFO - [306/2069] Biological assembly already cached: 2MA6-assembly1.cif
2026-05-25 03:09:50,564 - INFO - [307/2069] Asymmetric unit already cached: 2MH0.cif
2026-05-25 03:09:50,564 - INFO - [307/2069] Biological assembly already cached: 2MH0-assembly1.cif
2026-05-25 03:09:50,764 - INFO - [308/2069] Asymmetric unit already cached: 2MPS.cif
2026-05-25 03:09:50,764 - INFO - [308/2069] Biological assembly already cached: 2MPS-assembly1.cif
2026-05-25 03:09:50,965 - INFO - [309/2069] Asymmetric unit already cached: 2MPT.cif
2026-05-25 03:09:50,965 - INFO - [309/2069] Biological assembly already cached: 2MPT-assembly1.cif
2026-05-25 03:09:51,165 - INFO - [310/2069] Asymmetric unit already cached: 2MRE.cif
2026-05-25 03:09:51,165 - INFO - [310/2069] Biological assembly already cached: 2MRE-assembly1.cif
2026-05-25 03:09:51,365 - INFO - [311/2069] Asymmetric unit already cached: 2MRF.cif
2026-05-25 03:09:51,366 - INFO - [311/2069] Biological assembly already cached: 2MRF-assembly1.cif
2026-05-25 03:09:51,566 - INFO - [312/2069] Asymmetric unit already cached: 2MT5.cif
2026-05-25 03:09:51,566 - INFO - [312/2069] Biological assembly already cached: 2MT5-assembly1.cif
2026-05-25 03:09:51,766 - INFO - [313/2069] Asymmetric unit already cached: 2MT6.cif
2026-05-25 03:09:51,766 - INFO - [313/2069] Biological assembly already cached: 2MT6-assembly1.cif
2026-05-25 03:09:51,967 - INFO - [314/2069] Asymmetric unit already cached: 2MUL.cif
2026-05-25 03:09:51,967 - INFO - [314/2069] Biological assembly already cached: 2MUL-assembly1.cif
2026-05-25 03:09:52,167 - INFO - [315/2069] Asymmetric unit already cached: 2MVW.cif
2026-05-25 03:09:52,167 - INFO - [315/2069] Biological assembly already cached: 2MVW-assembly1.cif
2026-05-25 03:09:52,368 - INFO - [316/2069] Asymmetric unit already cached: 2MWX.cif
2026-05-25 03:09:52,368 - INFO - [316/2069] Biological assembly already cached: 2MWX-assembly1.cif
2026-05-25 03:09:52,568 - INFO - [317/2069] Asymmetric unit already cached: 2MWY.cif
2026-05-25 03:09:52,568 - INFO - [317/2069] Biological assembly already cached: 2MWY-assembly1.cif
2026-05-25 03:09:52,769 - INFO - [318/2069] Asymmetric unit already cached: 2MZD.cif
2026-05-25 03:09:52,769 - INFO - [318/2069] Biological assembly already cached: 2MZD-assembly1.cif
2026-05-25 03:09:52,969 - INFO - [319/2069] Asymmetric unit already cached: 2MZN.cif
2026-05-25 03:09:52,969 - INFO - [319/2069] Biological assembly already cached: 2MZN-assembly1.cif
2026-05-25 03:09:53,170 - INFO - [320/2069] Asymmetric unit already cached: 2N06.cif
2026-05-25 03:09:53,170 - INFO - [320/2069] Biological assembly already cached: 2N06-assembly1.cif
2026-05-25 03:09:53,370 - INFO - [321/2069] Asymmetric unit already cached: 2N0U.cif
2026-05-25 03:09:53,370 - INFO - [321/2069] Biological assembly already cached: 2N0U-assembly1.cif
2026-05-25 03:09:53,570 - INFO - [322/2069] Asymmetric unit already cached: 2N0W.cif
2026-05-25 03:09:53,570 - INFO - [322/2069] Biological assembly already cached: 2N0W-assembly1.cif
2026-05-25 03:09:53,771 - INFO - [323/2069] Asymmetric unit already cached: 2N14.cif
2026-05-25 03:09:53,771 - INFO - [323/2069] Biological assembly already cached: 2N14-assembly1.cif
2026-05-25 03:09:53,971 - INFO - [324/2069] Asymmetric unit already cached: 2N1A.cif
2026-05-25 03:09:53,971 - INFO - [324/2069] Biological assembly already cached: 2N1A-assembly1.cif
2026-05-25 03:09:54,172 - INFO - [325/2069] Asymmetric unit already cached: 2N9O.cif
2026-05-25 03:09:54,172 - INFO - [325/2069] Biological assembly already cached: 2N9O-assembly1.cif
2026-05-25 03:09:54,372 - INFO - [326/2069] Asymmetric unit already cached: 2N9P.cif
2026-05-25 03:09:54,372 - INFO - [326/2069] Biological assembly already cached: 2N9P-assembly1.cif
2026-05-25 03:09:54,572 - INFO - [327/2069] Asymmetric unit already cached: 2NA1.cif
2026-05-25 03:09:54,573 - INFO - [327/2069] Biological assembly already cached: 2NA1-assembly1.cif
2026-05-25 03:09:54,773 - INFO - [328/2069] Asymmetric unit already cached: 2NQ3.cif
2026-05-25 03:09:54,773 - INFO - [328/2069] Biological assembly already cached: 2NQ3-assembly1.cif
2026-05-25 03:09:54,973 - INFO - [329/2069] Asymmetric unit already cached: 2NSQ.cif
2026-05-25 03:09:54,973 - INFO - [329/2069] Biological assembly already cached: 2NSQ-assembly1.cif
2026-05-25 03:09:55,174 - INFO - [330/2069] Asymmetric unit already cached: 2NTE.cif
2026-05-25 03:09:55,174 - INFO - [330/2069] Biological assembly already cached: 2NTE-assembly1.cif
2026-05-25 03:09:55,374 - INFO - [331/2069] Asymmetric unit already cached: 2NVU.cif
2026-05-25 03:09:55,374 - INFO - [331/2069] Biological assembly already cached: 2NVU-assembly1.cif
2026-05-25 03:09:55,575 - INFO - [332/2069] Asymmetric unit already cached: 2O25.cif
2026-05-25 03:09:55,575 - INFO - [332/2069] Biological assembly already cached: 2O25-assembly1.cif
2026-05-25 03:09:55,775 - INFO - [333/2069] Asymmetric unit already cached: 2OB4.cif
2026-05-25 03:09:55,775 - INFO - [333/2069] Biological assembly already cached: 2OB4-assembly1.cif
2026-05-25 03:09:55,975 - INFO - [334/2069] Asymmetric unit already cached: 2ONI.cif
2026-05-25 03:09:55,976 - INFO - [334/2069] Biological assembly already cached: 2ONI-assembly1.cif
2026-05-25 03:09:56,176 - INFO - [335/2069] Asymmetric unit already cached: 2OO9.cif
2026-05-25 03:09:56,176 - INFO - [335/2069] Biological assembly already cached: 2OO9-assembly1.cif
2026-05-25 03:09:56,376 - INFO - [336/2069] Asymmetric unit already cached: 2OOA.cif
2026-05-25 03:09:56,376 - INFO - [336/2069] Biological assembly already cached: 2OOA-assembly1.cif
2026-05-25 03:09:56,577 - INFO - [337/2069] Asymmetric unit already cached: 2OOB.cif
2026-05-25 03:09:56,577 - INFO - [337/2069] Biological assembly already cached: 2OOB-assembly1.cif
2026-05-25 03:09:56,777 - INFO - [338/2069] Asymmetric unit already cached: 2OP7.cif
2026-05-25 03:09:56,777 - INFO - [338/2069] Biological assembly already cached: 2OP7-assembly1.cif
2026-05-25 03:09:56,978 - INFO - [339/2069] Asymmetric unit already cached: 2OPY.cif
2026-05-25 03:09:56,978 - INFO - [339/2069] Biological assembly already cached: 2OPY-assembly1.cif
2026-05-25 03:09:57,178 - INFO - [340/2069] Asymmetric unit already cached: 2OPZ.cif
2026-05-25 03:09:57,178 - INFO - [340/2069] Biological assembly already cached: 2OPZ-assembly1.cif
2026-05-25 03:09:57,378 - INFO - [341/2069] Asymmetric unit already cached: 2P4R.cif
2026-05-25 03:09:57,379 - INFO - [341/2069] Biological assembly already cached: 2P4R-assembly1.cif
2026-05-25 03:09:57,579 - INFO - [342/2069] Asymmetric unit already cached: 2PB7.cif
2026-05-25 03:09:57,580 - INFO - [342/2069] Biological assembly already cached: 2PB7-assembly1.cif
2026-05-25 03:09:57,780 - INFO - [343/2069] Asymmetric unit already cached: 2PE6.cif
2026-05-25 03:09:57,780 - INFO - [343/2069] Biological assembly already cached: 2PE6-assembly1.cif
2026-05-25 03:09:57,980 - INFO - [344/2069] Asymmetric unit already cached: 2PIE.cif
2026-05-25 03:09:57,980 - INFO - [344/2069] Biological assembly already cached: 2PIE-assembly1.cif
2026-05-25 03:09:58,181 - INFO - [345/2069] Asymmetric unit already cached: 2POI.cif
2026-05-25 03:09:58,181 - INFO - [345/2069] Biological assembly already cached: 2POI-assembly1.cif
2026-05-25 03:09:58,381 - INFO - [346/2069] Asymmetric unit already cached: 2POP.cif
2026-05-25 03:09:58,381 - INFO - [346/2069] Biological assembly already cached: 2POP-assembly1.cif
2026-05-25 03:09:58,582 - INFO - [347/2069] Asymmetric unit already cached: 2PX9.cif
2026-05-25 03:09:58,582 - INFO - [347/2069] Biological assembly already cached: 2PX9-assembly1.cif
2026-05-25 03:09:58,782 - INFO - [348/2069] Asymmetric unit already cached: 2QGX.cif
2026-05-25 03:09:58,782 - INFO - [348/2069] Biological assembly already cached: 2QGX-assembly1.cif
2026-05-25 03:09:58,982 - INFO - [349/2069] Asymmetric unit already cached: 2QHO.cif
2026-05-25 03:09:58,982 - INFO - [349/2069] Biological assembly already cached: 2QHO-assembly1.cif
2026-05-25 03:09:59,183 - INFO - [350/2069] Asymmetric unit already cached: 2QRA.cif
2026-05-25 03:09:59,183 - INFO - [350/2069] Biological assembly already cached: 2QRA-assembly1.cif
2026-05-25 03:09:59,383 - INFO - [351/2069] Asymmetric unit already cached: 2R1Z.cif
2026-05-25 03:09:59,383 - INFO - [351/2069] Biological assembly already cached: 2R1Z-assembly1.cif
2026-05-25 03:09:59,583 - INFO - [352/2069] Asymmetric unit already cached: 2RNY.cif
2026-05-25 03:09:59,584 - INFO - [352/2069] Biological assembly already cached: 2RNY-assembly1.cif
2026-05-25 03:09:59,784 - INFO - [353/2069] Asymmetric unit already cached: 2RO1.cif
2026-05-25 03:09:59,784 - INFO - [353/2069] Biological assembly already cached: 2RO1-assembly1.cif
2026-05-25 03:09:59,984 - INFO - [354/2069] Asymmetric unit already cached: 2RUH.cif
2026-05-25 03:09:59,985 - INFO - [354/2069] Biological assembly already cached: 2RUH-assembly1.cif
2026-05-25 03:10:00,185 - INFO - [355/2069] Asymmetric unit already cached: 2UVL.cif
2026-05-25 03:10:00,185 - INFO - [355/2069] Biological assembly already cached: 2UVL-assembly1.cif
2026-05-25 03:10:00,385 - INFO - [356/2069] Asymmetric unit already cached: 2VJE.cif
2026-05-25 03:10:00,385 - INFO - [356/2069] Biological assembly already cached: 2VJE-assembly1.cif
2026-05-25 03:10:00,586 - INFO - [357/2069] Asymmetric unit already cached: 2VJF.cif
2026-05-25 03:10:00,586 - INFO - [357/2069] Biological assembly already cached: 2VJF-assembly1.cif
2026-05-25 03:10:00,786 - INFO - [358/2069] Asymmetric unit already cached: 2VSL.cif
2026-05-25 03:10:00,786 - INFO - [358/2069] Biological assembly already cached: 2VSL-assembly1.cif
2026-05-25 03:10:00,987 - INFO - [359/2069] Asymmetric unit already cached: 2VWR.cif
2026-05-25 03:10:00,987 - INFO - [359/2069] Biological assembly already cached: 2VWR-assembly1.cif
2026-05-25 03:10:01,187 - INFO - [360/2069] Asymmetric unit already cached: 2VYR.cif
2026-05-25 03:10:01,187 - INFO - [360/2069] Biological assembly already cached: 2VYR-assembly1.cif
2026-05-25 03:10:01,387 - INFO - [361/2069] Asymmetric unit already cached: 2XBB.cif
2026-05-25 03:10:01,387 - INFO - [361/2069] Biological assembly already cached: 2XBB-assembly1.cif
2026-05-25 03:10:01,588 - INFO - [362/2069] Asymmetric unit already cached: 2XBF.cif
2026-05-25 03:10:01,588 - INFO - [362/2069] Biological assembly already cached: 2XBF-assembly1.cif
2026-05-25 03:10:01,788 - INFO - [363/2069] Asymmetric unit already cached: 2XEU.cif
2026-05-25 03:10:01,788 - INFO - [363/2069] Biological assembly already cached: 2XEU-assembly1.cif
2026-05-25 03:10:01,988 - INFO - [364/2069] Asymmetric unit already cached: 2XOC.cif
2026-05-25 03:10:01,989 - INFO - [364/2069] Biological assembly already cached: 2XOC-assembly1.cif
2026-05-25 03:10:02,189 - INFO - [365/2069] Asymmetric unit already cached: 2XOY.cif
2026-05-25 03:10:02,189 - INFO - [365/2069] Biological assembly already cached: 2XOY-assembly1.cif
2026-05-25 03:10:02,389 - INFO - [366/2069] Asymmetric unit already cached: 2XOZ.cif
2026-05-25 03:10:02,389 - INFO - [366/2069] Biological assembly already cached: 2XOZ-assembly1.cif
2026-05-25 03:10:02,590 - INFO - [367/2069] Asymmetric unit already cached: 2XP0.cif
2026-05-25 03:10:02,590 - INFO - [367/2069] Biological assembly already cached: 2XP0-assembly1.cif
2026-05-25 03:10:02,790 - INFO - [368/2069] Asymmetric unit already cached: 2XWU.cif
2026-05-25 03:10:02,791 - INFO - [368/2069] Biological assembly already cached: 2XWU-assembly1.cif
2026-05-25 03:10:02,991 - INFO - [369/2069] Asymmetric unit already cached: 2Y1M.cif
2026-05-25 03:10:02,991 - INFO - [369/2069] Biological assembly already cached: 2Y1M-assembly1.cif
2026-05-25 03:10:03,191 - INFO - [370/2069] Asymmetric unit already cached: 2Y1N.cif
2026-05-25 03:10:03,191 - INFO - [370/2069] Biological assembly already cached: 2Y1N-assembly1.cif
2026-05-25 03:10:03,392 - INFO - [371/2069] Asymmetric unit already cached: 2Y43.cif
2026-05-25 03:10:03,392 - INFO - [371/2069] Biological assembly already cached: 2Y43-assembly1.cif
2026-05-25 03:10:03,592 - INFO - [372/2069] Asymmetric unit already cached: 2Y4W.cif
2026-05-25 03:10:03,592 - INFO - [372/2069] Biological assembly already cached: 2Y4W-assembly1.cif
2026-05-25 03:10:03,792 - INFO - [373/2069] Asymmetric unit already cached: 2YB6.cif
2026-05-25 03:10:03,793 - INFO - [373/2069] Biological assembly already cached: 2YB6-assembly1.cif
2026-05-25 03:10:03,993 - INFO - [374/2069] Asymmetric unit already cached: 2YBF.cif
2026-05-25 03:10:03,993 - INFO - [374/2069] Biological assembly already cached: 2YBF-assembly1.cif
2026-05-25 03:10:04,193 - INFO - [375/2069] Asymmetric unit already cached: 2YHN.cif
2026-05-25 03:10:04,193 - INFO - [375/2069] Biological assembly already cached: 2YHN-assembly1.cif
2026-05-25 03:10:04,394 - INFO - [376/2069] Asymmetric unit already cached: 2YHO.cif
2026-05-25 03:10:04,394 - INFO - [376/2069] Biological assembly already cached: 2YHO-assembly1.cif
2026-05-25 03:10:04,594 - INFO - [377/2069] Asymmetric unit already cached: 2YRG.cif
2026-05-25 03:10:04,594 - INFO - [377/2069] Biological assembly already cached: 2YRG-assembly1.cif
2026-05-25 03:10:04,795 - INFO - [378/2069] Asymmetric unit already cached: 2YSA.cif
2026-05-25 03:10:04,795 - INFO - [378/2069] Biological assembly already cached: 2YSA-assembly1.cif
2026-05-25 03:10:04,995 - INFO - [379/2069] Asymmetric unit already cached: 2YSF.cif
2026-05-25 03:10:04,995 - INFO - [379/2069] Biological assembly already cached: 2YSF-assembly1.cif
2026-05-25 03:10:05,195 - INFO - [380/2069] Asymmetric unit already cached: 2YSJ.cif
2026-05-25 03:10:05,195 - INFO - [380/2069] Biological assembly already cached: 2YSJ-assembly1.cif
2026-05-25 03:10:05,396 - INFO - [381/2069] Asymmetric unit already cached: 2YSL.cif
2026-05-25 03:10:05,396 - INFO - [381/2069] Biological assembly already cached: 2YSL-assembly1.cif
2026-05-25 03:10:05,596 - INFO - [382/2069] Asymmetric unit already cached: 2YSM.cif
2026-05-25 03:10:05,597 - INFO - [382/2069] Biological assembly already cached: 2YSM-assembly1.cif
2026-05-25 03:10:05,797 - INFO - [383/2069] Asymmetric unit already cached: 2YU4.cif
2026-05-25 03:10:05,797 - INFO - [383/2069] Biological assembly already cached: 2YU4-assembly1.cif
2026-05-25 03:10:05,997 - INFO - [384/2069] Asymmetric unit already cached: 2YUC.cif
2026-05-25 03:10:05,997 - INFO - [384/2069] Biological assembly already cached: 2YUC-assembly1.cif
2026-05-25 03:10:06,198 - INFO - [385/2069] Asymmetric unit already cached: 2YUK.cif
2026-05-25 03:10:06,198 - INFO - [385/2069] Biological assembly already cached: 2YUK-assembly1.cif
2026-05-25 03:10:06,398 - INFO - [386/2069] Asymmetric unit already cached: 2YUR.cif
2026-05-25 03:10:06,398 - INFO - [386/2069] Biological assembly already cached: 2YUR-assembly1.cif
2026-05-25 03:10:06,599 - INFO - [387/2069] Asymmetric unit already cached: 2YVR.cif
2026-05-25 03:10:06,599 - INFO - [387/2069] Biological assembly already cached: 2YVR-assembly1.cif
2026-05-25 03:10:06,799 - INFO - [388/2069] Asymmetric unit already cached: 2YYN.cif
2026-05-25 03:10:06,799 - INFO - [388/2069] Biological assembly already cached: 2YYN-assembly1.cif
2026-05-25 03:10:06,999 - INFO - [389/2069] Asymmetric unit already cached: 2Z5D.cif
2026-05-25 03:10:07,000 - INFO - [389/2069] Biological assembly already cached: 2Z5D-assembly1.cif
2026-05-25 03:10:07,200 - INFO - [390/2069] Asymmetric unit already cached: 3A33.cif
2026-05-25 03:10:07,200 - INFO - [390/2069] Biological assembly already cached: 3A33-assembly1.cif
2026-05-25 03:10:07,400 - INFO - [391/2069] Asymmetric unit already cached: 3A4S.cif
2026-05-25 03:10:07,401 - INFO - [391/2069] Biological assembly already cached: 3A4S-assembly1.cif
2026-05-25 03:10:07,601 - INFO - [392/2069] Asymmetric unit already cached: 3ASK.cif
2026-05-25 03:10:07,601 - INFO - [392/2069] Biological assembly already cached: 3ASK-assembly1.cif
2026-05-25 03:10:07,802 - INFO - [393/2069] Asymmetric unit already cached: 3ASL.cif
2026-05-25 03:10:07,802 - INFO - [393/2069] Biological assembly already cached: 3ASL-assembly1.cif
2026-05-25 03:10:08,002 - INFO - [394/2069] Asymmetric unit already cached: 3B76.cif
2026-05-25 03:10:08,002 - INFO - [394/2069] Biological assembly already cached: 3B76-assembly1.cif
2026-05-25 03:10:08,203 - INFO - [395/2069] Asymmetric unit already cached: 3B7Y.cif
2026-05-25 03:10:08,203 - INFO - [395/2069] Biological assembly already cached: 3B7Y-assembly1.cif
2026-05-25 03:10:08,403 - INFO - [396/2069] Asymmetric unit already cached: 3BI7.cif
2026-05-25 03:10:08,403 - INFO - [396/2069] Biological assembly already cached: 3BI7-assembly1.cif
2026-05-25 03:10:08,603 - INFO - [397/2069] Asymmetric unit already cached: 3BIY.cif
2026-05-25 03:10:08,604 - INFO - [397/2069] Biological assembly already cached: 3BIY-assembly1.cif
2026-05-25 03:10:08,804 - INFO - [398/2069] Asymmetric unit already cached: 3BUM.cif
2026-05-25 03:10:08,804 - INFO - [398/2069] Biological assembly already cached: 3BUM-assembly1.cif
2026-05-25 03:10:09,004 - INFO - [399/2069] Asymmetric unit already cached: 3BUN.cif
2026-05-25 03:10:09,004 - INFO - [399/2069] Biological assembly already cached: 3BUN-assembly1.cif
2026-05-25 03:10:09,205 - INFO - [400/2069] Asymmetric unit already cached: 3BUO.cif
2026-05-25 03:10:09,205 - INFO - [400/2069] Biological assembly already cached: 3BUO-assembly1.cif
2026-05-25 03:10:09,405 - INFO - [401/2069] Asymmetric unit already cached: 3BUW.cif
2026-05-25 03:10:09,405 - INFO - [401/2069] Biological assembly already cached: 3BUW-assembly1.cif
2026-05-25 03:10:09,606 - INFO - [402/2069] Asymmetric unit already cached: 3BUX.cif
2026-05-25 03:10:09,606 - INFO - [402/2069] Biological assembly already cached: 3BUX-assembly1.cif
2026-05-25 03:10:09,806 - INFO - [403/2069] Asymmetric unit already cached: 3BZH.cif
2026-05-25 03:10:09,806 - INFO - [403/2069] Biological assembly already cached: 3BZH-assembly1.cif
2026-05-25 03:10:10,007 - INFO - [404/2069] Asymmetric unit already cached: 3C5K.cif
2026-05-25 03:10:10,007 - INFO - [404/2069] Biological assembly already cached: 3C5K-assembly1.cif
2026-05-25 03:10:10,207 - INFO - [405/2069] Asymmetric unit already cached: 3C5R.cif
2026-05-25 03:10:10,207 - INFO - [405/2069] Biological assembly already cached: 3C5R-assembly1.cif
2026-05-25 03:10:10,408 - INFO - [406/2069] Asymmetric unit already cached: 3CEG.cif
2026-05-25 03:10:10,408 - INFO - [406/2069] Biological assembly already cached: 3CEG-assembly1.cif
2026-05-25 03:10:10,608 - INFO - [407/2069] Asymmetric unit already cached: 3CLX.cif
2026-05-25 03:10:10,608 - INFO - [407/2069] Biological assembly already cached: 3CLX-assembly1.cif
2026-05-25 03:10:10,808 - INFO - [408/2069] Asymmetric unit already cached: 3CLZ.cif
2026-05-25 03:10:10,809 - INFO - [408/2069] Biological assembly already cached: 3CLZ-assembly1.cif
2026-05-25 03:10:11,009 - INFO - [409/2069] Asymmetric unit already cached: 3CM2.cif
2026-05-25 03:10:11,009 - INFO - [409/2069] Biological assembly already cached: 3CM2-assembly1.cif
2026-05-25 03:10:11,209 - INFO - [410/2069] Asymmetric unit already cached: 3CM7.cif
2026-05-25 03:10:11,209 - INFO - [410/2069] Biological assembly already cached: 3CM7-assembly1.cif
2026-05-25 03:10:11,410 - INFO - [411/2069] Asymmetric unit already cached: 3COJ.cif
2026-05-25 03:10:11,410 - INFO - [411/2069] Biological assembly already cached: 3COJ-assembly1.cif
2026-05-25 03:10:11,610 - INFO - [412/2069] Asymmetric unit already cached: 3D9T.cif
2026-05-25 03:10:11,610 - INFO - [412/2069] Biological assembly already cached: 3D9T-assembly1.cif
2026-05-25 03:10:11,811 - INFO - [413/2069] Asymmetric unit already cached: 3D9U.cif
2026-05-25 03:10:11,811 - INFO - [413/2069] Biological assembly already cached: 3D9U-assembly1.cif
2026-05-25 03:10:12,011 - INFO - [414/2069] Asymmetric unit already cached: 3DAB.cif
2026-05-25 03:10:12,011 - INFO - [414/2069] Biological assembly already cached: 3DAB-assembly1.cif
2026-05-25 03:10:12,212 - INFO - [415/2069] Asymmetric unit already cached: 3DB3.cif
2026-05-25 03:10:12,212 - INFO - [415/2069] Biological assembly already cached: 3DB3-assembly1.cif
2026-05-25 03:10:12,412 - INFO - [416/2069] Asymmetric unit already cached: 3DB4.cif
2026-05-25 03:10:12,412 - INFO - [416/2069] Biological assembly already cached: 3DB4-assembly1.cif
2026-05-25 03:10:12,613 - INFO - [417/2069] Asymmetric unit already cached: 3DDT.cif
2026-05-25 03:10:12,613 - INFO - [417/2069] Biological assembly already cached: 3DDT-assembly1.cif
2026-05-25 03:10:12,813 - INFO - [418/2069] Asymmetric unit already cached: 3DKM.cif
2026-05-25 03:10:12,813 - INFO - [418/2069] Biological assembly already cached: 3DKM-assembly1.cif
2026-05-25 03:10:13,014 - INFO - [419/2069] Asymmetric unit already cached: 3DPL.cif
2026-05-25 03:10:13,014 - INFO - [419/2069] Biological assembly already cached: 3DPL-assembly1.cif
2026-05-25 03:10:13,214 - INFO - [420/2069] Asymmetric unit already cached: 3DQV.cif
2026-05-25 03:10:13,214 - INFO - [420/2069] Biological assembly already cached: 3DQV-assembly1.cif
2026-05-25 03:10:13,415 - INFO - [421/2069] Asymmetric unit already cached: 3DWH.cif
2026-05-25 03:10:13,415 - INFO - [421/2069] Biological assembly already cached: 3DWH-assembly1.cif
2026-05-25 03:10:13,615 - INFO - [422/2069] Asymmetric unit already cached: 3DWY.cif
2026-05-25 03:10:13,615 - INFO - [422/2069] Biological assembly already cached: 3DWY-assembly1.cif
2026-05-25 03:10:13,815 - INFO - [423/2069] Asymmetric unit already cached: 3E46.cif
2026-05-25 03:10:13,816 - INFO - [423/2069] Biological assembly already cached: 3E46-assembly1.cif
2026-05-25 03:10:14,016 - INFO - [424/2069] Asymmetric unit already cached: 3EB5.cif
2026-05-25 03:10:14,016 - INFO - [424/2069] Biological assembly already cached: 3EB5-assembly1.cif
2026-05-25 03:10:14,217 - INFO - [425/2069] Asymmetric unit already cached: 3EB6.cif
2026-05-25 03:10:14,217 - INFO - [425/2069] Biological assembly already cached: 3EB6-assembly1.cif
2026-05-25 03:10:14,417 - INFO - [426/2069] Asymmetric unit already cached: 3EGA.cif
2026-05-25 03:10:14,417 - INFO - [426/2069] Biological assembly already cached: 3EGA-assembly1.cif
2026-05-25 03:10:14,617 - INFO - [427/2069] Asymmetric unit already cached: 3EGB.cif
2026-05-25 03:10:14,618 - INFO - [427/2069] Biological assembly already cached: 3EGB-assembly1.cif
2026-05-25 03:10:14,820 - INFO - [428/2069] Asymmetric unit already cached: 3EQS.cif
2026-05-25 03:10:14,820 - INFO - [428/2069] Biological assembly already cached: 3EQS-assembly1.cif
2026-05-25 03:10:15,020 - INFO - [429/2069] Asymmetric unit already cached: 3EQY.cif
2026-05-25 03:10:15,021 - INFO - [429/2069] Biological assembly already cached: 3EQY-assembly1.cif
2026-05-25 03:10:15,221 - INFO - [430/2069] Asymmetric unit already cached: 3EYL.cif
2026-05-25 03:10:15,221 - INFO - [430/2069] Biological assembly already cached: 3EYL-assembly1.cif
2026-05-25 03:10:15,421 - INFO - [431/2069] Asymmetric unit already cached: 3F7G.cif
2026-05-25 03:10:15,421 - INFO - [431/2069] Biological assembly already cached: 3F7G-assembly1.cif
2026-05-25 03:10:15,622 - INFO - [432/2069] Asymmetric unit already cached: 3F7H.cif
2026-05-25 03:10:15,622 - INFO - [432/2069] Biological assembly already cached: 3F7H-assembly1.cif
2026-05-25 03:10:15,822 - INFO - [433/2069] Asymmetric unit already cached: 3F7I.cif
2026-05-25 03:10:15,822 - INFO - [433/2069] Biological assembly already cached: 3F7I-assembly1.cif
2026-05-25 03:10:16,023 - INFO - [434/2069] Asymmetric unit already cached: 3F92.cif
2026-05-25 03:10:16,023 - INFO - [434/2069] Biological assembly already cached: 3F92-assembly1.cif
2026-05-25 03:10:16,223 - INFO - [435/2069] Asymmetric unit already cached: 3FA2.cif
2026-05-25 03:10:16,223 - INFO - [435/2069] Biological assembly already cached: 3FA2-assembly1.cif
2026-05-25 03:10:16,424 - INFO - [436/2069] Asymmetric unit already cached: 3FDO.cif
2026-05-25 03:10:16,424 - INFO - [436/2069] Biological assembly already cached: 3FDO-assembly1.cif
2026-05-25 03:10:16,624 - INFO - [437/2069] Asymmetric unit already cached: 3FE7.cif
2026-05-25 03:10:16,624 - INFO - [437/2069] Biological assembly already cached: 3FE7-assembly1.cif
2026-05-25 03:10:16,824 - INFO - [438/2069] Asymmetric unit already cached: 3FEA.cif
2026-05-25 03:10:16,825 - INFO - [438/2069] Biological assembly already cached: 3FEA-assembly1.cif
2026-05-25 03:10:17,025 - INFO - [439/2069] Asymmetric unit already cached: 3FL2.cif
2026-05-25 03:10:17,025 - INFO - [439/2069] Biological assembly already cached: 3FL2-assembly1.cif
2026-05-25 03:10:17,225 - INFO - [440/2069] Asymmetric unit already cached: 3FN1.cif
2026-05-25 03:10:17,225 - INFO - [440/2069] Biological assembly already cached: 3FN1-assembly1.cif
2026-05-25 03:10:17,426 - INFO - [441/2069] Asymmetric unit already cached: 3FSH.cif
2026-05-25 03:10:17,426 - INFO - [441/2069] Biological assembly already cached: 3FSH-assembly1.cif
2026-05-25 03:10:17,627 - INFO - [442/2069] Asymmetric unit already cached: 3G03.cif
2026-05-25 03:10:17,627 - INFO - [442/2069] Biological assembly already cached: 3G03-assembly1.cif
2026-05-25 03:10:17,827 - INFO - [443/2069] Asymmetric unit already cached: 3G1N.cif
2026-05-25 03:10:17,827 - INFO - [443/2069] Biological assembly already cached: 3G1N-assembly1.cif
2026-05-25 03:10:18,028 - INFO - [444/2069] Asymmetric unit already cached: 3G76.cif
2026-05-25 03:10:18,028 - INFO - [444/2069] Biological assembly already cached: 3G76-assembly1.cif
2026-05-25 03:10:18,228 - INFO - [445/2069] Asymmetric unit already cached: 3GS2.cif
2026-05-25 03:10:18,228 - INFO - [445/2069] Biological assembly already cached: 3GS2-assembly1.cif
2026-05-25 03:10:18,429 - INFO - [446/2069] Asymmetric unit already cached: 3GT9.cif
2026-05-25 03:10:18,429 - INFO - [446/2069] Biological assembly already cached: 3GT9-assembly1.cif
2026-05-25 03:10:18,629 - INFO - [447/2069] Asymmetric unit already cached: 3GTA.cif
2026-05-25 03:10:18,629 - INFO - [447/2069] Biological assembly already cached: 3GTA-assembly1.cif
2026-05-25 03:10:18,829 - INFO - [448/2069] Asymmetric unit already cached: 3GV4.cif
2026-05-25 03:10:18,830 - INFO - [448/2069] Biological assembly already cached: 3GV4-assembly1.cif
2026-05-25 03:10:19,030 - INFO - [449/2069] Asymmetric unit already cached: 3H1D.cif
2026-05-25 03:10:19,030 - INFO - [449/2069] Biological assembly already cached: 3H1D-assembly1.cif
2026-05-25 03:10:19,230 - INFO - [450/2069] Asymmetric unit already cached: 3H8H.cif
2026-05-25 03:10:19,230 - INFO - [450/2069] Biological assembly already cached: 3H8H-assembly1.cif
2026-05-25 03:10:19,431 - INFO - [451/2069] Asymmetric unit already cached: 3H8K.cif
2026-05-25 03:10:19,431 - INFO - [451/2069] Biological assembly already cached: 3H8K-assembly1.cif
2026-05-25 03:10:19,631 - INFO - [452/2069] Asymmetric unit already cached: 3HCS.cif
2026-05-25 03:10:19,631 - INFO - [452/2069] Biological assembly already cached: 3HCS-assembly1.cif
2026-05-25 03:10:19,832 - INFO - [453/2069] Asymmetric unit already cached: 3HCT.cif
2026-05-25 03:10:19,832 - INFO - [453/2069] Biological assembly already cached: 3HCT-assembly1.cif
2026-05-25 03:10:20,032 - INFO - [454/2069] Asymmetric unit already cached: 3HCU.cif
2026-05-25 03:10:20,032 - INFO - [454/2069] Biological assembly already cached: 3HCU-assembly1.cif
2026-05-25 03:10:20,233 - INFO - [455/2069] Asymmetric unit already cached: 3HL5.cif
2026-05-25 03:10:20,233 - INFO - [455/2069] Biological assembly already cached: 3HL5-assembly1.cif
2026-05-25 03:10:20,433 - INFO - [456/2069] Asymmetric unit already cached: 3I3J.cif
2026-05-25 03:10:20,433 - INFO - [456/2069] Biological assembly already cached: 3I3J-assembly1.cif
2026-05-25 03:10:20,634 - INFO - [457/2069] Asymmetric unit already cached: 3ICU.cif
2026-05-25 03:10:20,634 - INFO - [457/2069] Biological assembly already cached: 3ICU-assembly1.cif
2026-05-25 03:10:20,834 - INFO - [458/2069] Asymmetric unit already cached: 3IO2.cif
2026-05-25 03:10:20,834 - INFO - [458/2069] Biological assembly already cached: 3IO2-assembly1.cif
2026-05-25 03:10:21,034 - INFO - [459/2069] Asymmetric unit already cached: 3IUX.cif
2026-05-25 03:10:21,035 - INFO - [459/2069] Biological assembly already cached: 3IUX-assembly1.cif
2026-05-25 03:10:21,235 - INFO - [460/2069] Asymmetric unit already cached: 3IWY.cif
2026-05-25 03:10:21,235 - INFO - [460/2069] Biological assembly already cached: 3IWY-assembly1.cif
2026-05-25 03:10:21,435 - INFO - [461/2069] Asymmetric unit already cached: 3IXS.cif
2026-05-25 03:10:21,435 - INFO - [461/2069] Biological assembly already cached: 3IXS-assembly1.cif
2026-05-25 03:10:21,636 - INFO - [462/2069] Asymmetric unit already cached: 3J92.cif
2026-05-25 03:10:21,636 - INFO - [462/2069] Biological assembly already cached: 3J92-assembly1.cif
2026-05-25 03:10:21,836 - INFO - [463/2069] Asymmetric unit already cached: 3JVZ.cif
2026-05-25 03:10:21,836 - INFO - [463/2069] Biological assembly already cached: 3JVZ-assembly1.cif
2026-05-25 03:10:22,036 - INFO - [464/2069] Asymmetric unit already cached: 3JW0.cif
2026-05-25 03:10:22,037 - INFO - [464/2069] Biological assembly already cached: 3JW0-assembly1.cif
2026-05-25 03:10:22,237 - INFO - [465/2069] Asymmetric unit already cached: 3JZK.cif
2026-05-25 03:10:22,237 - INFO - [465/2069] Biological assembly already cached: 3JZK-assembly1.cif
2026-05-25 03:10:22,437 - INFO - [466/2069] Asymmetric unit already cached: 3JZO.cif
2026-05-25 03:10:22,438 - INFO - [466/2069] Biological assembly already cached: 3JZO-assembly1.cif
2026-05-25 03:10:22,638 - INFO - [467/2069] Asymmetric unit already cached: 3JZP.cif
2026-05-25 03:10:22,638 - INFO - [467/2069] Biological assembly already cached: 3JZP-assembly1.cif
2026-05-25 03:10:22,839 - INFO - [468/2069] Asymmetric unit already cached: 3JZQ.cif
2026-05-25 03:10:22,839 - INFO - [468/2069] Biological assembly already cached: 3JZQ-assembly1.cif
2026-05-25 03:10:23,039 - INFO - [469/2069] Asymmetric unit already cached: 3JZR.cif
2026-05-25 03:10:23,039 - INFO - [469/2069] Biological assembly already cached: 3JZR-assembly1.cif
2026-05-25 03:10:23,239 - INFO - [470/2069] Asymmetric unit already cached: 3JZS.cif
2026-05-25 03:10:23,240 - INFO - [470/2069] Biological assembly already cached: 3JZS-assembly1.cif
2026-05-25 03:10:23,440 - INFO - [471/2069] Asymmetric unit already cached: 3K0H.cif
2026-05-25 03:10:23,440 - INFO - [471/2069] Biological assembly already cached: 3K0H-assembly1.cif
2026-05-25 03:10:23,640 - INFO - [472/2069] Asymmetric unit already cached: 3K0K.cif
2026-05-25 03:10:23,641 - INFO - [472/2069] Biological assembly already cached: 3K0K-assembly1.cif
2026-05-25 03:10:23,841 - INFO - [473/2069] Asymmetric unit already cached: 3K15.cif
2026-05-25 03:10:23,841 - INFO - [473/2069] Biological assembly already cached: 3K15-assembly1.cif
2026-05-25 03:10:24,041 - INFO - [474/2069] Asymmetric unit already cached: 3K16.cif
2026-05-25 03:10:24,042 - INFO - [474/2069] Biological assembly already cached: 3K16-assembly1.cif
2026-05-25 03:10:24,242 - INFO - [475/2069] Asymmetric unit already cached: 3K9O.cif
2026-05-25 03:10:24,242 - INFO - [475/2069] Biological assembly already cached: 3K9O-assembly1.cif
2026-05-25 03:10:24,442 - INFO - [476/2069] Asymmetric unit already cached: 3K9P.cif
2026-05-25 03:10:24,442 - INFO - [476/2069] Biological assembly already cached: 3K9P-assembly1.cif
2026-05-25 03:10:24,643 - INFO - [477/2069] Asymmetric unit already cached: 3KB5.cif
2026-05-25 03:10:24,643 - INFO - [477/2069] Biological assembly already cached: 3KB5-assembly1.cif
2026-05-25 03:10:24,843 - INFO - [478/2069] Asymmetric unit already cached: 3KCI.cif
2026-05-25 03:10:24,843 - INFO - [478/2069] Biological assembly already cached: 3KCI-assembly1.cif
2026-05-25 03:10:25,044 - INFO - [479/2069] Asymmetric unit already cached: 3KNV.cif
2026-05-25 03:10:25,044 - INFO - [479/2069] Biological assembly already cached: 3KNV-assembly1.cif
2026-05-25 03:10:25,244 - INFO - [480/2069] Asymmetric unit already cached: 3L11.cif
2026-05-25 03:10:25,244 - INFO - [480/2069] Biological assembly already cached: 3L11-assembly1.cif
2026-05-25 03:10:25,444 - INFO - [481/2069] Asymmetric unit already cached: 3L1X.cif
2026-05-25 03:10:25,444 - INFO - [481/2069] Biological assembly already cached: 3L1X-assembly1.cif
2026-05-25 03:10:25,645 - INFO - [482/2069] Asymmetric unit already cached: 3L1Y.cif
2026-05-25 03:10:25,645 - INFO - [482/2069] Biological assembly already cached: 3L1Y-assembly1.cif
2026-05-25 03:10:25,845 - INFO - [483/2069] Asymmetric unit already cached: 3L1Z.cif
2026-05-25 03:10:25,845 - INFO - [483/2069] Biological assembly already cached: 3L1Z-assembly1.cif
2026-05-25 03:10:26,046 - INFO - [484/2069] Asymmetric unit already cached: 3L4H.cif
2026-05-25 03:10:26,046 - INFO - [484/2069] Biological assembly already cached: 3L4H-assembly1.cif
2026-05-25 03:10:26,246 - INFO - [485/2069] Asymmetric unit already cached: 3LBJ.cif
2026-05-25 03:10:26,246 - INFO - [485/2069] Biological assembly already cached: 3LBJ-assembly1.cif
2026-05-25 03:10:26,446 - INFO - [486/2069] Asymmetric unit already cached: 3LBK.cif
2026-05-25 03:10:26,446 - INFO - [486/2069] Biological assembly already cached: 3LBK-assembly1.cif
2026-05-25 03:10:26,647 - INFO - [487/2069] Asymmetric unit already cached: 3LBL.cif
2026-05-25 03:10:26,647 - INFO - [487/2069] Biological assembly already cached: 3LBL-assembly1.cif
2026-05-25 03:10:26,847 - INFO - [488/2069] Asymmetric unit already cached: 3LNJ.cif
2026-05-25 03:10:26,847 - INFO - [488/2069] Biological assembly already cached: 3LNJ-assembly1.cif
2026-05-25 03:10:27,048 - INFO - [489/2069] Asymmetric unit already cached: 3LNZ.cif
2026-05-25 03:10:27,048 - INFO - [489/2069] Biological assembly already cached: 3LNZ-assembly1.cif
2026-05-25 03:10:27,248 - INFO - [490/2069] Asymmetric unit already cached: 3LRQ.cif
2026-05-25 03:10:27,248 - INFO - [490/2069] Biological assembly already cached: 3LRQ-assembly1.cif
2026-05-25 03:10:27,448 - INFO - [491/2069] Asymmetric unit already cached: 3M06.cif
2026-05-25 03:10:27,449 - INFO - [491/2069] Biological assembly already cached: 3M06-assembly1.cif
2026-05-25 03:10:27,649 - INFO - [492/2069] Asymmetric unit already cached: 3M0A.cif
2026-05-25 03:10:27,649 - INFO - [492/2069] Biological assembly already cached: 3M0A-assembly1.cif
2026-05-25 03:10:27,850 - INFO - [493/2069] Asymmetric unit already cached: 3M0D.cif
2026-05-25 03:10:27,850 - INFO - [493/2069] Biological assembly already cached: 3M0D-assembly1.cif
2026-05-25 03:10:28,050 - INFO - [494/2069] Asymmetric unit already cached: 3M1D.cif
2026-05-25 03:10:28,051 - INFO - [494/2069] Biological assembly already cached: 3M1D-assembly1.cif
2026-05-25 03:10:28,251 - INFO - [495/2069] Asymmetric unit already cached: 3MQR.cif
2026-05-25 03:10:28,251 - INFO - [495/2069] Biological assembly already cached: 3MQR-assembly1.cif
2026-05-25 03:10:28,451 - INFO - [496/2069] Asymmetric unit already cached: 3MQS.cif
2026-05-25 03:10:28,451 - INFO - [496/2069] Biological assembly already cached: 3MQS-assembly1.cif
2026-05-25 03:10:28,652 - INFO - [497/2069] Asymmetric unit already cached: 3MUP.cif
2026-05-25 03:10:28,652 - INFO - [497/2069] Biological assembly already cached: 3MUP-assembly1.cif
2026-05-25 03:10:28,852 - INFO - [498/2069] Asymmetric unit already cached: 3NY1.cif
2026-05-25 03:10:28,852 - INFO - [498/2069] Biological assembly already cached: 3NY1-assembly1.cif
2026-05-25 03:10:29,053 - INFO - [499/2069] Asymmetric unit already cached: 3NY2.cif
2026-05-25 03:10:29,053 - INFO - [499/2069] Biological assembly already cached: 3NY2-assembly1.cif
2026-05-25 03:10:29,253 - INFO - [500/2069] Asymmetric unit already cached: 3NY3.cif
2026-05-25 03:10:29,253 - INFO - [500/2069] Biological assembly already cached: 3NY3-assembly1.cif
2026-05-25 03:10:29,453 - INFO - [501/2069] Asymmetric unit already cached: 3O33.cif
2026-05-25 03:10:29,454 - INFO - [501/2069] Biological assembly already cached: 3O33-assembly1.cif
2026-05-25 03:10:29,654 - INFO - [502/2069] Asymmetric unit already cached: 3O34.cif
2026-05-25 03:10:29,654 - INFO - [502/2069] Biological assembly already cached: 3O34-assembly1.cif
2026-05-25 03:10:29,854 - INFO - [503/2069] Asymmetric unit already cached: 3O35.cif
2026-05-25 03:10:29,855 - INFO - [503/2069] Biological assembly already cached: 3O35-assembly1.cif
2026-05-25 03:10:30,055 - INFO - [504/2069] Asymmetric unit already cached: 3O36.cif
2026-05-25 03:10:30,055 - INFO - [504/2069] Biological assembly already cached: 3O36-assembly1.cif
2026-05-25 03:10:30,255 - INFO - [505/2069] Asymmetric unit already cached: 3O37.cif
2026-05-25 03:10:30,255 - INFO - [505/2069] Biological assembly already cached: 3O37-assembly1.cif
2026-05-25 03:10:30,456 - INFO - [506/2069] Asymmetric unit already cached: 3OB1.cif
2026-05-25 03:10:30,456 - INFO - [506/2069] Biological assembly already cached: 3OB1-assembly1.cif
2026-05-25 03:10:30,656 - INFO - [507/2069] Asymmetric unit already cached: 3OB2.cif
2026-05-25 03:10:30,656 - INFO - [507/2069] Biological assembly already cached: 3OB2-assembly1.cif
2026-05-25 03:10:30,856 - INFO - [508/2069] Asymmetric unit already cached: 3OJ4.cif
2026-05-25 03:10:30,857 - INFO - [508/2069] Biological assembly already cached: 3OJ4-assembly1.cif
2026-05-25 03:10:31,057 - INFO - [509/2069] Asymmetric unit already cached: 3OLN.cif
2026-05-25 03:10:31,057 - INFO - [509/2069] Biological assembly already cached: 3OLN-assembly1.cif
2026-05-25 03:10:31,257 - INFO - [510/2069] Asymmetric unit already cached: 3OP0.cif
2026-05-25 03:10:31,257 - INFO - [510/2069] Biological assembly already cached: 3OP0-assembly1.cif
2026-05-25 03:10:31,458 - INFO - [511/2069] Asymmetric unit already cached: 3OZ1.cif
2026-05-25 03:10:31,458 - INFO - [511/2069] Biological assembly already cached: 3OZ1-assembly1.cif
2026-05-25 03:10:31,658 - INFO - [512/2069] Asymmetric unit already cached: 3P1C.cif
2026-05-25 03:10:31,658 - INFO - [512/2069] Biological assembly already cached: 3P1C-assembly1.cif
2026-05-25 03:10:31,858 - INFO - [513/2069] Asymmetric unit already cached: 3P1D.cif
2026-05-25 03:10:31,859 - INFO - [513/2069] Biological assembly already cached: 3P1D-assembly1.cif
2026-05-25 03:10:32,059 - INFO - [514/2069] Asymmetric unit already cached: 3P1E.cif
2026-05-25 03:10:32,059 - INFO - [514/2069] Biological assembly already cached: 3P1E-assembly1.cif
2026-05-25 03:10:32,259 - INFO - [515/2069] Asymmetric unit already cached: 3P1F.cif
2026-05-25 03:10:32,259 - INFO - [515/2069] Biological assembly already cached: 3P1F-assembly1.cif
2026-05-25 03:10:32,460 - INFO - [516/2069] Asymmetric unit already cached: 3P57.cif
2026-05-25 03:10:32,461 - INFO - [516/2069] Biological assembly already cached: 3P57-assembly1.cif
2026-05-25 03:10:32,661 - INFO - [517/2069] Asymmetric unit already cached: 3PFV.cif
2026-05-25 03:10:32,661 - INFO - [517/2069] Biological assembly already cached: 3PFV-assembly1.cif
2026-05-25 03:10:32,861 - INFO - [518/2069] Asymmetric unit already cached: 3PG6.cif
2026-05-25 03:10:32,862 - INFO - [518/2069] Biological assembly already cached: 3PG6-assembly1.cif
2026-05-25 03:10:33,062 - INFO - [519/2069] Asymmetric unit already cached: 3PHD.cif
2026-05-25 03:10:33,062 - INFO - [519/2069] Biological assembly already cached: 3PHD-assembly1.cif
2026-05-25 03:10:33,262 - INFO - [520/2069] Asymmetric unit already cached: 3PLF.cif
2026-05-25 03:10:33,262 - INFO - [520/2069] Biological assembly already cached: 3PLF-assembly1.cif
2026-05-25 03:10:33,463 - INFO - [521/2069] Asymmetric unit already cached: 3PT3.cif
2026-05-25 03:10:33,463 - INFO - [521/2069] Biological assembly already cached: 3PT3-assembly1.cif
2026-05-25 03:10:33,663 - INFO - [522/2069] Asymmetric unit already cached: 3PTF.cif
2026-05-25 03:10:33,663 - INFO - [522/2069] Biological assembly already cached: 3PTF-assembly1.cif
2026-05-25 03:10:33,864 - INFO - [523/2069] Asymmetric unit already cached: 3PXA.cif
2026-05-25 03:10:33,864 - INFO - [523/2069] Biological assembly already cached: 3PXA-assembly1.cif
2026-05-25 03:10:34,064 - INFO - [524/2069] Asymmetric unit already cached: 3PXB.cif
2026-05-25 03:10:34,064 - INFO - [524/2069] Biological assembly already cached: 3PXB-assembly1.cif
2026-05-25 03:10:34,264 - INFO - [525/2069] Asymmetric unit already cached: 3PXC.cif
2026-05-25 03:10:34,265 - INFO - [525/2069] Biological assembly already cached: 3PXC-assembly1.cif
2026-05-25 03:10:34,465 - INFO - [526/2069] Asymmetric unit already cached: 3PXD.cif
2026-05-25 03:10:34,465 - INFO - [526/2069] Biological assembly already cached: 3PXD-assembly1.cif
2026-05-25 03:10:34,665 - INFO - [527/2069] Asymmetric unit already cached: 3PXE.cif
2026-05-25 03:10:34,665 - INFO - [527/2069] Biological assembly already cached: 3PXE-assembly1.cif
2026-05-25 03:10:34,866 - INFO - [528/2069] Asymmetric unit already cached: 3PYC.cif
2026-05-25 03:10:34,866 - INFO - [528/2069] Biological assembly already cached: 3PYC-assembly1.cif
2026-05-25 03:10:35,066 - INFO - [529/2069] Asymmetric unit already cached: 3Q1D.cif
2026-05-25 03:10:35,066 - INFO - [529/2069] Biological assembly already cached: 3Q1D-assembly1.cif
2026-05-25 03:10:35,266 - INFO - [530/2069] Asymmetric unit already cached: 3RPG.cif
2026-05-25 03:10:35,267 - INFO - [530/2069] Biological assembly already cached: 3RPG-assembly1.cif
2026-05-25 03:10:35,467 - INFO - [531/2069] Asymmetric unit already cached: 3RTR.cif
2026-05-25 03:10:35,467 - INFO - [531/2069] Biological assembly already cached: 3RTR-assembly1.cif
2026-05-25 03:10:35,667 - INFO - [532/2069] Asymmetric unit already cached: 3RZ3.cif
2026-05-25 03:10:35,668 - INFO - [532/2069] Biological assembly already cached: 3RZ3-assembly1.cif
2026-05-25 03:10:35,868 - INFO - [533/2069] Asymmetric unit already cached: 3SHB.cif
2026-05-25 03:10:35,868 - INFO - [533/2069] Biological assembly already cached: 3SHB-assembly1.cif
2026-05-25 03:10:36,068 - INFO - [534/2069] Asymmetric unit already cached: 3SOU.cif
2026-05-25 03:10:36,068 - INFO - [534/2069] Biological assembly already cached: 3SOU-assembly1.cif
2026-05-25 03:10:36,269 - INFO - [535/2069] Asymmetric unit already cached: 3SOW.cif
2026-05-25 03:10:36,269 - INFO - [535/2069] Biological assembly already cached: 3SOW-assembly1.cif
2026-05-25 03:10:36,469 - INFO - [536/2069] Asymmetric unit already cached: 3SOX.cif
2026-05-25 03:10:36,469 - INFO - [536/2069] Biological assembly already cached: 3SOX-assembly1.cif
2026-05-25 03:10:36,669 - INFO - [537/2069] Asymmetric unit already cached: 3SQV.cif
2026-05-25 03:10:36,670 - INFO - [537/2069] Biological assembly already cached: 3SQV-assembly1.cif
2026-05-25 03:10:36,870 - INFO - [538/2069] Asymmetric unit already cached: 3SVH.cif
2026-05-25 03:10:36,870 - INFO - [538/2069] Biological assembly already cached: 3SVH-assembly1.cif
2026-05-25 03:10:37,070 - INFO - [539/2069] Asymmetric unit already cached: 3SY2.cif
2026-05-25 03:10:37,070 - INFO - [539/2069] Biological assembly already cached: 3SY2-assembly1.cif
2026-05-25 03:10:37,271 - INFO - [540/2069] Asymmetric unit already cached: 3T6P.cif
2026-05-25 03:10:37,271 - INFO - [540/2069] Biological assembly already cached: 3T6P-assembly1.cif
2026-05-25 03:10:37,471 - INFO - [541/2069] Asymmetric unit already cached: 3T6R.cif
2026-05-25 03:10:37,472 - INFO - [541/2069] Biological assembly already cached: 3T6R-assembly1.cif
2026-05-25 03:10:37,672 - INFO - [542/2069] Asymmetric unit already cached: 3T92.cif
2026-05-25 03:10:37,672 - INFO - [542/2069] Biological assembly already cached: 3T92-assembly1.cif
2026-05-25 03:10:37,873 - INFO - [543/2069] Asymmetric unit already cached: 3TDU.cif
2026-05-25 03:10:37,873 - INFO - [543/2069] Biological assembly already cached: 3TDU-assembly1.cif
2026-05-25 03:10:38,073 - INFO - [544/2069] Asymmetric unit already cached: 3TDZ.cif
2026-05-25 03:10:38,073 - INFO - [544/2069] Biological assembly already cached: 3TDZ-assembly1.cif
2026-05-25 03:10:38,273 - INFO - [545/2069] Asymmetric unit already cached: 3TGD.cif
2026-05-25 03:10:38,274 - INFO - [545/2069] Biological assembly already cached: 3TGD-assembly1.cif
2026-05-25 03:10:38,474 - INFO - [546/2069] Asymmetric unit already cached: 3TIW.cif
2026-05-25 03:10:38,474 - INFO - [546/2069] Biological assembly already cached: 3TIW-assembly1.cif
2026-05-25 03:10:38,674 - INFO - [547/2069] Asymmetric unit already cached: 3TJ2.cif
2026-05-25 03:10:38,674 - INFO - [547/2069] Biological assembly already cached: 3TJ2-assembly1.cif
2026-05-25 03:10:38,875 - INFO - [548/2069] Asymmetric unit already cached: 3TPX.cif
2026-05-25 03:10:38,875 - INFO - [548/2069] Biological assembly already cached: 3TPX-assembly1.cif
2026-05-25 03:10:39,075 - INFO - [549/2069] Asymmetric unit already cached: 3TU1.cif
2026-05-25 03:10:39,075 - INFO - [549/2069] Biological assembly already cached: 3TU1-assembly1.cif
2026-05-25 03:10:39,275 - INFO - [550/2069] Asymmetric unit already cached: 3TUG.cif
2026-05-25 03:10:39,276 - INFO - [550/2069] Biological assembly already cached: 3TUG-assembly1.cif
2026-05-25 03:10:39,476 - INFO - [551/2069] Asymmetric unit already cached: 3U15.cif
2026-05-25 03:10:39,476 - INFO - [551/2069] Biological assembly already cached: 3U15-assembly1.cif
2026-05-25 03:10:39,676 - INFO - [552/2069] Asymmetric unit already cached: 3U5M.cif
2026-05-25 03:10:39,677 - INFO - [552/2069] Biological assembly already cached: 3U5M-assembly1.cif
2026-05-25 03:10:39,877 - INFO - [553/2069] Asymmetric unit already cached: 3U5N.cif
2026-05-25 03:10:39,877 - INFO - [553/2069] Biological assembly already cached: 3U5N-assembly1.cif
2026-05-25 03:10:40,077 - INFO - [554/2069] Asymmetric unit already cached: 3U5O.cif
2026-05-25 03:10:40,077 - INFO - [554/2069] Biological assembly already cached: 3U5O-assembly1.cif
2026-05-25 03:10:40,278 - INFO - [555/2069] Asymmetric unit already cached: 3U5P.cif
2026-05-25 03:10:40,278 - INFO - [555/2069] Biological assembly already cached: 3U5P-assembly1.cif
2026-05-25 03:10:40,478 - INFO - [556/2069] Asymmetric unit already cached: 3UGB.cif
2026-05-25 03:10:40,478 - INFO - [556/2069] Biological assembly already cached: 3UGB-assembly1.cif
2026-05-25 03:10:40,678 - INFO - [557/2069] Asymmetric unit already cached: 3UIN.cif
2026-05-25 03:10:40,679 - INFO - [557/2069] Biological assembly already cached: 3UIN-assembly1.cif
2026-05-25 03:10:40,879 - INFO - [558/2069] Asymmetric unit already cached: 3UIO.cif
2026-05-25 03:10:40,879 - INFO - [558/2069] Biological assembly already cached: 3UIO-assembly1.cif
2026-05-25 03:10:41,079 - INFO - [559/2069] Asymmetric unit already cached: 3UIP.cif
2026-05-25 03:10:41,079 - INFO - [559/2069] Biological assembly already cached: 3UIP-assembly1.cif
2026-05-25 03:10:41,280 - INFO - [560/2069] Asymmetric unit already cached: 3UVK.cif
2026-05-25 03:10:41,280 - INFO - [560/2069] Biological assembly already cached: 3UVK-assembly1.cif
2026-05-25 03:10:41,480 - INFO - [561/2069] Asymmetric unit already cached: 3UVL.cif
2026-05-25 03:10:41,480 - INFO - [561/2069] Biological assembly already cached: 3UVL-assembly1.cif
2026-05-25 03:10:41,681 - INFO - [562/2069] Asymmetric unit already cached: 3UW4.cif
2026-05-25 03:10:41,681 - INFO - [562/2069] Biological assembly already cached: 3UW4-assembly1.cif
2026-05-25 03:10:41,881 - INFO - [563/2069] Asymmetric unit already cached: 3UW5.cif
2026-05-25 03:10:41,881 - INFO - [563/2069] Biological assembly already cached: 3UW5-assembly1.cif
2026-05-25 03:10:42,081 - INFO - [564/2069] Asymmetric unit already cached: 3V3B.cif
2026-05-25 03:10:42,082 - INFO - [564/2069] Biological assembly already cached: 3V3B-assembly1.cif
2026-05-25 03:10:42,282 - INFO - [565/2069] Asymmetric unit already cached: 3V3L.cif
2026-05-25 03:10:42,282 - INFO - [565/2069] Biological assembly already cached: 3V3L-assembly1.cif
2026-05-25 03:10:42,482 - INFO - [566/2069] Asymmetric unit already cached: 3VBG.cif
2026-05-25 03:10:42,483 - INFO - [566/2069] Biological assembly already cached: 3VBG-assembly1.cif
2026-05-25 03:10:42,683 - INFO - [567/2069] Asymmetric unit already cached: 3VGO.cif
2026-05-25 03:10:42,683 - INFO - [567/2069] Biological assembly already cached: 3VGO-assembly1.cif
2026-05-25 03:10:42,884 - INFO - [568/2069] Asymmetric unit already cached: 3VON.cif
2026-05-25 03:10:42,884 - INFO - [568/2069] Biological assembly already cached: 3VON-assembly1.cif
2026-05-25 03:10:43,084 - INFO - [569/2069] Asymmetric unit already cached: 3VRN.cif
2026-05-25 03:10:43,084 - INFO - [569/2069] Biological assembly already cached: 3VRN-assembly1.cif
2026-05-25 03:10:43,284 - INFO - [570/2069] Asymmetric unit already cached: 3VRO.cif
2026-05-25 03:10:43,285 - INFO - [570/2069] Biological assembly already cached: 3VRO-assembly1.cif
2026-05-25 03:10:43,485 - INFO - [571/2069] Asymmetric unit already cached: 3VRP.cif
2026-05-25 03:10:43,485 - INFO - [571/2069] Biological assembly already cached: 3VRP-assembly1.cif
2026-05-25 03:10:43,685 - INFO - [572/2069] Asymmetric unit already cached: 3VRQ.cif
2026-05-25 03:10:43,685 - INFO - [572/2069] Biological assembly already cached: 3VRQ-assembly1.cif
2026-05-25 03:10:43,886 - INFO - [573/2069] Asymmetric unit already cached: 3VRR.cif
2026-05-25 03:10:43,886 - INFO - [573/2069] Biological assembly already cached: 3VRR-assembly1.cif
2026-05-25 03:10:44,086 - INFO - [574/2069] Asymmetric unit already cached: 3VZV.cif
2026-05-25 03:10:44,086 - INFO - [574/2069] Biological assembly already cached: 3VZV-assembly1.cif
2026-05-25 03:10:44,286 - INFO - [575/2069] Asymmetric unit already cached: 3W31.cif
2026-05-25 03:10:44,286 - INFO - [575/2069] Biological assembly already cached: 3W31-assembly1.cif
2026-05-25 03:10:44,487 - INFO - [576/2069] Asymmetric unit already cached: 3W69.cif
2026-05-25 03:10:44,487 - INFO - [576/2069] Biological assembly already cached: 3W69-assembly1.cif
2026-05-25 03:10:44,687 - INFO - [577/2069] Asymmetric unit already cached: 3X1O.cif
2026-05-25 03:10:44,687 - INFO - [577/2069] Biological assembly already cached: 3X1O-assembly1.cif
2026-05-25 03:10:44,888 - INFO - [578/2069] Asymmetric unit already cached: 3ZJB.cif
2026-05-25 03:10:44,888 - INFO - [578/2069] Biological assembly already cached: 3ZJB-assembly1.cif
2026-05-25 03:10:45,088 - INFO - [579/2069] Asymmetric unit already cached: 3ZNI.cif
2026-05-25 03:10:45,088 - INFO - [579/2069] Biological assembly already cached: 3ZNI-assembly1.cif
2026-05-25 03:10:45,288 - INFO - [580/2069] Asymmetric unit already cached: 3ZQS.cif
2026-05-25 03:10:45,289 - INFO - [580/2069] Biological assembly already cached: 3ZQS-assembly1.cif
2026-05-25 03:10:45,489 - INFO - [581/2069] Asymmetric unit already cached: 3ZTG.cif
2026-05-25 03:10:45,489 - INFO - [581/2069] Biological assembly already cached: 3ZTG-assembly1.cif
2026-05-25 03:10:45,689 - INFO - [582/2069] Asymmetric unit already cached: 3ZVY.cif
2026-05-25 03:10:45,689 - INFO - [582/2069] Biological assembly already cached: 3ZVY-assembly1.cif
2026-05-25 03:10:45,890 - INFO - [583/2069] Asymmetric unit already cached: 3ZVZ.cif
2026-05-25 03:10:45,890 - INFO - [583/2069] Biological assembly already cached: 3ZVZ-assembly1.cif
2026-05-25 03:10:46,090 - INFO - [584/2069] Asymmetric unit already cached: 4A49.cif
2026-05-25 03:10:46,090 - INFO - [584/2069] Biological assembly already cached: 4A49-assembly1.cif
2026-05-25 03:10:46,290 - INFO - [585/2069] Asymmetric unit already cached: 4A4B.cif
2026-05-25 03:10:46,291 - INFO - [585/2069] Biological assembly already cached: 4A4B-assembly1.cif
2026-05-25 03:10:46,491 - INFO - [586/2069] Asymmetric unit already cached: 4A4C.cif
2026-05-25 03:10:46,491 - INFO - [586/2069] Biological assembly already cached: 4A4C-assembly1.cif
2026-05-25 03:10:46,691 - INFO - [587/2069] Asymmetric unit already cached: 4A9K.cif
2026-05-25 03:10:46,691 - INFO - [587/2069] Biological assembly already cached: 4A9K-assembly1.cif
2026-05-25 03:10:46,892 - INFO - [588/2069] Asymmetric unit already cached: 4AP4.cif
2026-05-25 03:10:46,892 - INFO - [588/2069] Biological assembly already cached: 4AP4-assembly1.cif
2026-05-25 03:10:47,092 - INFO - [589/2069] Asymmetric unit already cached: 4AUQ.cif
2026-05-25 03:10:47,092 - INFO - [589/2069] Biological assembly already cached: 4AUQ-assembly1.cif
2026-05-25 03:10:47,293 - INFO - [590/2069] Asymmetric unit already cached: 4AYC.cif
2026-05-25 03:10:47,293 - INFO - [590/2069] Biological assembly already cached: 4AYC-assembly1.cif
2026-05-25 03:10:47,493 - INFO - [591/2069] Asymmetric unit already cached: 4B7Y.cif
2026-05-25 03:10:47,493 - INFO - [591/2069] Biological assembly already cached: 4B7Y-assembly1.cif
2026-05-25 03:10:47,694 - INFO - [592/2069] Asymmetric unit already cached: 4B86.cif
2026-05-25 03:10:47,694 - INFO - [592/2069] Biological assembly already cached: 4B86-assembly1.cif
2026-05-25 03:10:47,894 - INFO - [593/2069] Asymmetric unit already cached: 4BBN.cif
2026-05-25 03:10:47,894 - INFO - [593/2069] Biological assembly already cached: 4BBN-assembly1.cif
2026-05-25 03:10:48,095 - INFO - [594/2069] Asymmetric unit already cached: 4BE8.cif
2026-05-25 03:10:48,095 - INFO - [594/2069] Biological assembly already cached: 4BE8-assembly1.cif
2026-05-25 03:10:48,295 - INFO - [595/2069] Asymmetric unit already cached: 4BHW.cif
2026-05-25 03:10:48,295 - INFO - [595/2069] Biological assembly already cached: 4BHW-assembly1.cif
2026-05-25 03:10:48,495 - INFO - [596/2069] Asymmetric unit already cached: 4BM9.cif
2026-05-25 03:10:48,495 - INFO - [596/2069] Biological assembly already cached: 4BM9-assembly1.cif
2026-05-25 03:10:48,696 - INFO - [597/2069] Asymmetric unit already cached: 4BVU.cif
2026-05-25 03:10:48,696 - INFO - [597/2069] Biological assembly already cached: 4BVU-assembly1.cif
2026-05-25 03:10:48,896 - INFO - [598/2069] Asymmetric unit already cached: 4C9Z.cif
2026-05-25 03:10:48,896 - INFO - [598/2069] Biological assembly already cached: 4C9Z-assembly1.cif
2026-05-25 03:10:49,097 - INFO - [599/2069] Asymmetric unit already cached: 4CA1.cif
2026-05-25 03:10:49,097 - INFO - [599/2069] Biological assembly already cached: 4CA1-assembly1.cif
2026-05-25 03:10:49,297 - INFO - [600/2069] Asymmetric unit already cached: 4CCG.cif
2026-05-25 03:10:49,297 - INFO - [600/2069] Biological assembly already cached: 4CCG-assembly1.cif
2026-05-25 03:10:49,497 - INFO - [601/2069] Asymmetric unit already cached: 4CFG.cif
2026-05-25 03:10:49,498 - INFO - [601/2069] Biological assembly already cached: 4CFG-assembly1.cif
2026-05-25 03:10:49,698 - INFO - [602/2069] Asymmetric unit already cached: 4DBG.cif
2026-05-25 03:10:49,698 - INFO - [602/2069] Biological assembly already cached: 4DBG-assembly1.cif
2026-05-25 03:10:49,898 - INFO - [603/2069] Asymmetric unit already cached: 4DDG.cif
2026-05-25 03:10:49,898 - INFO - [603/2069] Biological assembly already cached: 4DDG-assembly1.cif
2026-05-25 03:10:50,099 - INFO - [604/2069] Asymmetric unit already cached: 4DDI.cif
2026-05-25 03:10:50,099 - INFO - [604/2069] Biological assembly already cached: 4DDI-assembly1.cif
2026-05-25 03:10:50,299 - INFO - [605/2069] Asymmetric unit already cached: 4DHI.cif
2026-05-25 03:10:50,299 - INFO - [605/2069] Biological assembly already cached: 4DHI-assembly1.cif
2026-05-25 03:10:50,499 - INFO - [606/2069] Asymmetric unit already cached: 4DHJ.cif
2026-05-25 03:10:50,500 - INFO - [606/2069] Biological assembly already cached: 4DHJ-assembly1.cif
2026-05-25 03:10:50,700 - INFO - [607/2069] Asymmetric unit already cached: 4DHZ.cif
2026-05-25 03:10:50,700 - INFO - [607/2069] Biological assembly already cached: 4DHZ-assembly1.cif
2026-05-25 03:10:50,900 - INFO - [608/2069] Asymmetric unit already cached: 4DIJ.cif
2026-05-25 03:10:50,900 - INFO - [608/2069] Biological assembly already cached: 4DIJ-assembly1.cif
2026-05-25 03:10:51,101 - INFO - [609/2069] Asymmetric unit already cached: 4EB9.cif
2026-05-25 03:10:51,101 - INFO - [609/2069] Biological assembly already cached: 4EB9-assembly1.cif
2026-05-25 03:10:51,301 - INFO - [610/2069] Asymmetric unit already cached: 4EC4.cif
2026-05-25 03:10:51,301 - INFO - [610/2069] Biological assembly already cached: 4EC4-assembly1.cif
2026-05-25 03:10:51,502 - INFO - [611/2069] Asymmetric unit already cached: 4ERE.cif
2026-05-25 03:10:51,502 - INFO - [611/2069] Biological assembly already cached: 4ERE-assembly1.cif
2026-05-25 03:10:51,702 - INFO - [612/2069] Asymmetric unit already cached: 4ERF.cif
2026-05-25 03:10:51,702 - INFO - [612/2069] Biological assembly already cached: 4ERF-assembly1.cif
2026-05-25 03:10:51,902 - INFO - [613/2069] Asymmetric unit already cached: 4ERQ.cif
2026-05-25 03:10:51,903 - INFO - [613/2069] Biological assembly already cached: 4ERQ-assembly1.cif
2026-05-25 03:10:52,103 - INFO - [614/2069] Asymmetric unit already cached: 4ERY.cif
2026-05-25 03:10:52,103 - INFO - [614/2069] Biological assembly already cached: 4ERY-assembly1.cif
2026-05-25 03:10:52,303 - INFO - [615/2069] Asymmetric unit already cached: 4F52.cif
2026-05-25 03:10:52,303 - INFO - [615/2069] Biological assembly already cached: 4F52-assembly1.cif
2026-05-25 03:10:52,504 - INFO - [616/2069] Asymmetric unit already cached: 4FO9.cif
2026-05-25 03:10:52,504 - INFO - [616/2069] Biological assembly already cached: 4FO9-assembly1.cif
2026-05-25 03:10:52,705 - INFO - [617/2069] Asymmetric unit already cached: 4G3O.cif
2026-05-25 03:10:52,705 - INFO - [617/2069] Biological assembly already cached: 4G3O-assembly1.cif
2026-05-25 03:10:52,905 - INFO - [618/2069] Asymmetric unit already cached: 4GAO.cif
2026-05-25 03:10:52,905 - INFO - [618/2069] Biological assembly already cached: 4GAO-assembly1.cif
2026-05-25 03:10:53,105 - INFO - [619/2069] Asymmetric unit already cached: 4GB0.cif
2026-05-25 03:10:53,105 - INFO - [619/2069] Biological assembly already cached: 4GB0-assembly1.cif
2026-05-25 03:10:53,306 - INFO - [620/2069] Asymmetric unit already cached: 4GBA.cif
2026-05-25 03:10:53,306 - INFO - [620/2069] Biological assembly already cached: 4GBA-assembly1.cif
2026-05-25 03:10:53,506 - INFO - [621/2069] Asymmetric unit already cached: 4GIZ.cif
2026-05-25 03:10:53,506 - INFO - [621/2069] Biological assembly already cached: 4GIZ-assembly1.cif
2026-05-25 03:10:53,706 - INFO - [622/2069] Asymmetric unit already cached: 4GPL.cif
2026-05-25 03:10:53,707 - INFO - [622/2069] Biological assembly already cached: 4GPL-assembly1.cif
2026-05-25 03:10:53,907 - INFO - [623/2069] Asymmetric unit already cached: 4GY5.cif
2026-05-25 03:10:53,907 - INFO - [623/2069] Biological assembly already cached: 4GY5-assembly1.cif
2026-05-25 03:10:54,107 - INFO - [624/2069] Asymmetric unit already cached: 4HBM.cif
2026-05-25 03:10:54,107 - INFO - [624/2069] Biological assembly already cached: 4HBM-assembly1.cif
2026-05-25 03:10:54,308 - INFO - [625/2069] Asymmetric unit already cached: 4HFZ.cif
2026-05-25 03:10:54,308 - INFO - [625/2069] Biological assembly already cached: 4HFZ-assembly1.cif
2026-05-25 03:10:54,508 - INFO - [626/2069] Asymmetric unit already cached: 4HG7.cif
2026-05-25 03:10:54,508 - INFO - [626/2069] Biological assembly already cached: 4HG7-assembly1.cif
2026-05-25 03:10:54,708 - INFO - [627/2069] Asymmetric unit already cached: 4HPL.cif
2026-05-25 03:10:54,708 - INFO - [627/2069] Biological assembly already cached: 4HPL-assembly1.cif
2026-05-25 03:10:54,909 - INFO - [628/2069] Asymmetric unit already cached: 4HPM.cif
2026-05-25 03:10:54,909 - INFO - [628/2069] Biological assembly already cached: 4HPM-assembly1.cif
2026-05-25 03:10:55,109 - INFO - [629/2069] Asymmetric unit already cached: 4HRE.cif
2026-05-25 03:10:55,109 - INFO - [629/2069] Biological assembly already cached: 4HRE-assembly1.cif
2026-05-25 03:10:55,310 - INFO - [630/2069] Asymmetric unit already cached: 4HRH.cif
2026-05-25 03:10:55,310 - INFO - [630/2069] Biological assembly already cached: 4HRH-assembly1.cif
2026-05-25 03:10:55,510 - INFO - [631/2069] Asymmetric unit already cached: 4HY0.cif
2026-05-25 03:10:55,510 - INFO - [631/2069] Biological assembly already cached: 4HY0-assembly1.cif
2026-05-25 03:10:55,711 - INFO - [632/2069] Asymmetric unit already cached: 4HY4.cif
2026-05-25 03:10:55,711 - INFO - [632/2069] Biological assembly already cached: 4HY4-assembly1.cif
2026-05-25 03:10:55,911 - INFO - [633/2069] Asymmetric unit already cached: 4HY5.cif
2026-05-25 03:10:55,911 - INFO - [633/2069] Biological assembly already cached: 4HY5-assembly1.cif
2026-05-25 03:10:56,111 - INFO - [634/2069] Asymmetric unit already cached: 4I1F.cif
2026-05-25 03:10:56,112 - INFO - [634/2069] Biological assembly already cached: 4I1F-assembly1.cif
2026-05-25 03:10:56,312 - INFO - [635/2069] Asymmetric unit already cached: 4I1H.cif
2026-05-25 03:10:56,312 - INFO - [635/2069] Biological assembly already cached: 4I1H-assembly1.cif
2026-05-25 03:10:56,512 - INFO - [636/2069] Asymmetric unit already cached: 4I7B.cif
2026-05-25 03:10:56,512 - INFO - [636/2069] Biological assembly already cached: 4I7B-assembly1.cif
2026-05-25 03:10:56,713 - INFO - [637/2069] Asymmetric unit already cached: 4I7C.cif
2026-05-25 03:10:56,713 - INFO - [637/2069] Biological assembly already cached: 4I7C-assembly1.cif
2026-05-25 03:10:56,913 - INFO - [638/2069] Asymmetric unit already cached: 4I7D.cif
2026-05-25 03:10:56,913 - INFO - [638/2069] Biological assembly already cached: 4I7D-assembly1.cif
2026-05-25 03:10:57,113 - INFO - [639/2069] Asymmetric unit already cached: 4IC2.cif
2026-05-25 03:10:57,114 - INFO - [639/2069] Biological assembly already cached: 4IC2-assembly1.cif
2026-05-25 03:10:57,314 - INFO - [640/2069] Asymmetric unit already cached: 4IC3.cif
2026-05-25 03:10:57,314 - INFO - [640/2069] Biological assembly already cached: 4IC3-assembly1.cif
2026-05-25 03:10:57,514 - INFO - [641/2069] Asymmetric unit already cached: 4IFI.cif
2026-05-25 03:10:57,515 - INFO - [641/2069] Biological assembly already cached: 4IFI-assembly1.cif
2026-05-25 03:10:57,715 - INFO - [642/2069] Asymmetric unit already cached: 4IGK.cif
2026-05-25 03:10:57,715 - INFO - [642/2069] Biological assembly already cached: 4IGK-assembly1.cif
2026-05-25 03:10:57,916 - INFO - [643/2069] Asymmetric unit already cached: 4IP3.cif
2026-05-25 03:10:57,916 - INFO - [643/2069] Biological assembly already cached: 4IP3-assembly1.cif
2026-05-25 03:10:58,116 - INFO - [644/2069] Asymmetric unit already cached: 4J3Y.cif
2026-05-25 03:10:58,116 - INFO - [644/2069] Biological assembly already cached: 4J3Y-assembly1.cif
2026-05-25 03:10:58,317 - INFO - [645/2069] Asymmetric unit already cached: 4J44.cif
2026-05-25 03:10:58,317 - INFO - [645/2069] Biological assembly already cached: 4J44-assembly1.cif
2026-05-25 03:10:58,517 - INFO - [646/2069] Asymmetric unit already cached: 4J45.cif
2026-05-25 03:10:58,517 - INFO - [646/2069] Biological assembly already cached: 4J45-assembly1.cif
2026-05-25 03:10:58,717 - INFO - [647/2069] Asymmetric unit already cached: 4J46.cif
2026-05-25 03:10:58,718 - INFO - [647/2069] Biological assembly already cached: 4J46-assembly1.cif
2026-05-25 03:10:58,918 - INFO - [648/2069] Asymmetric unit already cached: 4J47.cif
2026-05-25 03:10:58,918 - INFO - [648/2069] Biological assembly already cached: 4J47-assembly1.cif
2026-05-25 03:10:59,118 - INFO - [649/2069] Asymmetric unit already cached: 4J48.cif
2026-05-25 03:10:59,118 - INFO - [649/2069] Biological assembly already cached: 4J48-assembly1.cif
2026-05-25 03:10:59,319 - INFO - [650/2069] Asymmetric unit already cached: 4JJQ.cif
2026-05-25 03:10:59,319 - INFO - [650/2069] Biological assembly already cached: 4JJQ-assembly1.cif
2026-05-25 03:10:59,519 - INFO - [651/2069] Asymmetric unit already cached: 4JLU.cif
2026-05-25 03:10:59,519 - INFO - [651/2069] Biological assembly already cached: 4JLU-assembly1.cif
2026-05-25 03:10:59,719 - INFO - [652/2069] Asymmetric unit already cached: 4JUY.cif
2026-05-25 03:10:59,720 - INFO - [652/2069] Biological assembly already cached: 4JUY-assembly1.cif
2026-05-25 03:10:59,920 - INFO - [653/2069] Asymmetric unit already cached: 4JV7.cif
2026-05-25 03:10:59,920 - INFO - [653/2069] Biological assembly already cached: 4JV7-assembly1.cif
2026-05-25 03:11:00,120 - INFO - [654/2069] Asymmetric unit already cached: 4JV9.cif
2026-05-25 03:11:00,120 - INFO - [654/2069] Biological assembly already cached: 4JV9-assembly1.cif
2026-05-25 03:11:00,321 - INFO - [655/2069] Asymmetric unit already cached: 4JVE.cif
2026-05-25 03:11:00,321 - INFO - [655/2069] Biological assembly already cached: 4JVE-assembly1.cif
2026-05-25 03:11:00,521 - INFO - [656/2069] Asymmetric unit already cached: 4JVR.cif
2026-05-25 03:11:00,521 - INFO - [656/2069] Biological assembly already cached: 4JVR-assembly1.cif
2026-05-25 03:11:00,722 - INFO - [657/2069] Asymmetric unit already cached: 4JWR.cif
2026-05-25 03:11:00,722 - INFO - [657/2069] Biological assembly already cached: 4JWR-assembly1.cif
2026-05-25 03:11:00,922 - INFO - [658/2069] Asymmetric unit already cached: 4K8U.cif
2026-05-25 03:11:00,922 - INFO - [658/2069] Biological assembly already cached: 4K8U-assembly1.cif
2026-05-25 03:11:01,122 - INFO - [659/2069] Asymmetric unit already cached: 4KBL.cif
2026-05-25 03:11:01,123 - INFO - [659/2069] Biological assembly already cached: 4KBL-assembly1.cif
2026-05-25 03:11:01,323 - INFO - [660/2069] Asymmetric unit already cached: 4KBQ.cif
2026-05-25 03:11:01,323 - INFO - [660/2069] Biological assembly already cached: 4KBQ-assembly1.cif
2026-05-25 03:11:01,523 - INFO - [661/2069] Asymmetric unit already cached: 4KC9.cif
2026-05-25 03:11:01,523 - INFO - [661/2069] Biological assembly already cached: 4KC9-assembly1.cif
2026-05-25 03:11:01,724 - INFO - [662/2069] Asymmetric unit already cached: 4KJU.cif
2026-05-25 03:11:01,724 - INFO - [662/2069] Biological assembly already cached: 4KJU-assembly1.cif
2026-05-25 03:11:01,924 - INFO - [663/2069] Asymmetric unit already cached: 4KJV.cif
2026-05-25 03:11:01,924 - INFO - [663/2069] Biological assembly already cached: 4KJV-assembly1.cif
2026-05-25 03:11:02,124 - INFO - [664/2069] Asymmetric unit already cached: 4KMN.cif
2026-05-25 03:11:02,125 - INFO - [664/2069] Biological assembly already cached: 4KMN-assembly1.cif
2026-05-25 03:11:02,325 - INFO - [665/2069] Asymmetric unit already cached: 4KMP.cif
2026-05-25 03:11:02,325 - INFO - [665/2069] Biological assembly already cached: 4KMP-assembly1.cif
2026-05-25 03:11:02,525 - INFO - [666/2069] Asymmetric unit already cached: 4KNG.cif
2026-05-25 03:11:02,526 - INFO - [666/2069] Biological assembly already cached: 4KNG-assembly1.cif
2026-05-25 03:11:02,726 - INFO - [667/2069] Asymmetric unit already cached: 4L1M.cif
2026-05-25 03:11:02,726 - INFO - [667/2069] Biological assembly already cached: 4L1M-assembly1.cif
2026-05-25 03:11:02,927 - INFO - [668/2069] Asymmetric unit already cached: 4LAD.cif
2026-05-25 03:11:02,927 - INFO - [668/2069] Biological assembly already cached: 4LAD-assembly1.cif
2026-05-25 03:11:03,127 - INFO - [669/2069] Asymmetric unit already cached: 4LDT.cif
2026-05-25 03:11:03,127 - INFO - [669/2069] Biological assembly already cached: 4LDT-assembly1.cif
2026-05-25 03:11:03,327 - INFO - [670/2069] Asymmetric unit already cached: 4LG8.cif
2026-05-25 03:11:03,327 - INFO - [670/2069] Biological assembly already cached: 4LG8-assembly1.cif
2026-05-25 03:11:03,528 - INFO - [671/2069] Asymmetric unit already cached: 4LGE.cif
2026-05-25 03:11:03,528 - INFO - [671/2069] Biological assembly already cached: 4LGE-assembly1.cif
2026-05-25 03:11:03,728 - INFO - [672/2069] Asymmetric unit already cached: 4LGU.cif
2026-05-25 03:11:03,728 - INFO - [672/2069] Biological assembly already cached: 4LGU-assembly1.cif
2026-05-25 03:11:03,929 - INFO - [673/2069] Asymmetric unit already cached: 4LJO.cif
2026-05-25 03:11:03,929 - INFO - [673/2069] Biological assembly already cached: 4LJO-assembly1.cif
2026-05-25 03:11:04,129 - INFO - [674/2069] Asymmetric unit already cached: 4LJP.cif
2026-05-25 03:11:04,129 - INFO - [674/2069] Biological assembly already cached: 4LJP-assembly1.cif
2026-05-25 03:11:04,329 - INFO - [675/2069] Asymmetric unit already cached: 4LJQ.cif
2026-05-25 03:11:04,330 - INFO - [675/2069] Biological assembly already cached: 4LJQ-assembly1.cif
2026-05-25 03:11:04,530 - INFO - [676/2069] Asymmetric unit already cached: 4LTB.cif
2026-05-25 03:11:04,530 - INFO - [676/2069] Biological assembly already cached: 4LTB-assembly1.cif
2026-05-25 03:11:04,730 - INFO - [677/2069] Asymmetric unit already cached: 4M3L.cif
2026-05-25 03:11:04,730 - INFO - [677/2069] Biological assembly already cached: 4M3L-assembly1.cif
2026-05-25 03:11:04,931 - INFO - [678/2069] Asymmetric unit already cached: 4M4E.cif
2026-05-25 03:11:04,931 - INFO - [678/2069] Biological assembly already cached: 4M4E-assembly1.cif
2026-05-25 03:11:05,131 - INFO - [679/2069] Asymmetric unit already cached: 4MDK.cif
2026-05-25 03:11:05,131 - INFO - [679/2069] Biological assembly already cached: 4MDK-assembly1.cif
2026-05-25 03:11:05,332 - INFO - [680/2069] Asymmetric unit already cached: 4MDN.cif
2026-05-25 03:11:05,332 - INFO - [680/2069] Biological assembly already cached: 4MDN-assembly1.cif
2026-05-25 03:11:05,532 - INFO - [681/2069] Asymmetric unit already cached: 4MDQ.cif
2026-05-25 03:11:05,532 - INFO - [681/2069] Biological assembly already cached: 4MDQ-assembly1.cif
2026-05-25 03:11:05,732 - INFO - [682/2069] Asymmetric unit already cached: 4MJS.cif
2026-05-25 03:11:05,732 - INFO - [682/2069] Biological assembly already cached: 4MJS-assembly1.cif
2026-05-25 03:11:05,933 - INFO - [683/2069] Asymmetric unit already cached: 4MTI.cif
2026-05-25 03:11:05,933 - INFO - [683/2069] Biological assembly already cached: 4MTI-assembly1.cif
2026-05-25 03:11:06,133 - INFO - [684/2069] Asymmetric unit already cached: 4MTZ.cif
2026-05-25 03:11:06,133 - INFO - [684/2069] Biological assembly already cached: 4MTZ-assembly1.cif
2026-05-25 03:11:06,334 - INFO - [685/2069] Asymmetric unit already cached: 4MU7.cif
2026-05-25 03:11:06,334 - INFO - [685/2069] Biological assembly already cached: 4MU7-assembly1.cif
2026-05-25 03:11:06,534 - INFO - [686/2069] Asymmetric unit already cached: 4N3W.cif
2026-05-25 03:11:06,534 - INFO - [686/2069] Biological assembly already cached: 4N3W-assembly1.cif
2026-05-25 03:11:06,734 - INFO - [687/2069] Asymmetric unit already cached: 4N4F.cif
2026-05-25 03:11:06,735 - INFO - [687/2069] Biological assembly already cached: 4N4F-assembly1.cif
2026-05-25 03:11:06,935 - INFO - [688/2069] Asymmetric unit already cached: 4N7F.cif
2026-05-25 03:11:06,935 - INFO - [688/2069] Biological assembly already cached: 4N7F-assembly1.cif
2026-05-25 03:11:07,135 - INFO - [689/2069] Asymmetric unit already cached: 4N7H.cif
2026-05-25 03:11:07,135 - INFO - [689/2069] Biological assembly already cached: 4N7H-assembly1.cif
2026-05-25 03:11:07,336 - INFO - [690/2069] Asymmetric unit already cached: 4NQJ.cif
2026-05-25 03:11:07,336 - INFO - [690/2069] Biological assembly already cached: 4NQJ-assembly1.cif
2026-05-25 03:11:07,536 - INFO - [691/2069] Asymmetric unit already cached: 4NR3.cif
2026-05-25 03:11:07,537 - INFO - [691/2069] Biological assembly already cached: 4NR3-assembly1.cif
2026-05-25 03:11:07,737 - INFO - [692/2069] Asymmetric unit already cached: 4NR4.cif
2026-05-25 03:11:07,737 - INFO - [692/2069] Biological assembly already cached: 4NR4-assembly1.cif
2026-05-25 03:11:07,938 - INFO - [693/2069] Asymmetric unit already cached: 4NR5.cif
2026-05-25 03:11:07,938 - INFO - [693/2069] Biological assembly already cached: 4NR5-assembly1.cif
2026-05-25 03:11:08,138 - INFO - [694/2069] Asymmetric unit already cached: 4NR6.cif
2026-05-25 03:11:08,138 - INFO - [694/2069] Biological assembly already cached: 4NR6-assembly1.cif
2026-05-25 03:11:08,339 - INFO - [695/2069] Asymmetric unit already cached: 4NR7.cif
2026-05-25 03:11:08,339 - INFO - [695/2069] Biological assembly already cached: 4NR7-assembly1.cif
2026-05-25 03:11:08,539 - INFO - [696/2069] Asymmetric unit already cached: 4NRG.cif
2026-05-25 03:11:08,539 - INFO - [696/2069] Biological assembly already cached: 4NRG-assembly1.cif
2026-05-25 03:11:08,739 - INFO - [697/2069] Asymmetric unit already cached: 4NRI.cif
2026-05-25 03:11:08,740 - INFO - [697/2069] Biological assembly already cached: 4NRI-assembly1.cif
2026-05-25 03:11:08,940 - INFO - [698/2069] Asymmetric unit already cached: 4NYV.cif
2026-05-25 03:11:08,940 - INFO - [698/2069] Biological assembly already cached: 4NYV-assembly1.cif
2026-05-25 03:11:09,140 - INFO - [699/2069] Asymmetric unit already cached: 4NYW.cif
2026-05-25 03:11:09,140 - INFO - [699/2069] Biological assembly already cached: 4NYW-assembly1.cif
2026-05-25 03:11:09,341 - INFO - [700/2069] Asymmetric unit already cached: 4NYX.cif
2026-05-25 03:11:09,341 - INFO - [700/2069] Biological assembly already cached: 4NYX-assembly1.cif
2026-05-25 03:11:09,541 - INFO - [701/2069] Asymmetric unit already cached: 4O2W.cif
2026-05-25 03:11:09,541 - INFO - [701/2069] Biological assembly already cached: 4O2W-assembly1.cif
2026-05-25 03:11:09,741 - INFO - [702/2069] Asymmetric unit already cached: 4OAS.cif
2026-05-25 03:11:09,742 - INFO - [702/2069] Biological assembly already cached: 4OAS-assembly1.cif
2026-05-25 03:11:09,942 - INFO - [703/2069] Asymmetric unit already cached: 4OBA.cif
2026-05-25 03:11:09,942 - INFO - [703/2069] Biological assembly already cached: 4OBA-assembly1.cif
2026-05-25 03:11:10,142 - INFO - [704/2069] Asymmetric unit already cached: 4OCC.cif
2026-05-25 03:11:10,142 - INFO - [704/2069] Biological assembly already cached: 4OCC-assembly1.cif
2026-05-25 03:11:10,343 - INFO - [705/2069] Asymmetric unit already cached: 4ODE.cif
2026-05-25 03:11:10,343 - INFO - [705/2069] Biological assembly already cached: 4ODE-assembly1.cif
2026-05-25 03:11:10,543 - INFO - [706/2069] Asymmetric unit already cached: 4ODF.cif
2026-05-25 03:11:10,543 - INFO - [706/2069] Biological assembly already cached: 4ODF-assembly1.cif
2026-05-25 03:11:10,743 - INFO - [707/2069] Asymmetric unit already cached: 4OFB.cif
2026-05-25 03:11:10,744 - INFO - [707/2069] Biological assembly already cached: 4OFB-assembly1.cif
2026-05-25 03:11:10,944 - INFO - [708/2069] Asymmetric unit already cached: 4OGN.cif
2026-05-25 03:11:10,944 - INFO - [708/2069] Biological assembly already cached: 4OGN-assembly1.cif
2026-05-25 03:11:11,144 - INFO - [709/2069] Asymmetric unit already cached: 4OGT.cif
2026-05-25 03:11:11,144 - INFO - [709/2069] Biological assembly already cached: 4OGT-assembly1.cif
2026-05-25 03:11:11,345 - INFO - [710/2069] Asymmetric unit already cached: 4OGV.cif
2026-05-25 03:11:11,345 - INFO - [710/2069] Biological assembly already cached: 4OGV-assembly1.cif
2026-05-25 03:11:11,545 - INFO - [711/2069] Asymmetric unit already cached: 4ONL.cif
2026-05-25 03:11:11,545 - INFO - [711/2069] Biological assembly already cached: 4ONL-assembly1.cif
2026-05-25 03:11:11,746 - INFO - [712/2069] Asymmetric unit already cached: 4ONM.cif
2026-05-25 03:11:11,746 - INFO - [712/2069] Biological assembly already cached: 4ONM-assembly1.cif
2026-05-25 03:11:11,946 - INFO - [713/2069] Asymmetric unit already cached: 4ONN.cif
2026-05-25 03:11:11,946 - INFO - [713/2069] Biological assembly already cached: 4ONN-assembly1.cif
2026-05-25 03:11:12,146 - INFO - [714/2069] Asymmetric unit already cached: 4OQ3.cif
2026-05-25 03:11:12,147 - INFO - [714/2069] Biological assembly already cached: 4OQ3-assembly1.cif
2026-05-25 03:11:12,347 - INFO - [715/2069] Asymmetric unit already cached: 4ORH.cif
2026-05-25 03:11:12,347 - INFO - [715/2069] Biological assembly already cached: 4ORH-assembly1.cif
2026-05-25 03:11:12,547 - INFO - [716/2069] Asymmetric unit already cached: 4OUF.cif
2026-05-25 03:11:12,548 - INFO - [716/2069] Biological assembly already cached: 4OUF-assembly1.cif
2026-05-25 03:11:12,748 - INFO - [717/2069] Asymmetric unit already cached: 4OWF.cif
2026-05-25 03:11:12,748 - INFO - [717/2069] Biological assembly already cached: 4OWF-assembly1.cif
2026-05-25 03:11:12,949 - INFO - [718/2069] Asymmetric unit already cached: 4OXC.cif
2026-05-25 03:11:12,949 - INFO - [718/2069] Biological assembly already cached: 4OXC-assembly1.cif
2026-05-25 03:11:13,149 - INFO - [719/2069] Asymmetric unit already cached: 4OYJ.cif
2026-05-25 03:11:13,149 - INFO - [719/2069] Biological assembly already cached: 4OYJ-assembly1.cif
2026-05-25 03:11:13,349 - INFO - [720/2069] Asymmetric unit already cached: 4OYK.cif
2026-05-25 03:11:13,350 - INFO - [720/2069] Biological assembly already cached: 4OYK-assembly1.cif
2026-05-25 03:11:13,550 - INFO - [721/2069] Asymmetric unit already cached: 4P09.cif
2026-05-25 03:11:13,550 - INFO - [721/2069] Biological assembly already cached: 4P09-assembly1.cif
2026-05-25 03:11:13,750 - INFO - [722/2069] Asymmetric unit already cached: 4P0A.cif
2026-05-25 03:11:13,750 - INFO - [722/2069] Biological assembly already cached: 4P0A-assembly1.cif
2026-05-25 03:11:13,951 - INFO - [723/2069] Asymmetric unit already cached: 4P0B.cif
2026-05-25 03:11:13,951 - INFO - [723/2069] Biological assembly already cached: 4P0B-assembly1.cif
2026-05-25 03:11:14,151 - INFO - [724/2069] Asymmetric unit already cached: 4P5O.cif
2026-05-25 03:11:14,151 - INFO - [724/2069] Biological assembly already cached: 4P5O-assembly1.cif
2026-05-25 03:11:14,352 - INFO - [725/2069] Asymmetric unit already cached: 4PPE.cif
2026-05-25 03:11:14,352 - INFO - [725/2069] Biological assembly already cached: 4PPE-assembly1.cif
2026-05-25 03:11:14,552 - INFO - [726/2069] Asymmetric unit already cached: 4PW5.cif
2026-05-25 03:11:14,552 - INFO - [726/2069] Biological assembly already cached: 4PW5-assembly1.cif
2026-05-25 03:11:14,753 - INFO - [727/2069] Asymmetric unit already cached: 4PW6.cif
2026-05-25 03:11:14,753 - INFO - [727/2069] Biological assembly already cached: 4PW6-assembly1.cif
2026-05-25 03:11:14,953 - INFO - [728/2069] Asymmetric unit already cached: 4PW7.cif
2026-05-25 03:11:14,953 - INFO - [728/2069] Biological assembly already cached: 4PW7-assembly1.cif
2026-05-25 03:11:15,153 - INFO - [729/2069] Asymmetric unit already cached: 4PZR.cif
2026-05-25 03:11:15,154 - INFO - [729/2069] Biological assembly already cached: 4PZR-assembly1.cif
2026-05-25 03:11:15,354 - INFO - [730/2069] Asymmetric unit already cached: 4PZS.cif
2026-05-25 03:11:15,354 - INFO - [730/2069] Biological assembly already cached: 4PZS-assembly1.cif
2026-05-25 03:11:15,554 - INFO - [731/2069] Asymmetric unit already cached: 4PZT.cif
2026-05-25 03:11:15,555 - INFO - [731/2069] Biological assembly already cached: 4PZT-assembly1.cif
2026-05-25 03:11:15,755 - INFO - [732/2069] Asymmetric unit already cached: 4Q5E.cif
2026-05-25 03:11:15,755 - INFO - [732/2069] Biological assembly already cached: 4Q5E-assembly1.cif
2026-05-25 03:11:15,955 - INFO - [733/2069] Asymmetric unit already cached: 4Q5H.cif
2026-05-25 03:11:15,955 - INFO - [733/2069] Biological assembly already cached: 4Q5H-assembly1.cif
2026-05-25 03:11:16,156 - INFO - [734/2069] Asymmetric unit already cached: 4QIK.cif
2026-05-25 03:11:16,156 - INFO - [734/2069] Biological assembly already cached: 4QIK-assembly1.cif
2026-05-25 03:11:16,356 - INFO - [735/2069] Asymmetric unit already cached: 4QIL.cif
2026-05-25 03:11:16,356 - INFO - [735/2069] Biological assembly already cached: 4QIL-assembly1.cif
2026-05-25 03:11:16,557 - INFO - [736/2069] Asymmetric unit already cached: 4QN1.cif
2026-05-25 03:11:16,557 - INFO - [736/2069] Biological assembly already cached: 4QN1-assembly1.cif
2026-05-25 03:11:16,757 - INFO - [737/2069] Asymmetric unit already cached: 4QO4.cif
2026-05-25 03:11:16,757 - INFO - [737/2069] Biological assembly already cached: 4QO4-assembly1.cif
2026-05-25 03:11:16,958 - INFO - [738/2069] Asymmetric unit already cached: 4QOC.cif
2026-05-25 03:11:16,958 - INFO - [738/2069] Biological assembly already cached: 4QOC-assembly1.cif
2026-05-25 03:11:17,158 - INFO - [739/2069] Asymmetric unit already cached: 4QPL.cif
2026-05-25 03:11:17,158 - INFO - [739/2069] Biological assembly already cached: 4QPL-assembly1.cif
2026-05-25 03:11:17,358 - INFO - [740/2069] Asymmetric unit already cached: 4QQD.cif
2026-05-25 03:11:17,359 - INFO - [740/2069] Biological assembly already cached: 4QQD-assembly1.cif
2026-05-25 03:11:17,559 - INFO - [741/2069] Asymmetric unit already cached: 4QT6.cif
2026-05-25 03:11:17,560 - INFO - [741/2069] Biological assembly already cached: 4QT6-assembly1.cif
2026-05-25 03:11:17,760 - INFO - [742/2069] Asymmetric unit already cached: 4R2Y.cif
2026-05-25 03:11:17,760 - INFO - [742/2069] Biological assembly already cached: 4R2Y-assembly1.cif
2026-05-25 03:11:17,960 - INFO - [743/2069] Asymmetric unit already cached: 4R8P.cif
2026-05-25 03:11:17,961 - INFO - [743/2069] Biological assembly already cached: 4R8P-assembly1.cif
2026-05-25 03:11:18,161 - INFO - [744/2069] Asymmetric unit already cached: 4ROF.cif
2026-05-25 03:11:18,161 - INFO - [744/2069] Biological assembly already cached: 4ROF-assembly1.cif
2026-05-25 03:11:18,361 - INFO - [745/2069] Asymmetric unit already cached: 4RXZ.cif
2026-05-25 03:11:18,361 - INFO - [745/2069] Biological assembly already cached: 4RXZ-assembly1.cif
2026-05-25 03:11:18,562 - INFO - [746/2069] Asymmetric unit already cached: 4S0N.cif
2026-05-25 03:11:18,562 - INFO - [746/2069] Biological assembly already cached: 4S0N-assembly1.cif
2026-05-25 03:11:18,762 - INFO - [747/2069] Asymmetric unit already cached: 4S3O.cif
2026-05-25 03:11:18,762 - INFO - [747/2069] Biological assembly already cached: 4S3O-assembly1.cif
2026-05-25 03:11:18,962 - INFO - [748/2069] Asymmetric unit already cached: 4TKP.cif
2026-05-25 03:11:18,963 - INFO - [748/2069] Biological assembly already cached: 4TKP-assembly1.cif
2026-05-25 03:11:19,163 - INFO - [749/2069] Asymmetric unit already cached: 4TQN.cif
2026-05-25 03:11:19,163 - INFO - [749/2069] Biological assembly already cached: 4TQN-assembly1.cif
2026-05-25 03:11:19,363 - INFO - [750/2069] Asymmetric unit already cached: 4TS8.cif
2026-05-25 03:11:19,363 - INFO - [750/2069] Biological assembly already cached: 4TS8-assembly1.cif
2026-05-25 03:11:19,564 - INFO - [751/2069] Asymmetric unit already cached: 4TSE.cif
2026-05-25 03:11:19,564 - INFO - [751/2069] Biological assembly already cached: 4TSE-assembly1.cif
2026-05-25 03:11:19,764 - INFO - [752/2069] Asymmetric unit already cached: 4TVR.cif
2026-05-25 03:11:19,764 - INFO - [752/2069] Biological assembly already cached: 4TVR-assembly1.cif
2026-05-25 03:11:19,965 - INFO - [753/2069] Asymmetric unit already cached: 4U4A.cif
2026-05-25 03:11:19,965 - INFO - [753/2069] Biological assembly already cached: 4U4A-assembly1.cif
2026-05-25 03:11:20,165 - INFO - [754/2069] Asymmetric unit already cached: 4UD7.cif
2026-05-25 03:11:20,165 - INFO - [754/2069] Biological assembly already cached: 4UD7-assembly1.cif
2026-05-25 03:11:20,366 - INFO - [755/2069] Asymmetric unit already cached: 4UE1.cif
2026-05-25 03:11:20,366 - INFO - [755/2069] Biological assembly already cached: 4UE1-assembly1.cif
2026-05-25 03:11:20,566 - INFO - [756/2069] Asymmetric unit already cached: 4UF8.cif
2026-05-25 03:11:20,566 - INFO - [756/2069] Biological assembly already cached: 4UF8-assembly1.cif
2026-05-25 03:11:20,766 - INFO - [757/2069] Asymmetric unit already cached: 4UF9.cif
2026-05-25 03:11:20,767 - INFO - [757/2069] Biological assembly already cached: 4UF9-assembly1.cif
2026-05-25 03:11:20,967 - INFO - [758/2069] Asymmetric unit already cached: 4UFS.cif
2026-05-25 03:11:20,967 - INFO - [758/2069] Biological assembly already cached: 4UFS-assembly1.cif
2026-05-25 03:11:21,167 - INFO - [759/2069] Asymmetric unit already cached: 4UI9.cif
2026-05-25 03:11:21,167 - INFO - [759/2069] Biological assembly already cached: 4UI9-assembly1.cif
2026-05-25 03:11:21,368 - INFO - [760/2069] Asymmetric unit already cached: 4ULW.cif
2026-05-25 03:11:21,368 - INFO - [760/2069] Biological assembly already cached: 4ULW-assembly1.cif
2026-05-25 03:11:21,568 - INFO - [761/2069] Asymmetric unit already cached: 4UMN.cif
2026-05-25 03:11:21,568 - INFO - [761/2069] Biological assembly already cached: 4UMN-assembly1.cif
2026-05-25 03:11:21,769 - INFO - [762/2069] Asymmetric unit already cached: 4V3K.cif
2026-05-25 03:11:21,769 - INFO - [762/2069] Biological assembly already cached: 4V3K-assembly1.cif
2026-05-25 03:11:21,969 - INFO - [763/2069] Asymmetric unit already cached: 4V3L.cif
2026-05-25 03:11:21,969 - INFO - [763/2069] Biological assembly already cached: 4V3L-assembly1.cif
2026-05-25 03:11:22,170 - INFO - [764/2069] Asymmetric unit already cached: 4W5V.cif
2026-05-25 03:11:22,170 - INFO - [764/2069] Biological assembly already cached: 4W5V-assembly1.cif
2026-05-25 03:11:22,370 - INFO - [765/2069] Asymmetric unit already cached: 4WHU.cif
2026-05-25 03:11:22,370 - INFO - [765/2069] Biological assembly already cached: 4WHU-assembly1.cif
2026-05-25 03:11:22,570 - INFO - [766/2069] Asymmetric unit already cached: 4WHV.cif
2026-05-25 03:11:22,571 - INFO - [766/2069] Biological assembly already cached: 4WHV-assembly1.cif
2026-05-25 03:11:22,771 - INFO - [767/2069] Asymmetric unit already cached: 4WJN.cif
2026-05-25 03:11:22,771 - INFO - [767/2069] Biological assembly already cached: 4WJN-assembly1.cif
2026-05-25 03:11:22,972 - INFO - [768/2069] Asymmetric unit already cached: 4WJO.cif
2026-05-25 03:11:22,972 - INFO - [768/2069] Biological assembly already cached: 4WJO-assembly1.cif
2026-05-25 03:11:23,172 - INFO - [769/2069] Asymmetric unit already cached: 4WT2.cif
2026-05-25 03:11:23,172 - INFO - [769/2069] Biological assembly already cached: 4WT2-assembly1.cif
2026-05-25 03:11:23,372 - INFO - [770/2069] Asymmetric unit already cached: 4WVS.cif
2026-05-25 03:11:23,373 - INFO - [770/2069] Biological assembly already cached: 4WVS-assembly1.cif
2026-05-25 03:11:23,573 - INFO - [771/2069] Asymmetric unit already cached: 4WVT.cif
2026-05-25 03:11:23,573 - INFO - [771/2069] Biological assembly already cached: 4WVT-assembly1.cif
2026-05-25 03:11:23,773 - INFO - [772/2069] Asymmetric unit already cached: 4WVU.cif
2026-05-25 03:11:23,773 - INFO - [772/2069] Biological assembly already cached: 4WVU-assembly1.cif
2026-05-25 03:11:23,974 - INFO - [773/2069] Asymmetric unit already cached: 4WZ3.cif
2026-05-25 03:11:23,974 - INFO - [773/2069] Biological assembly already cached: 4WZ3-assembly1.cif
2026-05-25 03:11:24,174 - INFO - [774/2069] Asymmetric unit already cached: 4X3G.cif
2026-05-25 03:11:24,174 - INFO - [774/2069] Biological assembly already cached: 4X3G-assembly1.cif
2026-05-25 03:11:24,374 - INFO - [775/2069] Asymmetric unit already cached: 4XI6.cif
2026-05-25 03:11:24,375 - INFO - [775/2069] Biological assembly already cached: 4XI6-assembly1.cif
2026-05-25 03:11:24,575 - INFO - [776/2069] Asymmetric unit already cached: 4XI7.cif
2026-05-25 03:11:24,575 - INFO - [776/2069] Biological assembly already cached: 4XI7-assembly1.cif
2026-05-25 03:11:24,775 - INFO - [777/2069] Asymmetric unit already cached: 4XIB.cif
2026-05-25 03:11:24,775 - INFO - [777/2069] Biological assembly already cached: 4XIB-assembly1.cif
2026-05-25 03:11:24,976 - INFO - [778/2069] Asymmetric unit already cached: 4XR8.cif
2026-05-25 03:11:24,976 - INFO - [778/2069] Biological assembly already cached: 4XR8-assembly1.cif
2026-05-25 03:11:25,176 - INFO - [779/2069] Asymmetric unit already cached: 4XXB.cif
2026-05-25 03:11:25,176 - INFO - [779/2069] Biological assembly already cached: 4XXB-assembly1.cif
2026-05-25 03:11:25,377 - INFO - [780/2069] Asymmetric unit already cached: 4XZF.cif
2026-05-25 03:11:25,377 - INFO - [780/2069] Biological assembly already cached: 4XZF-assembly1.cif
2026-05-25 03:11:25,577 - INFO - [781/2069] Asymmetric unit already cached: 4XZG.cif
2026-05-25 03:11:25,577 - INFO - [781/2069] Biological assembly already cached: 4XZG-assembly1.cif
2026-05-25 03:11:25,777 - INFO - [782/2069] Asymmetric unit already cached: 4Y07.cif
2026-05-25 03:11:25,777 - INFO - [782/2069] Biological assembly already cached: 4Y07-assembly1.cif
2026-05-25 03:11:25,978 - INFO - [783/2069] Asymmetric unit already cached: 4Y18.cif
2026-05-25 03:11:25,978 - INFO - [783/2069] Biological assembly already cached: 4Y18-assembly1.cif
2026-05-25 03:11:26,178 - INFO - [784/2069] Asymmetric unit already cached: 4Y1L.cif
2026-05-25 03:11:26,178 - INFO - [784/2069] Biological assembly already cached: 4Y1L-assembly1.cif
2026-05-25 03:11:26,379 - INFO - [785/2069] Asymmetric unit already cached: 4Y2G.cif
2026-05-25 03:11:26,379 - INFO - [785/2069] Biological assembly already cached: 4Y2G-assembly1.cif
2026-05-25 03:11:26,579 - INFO - [786/2069] Asymmetric unit already cached: 4YAB.cif
2026-05-25 03:11:26,579 - INFO - [786/2069] Biological assembly already cached: 4YAB-assembly1.cif
2026-05-25 03:11:26,779 - INFO - [787/2069] Asymmetric unit already cached: 4YAD.cif
2026-05-25 03:11:26,780 - INFO - [787/2069] Biological assembly already cached: 4YAD-assembly1.cif
2026-05-25 03:11:26,980 - INFO - [788/2069] Asymmetric unit already cached: 4YAT.cif
2026-05-25 03:11:26,980 - INFO - [788/2069] Biological assembly already cached: 4YAT-assembly1.cif
2026-05-25 03:11:27,180 - INFO - [789/2069] Asymmetric unit already cached: 4YAX.cif
2026-05-25 03:11:27,180 - INFO - [789/2069] Biological assembly already cached: 4YAX-assembly1.cif
2026-05-25 03:11:27,381 - INFO - [790/2069] Asymmetric unit already cached: 4YBM.cif
2026-05-25 03:11:27,381 - INFO - [790/2069] Biological assembly already cached: 4YBM-assembly1.cif
2026-05-25 03:11:27,581 - INFO - [791/2069] Asymmetric unit already cached: 4YBS.cif
2026-05-25 03:11:27,582 - INFO - [791/2069] Biological assembly already cached: 4YBS-assembly1.cif
2026-05-25 03:11:27,782 - INFO - [792/2069] Asymmetric unit already cached: 4YBT.cif
2026-05-25 03:11:27,782 - INFO - [792/2069] Biological assembly already cached: 4YBT-assembly1.cif
2026-05-25 03:11:27,983 - INFO - [793/2069] Asymmetric unit already cached: 4YC9.cif
2026-05-25 03:11:27,983 - INFO - [793/2069] Biological assembly already cached: 4YC9-assembly1.cif
2026-05-25 03:11:28,183 - INFO - [794/2069] Asymmetric unit already cached: 4YII.cif
2026-05-25 03:11:28,183 - INFO - [794/2069] Biological assembly already cached: 4YII-assembly1.cif
2026-05-25 03:11:28,384 - INFO - [795/2069] Asymmetric unit already cached: 4YK0.cif
2026-05-25 03:11:28,384 - INFO - [795/2069] Biological assembly already cached: 4YK0-assembly1.cif
2026-05-25 03:11:28,584 - INFO - [796/2069] Asymmetric unit already cached: 4YWQ.cif
2026-05-25 03:11:28,584 - INFO - [796/2069] Biological assembly already cached: 4YWQ-assembly1.cif
2026-05-25 03:11:28,785 - INFO - [797/2069] Asymmetric unit already cached: 4Z30.cif
2026-05-25 03:11:28,785 - INFO - [797/2069] Biological assembly already cached: 4Z30-assembly1.cif
2026-05-25 03:11:28,985 - INFO - [798/2069] Asymmetric unit already cached: 4Z31.cif
2026-05-25 03:11:28,985 - INFO - [798/2069] Biological assembly already cached: 4Z31-assembly1.cif
2026-05-25 03:11:29,186 - INFO - [799/2069] Asymmetric unit already cached: 4Z4P.cif
2026-05-25 03:11:29,186 - INFO - [799/2069] Biological assembly already cached: 4Z4P-assembly1.cif
2026-05-25 03:11:29,386 - INFO - [800/2069] Asymmetric unit already cached: 4Z8M.cif
2026-05-25 03:11:29,386 - INFO - [800/2069] Biological assembly already cached: 4Z8M-assembly1.cif
2026-05-25 03:11:29,586 - INFO - [801/2069] Asymmetric unit already cached: 4ZFI.cif
2026-05-25 03:11:29,586 - INFO - [801/2069] Biological assembly already cached: 4ZFI-assembly1.cif
2026-05-25 03:11:29,787 - INFO - [802/2069] Asymmetric unit already cached: 4ZGK.cif
2026-05-25 03:11:29,787 - INFO - [802/2069] Biological assembly already cached: 4ZGK-assembly1.cif
2026-05-25 03:11:29,987 - INFO - [803/2069] Asymmetric unit already cached: 4ZLC.cif
2026-05-25 03:11:29,987 - INFO - [803/2069] Biological assembly already cached: 4ZLC-assembly1.cif
2026-05-25 03:11:30,188 - INFO - [804/2069] Asymmetric unit already cached: 4ZLD.cif
2026-05-25 03:11:30,188 - INFO - [804/2069] Biological assembly already cached: 4ZLD-assembly1.cif
2026-05-25 03:11:30,388 - INFO - [805/2069] Asymmetric unit already cached: 4ZQL.cif
2026-05-25 03:11:30,388 - INFO - [805/2069] Biological assembly already cached: 4ZQL-assembly1.cif
2026-05-25 03:11:30,588 - INFO - [806/2069] Asymmetric unit already cached: 4ZTD.cif
2026-05-25 03:11:30,589 - INFO - [806/2069] Biological assembly already cached: 4ZTD-assembly1.cif
2026-05-25 03:11:30,789 - INFO - [807/2069] Asymmetric unit already cached: 4ZYC.cif
2026-05-25 03:11:30,789 - INFO - [807/2069] Biological assembly already cached: 4ZYC-assembly1.cif
2026-05-25 03:11:30,989 - INFO - [808/2069] Asymmetric unit already cached: 4ZYF.cif
2026-05-25 03:11:30,989 - INFO - [808/2069] Biological assembly already cached: 4ZYF-assembly1.cif
2026-05-25 03:11:31,190 - INFO - [809/2069] Asymmetric unit already cached: 4ZYI.cif
2026-05-25 03:11:31,190 - INFO - [809/2069] Biological assembly already cached: 4ZYI-assembly1.cif
2026-05-25 03:11:31,390 - INFO - [810/2069] Asymmetric unit already cached: 5A31.cif
2026-05-25 03:11:31,390 - INFO - [810/2069] Biological assembly already cached: 5A31-assembly1.cif
2026-05-25 03:11:31,591 - INFO - [811/2069] Asymmetric unit already cached: 5A4P.cif
2026-05-25 03:11:31,591 - INFO - [811/2069] Biological assembly already cached: 5A4P-assembly1.cif
2026-05-25 03:11:31,791 - INFO - [812/2069] Asymmetric unit already cached: 5AFG.cif
2026-05-25 03:11:31,791 - INFO - [812/2069] Biological assembly already cached: 5AFG-assembly1.cif
2026-05-25 03:11:31,992 - INFO - [813/2069] Asymmetric unit already cached: 5AHT.cif
2026-05-25 03:11:31,992 - INFO - [813/2069] Biological assembly already cached: 5AHT-assembly1.cif
2026-05-25 03:11:32,192 - INFO - [814/2069] Asymmetric unit already cached: 5AIT.cif
2026-05-25 03:11:32,192 - INFO - [814/2069] Biological assembly already cached: 5AIT-assembly1.cif
2026-05-25 03:11:32,392 - INFO - [815/2069] Asymmetric unit already cached: 5AIU.cif
2026-05-25 03:11:32,393 - INFO - [815/2069] Biological assembly already cached: 5AIU-assembly1.cif
2026-05-25 03:11:32,593 - INFO - [816/2069] Asymmetric unit already cached: 5AIZ.cif
2026-05-25 03:11:32,593 - INFO - [816/2069] Biological assembly already cached: 5AIZ-assembly1.cif
2026-05-25 03:11:32,794 - INFO - [817/2069] Asymmetric unit already cached: 5B8D.cif
2026-05-25 03:11:32,794 - INFO - [817/2069] Biological assembly already cached: 5B8D-assembly1.cif
2026-05-25 03:11:32,994 - INFO - [818/2069] Asymmetric unit already cached: 5BNB.cif
2026-05-25 03:11:32,994 - INFO - [818/2069] Biological assembly already cached: 5BNB-assembly1.cif
2026-05-25 03:11:33,194 - INFO - [819/2069] Asymmetric unit already cached: 5BNH.cif
2026-05-25 03:11:33,195 - INFO - [819/2069] Biological assembly already cached: 5BNH-assembly1.cif
2026-05-25 03:11:33,395 - INFO - [820/2069] Asymmetric unit already cached: 5BT3.cif
2026-05-25 03:11:33,395 - INFO - [820/2069] Biological assembly already cached: 5BT3-assembly1.cif
2026-05-25 03:11:33,595 - INFO - [821/2069] Asymmetric unit already cached: 5C0K.cif
2026-05-25 03:11:33,595 - INFO - [821/2069] Biological assembly already cached: 5C0K-assembly1.cif
2026-05-25 03:11:33,796 - INFO - [822/2069] Asymmetric unit already cached: 5C0L.cif
2026-05-25 03:11:33,796 - INFO - [822/2069] Biological assembly already cached: 5C0L-assembly1.cif
2026-05-25 03:11:33,996 - INFO - [823/2069] Asymmetric unit already cached: 5C1Z.cif
2026-05-25 03:11:33,996 - INFO - [823/2069] Biological assembly already cached: 5C1Z-assembly1.cif
2026-05-25 03:11:34,197 - INFO - [824/2069] Asymmetric unit already cached: 5C23.cif
2026-05-25 03:11:34,197 - INFO - [824/2069] Biological assembly already cached: 5C23-assembly1.cif
2026-05-25 03:11:34,397 - INFO - [825/2069] Asymmetric unit already cached: 5C3H.cif
2026-05-25 03:11:34,397 - INFO - [825/2069] Biological assembly already cached: 5C3H-assembly1.cif
2026-05-25 03:11:34,598 - INFO - [826/2069] Asymmetric unit already cached: 5C3K.cif
2026-05-25 03:11:34,598 - INFO - [826/2069] Biological assembly already cached: 5C3K-assembly1.cif
2026-05-25 03:11:34,798 - INFO - [827/2069] Asymmetric unit already cached: 5C5A.cif
2026-05-25 03:11:34,798 - INFO - [827/2069] Biological assembly already cached: 5C5A-assembly1.cif
2026-05-25 03:11:34,998 - INFO - [828/2069] Asymmetric unit already cached: 5C6D.cif
2026-05-25 03:11:34,998 - INFO - [828/2069] Biological assembly already cached: 5C6D-assembly1.cif
2026-05-25 03:11:35,199 - INFO - [829/2069] Asymmetric unit already cached: 5C6H.cif
2026-05-25 03:11:35,199 - INFO - [829/2069] Biological assembly already cached: 5C6H-assembly1.cif
2026-05-25 03:11:35,399 - INFO - [830/2069] Asymmetric unit already cached: 5C7A.cif
2026-05-25 03:11:35,399 - INFO - [830/2069] Biological assembly already cached: 5C7A-assembly1.cif
2026-05-25 03:11:35,600 - INFO - [831/2069] Asymmetric unit already cached: 5C7B.cif
2026-05-25 03:11:35,600 - INFO - [831/2069] Biological assembly already cached: 5C7B-assembly1.cif
2026-05-25 03:11:35,800 - INFO - [832/2069] Asymmetric unit already cached: 5C7C.cif
2026-05-25 03:11:35,800 - INFO - [832/2069] Biological assembly already cached: 5C7C-assembly1.cif
2026-05-25 03:11:36,000 - INFO - [833/2069] Asymmetric unit already cached: 5C7D.cif
2026-05-25 03:11:36,000 - INFO - [833/2069] Biological assembly already cached: 5C7D-assembly1.cif
2026-05-25 03:11:36,201 - INFO - [834/2069] Asymmetric unit already cached: 5C7J.cif
2026-05-25 03:11:36,201 - INFO - [834/2069] Biological assembly already cached: 5C7J-assembly1.cif
2026-05-25 03:11:36,401 - INFO - [835/2069] Asymmetric unit already cached: 5C7M.cif
2026-05-25 03:11:36,401 - INFO - [835/2069] Biological assembly already cached: 5C7M-assembly1.cif
2026-05-25 03:11:36,602 - INFO - [836/2069] Asymmetric unit already cached: 5C83.cif
2026-05-25 03:11:36,602 - INFO - [836/2069] Biological assembly already cached: 5C83-assembly1.cif
2026-05-25 03:11:36,802 - INFO - [837/2069] Asymmetric unit already cached: 5C84.cif
2026-05-25 03:11:36,802 - INFO - [837/2069] Biological assembly already cached: 5C84-assembly1.cif
2026-05-25 03:11:37,002 - INFO - [838/2069] Asymmetric unit already cached: 5C91.cif
2026-05-25 03:11:37,003 - INFO - [838/2069] Biological assembly already cached: 5C91-assembly1.cif
2026-05-25 03:11:37,203 - INFO - [839/2069] Asymmetric unit already cached: 5C9V.cif
2026-05-25 03:11:37,203 - INFO - [839/2069] Biological assembly already cached: 5C9V-assembly1.cif
2026-05-25 03:11:37,403 - INFO - [840/2069] Asymmetric unit already cached: 5CGP.cif
2026-05-25 03:11:37,403 - INFO - [840/2069] Biological assembly already cached: 5CGP-assembly1.cif
2026-05-25 03:11:37,604 - INFO - [841/2069] Asymmetric unit already cached: 5CQ2.cif
2026-05-25 03:11:37,604 - INFO - [841/2069] Biological assembly already cached: 5CQ2-assembly1.cif
2026-05-25 03:11:37,805 - INFO - [842/2069] Asymmetric unit already cached: 5D0I.cif
2026-05-25 03:11:37,805 - INFO - [842/2069] Biological assembly already cached: 5D0I-assembly1.cif
2026-05-25 03:11:38,005 - INFO - [843/2069] Asymmetric unit already cached: 5D0K.cif
2026-05-25 03:11:38,005 - INFO - [843/2069] Biological assembly already cached: 5D0K-assembly1.cif
2026-05-25 03:11:38,205 - INFO - [844/2069] Asymmetric unit already cached: 5D0M.cif
2026-05-25 03:11:38,206 - INFO - [844/2069] Biological assembly already cached: 5D0M-assembly1.cif
2026-05-25 03:11:38,406 - INFO - [845/2069] Asymmetric unit already cached: 5D1K.cif
2026-05-25 03:11:38,406 - INFO - [845/2069] Biological assembly already cached: 5D1K-assembly1.cif
2026-05-25 03:11:38,606 - INFO - [846/2069] Asymmetric unit already cached: 5D1L.cif
2026-05-25 03:11:38,606 - INFO - [846/2069] Biological assembly already cached: 5D1L-assembly1.cif
2026-05-25 03:11:38,807 - INFO - [847/2069] Asymmetric unit already cached: 5D1M.cif
2026-05-25 03:11:38,807 - INFO - [847/2069] Biological assembly already cached: 5D1M-assembly1.cif
2026-05-25 03:11:39,007 - INFO - [848/2069] Asymmetric unit already cached: 5D2M.cif
2026-05-25 03:11:39,007 - INFO - [848/2069] Biological assembly already cached: 5D2M-assembly1.cif
2026-05-25 03:11:39,207 - INFO - [849/2069] Asymmetric unit already cached: 5DBM.cif
2026-05-25 03:11:39,208 - INFO - [849/2069] Biological assembly already cached: 5DBM-assembly1.cif
2026-05-25 03:11:39,408 - INFO - [850/2069] Asymmetric unit already cached: 5DFL.cif
2026-05-25 03:11:39,408 - INFO - [850/2069] Biological assembly already cached: 5DFL-assembly1.cif
2026-05-25 03:11:39,608 - INFO - [851/2069] Asymmetric unit already cached: 5DIN.cif
2026-05-25 03:11:39,608 - INFO - [851/2069] Biological assembly already cached: 5DIN-assembly1.cif
2026-05-25 03:11:39,809 - INFO - [852/2069] Asymmetric unit already cached: 5DKA.cif
2026-05-25 03:11:39,809 - INFO - [852/2069] Biological assembly already cached: 5DKA-assembly1.cif
2026-05-25 03:11:40,009 - INFO - [853/2069] Asymmetric unit already cached: 5DWS.cif
2026-05-25 03:11:40,009 - INFO - [853/2069] Biological assembly already cached: 5DWS-assembly1.cif
2026-05-25 03:11:40,209 - INFO - [854/2069] Asymmetric unit already cached: 5DZD.cif
2026-05-25 03:11:40,210 - INFO - [854/2069] Biological assembly already cached: 5DZD-assembly1.cif
2026-05-25 03:11:40,410 - INFO - [855/2069] Asymmetric unit already cached: 5E11.cif
2026-05-25 03:11:40,410 - INFO - [855/2069] Biological assembly already cached: 5E11-assembly1.cif
2026-05-25 03:11:40,610 - INFO - [856/2069] Asymmetric unit already cached: 5E1Y.cif
2026-05-25 03:11:40,610 - INFO - [856/2069] Biological assembly already cached: 5E1Y-assembly1.cif
2026-05-25 03:11:40,811 - INFO - [857/2069] Asymmetric unit already cached: 5E21.cif
2026-05-25 03:11:40,811 - INFO - [857/2069] Biological assembly already cached: 5E21-assembly1.cif
2026-05-25 03:11:41,011 - INFO - [858/2069] Asymmetric unit already cached: 5E22.cif
2026-05-25 03:11:41,011 - INFO - [858/2069] Biological assembly already cached: 5E22-assembly1.cif
2026-05-25 03:11:41,211 - INFO - [859/2069] Asymmetric unit already cached: 5EDU.cif
2026-05-25 03:11:41,212 - INFO - [859/2069] Biological assembly already cached: 5EDU-assembly1.cif
2026-05-25 03:11:41,412 - INFO - [860/2069] Asymmetric unit already cached: 5EDV.cif
2026-05-25 03:11:41,412 - INFO - [860/2069] Biological assembly already cached: 5EDV-assembly1.cif
2026-05-25 03:11:41,612 - INFO - [861/2069] Asymmetric unit already cached: 5EGG.cif
2026-05-25 03:11:41,612 - INFO - [861/2069] Biological assembly already cached: 5EGG-assembly1.cif
2026-05-25 03:11:41,813 - INFO - [862/2069] Asymmetric unit already cached: 5EIC.cif
2026-05-25 03:11:41,813 - INFO - [862/2069] Biological assembly already cached: 5EIC-assembly1.cif
2026-05-25 03:11:42,013 - INFO - [863/2069] Asymmetric unit already cached: 5ENG.cif
2026-05-25 03:11:42,013 - INFO - [863/2069] Biological assembly already cached: 5ENG-assembly1.cif
2026-05-25 03:11:42,214 - INFO - [864/2069] Asymmetric unit already cached: 5EP7.cif
2026-05-25 03:11:42,214 - INFO - [864/2069] Biological assembly already cached: 5EP7-assembly1.cif
2026-05-25 03:11:42,414 - INFO - [865/2069] Asymmetric unit already cached: 5EYA.cif
2026-05-25 03:11:42,414 - INFO - [865/2069] Biological assembly already cached: 5EYA-assembly1.cif
2026-05-25 03:11:42,615 - INFO - [866/2069] Asymmetric unit already cached: 5F59.cif
2026-05-25 03:11:42,615 - INFO - [866/2069] Biological assembly already cached: 5F59-assembly1.cif
2026-05-25 03:11:42,816 - INFO - [867/2069] Asymmetric unit already cached: 5F6D.cif
2026-05-25 03:11:42,816 - INFO - [867/2069] Biological assembly already cached: 5F6D-assembly1.cif
2026-05-25 03:11:43,016 - INFO - [868/2069] Asymmetric unit already cached: 5F6E.cif
2026-05-25 03:11:43,016 - INFO - [868/2069] Biological assembly already cached: 5F6E-assembly1.cif
2026-05-25 03:11:43,216 - INFO - [869/2069] Asymmetric unit already cached: 5F6K.cif
2026-05-25 03:11:43,216 - INFO - [869/2069] Biological assembly already cached: 5F6K-assembly1.cif
2026-05-25 03:11:43,417 - INFO - [870/2069] Asymmetric unit already cached: 5F6U.cif
2026-05-25 03:11:43,417 - INFO - [870/2069] Biological assembly already cached: 5F6U-assembly1.cif
2026-05-25 03:11:43,617 - INFO - [871/2069] Asymmetric unit already cached: 5F6V.cif
2026-05-25 03:11:43,617 - INFO - [871/2069] Biological assembly already cached: 5F6V-assembly1.cif
2026-05-25 03:11:43,817 - INFO - [872/2069] Asymmetric unit already cached: 5F6W.cif
2026-05-25 03:11:43,818 - INFO - [872/2069] Biological assembly already cached: 5F6W-assembly1.cif
2026-05-25 03:11:44,018 - INFO - [873/2069] Asymmetric unit already cached: 5F6X.cif
2026-05-25 03:11:44,018 - INFO - [873/2069] Biological assembly already cached: 5F6X-assembly1.cif
2026-05-25 03:11:44,218 - INFO - [874/2069] Asymmetric unit already cached: 5F6Y.cif
2026-05-25 03:11:44,218 - INFO - [874/2069] Biological assembly already cached: 5F6Y-assembly1.cif
2026-05-25 03:11:44,419 - INFO - [875/2069] Asymmetric unit already cached: 5FER.cif
2026-05-25 03:11:44,419 - INFO - [875/2069] Biological assembly already cached: 5FER-assembly1.cif
2026-05-25 03:11:44,619 - INFO - [876/2069] Asymmetric unit already cached: 5FEY.cif
2026-05-25 03:11:44,619 - INFO - [876/2069] Biological assembly already cached: 5FEY-assembly1.cif
2026-05-25 03:11:44,820 - INFO - [877/2069] Asymmetric unit already cached: 5FQ2.cif
2026-05-25 03:11:44,820 - INFO - [877/2069] Biological assembly already cached: 5FQ2-assembly1.cif
2026-05-25 03:11:45,020 - INFO - [878/2069] Asymmetric unit already cached: 5FR6.cif
2026-05-25 03:11:45,020 - INFO - [878/2069] Biological assembly already cached: 5FR6-assembly1.cif
2026-05-25 03:11:45,221 - INFO - [879/2069] Asymmetric unit already cached: 5G04.cif
2026-05-25 03:11:45,221 - INFO - [879/2069] Biological assembly already cached: 5G04-assembly1.cif
2026-05-25 03:11:45,421 - INFO - [880/2069] Asymmetric unit already cached: 5G05.cif
2026-05-25 03:11:45,421 - INFO - [880/2069] Biological assembly already cached: 5G05-assembly1.cif
2026-05-25 03:11:45,622 - INFO - [881/2069] Asymmetric unit already cached: 5GG4.cif
2026-05-25 03:11:45,622 - INFO - [881/2069] Biological assembly already cached: 5GG4-assembly1.cif
2026-05-25 03:11:45,822 - INFO - [882/2069] Asymmetric unit already cached: 5GH9.cif
2026-05-25 03:11:45,822 - INFO - [882/2069] Biological assembly already cached: 5GH9-assembly1.cif
2026-05-25 03:11:46,022 - INFO - [883/2069] Asymmetric unit already cached: 5H1T.cif
2026-05-25 03:11:46,023 - INFO - [883/2069] Biological assembly already cached: 5H1T-assembly1.cif
2026-05-25 03:11:46,223 - INFO - [884/2069] Asymmetric unit already cached: 5H1U.cif
2026-05-25 03:11:46,223 - INFO - [884/2069] Biological assembly already cached: 5H1U-assembly1.cif
2026-05-25 03:11:46,423 - INFO - [885/2069] Asymmetric unit already cached: 5H1V.cif
2026-05-25 03:11:46,423 - INFO - [885/2069] Biological assembly already cached: 5H1V-assembly1.cif
2026-05-25 03:11:46,624 - INFO - [886/2069] Asymmetric unit already cached: 5H7R.cif
2026-05-25 03:11:46,624 - INFO - [886/2069] Biological assembly already cached: 5H7R-assembly1.cif
2026-05-25 03:11:46,824 - INFO - [887/2069] Asymmetric unit already cached: 5H7S.cif
2026-05-25 03:11:46,824 - INFO - [887/2069] Biological assembly already cached: 5H7S-assembly1.cif
2026-05-25 03:11:47,025 - INFO - [888/2069] Asymmetric unit already cached: 5H85.cif
2026-05-25 03:11:47,025 - INFO - [888/2069] Biological assembly already cached: 5H85-assembly1.cif
2026-05-25 03:11:47,225 - INFO - [889/2069] Asymmetric unit already cached: 5H9M.cif
2026-05-25 03:11:47,225 - INFO - [889/2069] Biological assembly already cached: 5H9M-assembly1.cif
2026-05-25 03:11:47,425 - INFO - [890/2069] Asymmetric unit already cached: 5HKW.cif
2026-05-25 03:11:47,425 - INFO - [890/2069] Biological assembly already cached: 5HKW-assembly1.cif
2026-05-25 03:11:47,626 - INFO - [891/2069] Asymmetric unit already cached: 5HKX.cif
2026-05-25 03:11:47,626 - INFO - [891/2069] Biological assembly already cached: 5HKX-assembly1.cif
2026-05-25 03:11:47,827 - INFO - [892/2069] Asymmetric unit already cached: 5HKY.cif
2026-05-25 03:11:47,827 - INFO - [892/2069] Biological assembly already cached: 5HKY-assembly1.cif
2026-05-25 03:11:48,027 - INFO - [893/2069] Asymmetric unit already cached: 5HKZ.cif
2026-05-25 03:11:48,027 - INFO - [893/2069] Biological assembly already cached: 5HKZ-assembly1.cif
2026-05-25 03:11:48,228 - INFO - [894/2069] Asymmetric unit already cached: 5HL0.cif
2026-05-25 03:11:48,228 - INFO - [894/2069] Biological assembly already cached: 5HL0-assembly1.cif
2026-05-25 03:11:48,428 - INFO - [895/2069] Asymmetric unit already cached: 5HMH.cif
2026-05-25 03:11:48,428 - INFO - [895/2069] Biological assembly already cached: 5HMH-assembly1.cif
2026-05-25 03:11:48,628 - INFO - [896/2069] Asymmetric unit already cached: 5HMI.cif
2026-05-25 03:11:48,629 - INFO - [896/2069] Biological assembly already cached: 5HMI-assembly1.cif
2026-05-25 03:11:48,829 - INFO - [897/2069] Asymmetric unit already cached: 5HMK.cif
2026-05-25 03:11:48,829 - INFO - [897/2069] Biological assembly already cached: 5HMK-assembly1.cif
2026-05-25 03:11:49,029 - INFO - [898/2069] Asymmetric unit already cached: 5HPK.cif
2026-05-25 03:11:49,029 - INFO - [898/2069] Biological assembly already cached: 5HPK-assembly1.cif
2026-05-25 03:11:49,230 - INFO - [899/2069] Asymmetric unit already cached: 5HPS.cif
2026-05-25 03:11:49,230 - INFO - [899/2069] Biological assembly already cached: 5HPS-assembly1.cif
2026-05-25 03:11:49,430 - INFO - [900/2069] Asymmetric unit already cached: 5HPT.cif
2026-05-25 03:11:49,430 - INFO - [900/2069] Biological assembly already cached: 5HPT-assembly1.cif
2026-05-25 03:11:49,631 - INFO - [901/2069] Asymmetric unit already cached: 5HQG.cif
2026-05-25 03:11:49,631 - INFO - [901/2069] Biological assembly already cached: 5HQG-assembly1.cif
2026-05-25 03:11:49,831 - INFO - [902/2069] Asymmetric unit already cached: 5HVQ.cif
2026-05-25 03:11:49,831 - INFO - [902/2069] Biological assembly already cached: 5HVQ-assembly1.cif
2026-05-25 03:11:50,031 - INFO - [903/2069] Asymmetric unit already cached: 5I83.cif
2026-05-25 03:11:50,032 - INFO - [903/2069] Biological assembly already cached: 5I83-assembly1.cif
2026-05-25 03:11:50,232 - INFO - [904/2069] Asymmetric unit already cached: 5I86.cif
2026-05-25 03:11:50,232 - INFO - [904/2069] Biological assembly already cached: 5I86-assembly1.cif
2026-05-25 03:11:50,432 - INFO - [905/2069] Asymmetric unit already cached: 5I89.cif
2026-05-25 03:11:50,432 - INFO - [905/2069] Biological assembly already cached: 5I89-assembly1.cif
2026-05-25 03:11:50,633 - INFO - [906/2069] Asymmetric unit already cached: 5I8B.cif
2026-05-25 03:11:50,633 - INFO - [906/2069] Biological assembly already cached: 5I8B-assembly1.cif
2026-05-25 03:11:50,833 - INFO - [907/2069] Asymmetric unit already cached: 5I8G.cif
2026-05-25 03:11:50,833 - INFO - [907/2069] Biological assembly already cached: 5I8G-assembly1.cif
2026-05-25 03:11:51,034 - INFO - [908/2069] Asymmetric unit already cached: 5IAY.cif
2026-05-25 03:11:51,034 - INFO - [908/2069] Biological assembly already cached: 5IAY-assembly1.cif
2026-05-25 03:11:51,234 - INFO - [909/2069] Asymmetric unit already cached: 5IFR.cif
2026-05-25 03:11:51,234 - INFO - [909/2069] Biological assembly already cached: 5IFR-assembly1.cif
2026-05-25 03:11:51,434 - INFO - [910/2069] Asymmetric unit already cached: 5IGQ.cif
2026-05-25 03:11:51,435 - INFO - [910/2069] Biological assembly already cached: 5IGQ-assembly1.cif
2026-05-25 03:11:51,635 - INFO - [911/2069] Asymmetric unit already cached: 5IM8.cif
2026-05-25 03:11:51,635 - INFO - [911/2069] Biological assembly already cached: 5IM8-assembly1.cif
2026-05-25 03:11:51,835 - INFO - [912/2069] Asymmetric unit already cached: 5J0D.cif
2026-05-25 03:11:51,835 - INFO - [912/2069] Biological assembly already cached: 5J0D-assembly1.cif
2026-05-25 03:11:52,036 - INFO - [913/2069] Asymmetric unit already cached: 5J3X.cif
2026-05-25 03:11:52,036 - INFO - [913/2069] Biological assembly already cached: 5J3X-assembly1.cif
2026-05-25 03:11:52,236 - INFO - [914/2069] Asymmetric unit already cached: 5J7F.cif
2026-05-25 03:11:52,236 - INFO - [914/2069] Biological assembly already cached: 5J7F-assembly1.cif
2026-05-25 03:11:52,436 - INFO - [915/2069] Asymmetric unit already cached: 5J7G.cif
2026-05-25 03:11:52,437 - INFO - [915/2069] Biological assembly already cached: 5J7G-assembly1.cif
2026-05-25 03:11:52,637 - INFO - [916/2069] Asymmetric unit already cached: 5JEM.cif
2026-05-25 03:11:52,638 - INFO - [916/2069] Biological assembly already cached: 5JEM-assembly1.cif
2026-05-25 03:11:52,838 - INFO - [917/2069] Asymmetric unit already cached: 5JG6.cif
2026-05-25 03:11:52,838 - INFO - [917/2069] Biological assembly already cached: 5JG6-assembly1.cif
2026-05-25 03:11:53,038 - INFO - [918/2069] Asymmetric unit already cached: 5JH5.cif
2026-05-25 03:11:53,038 - INFO - [918/2069] Biological assembly already cached: 5JH5-assembly1.cif
2026-05-25 03:11:53,239 - INFO - [919/2069] Asymmetric unit already cached: 5JPX.cif
2026-05-25 03:11:53,239 - INFO - [919/2069] Biological assembly already cached: 5JPX-assembly1.cif
2026-05-25 03:11:53,439 - INFO - [920/2069] Asymmetric unit already cached: 5JW7.cif
2026-05-25 03:11:53,439 - INFO - [920/2069] Biological assembly already cached: 5JW7-assembly1.cif
2026-05-25 03:11:53,640 - INFO - [921/2069] Asymmetric unit already cached: 5K5F.cif
2026-05-25 03:11:53,640 - INFO - [921/2069] Biological assembly already cached: 5K5F-assembly1.cif
2026-05-25 03:11:53,840 - INFO - [922/2069] Asymmetric unit already cached: 5KH3.cif
2026-05-25 03:11:53,840 - INFO - [922/2069] Biological assembly already cached: 5KH3-assembly1.cif
2026-05-25 03:11:54,040 - INFO - [923/2069] Asymmetric unit already cached: 5KH7.cif
2026-05-25 03:11:54,041 - INFO - [923/2069] Biological assembly already cached: 5KH7-assembly1.cif
2026-05-25 03:11:54,241 - INFO - [924/2069] Asymmetric unit already cached: 5KH9.cif
2026-05-25 03:11:54,241 - INFO - [924/2069] Biological assembly already cached: 5KH9-assembly1.cif
2026-05-25 03:11:54,441 - INFO - [925/2069] Asymmetric unit already cached: 5KHR.cif
2026-05-25 03:11:54,441 - INFO - [925/2069] Biological assembly already cached: 5KHR-assembly1.cif
2026-05-25 03:11:54,642 - INFO - [926/2069] Asymmetric unit already cached: 5KHU.cif
2026-05-25 03:11:54,642 - INFO - [926/2069] Biological assembly already cached: 5KHU-assembly1.cif
2026-05-25 03:11:54,842 - INFO - [927/2069] Asymmetric unit already cached: 5KJ2.cif
2026-05-25 03:11:54,843 - INFO - [927/2069] Biological assembly already cached: 5KJ2-assembly1.cif
2026-05-25 03:11:55,043 - INFO - [928/2069] Asymmetric unit already cached: 5KTU.cif
2026-05-25 03:11:55,043 - INFO - [928/2069] Biological assembly already cached: 5KTU-assembly1.cif
2026-05-25 03:11:55,243 - INFO - [929/2069] Asymmetric unit already cached: 5KTW.cif
2026-05-25 03:11:55,243 - INFO - [929/2069] Biological assembly already cached: 5KTW-assembly1.cif
2026-05-25 03:11:55,444 - INFO - [930/2069] Asymmetric unit already cached: 5KTX.cif
2026-05-25 03:11:55,444 - INFO - [930/2069] Biological assembly already cached: 5KTX-assembly1.cif
2026-05-25 03:11:55,644 - INFO - [931/2069] Asymmetric unit already cached: 5L9T.cif
2026-05-25 03:11:55,644 - INFO - [931/2069] Biological assembly already cached: 5L9T-assembly1.cif
2026-05-25 03:11:55,845 - INFO - [932/2069] Asymmetric unit already cached: 5L9U.cif
2026-05-25 03:11:55,845 - INFO - [932/2069] Biological assembly already cached: 5L9U-assembly1.cif
2026-05-25 03:11:56,045 - INFO - [933/2069] Asymmetric unit already cached: 5LAV.cif
2026-05-25 03:11:56,045 - INFO - [933/2069] Biological assembly already cached: 5LAV-assembly1.cif
2026-05-25 03:11:56,245 - INFO - [934/2069] Asymmetric unit already cached: 5LAW.cif
2026-05-25 03:11:56,245 - INFO - [934/2069] Biological assembly already cached: 5LAW-assembly1.cif
2026-05-25 03:11:56,446 - INFO - [935/2069] Asymmetric unit already cached: 5LAY.cif
2026-05-25 03:11:56,446 - INFO - [935/2069] Biological assembly already cached: 5LAY-assembly1.cif
2026-05-25 03:11:56,646 - INFO - [936/2069] Asymmetric unit already cached: 5LAZ.cif
2026-05-25 03:11:56,646 - INFO - [936/2069] Biological assembly already cached: 5LAZ-assembly1.cif
2026-05-25 03:11:56,847 - INFO - [937/2069] Asymmetric unit already cached: 5LBN.cif
2026-05-25 03:11:56,847 - INFO - [937/2069] Biological assembly already cached: 5LBN-assembly1.cif
2026-05-25 03:11:57,047 - INFO - [938/2069] Asymmetric unit already cached: 5LCW.cif
2026-05-25 03:11:57,047 - INFO - [938/2069] Biological assembly already cached: 5LCW-assembly1.cif
2026-05-25 03:11:57,247 - INFO - [939/2069] Asymmetric unit already cached: 5LG0.cif
2026-05-25 03:11:57,248 - INFO - [939/2069] Biological assembly already cached: 5LG0-assembly1.cif
2026-05-25 03:11:57,448 - INFO - [940/2069] Asymmetric unit already cached: 5LG7.cif
2026-05-25 03:11:57,448 - INFO - [940/2069] Biological assembly already cached: 5LG7-assembly1.cif
2026-05-25 03:11:57,648 - INFO - [941/2069] Asymmetric unit already cached: 5LJN.cif
2026-05-25 03:11:57,649 - INFO - [941/2069] Biological assembly already cached: 5LJN-assembly1.cif
2026-05-25 03:11:57,849 - INFO - [942/2069] Asymmetric unit already cached: 5LKT.cif
2026-05-25 03:11:57,849 - INFO - [942/2069] Biological assembly already cached: 5LKT-assembly1.cif
2026-05-25 03:11:58,050 - INFO - [943/2069] Asymmetric unit already cached: 5LKU.cif
2026-05-25 03:11:58,050 - INFO - [943/2069] Biological assembly already cached: 5LKU-assembly1.cif
2026-05-25 03:11:58,250 - INFO - [944/2069] Asymmetric unit already cached: 5LKX.cif
2026-05-25 03:11:58,250 - INFO - [944/2069] Biological assembly already cached: 5LKX-assembly1.cif
2026-05-25 03:11:58,450 - INFO - [945/2069] Asymmetric unit already cached: 5LKZ.cif
2026-05-25 03:11:58,451 - INFO - [945/2069] Biological assembly already cached: 5LKZ-assembly1.cif
2026-05-25 03:11:58,651 - INFO - [946/2069] Asymmetric unit already cached: 5LN2.cif
2026-05-25 03:11:58,651 - INFO - [946/2069] Biological assembly already cached: 5LN2-assembly1.cif
2026-05-25 03:11:58,851 - INFO - [947/2069] Asymmetric unit already cached: 5LP8.cif
2026-05-25 03:11:58,851 - INFO - [947/2069] Biological assembly already cached: 5LP8-assembly1.cif
2026-05-25 03:11:59,052 - INFO - [948/2069] Asymmetric unit already cached: 5LPJ.cif
2026-05-25 03:11:59,052 - INFO - [948/2069] Biological assembly already cached: 5LPJ-assembly1.cif
2026-05-25 03:11:59,252 - INFO - [949/2069] Asymmetric unit already cached: 5LPK.cif
2026-05-25 03:11:59,253 - INFO - [949/2069] Biological assembly already cached: 5LPK-assembly1.cif
2026-05-25 03:11:59,453 - INFO - [950/2069] Asymmetric unit already cached: 5LPL.cif
2026-05-25 03:11:59,453 - INFO - [950/2069] Biological assembly already cached: 5LPL-assembly1.cif
2026-05-25 03:11:59,653 - INFO - [951/2069] Asymmetric unit already cached: 5LPM.cif
2026-05-25 03:11:59,653 - INFO - [951/2069] Biological assembly already cached: 5LPM-assembly1.cif
2026-05-25 03:11:59,854 - INFO - [952/2069] Asymmetric unit already cached: 5M6E.cif
2026-05-25 03:11:59,854 - INFO - [952/2069] Biological assembly already cached: 5M6E-assembly1.cif
2026-05-25 03:12:00,054 - INFO - [953/2069] Asymmetric unit already cached: 5M6F.cif
2026-05-25 03:12:00,054 - INFO - [953/2069] Biological assembly already cached: 5M6F-assembly1.cif
2026-05-25 03:12:00,254 - INFO - [954/2069] Asymmetric unit already cached: 5M6H.cif
2026-05-25 03:12:00,255 - INFO - [954/2069] Biological assembly already cached: 5M6H-assembly1.cif
2026-05-25 03:12:00,455 - INFO - [955/2069] Asymmetric unit already cached: 5M6L.cif
2026-05-25 03:12:00,455 - INFO - [955/2069] Biological assembly already cached: 5M6L-assembly1.cif
2026-05-25 03:12:00,655 - INFO - [956/2069] Asymmetric unit already cached: 5M6M.cif
2026-05-25 03:12:00,655 - INFO - [956/2069] Biological assembly already cached: 5M6M-assembly1.cif
2026-05-25 03:12:00,864 - INFO - [957/2069] Asymmetric unit already cached: 5M6N.cif
2026-05-25 03:12:00,864 - INFO - [957/2069] Biological assembly already cached: 5M6N-assembly1.cif
2026-05-25 03:12:01,064 - INFO - [958/2069] Asymmetric unit already cached: 5MME.cif
2026-05-25 03:12:01,065 - INFO - [958/2069] Biological assembly already cached: 5MME-assembly1.cif
2026-05-25 03:12:01,265 - INFO - [959/2069] Asymmetric unit already cached: 5MMG.cif
2026-05-25 03:12:01,265 - INFO - [959/2069] Biological assembly already cached: 5MMG-assembly1.cif
2026-05-25 03:12:01,465 - INFO - [960/2069] Asymmetric unit already cached: 5MNJ.cif
2026-05-25 03:12:01,466 - INFO - [960/2069] Biological assembly already cached: 5MNJ-assembly1.cif
2026-05-25 03:12:01,666 - INFO - [961/2069] Asymmetric unit already cached: 5MPK.cif
2026-05-25 03:12:01,666 - INFO - [961/2069] Biological assembly already cached: 5MPK-assembly1.cif
2026-05-25 03:12:01,866 - INFO - [962/2069] Asymmetric unit already cached: 5MPN.cif
2026-05-25 03:12:01,867 - INFO - [962/2069] Biological assembly already cached: 5MPN-assembly1.cif
2026-05-25 03:12:02,067 - INFO - [963/2069] Asymmetric unit already cached: 5MPZ.cif
2026-05-25 03:12:02,067 - INFO - [963/2069] Biological assembly already cached: 5MPZ-assembly1.cif
2026-05-25 03:12:02,267 - INFO - [964/2069] Asymmetric unit already cached: 5MQE.cif
2026-05-25 03:12:02,267 - INFO - [964/2069] Biological assembly already cached: 5MQE-assembly1.cif
2026-05-25 03:12:02,468 - INFO - [965/2069] Asymmetric unit already cached: 5MQF.cif
2026-05-25 03:12:02,468 - INFO - [965/2069] Biological assembly already cached: 5MQF-assembly1.cif
2026-05-25 03:12:02,668 - INFO - [966/2069] Asymmetric unit already cached: 5MQG.cif
2026-05-25 03:12:02,669 - INFO - [966/2069] Biological assembly already cached: 5MQG-assembly1.cif
2026-05-25 03:12:02,869 - INFO - [967/2069] Asymmetric unit already cached: 5MQK.cif
2026-05-25 03:12:02,869 - INFO - [967/2069] Biological assembly already cached: 5MQK-assembly1.cif
2026-05-25 03:12:03,069 - INFO - [968/2069] Asymmetric unit already cached: 5MR8.cif
2026-05-25 03:12:03,070 - INFO - [968/2069] Biological assembly already cached: 5MR8-assembly1.cif
2026-05-25 03:12:03,270 - INFO - [969/2069] Asymmetric unit already cached: 5N2W.cif
2026-05-25 03:12:03,270 - INFO - [969/2069] Biological assembly already cached: 5N2W-assembly1.cif
2026-05-25 03:12:03,470 - INFO - [970/2069] Asymmetric unit already cached: 5N38.cif
2026-05-25 03:12:03,470 - INFO - [970/2069] Biological assembly already cached: 5N38-assembly1.cif
2026-05-25 03:12:03,671 - INFO - [971/2069] Asymmetric unit already cached: 5N4W.cif
2026-05-25 03:12:03,671 - INFO - [971/2069] Biological assembly already cached: 5N4W-assembly1.cif
2026-05-25 03:12:03,871 - INFO - [972/2069] Asymmetric unit already cached: 5NGZ.cif
2026-05-25 03:12:03,871 - INFO - [972/2069] Biological assembly already cached: 5NGZ-assembly1.cif
2026-05-25 03:12:04,072 - INFO - [973/2069] Asymmetric unit already cached: 5NLK.cif
2026-05-25 03:12:04,072 - INFO - [973/2069] Biological assembly already cached: 5NLK-assembly1.cif
2026-05-25 03:12:04,272 - INFO - [974/2069] Asymmetric unit already cached: 5NRW.cif
2026-05-25 03:12:04,272 - INFO - [974/2069] Biological assembly already cached: 5NRW-assembly1.cif
2026-05-25 03:12:04,472 - INFO - [975/2069] Asymmetric unit already cached: 5NT1.cif
2026-05-25 03:12:04,472 - INFO - [975/2069] Biological assembly already cached: 5NT1-assembly1.cif
2026-05-25 03:12:04,673 - INFO - [976/2069] Asymmetric unit already cached: 5NT2.cif
2026-05-25 03:12:04,673 - INFO - [976/2069] Biological assembly already cached: 5NT2-assembly1.cif
2026-05-25 03:12:04,873 - INFO - [977/2069] Asymmetric unit already cached: 5NU3.cif
2026-05-25 03:12:04,873 - INFO - [977/2069] Biological assembly already cached: 5NU3-assembly1.cif
2026-05-25 03:12:05,074 - INFO - [978/2069] Asymmetric unit already cached: 5NU5.cif
2026-05-25 03:12:05,074 - INFO - [978/2069] Biological assembly already cached: 5NU5-assembly1.cif
2026-05-25 03:12:05,274 - INFO - [979/2069] Asymmetric unit already cached: 5O6C.cif
2026-05-25 03:12:05,274 - INFO - [979/2069] Biological assembly already cached: 5O6C-assembly1.cif
2026-05-25 03:12:05,474 - INFO - [980/2069] Asymmetric unit already cached: 5O6T.cif
2026-05-25 03:12:05,474 - INFO - [980/2069] Biological assembly already cached: 5O6T-assembly1.cif
2026-05-25 03:12:05,675 - INFO - [981/2069] Asymmetric unit already cached: 5O75.cif
2026-05-25 03:12:05,675 - INFO - [981/2069] Biological assembly already cached: 5O75-assembly1.cif
2026-05-25 03:12:05,875 - INFO - [982/2069] Asymmetric unit already cached: 5O76.cif
2026-05-25 03:12:05,875 - INFO - [982/2069] Biological assembly already cached: 5O76-assembly1.cif
2026-05-25 03:12:06,075 - INFO - [983/2069] Asymmetric unit already cached: 5OAI.cif
2026-05-25 03:12:06,076 - INFO - [983/2069] Biological assembly already cached: 5OAI-assembly1.cif
2026-05-25 03:12:06,276 - INFO - [984/2069] Asymmetric unit already cached: 5OC8.cif
2026-05-25 03:12:06,276 - INFO - [984/2069] Biological assembly already cached: 5OC8-assembly1.cif
2026-05-25 03:12:06,476 - INFO - [985/2069] Asymmetric unit already cached: 5OJJ.cif
2026-05-25 03:12:06,476 - INFO - [985/2069] Biological assembly already cached: 5OJJ-assembly1.cif
2026-05-25 03:12:06,677 - INFO - [986/2069] Asymmetric unit already cached: 5OLM.cif
2026-05-25 03:12:06,677 - INFO - [986/2069] Biological assembly already cached: 5OLM-assembly1.cif
2026-05-25 03:12:06,877 - INFO - [987/2069] Asymmetric unit already cached: 5OQW.cif
2026-05-25 03:12:06,877 - INFO - [987/2069] Biological assembly already cached: 5OQW-assembly1.cif
2026-05-25 03:12:07,078 - INFO - [988/2069] Asymmetric unit already cached: 5OWK.cif
2026-05-25 03:12:07,078 - INFO - [988/2069] Biological assembly already cached: 5OWK-assembly1.cif
2026-05-25 03:12:07,278 - INFO - [989/2069] Asymmetric unit already cached: 5SVH.cif
2026-05-25 03:12:07,278 - INFO - [989/2069] Biological assembly already cached: 5SVH-assembly1.cif
2026-05-25 03:12:07,478 - INFO - [990/2069] Asymmetric unit already cached: 5SWK.cif
2026-05-25 03:12:07,479 - INFO - [990/2069] Biological assembly already cached: 5SWK-assembly1.cif
2026-05-25 03:12:07,679 - INFO - [991/2069] Asymmetric unit already cached: 5SXP.cif
2026-05-25 03:12:07,680 - INFO - [991/2069] Biological assembly already cached: 5SXP-assembly1.cif
2026-05-25 03:12:07,880 - INFO - [992/2069] Asymmetric unit already cached: 5TB6.cif
2026-05-25 03:12:07,880 - INFO - [992/2069] Biological assembly already cached: 5TB6-assembly1.cif
2026-05-25 03:12:08,080 - INFO - [993/2069] Asymmetric unit already cached: 5TDA.cif
2026-05-25 03:12:08,080 - INFO - [993/2069] Biological assembly already cached: 5TDA-assembly1.cif
2026-05-25 03:12:08,281 - INFO - [994/2069] Asymmetric unit already cached: 5TDB.cif
2026-05-25 03:12:08,281 - INFO - [994/2069] Biological assembly already cached: 5TDB-assembly1.cif
2026-05-25 03:12:08,481 - INFO - [995/2069] Asymmetric unit already cached: 5TDC.cif
2026-05-25 03:12:08,481 - INFO - [995/2069] Biological assembly already cached: 5TDC-assembly1.cif
2026-05-25 03:12:08,682 - INFO - [996/2069] Asymmetric unit already cached: 5TDD.cif
2026-05-25 03:12:08,682 - INFO - [996/2069] Biological assembly already cached: 5TDD-assembly1.cif
2026-05-25 03:12:08,882 - INFO - [997/2069] Asymmetric unit already cached: 5TJ7.cif
2026-05-25 03:12:08,882 - INFO - [997/2069] Biological assembly already cached: 5TJ7-assembly1.cif
2026-05-25 03:12:09,083 - INFO - [998/2069] Asymmetric unit already cached: 5TJ8.cif
2026-05-25 03:12:09,083 - INFO - [998/2069] Biological assembly already cached: 5TJ8-assembly1.cif
2026-05-25 03:12:09,283 - INFO - [999/2069] Asymmetric unit already cached: 5TJQ.cif
2026-05-25 03:12:09,283 - INFO - [999/2069] Biological assembly already cached: 5TJQ-assembly1.cif
2026-05-25 03:12:09,483 - INFO - [1000/2069] Asymmetric unit already cached: 5TR5.cif
2026-05-25 03:12:09,484 - INFO - [1000/2069] Biological assembly already cached: 5TR5-assembly1.cif
2026-05-25 03:12:09,684 - INFO - [1001/2069] Asymmetric unit already cached: 5TRB.cif
2026-05-25 03:12:09,684 - INFO - [1001/2069] Biological assembly already cached: 5TRB-assembly1.cif
2026-05-25 03:12:09,884 - INFO - [1002/2069] Asymmetric unit already cached: 5TRF.cif
2026-05-25 03:12:09,884 - INFO - [1002/2069] Biological assembly already cached: 5TRF-assembly1.cif
2026-05-25 03:12:10,085 - INFO - [1003/2069] Asymmetric unit already cached: 5TTE.cif
2026-05-25 03:12:10,085 - INFO - [1003/2069] Biological assembly already cached: 5TTE-assembly1.cif
2026-05-25 03:12:10,285 - INFO - [1004/2069] Asymmetric unit already cached: 5TUT.cif
2026-05-25 03:12:10,285 - INFO - [1004/2069] Biological assembly already cached: 5TUT-assembly1.cif
2026-05-25 03:12:10,486 - INFO - [1005/2069] Asymmetric unit already cached: 5UDH.cif
2026-05-25 03:12:10,486 - INFO - [1005/2069] Biological assembly already cached: 5UDH-assembly1.cif
2026-05-25 03:12:10,686 - INFO - [1006/2069] Asymmetric unit already cached: 5ULF.cif
2026-05-25 03:12:10,686 - INFO - [1006/2069] Biological assembly already cached: 5ULF-assembly1.cif
2026-05-25 03:12:10,886 - INFO - [1007/2069] Asymmetric unit already cached: 5ULH.cif
2026-05-25 03:12:10,886 - INFO - [1007/2069] Biological assembly already cached: 5ULH-assembly1.cif
2026-05-25 03:12:11,087 - INFO - [1008/2069] Asymmetric unit already cached: 5ULK.cif
2026-05-25 03:12:11,087 - INFO - [1008/2069] Biological assembly already cached: 5ULK-assembly1.cif
2026-05-25 03:12:11,287 - INFO - [1009/2069] Asymmetric unit already cached: 5UM3.cif
2026-05-25 03:12:11,287 - INFO - [1009/2069] Biological assembly already cached: 5UM3-assembly1.cif
2026-05-25 03:12:11,488 - INFO - [1010/2069] Asymmetric unit already cached: 5UML.cif
2026-05-25 03:12:11,488 - INFO - [1010/2069] Biological assembly already cached: 5UML-assembly1.cif
2026-05-25 03:12:11,688 - INFO - [1011/2069] Asymmetric unit already cached: 5UMM.cif
2026-05-25 03:12:11,688 - INFO - [1011/2069] Biological assembly already cached: 5UMM-assembly1.cif
2026-05-25 03:12:11,888 - INFO - [1012/2069] Asymmetric unit already cached: 5VEY.cif
2026-05-25 03:12:11,889 - INFO - [1012/2069] Biological assembly already cached: 5VEY-assembly1.cif
2026-05-25 03:12:12,089 - INFO - [1013/2069] Asymmetric unit already cached: 5VF0.cif
2026-05-25 03:12:12,089 - INFO - [1013/2069] Biological assembly already cached: 5VF0-assembly1.cif
2026-05-25 03:12:12,289 - INFO - [1014/2069] Asymmetric unit already cached: 5VK0.cif
2026-05-25 03:12:12,289 - INFO - [1014/2069] Biological assembly already cached: 5VK0-assembly1.cif
2026-05-25 03:12:12,490 - INFO - [1015/2069] Asymmetric unit already cached: 5VK1.cif
2026-05-25 03:12:12,490 - INFO - [1015/2069] Biological assembly already cached: 5VK1-assembly1.cif
2026-05-25 03:12:12,690 - INFO - [1016/2069] Asymmetric unit already cached: 5VNZ.cif
2026-05-25 03:12:12,691 - INFO - [1016/2069] Biological assembly already cached: 5VNZ-assembly1.cif
2026-05-25 03:12:12,891 - INFO - [1017/2069] Asymmetric unit already cached: 5VO0.cif
2026-05-25 03:12:12,891 - INFO - [1017/2069] Biological assembly already cached: 5VO0-assembly1.cif
2026-05-25 03:12:13,091 - INFO - [1018/2069] Asymmetric unit already cached: 5VZV.cif
2026-05-25 03:12:13,091 - INFO - [1018/2069] Biological assembly already cached: 5VZV-assembly1.cif
2026-05-25 03:12:13,292 - INFO - [1019/2069] Asymmetric unit already cached: 5VZW.cif
2026-05-25 03:12:13,292 - INFO - [1019/2069] Biological assembly already cached: 5VZW-assembly1.cif
2026-05-25 03:12:13,492 - INFO - [1020/2069] Asymmetric unit already cached: 5W0E.cif
2026-05-25 03:12:13,492 - INFO - [1020/2069] Biological assembly already cached: 5W0E-assembly1.cif
2026-05-25 03:12:13,693 - INFO - [1021/2069] Asymmetric unit already cached: 5W0F.cif
2026-05-25 03:12:13,693 - INFO - [1021/2069] Biological assembly already cached: 5W0F-assembly1.cif
2026-05-25 03:12:13,893 - INFO - [1022/2069] Asymmetric unit already cached: 5W0L.cif
2026-05-25 03:12:13,893 - INFO - [1022/2069] Biological assembly already cached: 5W0L-assembly1.cif
2026-05-25 03:12:14,094 - INFO - [1023/2069] Asymmetric unit already cached: 5W0Q.cif
2026-05-25 03:12:14,094 - INFO - [1023/2069] Biological assembly already cached: 5W0Q-assembly1.cif
2026-05-25 03:12:14,294 - INFO - [1024/2069] Asymmetric unit already cached: 5W87.cif
2026-05-25 03:12:14,294 - INFO - [1024/2069] Biological assembly already cached: 5W87-assembly1.cif
2026-05-25 03:12:14,494 - INFO - [1025/2069] Asymmetric unit already cached: 5WBN.cif
2026-05-25 03:12:14,495 - INFO - [1025/2069] Biological assembly already cached: 5WBN-assembly1.cif
2026-05-25 03:12:14,695 - INFO - [1026/2069] Asymmetric unit already cached: 5WPB.cif
2026-05-25 03:12:14,695 - INFO - [1026/2069] Biological assembly already cached: 5WPB-assembly1.cif
2026-05-25 03:12:14,895 - INFO - [1027/2069] Asymmetric unit already cached: 5WTS.cif
2026-05-25 03:12:14,895 - INFO - [1027/2069] Biological assembly already cached: 5WTS-assembly1.cif
2026-05-25 03:12:15,096 - INFO - [1028/2069] Asymmetric unit already cached: 5WWW.cif
2026-05-25 03:12:15,096 - INFO - [1028/2069] Biological assembly already cached: 5WWW-assembly1.cif
2026-05-25 03:12:15,296 - INFO - [1029/2069] Asymmetric unit already cached: 5WWX.cif
2026-05-25 03:12:15,296 - INFO - [1029/2069] Biological assembly already cached: 5WWX-assembly1.cif
2026-05-25 03:12:15,497 - INFO - [1030/2069] Asymmetric unit already cached: 5WWZ.cif
2026-05-25 03:12:15,497 - INFO - [1030/2069] Biological assembly already cached: 5WWZ-assembly1.cif
2026-05-25 03:12:15,697 - INFO - [1031/2069] Asymmetric unit already cached: 5WY5.cif
2026-05-25 03:12:15,697 - INFO - [1031/2069] Biological assembly already cached: 5WY5-assembly1.cif
2026-05-25 03:12:15,898 - INFO - [1032/2069] Asymmetric unit already cached: 5WZZ.cif
2026-05-25 03:12:15,898 - INFO - [1032/2069] Biological assembly already cached: 5WZZ-assembly1.cif
2026-05-25 03:12:16,098 - INFO - [1033/2069] Asymmetric unit already cached: 5X0W.cif
2026-05-25 03:12:16,098 - INFO - [1033/2069] Biological assembly already cached: 5X0W-assembly1.cif
2026-05-25 03:12:16,299 - INFO - [1034/2069] Asymmetric unit already cached: 5XEK.cif
2026-05-25 03:12:16,299 - INFO - [1034/2069] Biological assembly already cached: 5XEK-assembly1.cif
2026-05-25 03:12:16,499 - INFO - [1035/2069] Asymmetric unit already cached: 5XIS.cif
2026-05-25 03:12:16,499 - INFO - [1035/2069] Biological assembly already cached: 5XIS-assembly1.cif
2026-05-25 03:12:16,699 - INFO - [1036/2069] Asymmetric unit already cached: 5XIT.cif
2026-05-25 03:12:16,700 - INFO - [1036/2069] Biological assembly already cached: 5XIT-assembly1.cif
2026-05-25 03:12:16,900 - INFO - [1037/2069] Asymmetric unit already cached: 5XIU.cif
2026-05-25 03:12:16,900 - INFO - [1037/2069] Biological assembly already cached: 5XIU-assembly1.cif
2026-05-25 03:12:17,100 - INFO - [1038/2069] Asymmetric unit already cached: 5XJC.cif
2026-05-25 03:12:17,100 - INFO - [1038/2069] Biological assembly already cached: 5XJC-assembly1.cif
2026-05-25 03:12:17,301 - INFO - [1039/2069] Asymmetric unit already cached: 5XPI.cif
2026-05-25 03:12:17,301 - INFO - [1039/2069] Biological assembly already cached: 5XPI-assembly1.cif
2026-05-25 03:12:17,501 - INFO - [1040/2069] Asymmetric unit already cached: 5XXH.cif
2026-05-25 03:12:17,501 - INFO - [1040/2069] Biological assembly already cached: 5XXH-assembly1.cif
2026-05-25 03:12:17,702 - INFO - [1041/2069] Asymmetric unit already cached: 5XXK.cif
2026-05-25 03:12:17,702 - INFO - [1041/2069] Biological assembly already cached: 5XXK-assembly1.cif
2026-05-25 03:12:17,903 - INFO - [1042/2069] Asymmetric unit already cached: 5XZC.cif
2026-05-25 03:12:17,903 - INFO - [1042/2069] Biological assembly already cached: 5XZC-assembly1.cif
2026-05-25 03:12:18,103 - INFO - [1043/2069] Asymmetric unit already cached: 5YC1.cif
2026-05-25 03:12:18,103 - INFO - [1043/2069] Biological assembly already cached: 5YC1-assembly1.cif
2026-05-25 03:12:18,303 - INFO - [1044/2069] Asymmetric unit already cached: 5YCO.cif
2026-05-25 03:12:18,303 - INFO - [1044/2069] Biological assembly already cached: 5YCO-assembly1.cif
2026-05-25 03:12:18,504 - INFO - [1045/2069] Asymmetric unit already cached: 5YDK.cif
2026-05-25 03:12:18,504 - INFO - [1045/2069] Biological assembly already cached: 5YDK-assembly1.cif
2026-05-25 03:12:18,704 - INFO - [1046/2069] Asymmetric unit already cached: 5YP7.cif
2026-05-25 03:12:18,704 - INFO - [1046/2069] Biological assembly already cached: 5YP7-assembly1.cif
2026-05-25 03:12:18,905 - INFO - [1047/2069] Asymmetric unit already cached: 5YP8.cif
2026-05-25 03:12:18,905 - INFO - [1047/2069] Biological assembly already cached: 5YP8-assembly1.cif
2026-05-25 03:12:19,105 - INFO - [1048/2069] Asymmetric unit already cached: 5YPA.cif
2026-05-25 03:12:19,105 - INFO - [1048/2069] Biological assembly already cached: 5YPA-assembly1.cif
2026-05-25 03:12:19,306 - INFO - [1049/2069] Asymmetric unit already cached: 5YPB.cif
2026-05-25 03:12:19,306 - INFO - [1049/2069] Biological assembly already cached: 5YPB-assembly1.cif
2026-05-25 03:12:19,506 - INFO - [1050/2069] Asymmetric unit already cached: 5YPC.cif
2026-05-25 03:12:19,506 - INFO - [1050/2069] Biological assembly already cached: 5YPC-assembly1.cif
2026-05-25 03:12:19,706 - INFO - [1051/2069] Asymmetric unit already cached: 5YPE.cif
2026-05-25 03:12:19,707 - INFO - [1051/2069] Biological assembly already cached: 5YPE-assembly1.cif
2026-05-25 03:12:19,907 - INFO - [1052/2069] Asymmetric unit already cached: 5YPF.cif
2026-05-25 03:12:19,907 - INFO - [1052/2069] Biological assembly already cached: 5YPF-assembly1.cif
2026-05-25 03:12:20,107 - INFO - [1053/2069] Asymmetric unit already cached: 5YPG.cif
2026-05-25 03:12:20,107 - INFO - [1053/2069] Biological assembly already cached: 5YPG-assembly1.cif
2026-05-25 03:12:20,308 - INFO - [1054/2069] Asymmetric unit already cached: 5YPH.cif
2026-05-25 03:12:20,308 - INFO - [1054/2069] Biological assembly already cached: 5YPH-assembly1.cif
2026-05-25 03:12:20,508 - INFO - [1055/2069] Asymmetric unit already cached: 5YUF.cif
2026-05-25 03:12:20,509 - INFO - [1055/2069] Biological assembly already cached: 5YUF-assembly1.cif
2026-05-25 03:12:20,709 - INFO - [1056/2069] Asymmetric unit already cached: 5YWR.cif
2026-05-25 03:12:20,709 - INFO - [1056/2069] Biological assembly already cached: 5YWR-assembly1.cif
2026-05-25 03:12:20,909 - INFO - [1057/2069] Asymmetric unit already cached: 5YY9.cif
2026-05-25 03:12:20,909 - INFO - [1057/2069] Biological assembly already cached: 5YY9-assembly1.cif
2026-05-25 03:12:21,110 - INFO - [1058/2069] Asymmetric unit already cached: 5YYA.cif
2026-05-25 03:12:21,110 - INFO - [1058/2069] Biological assembly already cached: 5YYA-assembly1.cif
2026-05-25 03:12:21,310 - INFO - [1059/2069] Asymmetric unit already cached: 5YZG.cif
2026-05-25 03:12:21,310 - INFO - [1059/2069] Biological assembly already cached: 5YZG-assembly1.cif
2026-05-25 03:12:21,511 - INFO - [1060/2069] Asymmetric unit already cached: 5Z02.cif
2026-05-25 03:12:21,511 - INFO - [1060/2069] Biological assembly already cached: 5Z02-assembly1.cif
2026-05-25 03:12:21,711 - INFO - [1061/2069] Asymmetric unit already cached: 5Z56.cif
2026-05-25 03:12:21,711 - INFO - [1061/2069] Biological assembly already cached: 5Z56-assembly1.cif
2026-05-25 03:12:21,912 - INFO - [1062/2069] Asymmetric unit already cached: 5Z57.cif
2026-05-25 03:12:21,912 - INFO - [1062/2069] Biological assembly already cached: 5Z57-assembly1.cif
2026-05-25 03:12:22,112 - INFO - [1063/2069] Asymmetric unit already cached: 5Z58.cif
2026-05-25 03:12:22,112 - INFO - [1063/2069] Biological assembly already cached: 5Z58-assembly1.cif
2026-05-25 03:12:22,312 - INFO - [1064/2069] Asymmetric unit already cached: 5ZBU.cif
2026-05-25 03:12:22,313 - INFO - [1064/2069] Biological assembly already cached: 5ZBU-assembly1.cif
2026-05-25 03:12:22,513 - INFO - [1065/2069] Asymmetric unit already cached: 5ZC4.cif
2026-05-25 03:12:22,513 - INFO - [1065/2069] Biological assembly already cached: 5ZC4-assembly1.cif
2026-05-25 03:12:22,713 - INFO - [1066/2069] Asymmetric unit already cached: 5ZI6.cif
2026-05-25 03:12:22,714 - INFO - [1066/2069] Biological assembly already cached: 5ZI6-assembly1.cif
2026-05-25 03:12:22,914 - INFO - [1067/2069] Asymmetric unit already cached: 5ZUJ.cif
2026-05-25 03:12:22,914 - INFO - [1067/2069] Biological assembly already cached: 5ZUJ-assembly1.cif
2026-05-25 03:12:23,115 - INFO - [1068/2069] Asymmetric unit already cached: 5ZXF.cif
2026-05-25 03:12:23,115 - INFO - [1068/2069] Biological assembly already cached: 5ZXF-assembly1.cif
2026-05-25 03:12:23,315 - INFO - [1069/2069] Asymmetric unit already cached: 6A33.cif
2026-05-25 03:12:23,315 - INFO - [1069/2069] Biological assembly already cached: 6A33-assembly1.cif
2026-05-25 03:12:23,516 - INFO - [1070/2069] Asymmetric unit already cached: 6A3Z.cif
2026-05-25 03:12:23,516 - INFO - [1070/2069] Biological assembly already cached: 6A3Z-assembly1.cif
2026-05-25 03:12:23,716 - INFO - [1071/2069] Asymmetric unit already cached: 6AAW.cif
2026-05-25 03:12:23,716 - INFO - [1071/2069] Biological assembly already cached: 6AAW-assembly1.cif
2026-05-25 03:12:23,917 - INFO - [1072/2069] Asymmetric unit already cached: 6ALB.cif
2026-05-25 03:12:23,917 - INFO - [1072/2069] Biological assembly already cached: 6ALB-assembly1.cif
2026-05-25 03:12:24,117 - INFO - [1073/2069] Asymmetric unit already cached: 6ALC.cif
2026-05-25 03:12:24,117 - INFO - [1073/2069] Biological assembly already cached: 6ALC-assembly1.cif
2026-05-25 03:12:24,318 - INFO - [1074/2069] Asymmetric unit already cached: 6AXQ.cif
2026-05-25 03:12:24,318 - INFO - [1074/2069] Biological assembly already cached: 6AXQ-assembly1.cif
2026-05-25 03:12:24,518 - INFO - [1075/2069] Asymmetric unit already cached: 6AY3.cif
2026-05-25 03:12:24,518 - INFO - [1075/2069] Biological assembly already cached: 6AY3-assembly1.cif
2026-05-25 03:12:24,719 - INFO - [1076/2069] Asymmetric unit already cached: 6AY5.cif
2026-05-25 03:12:24,719 - INFO - [1076/2069] Biological assembly already cached: 6AY5-assembly1.cif
2026-05-25 03:12:24,919 - INFO - [1077/2069] Asymmetric unit already cached: 6B9M.cif
2026-05-25 03:12:24,919 - INFO - [1077/2069] Biological assembly already cached: 6B9M-assembly1.cif
2026-05-25 03:12:25,119 - INFO - [1078/2069] Asymmetric unit already cached: 6CE6.cif
2026-05-25 03:12:25,120 - INFO - [1078/2069] Biological assembly already cached: 6CE6-assembly1.cif
2026-05-25 03:12:25,320 - INFO - [1079/2069] Asymmetric unit already cached: 6CE8.cif
2026-05-25 03:12:25,320 - INFO - [1079/2069] Biological assembly already cached: 6CE8-assembly1.cif
2026-05-25 03:12:25,520 - INFO - [1080/2069] Asymmetric unit already cached: 6CEA.cif
2026-05-25 03:12:25,521 - INFO - [1080/2069] Biological assembly already cached: 6CEA-assembly1.cif
2026-05-25 03:12:25,721 - INFO - [1081/2069] Asymmetric unit already cached: 6CEC.cif
2026-05-25 03:12:25,721 - INFO - [1081/2069] Biological assembly already cached: 6CEC-assembly1.cif
2026-05-25 03:12:25,921 - INFO - [1082/2069] Asymmetric unit already cached: 6CED.cif
2026-05-25 03:12:25,921 - INFO - [1082/2069] Biological assembly already cached: 6CED-assembly1.cif
2026-05-25 03:12:26,122 - INFO - [1083/2069] Asymmetric unit already cached: 6CEE.cif
2026-05-25 03:12:26,122 - INFO - [1083/2069] Biological assembly already cached: 6CEE-assembly1.cif
2026-05-25 03:12:26,322 - INFO - [1084/2069] Asymmetric unit already cached: 6CEF.cif
2026-05-25 03:12:26,322 - INFO - [1084/2069] Biological assembly already cached: 6CEF-assembly1.cif
2026-05-25 03:12:26,522 - INFO - [1085/2069] Asymmetric unit already cached: 6CF6.cif
2026-05-25 03:12:26,523 - INFO - [1085/2069] Biological assembly already cached: 6CF6-assembly1.cif
2026-05-25 03:12:26,723 - INFO - [1086/2069] Asymmetric unit already cached: 6CP0.cif
2026-05-25 03:12:26,723 - INFO - [1086/2069] Biological assembly already cached: 6CP0-assembly1.cif
2026-05-25 03:12:26,923 - INFO - [1087/2069] Asymmetric unit already cached: 6CP2.cif
2026-05-25 03:12:26,923 - INFO - [1087/2069] Biological assembly already cached: 6CP2-assembly1.cif
2026-05-25 03:12:27,124 - INFO - [1088/2069] Asymmetric unit already cached: 6CVZ.cif
2026-05-25 03:12:27,124 - INFO - [1088/2069] Biological assembly already cached: 6CVZ-assembly1.cif
2026-05-25 03:12:27,324 - INFO - [1089/2069] Asymmetric unit already cached: 6CYO.cif
2026-05-25 03:12:27,324 - INFO - [1089/2069] Biological assembly already cached: 6CYO-assembly1.cif
2026-05-25 03:12:27,525 - INFO - [1090/2069] Asymmetric unit already cached: 6CYR.cif
2026-05-25 03:12:27,525 - INFO - [1090/2069] Biological assembly already cached: 6CYR-assembly1.cif
2026-05-25 03:12:27,725 - INFO - [1091/2069] Asymmetric unit already cached: 6D4P.cif
2026-05-25 03:12:27,726 - INFO - [1091/2069] Biological assembly already cached: 6D4P-assembly1.cif
2026-05-25 03:12:27,926 - INFO - [1092/2069] Asymmetric unit already cached: 6D68.cif
2026-05-25 03:12:27,927 - INFO - [1092/2069] Biological assembly already cached: 6D68-assembly1.cif
2026-05-25 03:12:28,127 - INFO - [1093/2069] Asymmetric unit already cached: 6D6I.cif
2026-05-25 03:12:28,127 - INFO - [1093/2069] Biological assembly already cached: 6D6I-assembly1.cif
2026-05-25 03:12:28,327 - INFO - [1094/2069] Asymmetric unit already cached: 6DJW.cif
2026-05-25 03:12:28,327 - INFO - [1094/2069] Biological assembly already cached: 6DJW-assembly1.cif
2026-05-25 03:12:28,528 - INFO - [1095/2069] Asymmetric unit already cached: 6DJX.cif
2026-05-25 03:12:28,528 - INFO - [1095/2069] Biological assembly already cached: 6DJX-assembly1.cif
2026-05-25 03:12:28,728 - INFO - [1096/2069] Asymmetric unit already cached: 6DMK.cif
2026-05-25 03:12:28,728 - INFO - [1096/2069] Biological assembly already cached: 6DMK-assembly1.cif
2026-05-25 03:12:28,929 - INFO - [1097/2069] Asymmetric unit already cached: 6DS6.cif
2026-05-25 03:12:28,929 - INFO - [1097/2069] Biological assembly already cached: 6DS6-assembly1.cif
2026-05-25 03:12:29,129 - INFO - [1098/2069] Asymmetric unit already cached: 6E5X.cif
2026-05-25 03:12:29,129 - INFO - [1098/2069] Biological assembly already cached: 6E5X-assembly1.cif
2026-05-25 03:12:29,330 - INFO - [1099/2069] Asymmetric unit already cached: 6EFK.cif
2026-05-25 03:12:29,330 - INFO - [1099/2069] Biological assembly already cached: 6EFK-assembly1.cif
2026-05-25 03:12:29,530 - INFO - [1100/2069] Asymmetric unit already cached: 6ES5.cif
2026-05-25 03:12:29,530 - INFO - [1100/2069] Biological assembly already cached: 6ES5-assembly1.cif
2026-05-25 03:12:29,730 - INFO - [1101/2069] Asymmetric unit already cached: 6ES6.cif
2026-05-25 03:12:29,730 - INFO - [1101/2069] Biological assembly already cached: 6ES6-assembly1.cif
2026-05-25 03:12:29,931 - INFO - [1102/2069] Asymmetric unit already cached: 6ES7.cif
2026-05-25 03:12:29,931 - INFO - [1102/2069] Biological assembly already cached: 6ES7-assembly1.cif
2026-05-25 03:12:30,131 - INFO - [1103/2069] Asymmetric unit already cached: 6EXW.cif
2026-05-25 03:12:30,131 - INFO - [1103/2069] Biological assembly already cached: 6EXW-assembly1.cif
2026-05-25 03:12:30,332 - INFO - [1104/2069] Asymmetric unit already cached: 6EY2.cif
2026-05-25 03:12:30,332 - INFO - [1104/2069] Biological assembly already cached: 6EY2-assembly1.cif
2026-05-25 03:12:30,532 - INFO - [1105/2069] Asymmetric unit already cached: 6FF4.cif
2026-05-25 03:12:30,532 - INFO - [1105/2069] Biological assembly already cached: 6FF4-assembly1.cif
2026-05-25 03:12:30,732 - INFO - [1106/2069] Asymmetric unit already cached: 6FF7.cif
2026-05-25 03:12:30,733 - INFO - [1106/2069] Biological assembly already cached: 6FF7-assembly1.cif
2026-05-25 03:12:30,933 - INFO - [1107/2069] Asymmetric unit already cached: 6FGA.cif
2026-05-25 03:12:30,933 - INFO - [1107/2069] Biological assembly already cached: 6FGA-assembly1.cif
2026-05-25 03:12:31,133 - INFO - [1108/2069] Asymmetric unit already cached: 6FGN.cif
2026-05-25 03:12:31,133 - INFO - [1108/2069] Biological assembly already cached: 6FGN-assembly1.cif
2026-05-25 03:12:31,334 - INFO - [1109/2069] Asymmetric unit already cached: 6FGS.cif
2026-05-25 03:12:31,334 - INFO - [1109/2069] Biological assembly already cached: 6FGS-assembly1.cif
2026-05-25 03:12:31,534 - INFO - [1110/2069] Asymmetric unit already cached: 6FLM.cif
2026-05-25 03:12:31,534 - INFO - [1110/2069] Biological assembly already cached: 6FLM-assembly1.cif
2026-05-25 03:12:31,735 - INFO - [1111/2069] Asymmetric unit already cached: 6FLN.cif
2026-05-25 03:12:31,735 - INFO - [1111/2069] Biological assembly already cached: 6FLN-assembly1.cif
2026-05-25 03:12:31,935 - INFO - [1112/2069] Asymmetric unit already cached: 6FQO.cif
2026-05-25 03:12:31,935 - INFO - [1112/2069] Biological assembly already cached: 6FQO-assembly1.cif
2026-05-25 03:12:32,135 - INFO - [1113/2069] Asymmetric unit already cached: 6FQT.cif
2026-05-25 03:12:32,136 - INFO - [1113/2069] Biological assembly already cached: 6FQT-assembly1.cif
2026-05-25 03:12:32,336 - INFO - [1114/2069] Asymmetric unit already cached: 6FQU.cif
2026-05-25 03:12:32,336 - INFO - [1114/2069] Biological assembly already cached: 6FQU-assembly1.cif
2026-05-25 03:12:32,536 - INFO - [1115/2069] Asymmetric unit already cached: 6FR0.cif
2026-05-25 03:12:32,537 - INFO - [1115/2069] Biological assembly already cached: 6FR0-assembly1.cif
2026-05-25 03:12:32,737 - INFO - [1116/2069] Asymmetric unit already cached: 6FRF.cif
2026-05-25 03:12:32,737 - INFO - [1116/2069] Biological assembly already cached: 6FRF-assembly1.cif
2026-05-25 03:12:32,938 - INFO - [1117/2069] Asymmetric unit already cached: 6FX4.cif
2026-05-25 03:12:32,938 - INFO - [1117/2069] Biological assembly already cached: 6FX4-assembly1.cif
2026-05-25 03:12:33,138 - INFO - [1118/2069] Asymmetric unit already cached: 6FYH.cif
2026-05-25 03:12:33,138 - INFO - [1118/2069] Biological assembly already cached: 6FYH-assembly1.cif
2026-05-25 03:12:33,338 - INFO - [1119/2069] Asymmetric unit already cached: 6G2I.cif
2026-05-25 03:12:33,339 - INFO - [1119/2069] Biological assembly already cached: 6G2I-assembly1.cif
2026-05-25 03:12:33,539 - INFO - [1120/2069] Asymmetric unit already cached: 6GGN.cif
2026-05-25 03:12:33,539 - INFO - [1120/2069] Biological assembly already cached: 6GGN-assembly1.cif
2026-05-25 03:12:33,739 - INFO - [1121/2069] Asymmetric unit already cached: 6GJW.cif
2026-05-25 03:12:33,739 - INFO - [1121/2069] Biological assembly already cached: 6GJW-assembly1.cif
2026-05-25 03:12:33,940 - INFO - [1122/2069] Asymmetric unit already cached: 6GLC.cif
2026-05-25 03:12:33,940 - INFO - [1122/2069] Biological assembly already cached: 6GLC-assembly1.cif
2026-05-25 03:12:34,140 - INFO - [1123/2069] Asymmetric unit already cached: 6GYR.cif
2026-05-25 03:12:34,140 - INFO - [1123/2069] Biological assembly already cached: 6GYR-assembly1.cif
2026-05-25 03:12:34,340 - INFO - [1124/2069] Asymmetric unit already cached: 6GYT.cif
2026-05-25 03:12:34,341 - INFO - [1124/2069] Biological assembly already cached: 6GYT-assembly1.cif
2026-05-25 03:12:34,541 - INFO - [1125/2069] Asymmetric unit already cached: 6GZY.cif
2026-05-25 03:12:34,541 - INFO - [1125/2069] Biological assembly already cached: 6GZY-assembly1.cif
2026-05-25 03:12:34,741 - INFO - [1126/2069] Asymmetric unit already cached: 6H22.cif
2026-05-25 03:12:34,741 - INFO - [1126/2069] Biological assembly already cached: 6H22-assembly1.cif
2026-05-25 03:12:34,942 - INFO - [1127/2069] Asymmetric unit already cached: 6H3A.cif
2026-05-25 03:12:34,942 - INFO - [1127/2069] Biological assembly already cached: 6H3A-assembly1.cif
2026-05-25 03:12:35,142 - INFO - [1128/2069] Asymmetric unit already cached: 6H6Q.cif
2026-05-25 03:12:35,142 - INFO - [1128/2069] Biological assembly already cached: 6H6Q-assembly1.cif
2026-05-25 03:12:35,342 - INFO - [1129/2069] Asymmetric unit already cached: 6H6R.cif
2026-05-25 03:12:35,343 - INFO - [1129/2069] Biological assembly already cached: 6H6R-assembly1.cif
2026-05-25 03:12:35,543 - INFO - [1130/2069] Asymmetric unit already cached: 6HFA.cif
2026-05-25 03:12:35,543 - INFO - [1130/2069] Biological assembly already cached: 6HFA-assembly1.cif
2026-05-25 03:12:35,743 - INFO - [1131/2069] Asymmetric unit already cached: 6HPR.cif
2026-05-25 03:12:35,743 - INFO - [1131/2069] Biological assembly already cached: 6HPR-assembly1.cif
2026-05-25 03:12:35,944 - INFO - [1132/2069] Asymmetric unit already cached: 6HUE.cif
2026-05-25 03:12:35,944 - INFO - [1132/2069] Biological assembly already cached: 6HUE-assembly1.cif
2026-05-25 03:12:36,144 - INFO - [1133/2069] Asymmetric unit already cached: 6I29.cif
2026-05-25 03:12:36,144 - INFO - [1133/2069] Biological assembly already cached: 6I29-assembly1.cif
2026-05-25 03:12:36,345 - INFO - [1134/2069] Asymmetric unit already cached: 6I3S.cif
2026-05-25 03:12:36,345 - INFO - [1134/2069] Biological assembly already cached: 6I3S-assembly1.cif
2026-05-25 03:12:36,545 - INFO - [1135/2069] Asymmetric unit already cached: 6I9H.cif
2026-05-25 03:12:36,545 - INFO - [1135/2069] Biological assembly already cached: 6I9H-assembly1.cif
2026-05-25 03:12:36,746 - INFO - [1136/2069] Asymmetric unit already cached: 6ICZ.cif
2026-05-25 03:12:36,746 - INFO - [1136/2069] Biological assembly already cached: 6ICZ-assembly1.cif
2026-05-25 03:12:36,946 - INFO - [1137/2069] Asymmetric unit already cached: 6ID0.cif
2026-05-25 03:12:36,946 - INFO - [1137/2069] Biological assembly already cached: 6ID0-assembly1.cif
2026-05-25 03:12:37,147 - INFO - [1138/2069] Asymmetric unit already cached: 6ID1.cif
2026-05-25 03:12:37,147 - INFO - [1138/2069] Biological assembly already cached: 6ID1-assembly1.cif
2026-05-25 03:12:37,347 - INFO - [1139/2069] Asymmetric unit already cached: 6IF1.cif
2026-05-25 03:12:37,347 - INFO - [1139/2069] Biological assembly already cached: 6IF1-assembly1.cif
2026-05-25 03:12:37,548 - INFO - [1140/2069] Asymmetric unit already cached: 6IIW.cif
2026-05-25 03:12:37,548 - INFO - [1140/2069] Biological assembly already cached: 6IIW-assembly1.cif
2026-05-25 03:12:37,748 - INFO - [1141/2069] Asymmetric unit already cached: 6IM9.cif
2026-05-25 03:12:37,748 - INFO - [1141/2069] Biological assembly already cached: 6IM9-assembly1.cif
2026-05-25 03:12:37,949 - INFO - [1142/2069] Asymmetric unit already cached: 6IMQ.cif
2026-05-25 03:12:37,949 - INFO - [1142/2069] Biological assembly already cached: 6IMQ-assembly1.cif
2026-05-25 03:12:38,149 - INFO - [1143/2069] Asymmetric unit already cached: 6IR0.cif
2026-05-25 03:12:38,149 - INFO - [1143/2069] Biological assembly already cached: 6IR0-assembly1.cif
2026-05-25 03:12:38,350 - INFO - [1144/2069] Asymmetric unit already cached: 6J1X.cif
2026-05-25 03:12:38,350 - INFO - [1144/2069] Biological assembly already cached: 6J1X-assembly1.cif
2026-05-25 03:12:38,550 - INFO - [1145/2069] Asymmetric unit already cached: 6J1Y.cif
2026-05-25 03:12:38,550 - INFO - [1145/2069] Biological assembly already cached: 6J1Y-assembly1.cif
2026-05-25 03:12:38,751 - INFO - [1146/2069] Asymmetric unit already cached: 6J1Z.cif
2026-05-25 03:12:38,751 - INFO - [1146/2069] Biological assembly already cached: 6J1Z-assembly1.cif
2026-05-25 03:12:38,951 - INFO - [1147/2069] Asymmetric unit already cached: 6JB6.cif
2026-05-25 03:12:38,951 - INFO - [1147/2069] Biological assembly already cached: 6JB6-assembly1.cif
2026-05-25 03:12:39,152 - INFO - [1148/2069] Asymmetric unit already cached: 6JB7.cif
2026-05-25 03:12:39,152 - INFO - [1148/2069] Biological assembly already cached: 6JB7-assembly1.cif
2026-05-25 03:12:39,352 - INFO - [1149/2069] Asymmetric unit already cached: 6JKY.cif
2026-05-25 03:12:39,352 - INFO - [1149/2069] Biological assembly already cached: 6JKY-assembly1.cif
2026-05-25 03:12:39,552 - INFO - [1150/2069] Asymmetric unit already cached: 6JM4.cif
2026-05-25 03:12:39,553 - INFO - [1150/2069] Biological assembly already cached: 6JM4-assembly1.cif
2026-05-25 03:12:39,753 - INFO - [1151/2069] Asymmetric unit already cached: 6JX5.cif
2026-05-25 03:12:39,753 - INFO - [1151/2069] Biological assembly already cached: 6JX5-assembly1.cif
2026-05-25 03:12:39,954 - INFO - [1152/2069] Asymmetric unit already cached: 6K2C.cif
2026-05-25 03:12:39,954 - INFO - [1152/2069] Biological assembly already cached: 6K2C-assembly1.cif
2026-05-25 03:12:40,154 - INFO - [1153/2069] Asymmetric unit already cached: 6K2K.cif
2026-05-25 03:12:40,154 - INFO - [1153/2069] Biological assembly already cached: 6K2K-assembly1.cif
2026-05-25 03:12:40,355 - INFO - [1154/2069] Asymmetric unit already cached: 6K4N.cif
2026-05-25 03:12:40,355 - INFO - [1154/2069] Biological assembly already cached: 6K4N-assembly1.cif
2026-05-25 03:12:40,555 - INFO - [1155/2069] Asymmetric unit already cached: 6KC5.cif
2026-05-25 03:12:40,555 - INFO - [1155/2069] Biological assembly already cached: 6KC5-assembly1.cif
2026-05-25 03:12:40,755 - INFO - [1156/2069] Asymmetric unit already cached: 6KC6.cif
2026-05-25 03:12:40,756 - INFO - [1156/2069] Biological assembly already cached: 6KC6-assembly1.cif
2026-05-25 03:12:40,956 - INFO - [1157/2069] Asymmetric unit already cached: 6KCS.cif
2026-05-25 03:12:40,956 - INFO - [1157/2069] Biological assembly already cached: 6KCS-assembly1.cif
2026-05-25 03:12:41,156 - INFO - [1158/2069] Asymmetric unit already cached: 6KFP.cif
2026-05-25 03:12:41,156 - INFO - [1158/2069] Biological assembly already cached: 6KFP-assembly1.cif
2026-05-25 03:12:41,357 - INFO - [1159/2069] Asymmetric unit already cached: 6KG6.cif
2026-05-25 03:12:41,357 - INFO - [1159/2069] Biological assembly already cached: 6KG6-assembly1.cif
2026-05-25 03:12:41,557 - INFO - [1160/2069] Asymmetric unit already cached: 6KHZ.cif
2026-05-25 03:12:41,557 - INFO - [1160/2069] Biological assembly already cached: 6KHZ-assembly1.cif
2026-05-25 03:12:41,758 - INFO - [1161/2069] Asymmetric unit already cached: 6KIW.cif
2026-05-25 03:12:41,758 - INFO - [1161/2069] Biological assembly already cached: 6KIW-assembly1.cif
2026-05-25 03:12:41,958 - INFO - [1162/2069] Asymmetric unit already cached: 6KL4.cif
2026-05-25 03:12:41,958 - INFO - [1162/2069] Biological assembly already cached: 6KL4-assembly1.cif
2026-05-25 03:12:42,158 - INFO - [1163/2069] Asymmetric unit already cached: 6KZU.cif
2026-05-25 03:12:42,159 - INFO - [1163/2069] Biological assembly already cached: 6KZU-assembly1.cif
2026-05-25 03:12:42,359 - INFO - [1164/2069] Asymmetric unit already cached: 6L99.cif
2026-05-25 03:12:42,359 - INFO - [1164/2069] Biological assembly already cached: 6L99-assembly1.cif
2026-05-25 03:12:42,559 - INFO - [1165/2069] Asymmetric unit already cached: 6LOH.cif
2026-05-25 03:12:42,559 - INFO - [1165/2069] Biological assembly already cached: 6LOH-assembly1.cif
2026-05-25 03:12:42,760 - INFO - [1166/2069] Asymmetric unit already cached: 6LP2.cif
2026-05-25 03:12:42,760 - INFO - [1166/2069] Biological assembly already cached: 6LP2-assembly1.cif
2026-05-25 03:12:42,960 - INFO - [1167/2069] Asymmetric unit already cached: 6LQX.cif
2026-05-25 03:12:42,961 - INFO - [1167/2069] Biological assembly already cached: 6LQX-assembly1.cif
2026-05-25 03:12:43,161 - INFO - [1168/2069] Asymmetric unit already cached: 6M14.cif
2026-05-25 03:12:43,161 - INFO - [1168/2069] Biological assembly already cached: 6M14-assembly1.cif
2026-05-25 03:12:43,361 - INFO - [1169/2069] Asymmetric unit already cached: 6M2C.cif
2026-05-25 03:12:43,361 - INFO - [1169/2069] Biological assembly already cached: 6M2C-assembly1.cif
2026-05-25 03:12:43,562 - INFO - [1170/2069] Asymmetric unit already cached: 6M2D.cif
2026-05-25 03:12:43,562 - INFO - [1170/2069] Biological assembly already cached: 6M2D-assembly1.cif
2026-05-25 03:12:43,762 - INFO - [1171/2069] Asymmetric unit already cached: 6M64.cif
2026-05-25 03:12:43,762 - INFO - [1171/2069] Biological assembly already cached: 6M64-assembly1.cif
2026-05-25 03:12:43,963 - INFO - [1172/2069] Asymmetric unit already cached: 6MIU.cif
2026-05-25 03:12:43,963 - INFO - [1172/2069] Biological assembly already cached: 6MIU-assembly1.cif
2026-05-25 03:12:44,163 - INFO - [1173/2069] Asymmetric unit already cached: 6MIW.cif
2026-05-25 03:12:44,163 - INFO - [1173/2069] Biological assembly already cached: 6MIW-assembly1.cif
2026-05-25 03:12:44,364 - INFO - [1174/2069] Asymmetric unit already cached: 6MJ7.cif
2026-05-25 03:12:44,364 - INFO - [1174/2069] Biological assembly already cached: 6MJ7-assembly1.cif
2026-05-25 03:12:44,564 - INFO - [1175/2069] Asymmetric unit already cached: 6MLC.cif
2026-05-25 03:12:44,564 - INFO - [1175/2069] Biological assembly already cached: 6MLC-assembly1.cif
2026-05-25 03:12:44,764 - INFO - [1176/2069] Asymmetric unit already cached: 6N13.cif
2026-05-25 03:12:44,765 - INFO - [1176/2069] Biological assembly already cached: 6N13-assembly1.cif
2026-05-25 03:12:44,965 - INFO - [1177/2069] Asymmetric unit already cached: 6NMI.cif
2026-05-25 03:12:44,965 - INFO - [1177/2069] Biological assembly already cached: 6NMI-assembly1.cif
2026-05-25 03:12:45,165 - INFO - [1178/2069] Asymmetric unit already cached: 6NSV.cif
2026-05-25 03:12:45,165 - INFO - [1178/2069] Biological assembly already cached: 6NSV-assembly1.cif
2026-05-25 03:12:45,366 - INFO - [1179/2069] Asymmetric unit already cached: 6NYO.cif
2026-05-25 03:12:45,366 - INFO - [1179/2069] Biological assembly already cached: 6NYO-assembly1.cif
2026-05-25 03:12:45,566 - INFO - [1180/2069] Asymmetric unit already cached: 6O02.cif
2026-05-25 03:12:45,566 - INFO - [1180/2069] Biological assembly already cached: 6O02-assembly1.cif
2026-05-25 03:12:45,767 - INFO - [1181/2069] Asymmetric unit already cached: 6O03.cif
2026-05-25 03:12:45,767 - INFO - [1181/2069] Biological assembly already cached: 6O03-assembly1.cif
2026-05-25 03:12:45,967 - INFO - [1182/2069] Asymmetric unit already cached: 6O7G.cif
2026-05-25 03:12:45,967 - INFO - [1182/2069] Biological assembly already cached: 6O7G-assembly1.cif
2026-05-25 03:12:46,167 - INFO - [1183/2069] Asymmetric unit already cached: 6O9L.cif
2026-05-25 03:12:46,168 - INFO - [1183/2069] Biological assembly already cached: 6O9L-assembly1.cif
2026-05-25 03:12:46,368 - INFO - [1184/2069] Asymmetric unit already cached: 6O9M.cif
2026-05-25 03:12:46,368 - INFO - [1184/2069] Biological assembly already cached: 6O9M-assembly1.cif
2026-05-25 03:12:46,568 - INFO - [1185/2069] Asymmetric unit already cached: 6P5B.cif
2026-05-25 03:12:46,568 - INFO - [1185/2069] Biological assembly already cached: 6P5B-assembly1.cif
2026-05-25 03:12:46,769 - INFO - [1186/2069] Asymmetric unit already cached: 6PF1.cif
2026-05-25 03:12:46,769 - INFO - [1186/2069] Biological assembly already cached: 6PF1-assembly1.cif
2026-05-25 03:12:46,969 - INFO - [1187/2069] Asymmetric unit already cached: 6PFL.cif
2026-05-25 03:12:46,969 - INFO - [1187/2069] Biological assembly already cached: 6PFL-assembly1.cif
2026-05-25 03:12:47,170 - INFO - [1188/2069] Asymmetric unit already cached: 6PGU.cif
2026-05-25 03:12:47,170 - INFO - [1188/2069] Biological assembly already cached: 6PGU-assembly1.cif
2026-05-25 03:12:47,370 - INFO - [1189/2069] Asymmetric unit already cached: 6Q6G.cif
2026-05-25 03:12:47,370 - INFO - [1189/2069] Biological assembly already cached: 6Q6G-assembly1.cif
2026-05-25 03:12:47,571 - INFO - [1190/2069] Asymmetric unit already cached: 6Q6H.cif
2026-05-25 03:12:47,571 - INFO - [1190/2069] Biological assembly already cached: 6Q6H-assembly1.cif
2026-05-25 03:12:47,771 - INFO - [1191/2069] Asymmetric unit already cached: 6Q96.cif
2026-05-25 03:12:47,771 - INFO - [1191/2069] Biological assembly already cached: 6Q96-assembly1.cif
2026-05-25 03:12:47,972 - INFO - [1192/2069] Asymmetric unit already cached: 6Q9H.cif
2026-05-25 03:12:47,972 - INFO - [1192/2069] Biological assembly already cached: 6Q9H-assembly1.cif
2026-05-25 03:12:48,172 - INFO - [1193/2069] Asymmetric unit already cached: 6Q9L.cif
2026-05-25 03:12:48,173 - INFO - [1193/2069] Biological assembly already cached: 6Q9L-assembly1.cif
2026-05-25 03:12:48,373 - INFO - [1194/2069] Asymmetric unit already cached: 6Q9O.cif
2026-05-25 03:12:48,373 - INFO - [1194/2069] Biological assembly already cached: 6Q9O-assembly1.cif
2026-05-25 03:12:48,573 - INFO - [1195/2069] Asymmetric unit already cached: 6Q9Q.cif
2026-05-25 03:12:48,573 - INFO - [1195/2069] Biological assembly already cached: 6Q9Q-assembly1.cif
2026-05-25 03:12:48,774 - INFO - [1196/2069] Asymmetric unit already cached: 6Q9S.cif
2026-05-25 03:12:48,774 - INFO - [1196/2069] Biological assembly already cached: 6Q9S-assembly1.cif
2026-05-25 03:12:48,974 - INFO - [1197/2069] Asymmetric unit already cached: 6Q9U.cif
2026-05-25 03:12:48,974 - INFO - [1197/2069] Biological assembly already cached: 6Q9U-assembly1.cif
2026-05-25 03:12:49,175 - INFO - [1198/2069] Asymmetric unit already cached: 6Q9W.cif
2026-05-25 03:12:49,175 - INFO - [1198/2069] Biological assembly already cached: 6Q9W-assembly1.cif
2026-05-25 03:12:49,375 - INFO - [1199/2069] Asymmetric unit already cached: 6Q9Y.cif
2026-05-25 03:12:49,375 - INFO - [1199/2069] Biological assembly already cached: 6Q9Y-assembly1.cif
2026-05-25 03:12:49,576 - INFO - [1200/2069] Asymmetric unit already cached: 6QAJ.cif
2026-05-25 03:12:49,576 - INFO - [1200/2069] Biological assembly already cached: 6QAJ-assembly1.cif
2026-05-25 03:12:49,776 - INFO - [1201/2069] Asymmetric unit already cached: 6QCI.cif
2026-05-25 03:12:49,776 - INFO - [1201/2069] Biological assembly already cached: 6QCI-assembly1.cif
2026-05-25 03:12:49,977 - INFO - [1202/2069] Asymmetric unit already cached: 6QDV.cif
2026-05-25 03:12:49,977 - INFO - [1202/2069] Biological assembly already cached: 6QDV-assembly1.cif
2026-05-25 03:12:50,177 - INFO - [1203/2069] Asymmetric unit already cached: 6QH3.cif
2026-05-25 03:12:50,177 - INFO - [1203/2069] Biological assembly already cached: 6QH3-assembly1.cif
2026-05-25 03:12:50,378 - INFO - [1204/2069] Asymmetric unit already cached: 6QHK.cif
2026-05-25 03:12:50,378 - INFO - [1204/2069] Biological assembly already cached: 6QHK-assembly1.cif
2026-05-25 03:12:50,578 - INFO - [1205/2069] Asymmetric unit already cached: 6QLY.cif
2026-05-25 03:12:50,578 - INFO - [1205/2069] Biological assembly already cached: 6QLY-assembly1.cif
2026-05-25 03:12:50,778 - INFO - [1206/2069] Asymmetric unit already cached: 6QLZ.cif
2026-05-25 03:12:50,779 - INFO - [1206/2069] Biological assembly already cached: 6QLZ-assembly1.cif
2026-05-25 03:12:50,979 - INFO - [1207/2069] Asymmetric unit already cached: 6QST.cif
2026-05-25 03:12:50,979 - INFO - [1207/2069] Biological assembly already cached: 6QST-assembly1.cif
2026-05-25 03:12:51,179 - INFO - [1208/2069] Asymmetric unit already cached: 6QU1.cif
2026-05-25 03:12:51,179 - INFO - [1208/2069] Biological assembly already cached: 6QU1-assembly1.cif
2026-05-25 03:12:51,380 - INFO - [1209/2069] Asymmetric unit already cached: 6R6H.cif
2026-05-25 03:12:51,380 - INFO - [1209/2069] Biological assembly already cached: 6R6H-assembly1.cif
2026-05-25 03:12:51,580 - INFO - [1210/2069] Asymmetric unit already cached: 6R75.cif
2026-05-25 03:12:51,580 - INFO - [1210/2069] Biological assembly already cached: 6R75-assembly1.cif
2026-05-25 03:12:51,781 - INFO - [1211/2069] Asymmetric unit already cached: 6R7F.cif
2026-05-25 03:12:51,781 - INFO - [1211/2069] Biological assembly already cached: 6R7F-assembly1.cif
2026-05-25 03:12:51,981 - INFO - [1212/2069] Asymmetric unit already cached: 6R7H.cif
2026-05-25 03:12:51,981 - INFO - [1212/2069] Biological assembly already cached: 6R7H-assembly1.cif
2026-05-25 03:12:52,182 - INFO - [1213/2069] Asymmetric unit already cached: 6R7I.cif
2026-05-25 03:12:52,182 - INFO - [1213/2069] Biological assembly already cached: 6R7I-assembly1.cif
2026-05-25 03:12:52,382 - INFO - [1214/2069] Asymmetric unit already cached: 6R7N.cif
2026-05-25 03:12:52,382 - INFO - [1214/2069] Biological assembly already cached: 6R7N-assembly1.cif
2026-05-25 03:12:52,582 - INFO - [1215/2069] Asymmetric unit already cached: 6RSS.cif
2026-05-25 03:12:52,583 - INFO - [1215/2069] Biological assembly already cached: 6RSS-assembly1.cif
2026-05-25 03:12:52,783 - INFO - [1216/2069] Asymmetric unit already cached: 6S53.cif
2026-05-25 03:12:52,783 - INFO - [1216/2069] Biological assembly already cached: 6S53-assembly1.cif
2026-05-25 03:12:52,984 - INFO - [1217/2069] Asymmetric unit already cached: 6S96.cif
2026-05-25 03:12:52,984 - INFO - [1217/2069] Biological assembly already cached: 6S96-assembly1.cif
2026-05-25 03:12:53,184 - INFO - [1218/2069] Asymmetric unit already cached: 6S98.cif
2026-05-25 03:12:53,184 - INFO - [1218/2069] Biological assembly already cached: 6S98-assembly1.cif
2026-05-25 03:12:53,384 - INFO - [1219/2069] Asymmetric unit already cached: 6SC5.cif
2026-05-25 03:12:53,385 - INFO - [1219/2069] Biological assembly already cached: 6SC5-assembly1.cif
2026-05-25 03:12:53,585 - INFO - [1220/2069] Asymmetric unit already cached: 6SC6.cif
2026-05-25 03:12:53,585 - INFO - [1220/2069] Biological assembly already cached: 6SC6-assembly1.cif
2026-05-25 03:12:53,785 - INFO - [1221/2069] Asymmetric unit already cached: 6SC7.cif
2026-05-25 03:12:53,785 - INFO - [1221/2069] Biological assembly already cached: 6SC7-assembly1.cif
2026-05-25 03:12:53,986 - INFO - [1222/2069] Asymmetric unit already cached: 6SC8.cif
2026-05-25 03:12:53,986 - INFO - [1222/2069] Biological assembly already cached: 6SC8-assembly1.cif
2026-05-25 03:12:54,186 - INFO - [1223/2069] Asymmetric unit already cached: 6SC9.cif
2026-05-25 03:12:54,186 - INFO - [1223/2069] Biological assembly already cached: 6SC9-assembly1.cif
2026-05-25 03:12:54,387 - INFO - [1224/2069] Asymmetric unit already cached: 6SJV.cif
2026-05-25 03:12:54,387 - INFO - [1224/2069] Biological assembly already cached: 6SJV-assembly1.cif
2026-05-25 03:12:54,587 - INFO - [1225/2069] Asymmetric unit already cached: 6SLM.cif
2026-05-25 03:12:54,587 - INFO - [1225/2069] Biological assembly already cached: 6SLM-assembly1.cif
2026-05-25 03:12:54,787 - INFO - [1226/2069] Asymmetric unit already cached: 6SQE.cif
2026-05-25 03:12:54,788 - INFO - [1226/2069] Biological assembly already cached: 6SQE-assembly1.cif
2026-05-25 03:12:54,988 - INFO - [1227/2069] Asymmetric unit already cached: 6SQF.cif
2026-05-25 03:12:54,988 - INFO - [1227/2069] Biological assembly already cached: 6SQF-assembly1.cif
2026-05-25 03:12:55,188 - INFO - [1228/2069] Asymmetric unit already cached: 6SQM.cif
2026-05-25 03:12:55,188 - INFO - [1228/2069] Biological assembly already cached: 6SQM-assembly1.cif
2026-05-25 03:12:55,389 - INFO - [1229/2069] Asymmetric unit already cached: 6SQO.cif
2026-05-25 03:12:55,389 - INFO - [1229/2069] Biological assembly already cached: 6SQO-assembly1.cif
2026-05-25 03:12:55,589 - INFO - [1230/2069] Asymmetric unit already cached: 6SQR.cif
2026-05-25 03:12:55,589 - INFO - [1230/2069] Biological assembly already cached: 6SQR-assembly1.cif
2026-05-25 03:12:55,790 - INFO - [1231/2069] Asymmetric unit already cached: 6SQS.cif
2026-05-25 03:12:55,790 - INFO - [1231/2069] Biological assembly already cached: 6SQS-assembly1.cif
2026-05-25 03:12:55,990 - INFO - [1232/2069] Asymmetric unit already cached: 6SXX.cif
2026-05-25 03:12:55,990 - INFO - [1232/2069] Biological assembly already cached: 6SXX-assembly1.cif
2026-05-25 03:12:56,190 - INFO - [1233/2069] Asymmetric unit already cached: 6SYF.cif
2026-05-25 03:12:56,191 - INFO - [1233/2069] Biological assembly already cached: 6SYF-assembly1.cif
2026-05-25 03:12:56,391 - INFO - [1234/2069] Asymmetric unit already cached: 6T2D.cif
2026-05-25 03:12:56,391 - INFO - [1234/2069] Biological assembly already cached: 6T2D-assembly1.cif
2026-05-25 03:12:56,591 - INFO - [1235/2069] Asymmetric unit already cached: 6T2E.cif
2026-05-25 03:12:56,591 - INFO - [1235/2069] Biological assembly already cached: 6T2E-assembly1.cif
2026-05-25 03:12:56,792 - INFO - [1236/2069] Asymmetric unit already cached: 6T2F.cif
2026-05-25 03:12:56,792 - INFO - [1236/2069] Biological assembly already cached: 6T2F-assembly1.cif
2026-05-25 03:12:56,992 - INFO - [1237/2069] Asymmetric unit already cached: 6T7F.cif
2026-05-25 03:12:56,992 - INFO - [1237/2069] Biological assembly already cached: 6T7F-assembly1.cif
2026-05-25 03:12:57,193 - INFO - [1238/2069] Asymmetric unit already cached: 6TGK.cif
2026-05-25 03:12:57,193 - INFO - [1238/2069] Biological assembly already cached: 6TGK-assembly1.cif
2026-05-25 03:12:57,393 - INFO - [1239/2069] Asymmetric unit already cached: 6TGY.cif
2026-05-25 03:12:57,393 - INFO - [1239/2069] Biological assembly already cached: 6TGY-assembly1.cif
2026-05-25 03:12:57,593 - INFO - [1240/2069] Asymmetric unit already cached: 6TH3.cif
2026-05-25 03:12:57,594 - INFO - [1240/2069] Biological assembly already cached: 6TH3-assembly1.cif
2026-05-25 03:12:57,794 - INFO - [1241/2069] Asymmetric unit already cached: 6TLJ.cif
2026-05-25 03:12:57,794 - INFO - [1241/2069] Biological assembly already cached: 6TLJ-assembly1.cif
2026-05-25 03:12:57,995 - INFO - [1242/2069] Asymmetric unit already cached: 6TM5.cif
2026-05-25 03:12:57,995 - INFO - [1242/2069] Biological assembly already cached: 6TM5-assembly1.cif
2026-05-25 03:12:58,195 - INFO - [1243/2069] Asymmetric unit already cached: 6TNT.cif
2026-05-25 03:12:58,195 - INFO - [1243/2069] Biological assembly already cached: 6TNT-assembly1.cif
2026-05-25 03:12:58,396 - INFO - [1244/2069] Asymmetric unit already cached: 6TTU.cif
2026-05-25 03:12:58,396 - INFO - [1244/2069] Biological assembly already cached: 6TTU-assembly1.cif
2026-05-25 03:12:58,596 - INFO - [1245/2069] Asymmetric unit already cached: 6TUN.cif
2026-05-25 03:12:58,596 - INFO - [1245/2069] Biological assembly already cached: 6TUN-assembly1.cif
2026-05-25 03:12:58,796 - INFO - [1246/2069] Asymmetric unit already cached: 6U19.cif
2026-05-25 03:12:58,797 - INFO - [1246/2069] Biological assembly already cached: 6U19-assembly1.cif
2026-05-25 03:12:58,997 - INFO - [1247/2069] Asymmetric unit already cached: 6ULH.cif
2026-05-25 03:12:58,997 - INFO - [1247/2069] Biological assembly already cached: 6ULH-assembly1.cif
2026-05-25 03:12:59,197 - INFO - [1248/2069] Asymmetric unit already cached: 6UMA.cif
2026-05-25 03:12:59,197 - INFO - [1248/2069] Biological assembly already cached: 6UMA-assembly1.cif
2026-05-25 03:12:59,398 - INFO - [1249/2069] Asymmetric unit already cached: 6UMB.cif
2026-05-25 03:12:59,398 - INFO - [1249/2069] Biological assembly already cached: 6UMB-assembly1.cif
2026-05-25 03:12:59,598 - INFO - [1250/2069] Asymmetric unit already cached: 6UMP.cif
2026-05-25 03:12:59,598 - INFO - [1250/2069] Biological assembly already cached: 6UMP-assembly1.cif
2026-05-25 03:12:59,799 - INFO - [1251/2069] Asymmetric unit already cached: 6UMS.cif
2026-05-25 03:12:59,799 - INFO - [1251/2069] Biological assembly already cached: 6UMS-assembly1.cif
2026-05-25 03:12:59,999 - INFO - [1252/2069] Asymmetric unit already cached: 6UYO.cif
2026-05-25 03:13:00,000 - INFO - [1252/2069] Biological assembly already cached: 6UYO-assembly1.cif
2026-05-25 03:13:00,200 - INFO - [1253/2069] Asymmetric unit already cached: 6UYP.cif
2026-05-25 03:13:00,200 - INFO - [1253/2069] Biological assembly already cached: 6UYP-assembly1.cif
2026-05-25 03:13:00,400 - INFO - [1254/2069] Asymmetric unit already cached: 6UYQ.cif
2026-05-25 03:13:00,401 - INFO - [1254/2069] Biological assembly already cached: 6UYQ-assembly1.cif
2026-05-25 03:13:00,601 - INFO - [1255/2069] Asymmetric unit already cached: 6UYR.cif
2026-05-25 03:13:00,601 - INFO - [1255/2069] Biological assembly already cached: 6UYR-assembly1.cif
2026-05-25 03:13:00,801 - INFO - [1256/2069] Asymmetric unit already cached: 6UYS.cif
2026-05-25 03:13:00,802 - INFO - [1256/2069] Biological assembly already cached: 6UYS-assembly1.cif
2026-05-25 03:13:01,002 - INFO - [1257/2069] Asymmetric unit already cached: 6UYT.cif
2026-05-25 03:13:01,002 - INFO - [1257/2069] Biological assembly already cached: 6UYT-assembly1.cif
2026-05-25 03:13:01,202 - INFO - [1258/2069] Asymmetric unit already cached: 6UYU.cif
2026-05-25 03:13:01,203 - INFO - [1258/2069] Biological assembly already cached: 6UYU-assembly1.cif
2026-05-25 03:13:01,403 - INFO - [1259/2069] Asymmetric unit already cached: 6UYV.cif
2026-05-25 03:13:01,403 - INFO - [1259/2069] Biological assembly already cached: 6UYV-assembly1.cif
2026-05-25 03:13:01,603 - INFO - [1260/2069] Asymmetric unit already cached: 6V8B.cif
2026-05-25 03:13:01,603 - INFO - [1260/2069] Biological assembly already cached: 6V8B-assembly1.cif
2026-05-25 03:13:01,804 - INFO - [1261/2069] Asymmetric unit already cached: 6V8K.cif
2026-05-25 03:13:01,804 - INFO - [1261/2069] Biological assembly already cached: 6V8K-assembly1.cif
2026-05-25 03:13:02,004 - INFO - [1262/2069] Asymmetric unit already cached: 6V8N.cif
2026-05-25 03:13:02,004 - INFO - [1262/2069] Biological assembly already cached: 6V8N-assembly1.cif
2026-05-25 03:13:02,205 - INFO - [1263/2069] Asymmetric unit already cached: 6V90.cif
2026-05-25 03:13:02,205 - INFO - [1263/2069] Biological assembly already cached: 6V90-assembly1.cif
2026-05-25 03:13:02,405 - INFO - [1264/2069] Asymmetric unit already cached: 6VCS.cif
2026-05-25 03:13:02,405 - INFO - [1264/2069] Biological assembly already cached: 6VCS-assembly1.cif
2026-05-25 03:13:02,606 - INFO - [1265/2069] Asymmetric unit already cached: 6VED.cif
2026-05-25 03:13:02,606 - INFO - [1265/2069] Biological assembly already cached: 6VED-assembly1.cif
2026-05-25 03:13:02,806 - INFO - [1266/2069] Asymmetric unit already cached: 6VYJ.cif
2026-05-25 03:13:02,806 - INFO - [1266/2069] Biological assembly already cached: 6VYJ-assembly1.cif
2026-05-25 03:13:03,007 - INFO - [1267/2069] Asymmetric unit already cached: 6W74.cif
2026-05-25 03:13:03,007 - INFO - [1267/2069] Biological assembly already cached: 6W74-assembly1.cif
2026-05-25 03:13:03,207 - INFO - [1268/2069] Asymmetric unit already cached: 6W7O.cif
2026-05-25 03:13:03,208 - INFO - [1268/2069] Biological assembly already cached: 6W7O-assembly1.cif
2026-05-25 03:13:03,408 - INFO - [1269/2069] Asymmetric unit already cached: 6W7Z.cif
2026-05-25 03:13:03,408 - INFO - [1269/2069] Biological assembly already cached: 6W7Z-assembly1.cif
2026-05-25 03:13:03,608 - INFO - [1270/2069] Asymmetric unit already cached: 6W8I.cif
2026-05-25 03:13:03,609 - INFO - [1270/2069] Biological assembly already cached: 6W8I-assembly1.cif
2026-05-25 03:13:03,809 - INFO - [1271/2069] Asymmetric unit already cached: 6W92.cif
2026-05-25 03:13:03,809 - INFO - [1271/2069] Biological assembly already cached: 6W92-assembly1.cif
2026-05-25 03:13:04,009 - INFO - [1272/2069] Asymmetric unit already cached: 6W9A.cif
2026-05-25 03:13:04,009 - INFO - [1272/2069] Biological assembly already cached: 6W9A-assembly1.cif
2026-05-25 03:13:04,210 - INFO - [1273/2069] Asymmetric unit already cached: 6W9D.cif
2026-05-25 03:13:04,210 - INFO - [1273/2069] Biological assembly already cached: 6W9D-assembly1.cif
2026-05-25 03:13:04,410 - INFO - [1274/2069] Asymmetric unit already cached: 6WHB.cif
2026-05-25 03:13:04,411 - INFO - [1274/2069] Biological assembly already cached: 6WHB-assembly1.cif
2026-05-25 03:13:04,611 - INFO - [1275/2069] Asymmetric unit already cached: 6WI7.cif
2026-05-25 03:13:04,611 - INFO - [1275/2069] Biological assembly already cached: 6WI7-assembly1.cif
2026-05-25 03:13:04,811 - INFO - [1276/2069] Asymmetric unit already cached: 6WI8.cif
2026-05-25 03:13:04,812 - INFO - [1276/2069] Biological assembly already cached: 6WI8-assembly1.cif
2026-05-25 03:13:05,012 - INFO - [1277/2069] Asymmetric unit already cached: 6WW3.cif
2026-05-25 03:13:05,012 - INFO - [1277/2069] Biological assembly already cached: 6WW3-assembly1.cif
2026-05-25 03:13:05,212 - INFO - [1278/2069] Asymmetric unit already cached: 6WW4.cif
2026-05-25 03:13:05,213 - INFO - [1278/2069] Biological assembly already cached: 6WW4-assembly1.cif
2026-05-25 03:13:05,413 - INFO - [1279/2069] Asymmetric unit already cached: 6XAR.cif
2026-05-25 03:13:05,413 - INFO - [1279/2069] Biological assembly already cached: 6XAR-assembly1.cif
2026-05-25 03:13:05,614 - INFO - [1280/2069] Asymmetric unit already cached: 6XBZ.cif
2026-05-25 03:13:05,614 - INFO - [1280/2069] Biological assembly already cached: 6XBZ-assembly1.cif
2026-05-25 03:13:05,814 - INFO - [1281/2069] Asymmetric unit already cached: 6XD3.cif
2026-05-25 03:13:05,814 - INFO - [1281/2069] Biological assembly already cached: 6XD3-assembly1.cif
2026-05-25 03:13:06,015 - INFO - [1282/2069] Asymmetric unit already cached: 6XXU.cif
2026-05-25 03:13:06,015 - INFO - [1282/2069] Biological assembly already cached: 6XXU-assembly1.cif
2026-05-25 03:13:06,215 - INFO - [1283/2069] Asymmetric unit already cached: 6Y22.cif
2026-05-25 03:13:06,215 - INFO - [1283/2069] Biological assembly already cached: 6Y22-assembly1.cif
2026-05-25 03:13:06,415 - INFO - [1284/2069] Asymmetric unit already cached: 6Y2X.cif
2026-05-25 03:13:06,416 - INFO - [1284/2069] Biological assembly already cached: 6Y2X-assembly1.cif
2026-05-25 03:13:06,616 - INFO - [1285/2069] Asymmetric unit already cached: 6Y3J.cif
2026-05-25 03:13:06,616 - INFO - [1285/2069] Biological assembly already cached: 6Y3J-assembly1.cif
2026-05-25 03:13:06,816 - INFO - [1286/2069] Asymmetric unit already cached: 6Y4Q.cif
2026-05-25 03:13:06,816 - INFO - [1286/2069] Biological assembly already cached: 6Y4Q-assembly1.cif
2026-05-25 03:13:07,017 - INFO - [1287/2069] Asymmetric unit already cached: 6Y5N.cif
2026-05-25 03:13:07,017 - INFO - [1287/2069] Biological assembly already cached: 6Y5N-assembly1.cif
2026-05-25 03:13:07,217 - INFO - [1288/2069] Asymmetric unit already cached: 6Y5P.cif
2026-05-25 03:13:07,217 - INFO - [1288/2069] Biological assembly already cached: 6Y5P-assembly1.cif
2026-05-25 03:13:07,418 - INFO - [1289/2069] Asymmetric unit already cached: 6YIJ.cif
2026-05-25 03:13:07,418 - INFO - [1289/2069] Biological assembly already cached: 6YIJ-assembly1.cif
2026-05-25 03:13:07,618 - INFO - [1290/2069] Asymmetric unit already cached: 6YIK.cif
2026-05-25 03:13:07,618 - INFO - [1290/2069] Biological assembly already cached: 6YIK-assembly1.cif
2026-05-25 03:13:07,819 - INFO - [1291/2069] Asymmetric unit already cached: 6YIL.cif
2026-05-25 03:13:07,819 - INFO - [1291/2069] Biological assembly already cached: 6YIL-assembly1.cif
2026-05-25 03:13:08,019 - INFO - [1292/2069] Asymmetric unit already cached: 6YIM.cif
2026-05-25 03:13:08,020 - INFO - [1292/2069] Biological assembly already cached: 6YIM-assembly1.cif
2026-05-25 03:13:08,220 - INFO - [1293/2069] Asymmetric unit already cached: 6YR5.cif
2026-05-25 03:13:08,220 - INFO - [1293/2069] Biological assembly already cached: 6YR5-assembly1.cif
2026-05-25 03:13:08,420 - INFO - [1294/2069] Asymmetric unit already cached: 6YR6.cif
2026-05-25 03:13:08,420 - INFO - [1294/2069] Biological assembly already cached: 6YR6-assembly1.cif
2026-05-25 03:13:08,621 - INFO - [1295/2069] Asymmetric unit already cached: 6YR7.cif
2026-05-25 03:13:08,621 - INFO - [1295/2069] Biological assembly already cached: 6YR7-assembly1.cif
2026-05-25 03:13:08,821 - INFO - [1296/2069] Asymmetric unit already cached: 6YXE.cif
2026-05-25 03:13:08,821 - INFO - [1296/2069] Biological assembly already cached: 6YXE-assembly1.cif
2026-05-25 03:13:09,021 - INFO - [1297/2069] Asymmetric unit already cached: 6ZBT.cif
2026-05-25 03:13:09,022 - INFO - [1297/2069] Biological assembly already cached: 6ZBT-assembly1.cif
2026-05-25 03:13:09,222 - INFO - [1298/2069] Asymmetric unit already cached: 6ZC9.cif
2026-05-25 03:13:09,222 - INFO - [1298/2069] Biological assembly already cached: 6ZC9-assembly1.cif
2026-05-25 03:13:09,422 - INFO - [1299/2069] Asymmetric unit already cached: 7A5P.cif
2026-05-25 03:13:09,422 - INFO - [1299/2069] Biological assembly already cached: 7A5P-assembly1.cif
2026-05-25 03:13:09,623 - INFO - [1300/2069] Asymmetric unit already cached: 7ABI.cif
2026-05-25 03:13:09,623 - INFO - [1300/2069] Biological assembly already cached: 7ABI-assembly1.cif
2026-05-25 03:13:09,823 - INFO - [1301/2069] Asymmetric unit already cached: 7AD0.cif
2026-05-25 03:13:09,823 - INFO - [1301/2069] Biological assembly already cached: 7AD0-assembly1.cif
2026-05-25 03:13:10,024 - INFO - [1302/2069] Asymmetric unit already cached: 7AHF.cif
2026-05-25 03:13:10,024 - INFO - [1302/2069] Biological assembly already cached: 7AHF-assembly1.cif
2026-05-25 03:13:10,224 - INFO - [1303/2069] Asymmetric unit already cached: 7AI0.cif
2026-05-25 03:13:10,224 - INFO - [1303/2069] Biological assembly already cached: 7AI0-assembly1.cif
2026-05-25 03:13:10,424 - INFO - [1304/2069] Asymmetric unit already cached: 7AI1.cif
2026-05-25 03:13:10,424 - INFO - [1304/2069] Biological assembly already cached: 7AI1-assembly1.cif
2026-05-25 03:13:10,625 - INFO - [1305/2069] Asymmetric unit already cached: 7AYE.cif
2026-05-25 03:13:10,625 - INFO - [1305/2069] Biological assembly already cached: 7AYE-assembly1.cif
2026-05-25 03:13:10,825 - INFO - [1306/2069] Asymmetric unit already cached: 7AZX.cif
2026-05-25 03:13:10,825 - INFO - [1306/2069] Biological assembly already cached: 7AZX-assembly1.cif
2026-05-25 03:13:11,026 - INFO - [1307/2069] Asymmetric unit already cached: 7B2R.cif
2026-05-25 03:13:11,026 - INFO - [1307/2069] Biological assembly already cached: 7B2R-assembly1.cif
2026-05-25 03:13:11,226 - INFO - [1308/2069] Asymmetric unit already cached: 7B2S.cif
2026-05-25 03:13:11,226 - INFO - [1308/2069] Biological assembly already cached: 7B2S-assembly1.cif
2026-05-25 03:13:11,426 - INFO - [1309/2069] Asymmetric unit already cached: 7B5L.cif
2026-05-25 03:13:11,426 - INFO - [1309/2069] Biological assembly already cached: 7B5L-assembly1.cif
2026-05-25 03:13:11,627 - INFO - [1310/2069] Asymmetric unit already cached: 7B5M.cif
2026-05-25 03:13:11,627 - INFO - [1310/2069] Biological assembly already cached: 7B5M-assembly1.cif
2026-05-25 03:13:11,827 - INFO - [1311/2069] Asymmetric unit already cached: 7B5N.cif
2026-05-25 03:13:11,827 - INFO - [1311/2069] Biological assembly already cached: 7B5N-assembly1.cif
2026-05-25 03:13:12,028 - INFO - [1312/2069] Asymmetric unit already cached: 7B5O.cif
2026-05-25 03:13:12,028 - INFO - [1312/2069] Biological assembly already cached: 7B5O-assembly1.cif
2026-05-25 03:13:12,228 - INFO - [1313/2069] Asymmetric unit already cached: 7B5Q.cif
2026-05-25 03:13:12,228 - INFO - [1313/2069] Biological assembly already cached: 7B5Q-assembly1.cif
2026-05-25 03:13:12,428 - INFO - [1314/2069] Asymmetric unit already cached: 7B5S.cif
2026-05-25 03:13:12,429 - INFO - [1314/2069] Biological assembly already cached: 7B5S-assembly1.cif
2026-05-25 03:13:12,629 - INFO - [1315/2069] Asymmetric unit already cached: 7B96.cif
2026-05-25 03:13:12,629 - INFO - [1315/2069] Biological assembly already cached: 7B96-assembly1.cif
2026-05-25 03:13:12,829 - INFO - [1316/2069] Asymmetric unit already cached: 7B9X.cif
2026-05-25 03:13:12,829 - INFO - [1316/2069] Biological assembly already cached: 7B9X-assembly1.cif
2026-05-25 03:13:13,030 - INFO - [1317/2069] Asymmetric unit already cached: 7BBD.cif
2026-05-25 03:13:13,030 - INFO - [1317/2069] Biological assembly already cached: 7BBD-assembly1.cif
2026-05-25 03:13:13,230 - INFO - [1318/2069] Asymmetric unit already cached: 7BBF.cif
2026-05-25 03:13:13,231 - INFO - [1318/2069] Biological assembly already cached: 7BBF-assembly1.cif
2026-05-25 03:13:13,431 - INFO - [1319/2069] Asymmetric unit already cached: 7BIR.cif
2026-05-25 03:13:13,431 - INFO - [1319/2069] Biological assembly already cached: 7BIR-assembly1.cif
2026-05-25 03:13:13,631 - INFO - [1320/2069] Asymmetric unit already cached: 7BIT.cif
2026-05-25 03:13:13,631 - INFO - [1320/2069] Biological assembly already cached: 7BIT-assembly1.cif
2026-05-25 03:13:13,832 - INFO - [1321/2069] Asymmetric unit already cached: 7BIV.cif
2026-05-25 03:13:13,832 - INFO - [1321/2069] Biological assembly already cached: 7BIV-assembly1.cif
2026-05-25 03:13:14,032 - INFO - [1322/2069] Asymmetric unit already cached: 7BJ0.cif
2026-05-25 03:13:14,032 - INFO - [1322/2069] Biological assembly already cached: 7BJ0-assembly1.cif
2026-05-25 03:13:14,232 - INFO - [1323/2069] Asymmetric unit already cached: 7BJ6.cif
2026-05-25 03:13:14,233 - INFO - [1323/2069] Biological assembly already cached: 7BJ6-assembly1.cif
2026-05-25 03:13:14,433 - INFO - [1324/2069] Asymmetric unit already cached: 7BMG.cif
2026-05-25 03:13:14,433 - INFO - [1324/2069] Biological assembly already cached: 7BMG-assembly1.cif
2026-05-25 03:13:14,633 - INFO - [1325/2069] Asymmetric unit already cached: 7BOL.cif
2026-05-25 03:13:14,634 - INFO - [1325/2069] Biological assembly already cached: 7BOL-assembly1.cif
2026-05-25 03:13:14,834 - INFO - [1326/2069] Asymmetric unit already cached: 7BXG.cif
2026-05-25 03:13:14,834 - INFO - [1326/2069] Biological assembly already cached: 7BXG-assembly1.cif
2026-05-25 03:13:15,034 - INFO - [1327/2069] Asymmetric unit already cached: 7C3Q.cif
2026-05-25 03:13:15,034 - INFO - [1327/2069] Biological assembly already cached: 7C3Q-assembly1.cif
2026-05-25 03:13:15,235 - INFO - [1328/2069] Asymmetric unit already cached: 7C3Y.cif
2026-05-25 03:13:15,235 - INFO - [1328/2069] Biological assembly already cached: 7C3Y-assembly1.cif
2026-05-25 03:13:15,435 - INFO - [1329/2069] Asymmetric unit already cached: 7C44.cif
2026-05-25 03:13:15,436 - INFO - [1329/2069] Biological assembly already cached: 7C44-assembly1.cif
2026-05-25 03:13:15,636 - INFO - [1330/2069] Asymmetric unit already cached: 7CO1.cif
2026-05-25 03:13:15,636 - INFO - [1330/2069] Biological assembly already cached: 7CO1-assembly1.cif
2026-05-25 03:13:15,836 - INFO - [1331/2069] Asymmetric unit already cached: 7DVQ.cif
2026-05-25 03:13:15,836 - INFO - [1331/2069] Biological assembly already cached: 7DVQ-assembly1.cif
2026-05-25 03:13:16,037 - INFO - [1332/2069] Asymmetric unit already cached: 7E8I.cif
2026-05-25 03:13:16,037 - INFO - [1332/2069] Biological assembly already cached: 7E8I-assembly1.cif
2026-05-25 03:13:16,237 - INFO - [1333/2069] Asymmetric unit already cached: 7EGB.cif
2026-05-25 03:13:16,237 - INFO - [1333/2069] Biological assembly already cached: 7EGB-assembly1.cif
2026-05-25 03:13:16,438 - INFO - [1334/2069] Asymmetric unit already cached: 7EGC.cif
2026-05-25 03:13:16,438 - INFO - [1334/2069] Biological assembly already cached: 7EGC-assembly1.cif
2026-05-25 03:13:16,638 - INFO - [1335/2069] Asymmetric unit already cached: 7EL4.cif
2026-05-25 03:13:16,638 - INFO - [1335/2069] Biological assembly already cached: 7EL4-assembly1.cif
2026-05-25 03:13:16,839 - INFO - [1336/2069] Asymmetric unit already cached: 7ENA.cif
2026-05-25 03:13:16,839 - INFO - [1336/2069] Biological assembly already cached: 7ENA-assembly1.cif
2026-05-25 03:13:17,039 - INFO - [1337/2069] Asymmetric unit already cached: 7ENC.cif
2026-05-25 03:13:17,039 - INFO - [1337/2069] Biological assembly already cached: 7ENC-assembly1.cif
2026-05-25 03:13:17,240 - INFO - [1338/2069] Asymmetric unit already cached: 7EVJ.cif
2026-05-25 03:13:17,240 - INFO - [1338/2069] Biological assembly already cached: 7EVJ-assembly1.cif
2026-05-25 03:13:17,440 - INFO - [1339/2069] Asymmetric unit already cached: 7FB7.cif
2026-05-25 03:13:17,440 - INFO - [1339/2069] Biological assembly already cached: 7FB7-assembly1.cif
2026-05-25 03:13:17,640 - INFO - [1340/2069] Asymmetric unit already cached: 7JFL.cif
2026-05-25 03:13:17,640 - INFO - [1340/2069] Biological assembly already cached: 7JFL-assembly1.cif
2026-05-25 03:13:17,841 - INFO - [1341/2069] Asymmetric unit already cached: 7JFM.cif
2026-05-25 03:13:17,841 - INFO - [1341/2069] Biological assembly already cached: 7JFM-assembly1.cif
2026-05-25 03:13:18,042 - INFO - [1342/2069] Asymmetric unit already cached: 7JL0.cif
2026-05-25 03:13:18,042 - INFO - [1342/2069] Biological assembly already cached: 7JL0-assembly1.cif
2026-05-25 03:13:18,242 - INFO - [1343/2069] Asymmetric unit already cached: 7JL1.cif
2026-05-25 03:13:18,242 - INFO - [1343/2069] Biological assembly already cached: 7JL1-assembly1.cif
2026-05-25 03:13:18,442 - INFO - [1344/2069] Asymmetric unit already cached: 7JL2.cif
2026-05-25 03:13:18,443 - INFO - [1344/2069] Biological assembly already cached: 7JL2-assembly1.cif
2026-05-25 03:13:18,643 - INFO - [1345/2069] Asymmetric unit already cached: 7JL3.cif
2026-05-25 03:13:18,643 - INFO - [1345/2069] Biological assembly already cached: 7JL3-assembly1.cif
2026-05-25 03:13:18,843 - INFO - [1346/2069] Asymmetric unit already cached: 7JL4.cif
2026-05-25 03:13:18,844 - INFO - [1346/2069] Biological assembly already cached: 7JL4-assembly1.cif
2026-05-25 03:13:19,044 - INFO - [1347/2069] Asymmetric unit already cached: 7JQ9.cif
2026-05-25 03:13:19,044 - INFO - [1347/2069] Biological assembly already cached: 7JQ9-assembly1.cif
2026-05-25 03:13:19,244 - INFO - [1348/2069] Asymmetric unit already cached: 7JUO.cif
2026-05-25 03:13:19,244 - INFO - [1348/2069] Biological assembly already cached: 7JUO-assembly1.cif
2026-05-25 03:13:19,445 - INFO - [1349/2069] Asymmetric unit already cached: 7JZV.cif
2026-05-25 03:13:19,445 - INFO - [1349/2069] Biological assembly already cached: 7JZV-assembly1.cif
2026-05-25 03:13:19,645 - INFO - [1350/2069] Asymmetric unit already cached: 7KJM.cif
2026-05-25 03:13:19,645 - INFO - [1350/2069] Biological assembly already cached: 7KJM-assembly1.cif
2026-05-25 03:13:19,846 - INFO - [1351/2069] Asymmetric unit already cached: 7KJN.cif
2026-05-25 03:13:19,846 - INFO - [1351/2069] Biological assembly already cached: 7KJN-assembly1.cif
2026-05-25 03:13:20,046 - INFO - [1352/2069] Asymmetric unit already cached: 7KPY.cif
2026-05-25 03:13:20,046 - INFO - [1352/2069] Biological assembly already cached: 7KPY-assembly1.cif
2026-05-25 03:13:20,246 - INFO - [1353/2069] Asymmetric unit already cached: 7KZP.cif
2026-05-25 03:13:20,247 - INFO - [1353/2069] Biological assembly already cached: 7KZP-assembly1.cif
2026-05-25 03:13:20,447 - INFO - [1354/2069] Asymmetric unit already cached: 7KZQ.cif
2026-05-25 03:13:20,447 - INFO - [1354/2069] Biological assembly already cached: 7KZQ-assembly1.cif
2026-05-25 03:13:20,647 - INFO - [1355/2069] Asymmetric unit already cached: 7KZR.cif
2026-05-25 03:13:20,647 - INFO - [1355/2069] Biological assembly already cached: 7KZR-assembly1.cif
2026-05-25 03:13:20,848 - INFO - [1356/2069] Asymmetric unit already cached: 7KZS.cif
2026-05-25 03:13:20,848 - INFO - [1356/2069] Biological assembly already cached: 7KZS-assembly1.cif
2026-05-25 03:13:21,048 - INFO - [1357/2069] Asymmetric unit already cached: 7KZT.cif
2026-05-25 03:13:21,048 - INFO - [1357/2069] Biological assembly already cached: 7KZT-assembly1.cif
2026-05-25 03:13:21,248 - INFO - [1358/2069] Asymmetric unit already cached: 7KZV.cif
2026-05-25 03:13:21,249 - INFO - [1358/2069] Biological assembly already cached: 7KZV-assembly1.cif
2026-05-25 03:13:21,449 - INFO - [1359/2069] Asymmetric unit already cached: 7L3L.cif
2026-05-25 03:13:21,449 - INFO - [1359/2069] Biological assembly already cached: 7L3L-assembly1.cif
2026-05-25 03:13:21,649 - INFO - [1360/2069] Asymmetric unit already cached: 7LBM.cif
2026-05-25 03:13:21,649 - INFO - [1360/2069] Biological assembly already cached: 7LBM-assembly1.cif
2026-05-25 03:13:21,850 - INFO - [1361/2069] Asymmetric unit already cached: 7LEW.cif
2026-05-25 03:13:21,850 - INFO - [1361/2069] Biological assembly already cached: 7LEW-assembly1.cif
2026-05-25 03:13:22,050 - INFO - [1362/2069] Asymmetric unit already cached: 7LJE.cif
2026-05-25 03:13:22,050 - INFO - [1362/2069] Biological assembly already cached: 7LJE-assembly1.cif
2026-05-25 03:13:22,251 - INFO - [1363/2069] Asymmetric unit already cached: 7LP1.cif
2026-05-25 03:13:22,251 - INFO - [1363/2069] Biological assembly already cached: 7LP1-assembly1.cif
2026-05-25 03:13:22,451 - INFO - [1364/2069] Asymmetric unit already cached: 7LP2.cif
2026-05-25 03:13:22,451 - INFO - [1364/2069] Biological assembly already cached: 7LP2-assembly1.cif
2026-05-25 03:13:22,651 - INFO - [1365/2069] Asymmetric unit already cached: 7LP3.cif
2026-05-25 03:13:22,652 - INFO - [1365/2069] Biological assembly already cached: 7LP3-assembly1.cif
2026-05-25 03:13:22,852 - INFO - [1366/2069] Asymmetric unit already cached: 7LP4.cif
2026-05-25 03:13:22,852 - INFO - [1366/2069] Biological assembly already cached: 7LP4-assembly1.cif
2026-05-25 03:13:23,053 - INFO - [1367/2069] Asymmetric unit already cached: 7LP5.cif
2026-05-25 03:13:23,053 - INFO - [1367/2069] Biological assembly already cached: 7LP5-assembly1.cif
2026-05-25 03:13:23,253 - INFO - [1368/2069] Asymmetric unit already cached: 7LYB.cif
2026-05-25 03:13:23,253 - INFO - [1368/2069] Biological assembly already cached: 7LYB-assembly1.cif
2026-05-25 03:13:23,454 - INFO - [1369/2069] Asymmetric unit already cached: 7LYC.cif
2026-05-25 03:13:23,454 - INFO - [1369/2069] Biological assembly already cached: 7LYC-assembly1.cif
2026-05-25 03:13:23,654 - INFO - [1370/2069] Asymmetric unit already cached: 7M2K.cif
2026-05-25 03:13:23,654 - INFO - [1370/2069] Biological assembly already cached: 7M2K-assembly1.cif
2026-05-25 03:13:23,854 - INFO - [1371/2069] Asymmetric unit already cached: 7M3Q.cif
2026-05-25 03:13:23,855 - INFO - [1371/2069] Biological assembly already cached: 7M3Q-assembly1.cif
2026-05-25 03:13:24,055 - INFO - [1372/2069] Asymmetric unit already cached: 7M4M.cif
2026-05-25 03:13:24,055 - INFO - [1372/2069] Biological assembly already cached: 7M4M-assembly1.cif
2026-05-25 03:13:24,255 - INFO - [1373/2069] Asymmetric unit already cached: 7M4N.cif
2026-05-25 03:13:24,255 - INFO - [1373/2069] Biological assembly already cached: 7M4N-assembly1.cif
2026-05-25 03:13:24,456 - INFO - [1374/2069] Asymmetric unit already cached: 7M4O.cif
2026-05-25 03:13:24,456 - INFO - [1374/2069] Biological assembly already cached: 7M4O-assembly1.cif
2026-05-25 03:13:24,656 - INFO - [1375/2069] Asymmetric unit already cached: 7MLA.cif
2026-05-25 03:13:24,656 - INFO - [1375/2069] Biological assembly already cached: 7MLA-assembly1.cif
2026-05-25 03:13:24,857 - INFO - [1376/2069] Asymmetric unit already cached: 7MOP.cif
2026-05-25 03:13:24,857 - INFO - [1376/2069] Biological assembly already cached: 7MOP-assembly1.cif
2026-05-25 03:13:25,057 - INFO - [1377/2069] Asymmetric unit already cached: 7MWD.cif
2026-05-25 03:13:25,057 - INFO - [1377/2069] Biological assembly already cached: 7MWD-assembly1.cif
2026-05-25 03:13:25,257 - INFO - [1378/2069] Asymmetric unit already cached: 7MWE.cif
2026-05-25 03:13:25,258 - INFO - [1378/2069] Biological assembly already cached: 7MWE-assembly1.cif
2026-05-25 03:13:25,458 - INFO - [1379/2069] Asymmetric unit already cached: 7MWF.cif
2026-05-25 03:13:25,458 - INFO - [1379/2069] Biological assembly already cached: 7MWF-assembly1.cif
2026-05-25 03:13:25,658 - INFO - [1380/2069] Asymmetric unit already cached: 7MYF.cif
2026-05-25 03:13:25,658 - INFO - [1380/2069] Biological assembly already cached: 7MYF-assembly1.cif
2026-05-25 03:13:25,859 - INFO - [1381/2069] Asymmetric unit already cached: 7MYH.cif
2026-05-25 03:13:25,859 - INFO - [1381/2069] Biological assembly already cached: 7MYH-assembly1.cif
2026-05-25 03:13:26,059 - INFO - [1382/2069] Asymmetric unit already cached: 7NA1.cif
2026-05-25 03:13:26,059 - INFO - [1382/2069] Biological assembly already cached: 7NA1-assembly1.cif
2026-05-25 03:13:26,260 - INFO - [1383/2069] Asymmetric unit already cached: 7NA2.cif
2026-05-25 03:13:26,260 - INFO - [1383/2069] Biological assembly already cached: 7NA2-assembly1.cif
2026-05-25 03:13:26,460 - INFO - [1384/2069] Asymmetric unit already cached: 7NA3.cif
2026-05-25 03:13:26,460 - INFO - [1384/2069] Biological assembly already cached: 7NA3-assembly1.cif
2026-05-25 03:13:26,661 - INFO - [1385/2069] Asymmetric unit already cached: 7NA4.cif
2026-05-25 03:13:26,661 - INFO - [1385/2069] Biological assembly already cached: 7NA4-assembly1.cif
2026-05-25 03:13:26,861 - INFO - [1386/2069] Asymmetric unit already cached: 7ND1.cif
2026-05-25 03:13:26,861 - INFO - [1386/2069] Biological assembly already cached: 7ND1-assembly1.cif
2026-05-25 03:13:27,062 - INFO - [1387/2069] Asymmetric unit already cached: 7NK0.cif
2026-05-25 03:13:27,062 - INFO - [1387/2069] Biological assembly already cached: 7NK0-assembly1.cif
2026-05-25 03:13:27,262 - INFO - [1388/2069] Asymmetric unit already cached: 7NMZ.cif
2026-05-25 03:13:27,262 - INFO - [1388/2069] Biological assembly already cached: 7NMZ-assembly1.cif
2026-05-25 03:13:27,462 - INFO - [1389/2069] Asymmetric unit already cached: 7NUS.cif
2026-05-25 03:13:27,463 - INFO - [1389/2069] Biological assembly already cached: 7NUS-assembly1.cif
2026-05-25 03:13:27,663 - INFO - [1390/2069] Asymmetric unit already cached: 7NVR.cif
2026-05-25 03:13:27,663 - INFO - [1390/2069] Biological assembly already cached: 7NVR-assembly1.cif
2026-05-25 03:13:27,863 - INFO - [1391/2069] Asymmetric unit already cached: 7NVW.cif
2026-05-25 03:13:27,863 - INFO - [1391/2069] Biological assembly already cached: 7NVW-assembly1.cif
2026-05-25 03:13:28,064 - INFO - [1392/2069] Asymmetric unit already cached: 7NVX.cif
2026-05-25 03:13:28,064 - INFO - [1392/2069] Biological assembly already cached: 7NVX-assembly1.cif
2026-05-25 03:13:28,265 - INFO - [1393/2069] Asymmetric unit already cached: 7NVY.cif
2026-05-25 03:13:28,265 - INFO - [1393/2069] Biological assembly already cached: 7NVY-assembly1.cif
2026-05-25 03:13:28,465 - INFO - [1394/2069] Asymmetric unit already cached: 7NVZ.cif
2026-05-25 03:13:28,465 - INFO - [1394/2069] Biological assembly already cached: 7NVZ-assembly1.cif
2026-05-25 03:13:28,665 - INFO - [1395/2069] Asymmetric unit already cached: 7NW0.cif
2026-05-25 03:13:28,666 - INFO - [1395/2069] Biological assembly already cached: 7NW0-assembly1.cif
2026-05-25 03:13:28,866 - INFO - [1396/2069] Asymmetric unit already cached: 7NZC.cif
2026-05-25 03:13:28,866 - INFO - [1396/2069] Biological assembly already cached: 7NZC-assembly1.cif
2026-05-25 03:13:29,066 - INFO - [1397/2069] Asymmetric unit already cached: 7NZD.cif
2026-05-25 03:13:29,066 - INFO - [1397/2069] Biological assembly already cached: 7NZD-assembly1.cif
2026-05-25 03:13:29,267 - INFO - [1398/2069] Asymmetric unit already cached: 7O0B.cif
2026-05-25 03:13:29,267 - INFO - [1398/2069] Biological assembly already cached: 7O0B-assembly1.cif
2026-05-25 03:13:29,467 - INFO - [1399/2069] Asymmetric unit already cached: 7OD1.cif
2026-05-25 03:13:29,467 - INFO - [1399/2069] Biological assembly already cached: 7OD1-assembly1.cif
2026-05-25 03:13:29,667 - INFO - [1400/2069] Asymmetric unit already cached: 7OIK.cif
2026-05-25 03:13:29,668 - INFO - [1400/2069] Biological assembly already cached: 7OIK-assembly1.cif
2026-05-25 03:13:29,868 - INFO - [1401/2069] Asymmetric unit already cached: 7OJX.cif
2026-05-25 03:13:29,868 - INFO - [1401/2069] Biological assembly already cached: 7OJX-assembly1.cif
2026-05-25 03:13:30,068 - INFO - [1402/2069] Asymmetric unit already cached: 7OKQ.cif
2026-05-25 03:13:30,068 - INFO - [1402/2069] Biological assembly already cached: 7OKQ-assembly1.cif
2026-05-25 03:13:30,269 - INFO - [1403/2069] Asymmetric unit already cached: 7ONI.cif
2026-05-25 03:13:30,269 - INFO - [1403/2069] Biological assembly already cached: 7ONI-assembly1.cif
2026-05-25 03:13:30,469 - INFO - [1404/2069] Asymmetric unit already cached: 7OVX.cif
2026-05-25 03:13:30,469 - INFO - [1404/2069] Biological assembly already cached: 7OVX-assembly1.cif
2026-05-25 03:13:30,669 - INFO - [1405/2069] Asymmetric unit already cached: 7OW2.cif
2026-05-25 03:13:30,670 - INFO - [1405/2069] Biological assembly already cached: 7OW2-assembly1.cif
2026-05-25 03:13:30,870 - INFO - [1406/2069] Asymmetric unit already cached: 7P2K.cif
2026-05-25 03:13:30,870 - INFO - [1406/2069] Biological assembly already cached: 7P2K-assembly1.cif
2026-05-25 03:13:31,070 - INFO - [1407/2069] Asymmetric unit already cached: 7PLO.cif
2026-05-25 03:13:31,070 - INFO - [1407/2069] Biological assembly already cached: 7PLO-assembly1.cif
2026-05-25 03:13:31,271 - INFO - [1408/2069] Asymmetric unit already cached: 7Q40.cif
2026-05-25 03:13:31,271 - INFO - [1408/2069] Biological assembly already cached: 7Q40-assembly1.cif
2026-05-25 03:13:31,471 - INFO - [1409/2069] Asymmetric unit already cached: 7Q41.cif
2026-05-25 03:13:31,471 - INFO - [1409/2069] Biological assembly already cached: 7Q41-assembly1.cif
2026-05-25 03:13:31,672 - INFO - [1410/2069] Asymmetric unit already cached: 7Q42.cif
2026-05-25 03:13:31,672 - INFO - [1410/2069] Biological assembly already cached: 7Q42-assembly1.cif
2026-05-25 03:13:31,872 - INFO - [1411/2069] Asymmetric unit already cached: 7Q43.cif
2026-05-25 03:13:31,872 - INFO - [1411/2069] Biological assembly already cached: 7Q43-assembly1.cif
2026-05-25 03:13:32,073 - INFO - [1412/2069] Asymmetric unit already cached: 7Q44.cif
2026-05-25 03:13:32,073 - INFO - [1412/2069] Biological assembly already cached: 7Q44-assembly1.cif
2026-05-25 03:13:32,273 - INFO - [1413/2069] Asymmetric unit already cached: 7Q45.cif
2026-05-25 03:13:32,273 - INFO - [1413/2069] Biological assembly already cached: 7Q45-assembly1.cif
2026-05-25 03:13:32,474 - INFO - [1414/2069] Asymmetric unit already cached: 7Q46.cif
2026-05-25 03:13:32,474 - INFO - [1414/2069] Biological assembly already cached: 7Q46-assembly1.cif
2026-05-25 03:13:32,674 - INFO - [1415/2069] Asymmetric unit already cached: 7QCT.cif
2026-05-25 03:13:32,674 - INFO - [1415/2069] Biological assembly already cached: 7QCT-assembly1.cif
2026-05-25 03:13:32,874 - INFO - [1416/2069] Asymmetric unit already cached: 7QDQ.cif
2026-05-25 03:13:32,874 - INFO - [1416/2069] Biological assembly already cached: 7QDQ-assembly1.cif
2026-05-25 03:13:33,075 - INFO - [1417/2069] Asymmetric unit already cached: 7QGJ.cif
2026-05-25 03:13:33,075 - INFO - [1417/2069] Biological assembly already cached: 7QGJ-assembly1.cif
2026-05-25 03:13:33,275 - INFO - [1418/2069] Asymmetric unit already cached: 7QGS.cif
2026-05-25 03:13:33,276 - INFO - [1418/2069] Biological assembly already cached: 7QGS-assembly1.cif
2026-05-25 03:13:33,476 - INFO - [1419/2069] Asymmetric unit already cached: 7QPB.cif
2026-05-25 03:13:33,476 - INFO - [1419/2069] Biological assembly already cached: 7QPB-assembly1.cif
2026-05-25 03:13:33,676 - INFO - [1420/2069] Asymmetric unit already cached: 7QRV.cif
2026-05-25 03:13:33,677 - INFO - [1420/2069] Biological assembly already cached: 7QRV-assembly1.cif
2026-05-25 03:13:33,877 - INFO - [1421/2069] Asymmetric unit already cached: 7QRW.cif
2026-05-25 03:13:33,877 - INFO - [1421/2069] Biological assembly already cached: 7QRW-assembly1.cif
2026-05-25 03:13:34,077 - INFO - [1422/2069] Asymmetric unit already cached: 7QRX.cif
2026-05-25 03:13:34,078 - INFO - [1422/2069] Biological assembly already cached: 7QRX-assembly1.cif
2026-05-25 03:13:34,278 - INFO - [1423/2069] Asymmetric unit already cached: 7QRY.cif
2026-05-25 03:13:34,278 - INFO - [1423/2069] Biological assembly already cached: 7QRY-assembly1.cif
2026-05-25 03:13:34,478 - INFO - [1424/2069] Asymmetric unit already cached: 7QRZ.cif
2026-05-25 03:13:34,478 - INFO - [1424/2069] Biological assembly already cached: 7QRZ-assembly1.cif
2026-05-25 03:13:34,679 - INFO - [1425/2069] Asymmetric unit already cached: 7QS0.cif
2026-05-25 03:13:34,679 - INFO - [1425/2069] Biological assembly already cached: 7QS0-assembly1.cif
2026-05-25 03:13:34,879 - INFO - [1426/2069] Asymmetric unit already cached: 7QS1.cif
2026-05-25 03:13:34,879 - INFO - [1426/2069] Biological assembly already cached: 7QS1-assembly1.cif
2026-05-25 03:13:35,079 - INFO - [1427/2069] Asymmetric unit already cached: 7QS2.cif
2026-05-25 03:13:35,080 - INFO - [1427/2069] Biological assembly already cached: 7QS2-assembly1.cif
2026-05-25 03:13:35,280 - INFO - [1428/2069] Asymmetric unit already cached: 7QS4.cif
2026-05-25 03:13:35,280 - INFO - [1428/2069] Biological assembly already cached: 7QS4-assembly1.cif
2026-05-25 03:13:35,480 - INFO - [1429/2069] Asymmetric unit already cached: 7QS5.cif
2026-05-25 03:13:35,481 - INFO - [1429/2069] Biological assembly already cached: 7QS5-assembly1.cif
2026-05-25 03:13:35,681 - INFO - [1430/2069] Asymmetric unit already cached: 7QTT.cif
2026-05-25 03:13:35,681 - INFO - [1430/2069] Biological assembly already cached: 7QTT-assembly1.cif
2026-05-25 03:13:35,881 - INFO - [1431/2069] Asymmetric unit already cached: 7R1O.cif
2026-05-25 03:13:35,881 - INFO - [1431/2069] Biological assembly already cached: 7R1O-assembly1.cif
2026-05-25 03:13:36,082 - INFO - [1432/2069] Asymmetric unit already cached: 7R70.cif
2026-05-25 03:13:36,082 - INFO - [1432/2069] Biological assembly already cached: 7R70-assembly1.cif
2026-05-25 03:13:36,282 - INFO - [1433/2069] Asymmetric unit already cached: 7R71.cif
2026-05-25 03:13:36,282 - INFO - [1433/2069] Biological assembly already cached: 7R71-assembly1.cif
2026-05-25 03:13:36,482 - INFO - [1434/2069] Asymmetric unit already cached: 7RGW.cif
2026-05-25 03:13:36,483 - INFO - [1434/2069] Biological assembly already cached: 7RGW-assembly1.cif
2026-05-25 03:13:36,683 - INFO - [1435/2069] Asymmetric unit already cached: 7RLE.cif
2026-05-25 03:13:36,683 - INFO - [1435/2069] Biological assembly already cached: 7RLE-assembly1.cif
2026-05-25 03:13:36,883 - INFO - [1436/2069] Asymmetric unit already cached: 7SIY.cif
2026-05-25 03:13:36,883 - INFO - [1436/2069] Biological assembly already cached: 7SIY-assembly1.cif
2026-05-25 03:13:37,084 - INFO - [1437/2069] Asymmetric unit already cached: 7SS8.cif
2026-05-25 03:13:37,084 - INFO - [1437/2069] Biological assembly already cached: 7SS8-assembly1.cif
2026-05-25 03:13:37,284 - INFO - [1438/2069] Asymmetric unit already cached: 7SSK.cif
2026-05-25 03:13:37,284 - INFO - [1438/2069] Biological assembly already cached: 7SSK-assembly1.cif
2026-05-25 03:13:37,485 - INFO - [1439/2069] Asymmetric unit already cached: 7SZQ.cif
2026-05-25 03:13:37,485 - INFO - [1439/2069] Biological assembly already cached: 7SZQ-assembly1.cif
2026-05-25 03:13:37,685 - INFO - [1440/2069] Asymmetric unit already cached: 7TB1.cif
2026-05-25 03:13:37,685 - INFO - [1440/2069] Biological assembly already cached: 7TB1-assembly1.cif
2026-05-25 03:13:37,885 - INFO - [1441/2069] Asymmetric unit already cached: 7TB3.cif
2026-05-25 03:13:37,886 - INFO - [1441/2069] Biological assembly already cached: 7TB3-assembly1.cif
2026-05-25 03:13:38,086 - INFO - [1442/2069] Asymmetric unit already cached: 7TBH.cif
2026-05-25 03:13:38,087 - INFO - [1442/2069] Biological assembly already cached: 7TBH-assembly1.cif
2026-05-25 03:13:38,287 - INFO - [1443/2069] Asymmetric unit already cached: 7TRL.cif
2026-05-25 03:13:38,287 - INFO - [1443/2069] Biological assembly already cached: 7TRL-assembly1.cif
2026-05-25 03:13:38,487 - INFO - [1444/2069] Asymmetric unit already cached: 7TRM.cif
2026-05-25 03:13:38,488 - INFO - [1444/2069] Biological assembly already cached: 7TRM-assembly1.cif
2026-05-25 03:13:38,688 - INFO - [1445/2069] Asymmetric unit already cached: 7TV4.cif
2026-05-25 03:13:38,688 - INFO - [1445/2069] Biological assembly already cached: 7TV4-assembly1.cif
2026-05-25 03:13:38,888 - INFO - [1446/2069] Asymmetric unit already cached: 7UGE.cif
2026-05-25 03:13:38,889 - INFO - [1446/2069] Biological assembly already cached: 7UGE-assembly1.cif
2026-05-25 03:13:39,089 - INFO - [1447/2069] Asymmetric unit already cached: 7UGI.cif
2026-05-25 03:13:39,089 - INFO - [1447/2069] Biological assembly already cached: 7UGI-assembly1.cif
2026-05-25 03:13:39,289 - INFO - [1448/2069] Asymmetric unit already cached: 7UGL.cif
2026-05-25 03:13:39,289 - INFO - [1448/2069] Biological assembly already cached: 7UGL-assembly1.cif
2026-05-25 03:13:39,490 - INFO - [1449/2069] Asymmetric unit already cached: 7UHY.cif
2026-05-25 03:13:39,490 - INFO - [1449/2069] Biological assembly already cached: 7UHY-assembly1.cif
2026-05-25 03:13:39,690 - INFO - [1450/2069] Asymmetric unit already cached: 7UN3.cif
2026-05-25 03:13:39,690 - INFO - [1450/2069] Biological assembly already cached: 7UN3-assembly1.cif
2026-05-25 03:13:39,891 - INFO - [1451/2069] Asymmetric unit already cached: 7UN6.cif
2026-05-25 03:13:39,891 - INFO - [1451/2069] Biological assembly already cached: 7UN6-assembly1.cif
2026-05-25 03:13:40,091 - INFO - [1452/2069] Asymmetric unit already cached: 7UY2.cif
2026-05-25 03:13:40,091 - INFO - [1452/2069] Biological assembly already cached: 7UY2-assembly1.cif
2026-05-25 03:13:40,291 - INFO - [1453/2069] Asymmetric unit already cached: 7UYJ.cif
2026-05-25 03:13:40,292 - INFO - [1453/2069] Biological assembly already cached: 7UYJ-assembly1.cif
2026-05-25 03:13:40,492 - INFO - [1454/2069] Asymmetric unit already cached: 7UYK.cif
2026-05-25 03:13:40,492 - INFO - [1454/2069] Biological assembly already cached: 7UYK-assembly1.cif
2026-05-25 03:13:40,692 - INFO - [1455/2069] Asymmetric unit already cached: 7V8E.cif
2026-05-25 03:13:40,692 - INFO - [1455/2069] Biological assembly already cached: 7V8E-assembly1.cif
2026-05-25 03:13:40,893 - INFO - [1456/2069] Asymmetric unit already cached: 7V8F.cif
2026-05-25 03:13:40,893 - INFO - [1456/2069] Biological assembly already cached: 7V8F-assembly1.cif
2026-05-25 03:13:41,093 - INFO - [1457/2069] Asymmetric unit already cached: 7V8G.cif
2026-05-25 03:13:41,094 - INFO - [1457/2069] Biological assembly already cached: 7V8G-assembly1.cif
2026-05-25 03:13:41,294 - INFO - [1458/2069] Asymmetric unit already cached: 7VHY.cif
2026-05-25 03:13:41,294 - INFO - [1458/2069] Biological assembly already cached: 7VHY-assembly1.cif
2026-05-25 03:13:41,494 - INFO - [1459/2069] Asymmetric unit already cached: 7VHZ.cif
2026-05-25 03:13:41,494 - INFO - [1459/2069] Biological assembly already cached: 7VHZ-assembly1.cif
2026-05-25 03:13:41,695 - INFO - [1460/2069] Asymmetric unit already cached: 7VI0.cif
2026-05-25 03:13:41,695 - INFO - [1460/2069] Biological assembly already cached: 7VI0-assembly1.cif
2026-05-25 03:13:41,895 - INFO - [1461/2069] Asymmetric unit already cached: 7W0Q.cif
2026-05-25 03:13:41,895 - INFO - [1461/2069] Biological assembly already cached: 7W0Q-assembly1.cif
2026-05-25 03:13:42,095 - INFO - [1462/2069] Asymmetric unit already cached: 7W0S.cif
2026-05-25 03:13:42,096 - INFO - [1462/2069] Biological assembly already cached: 7W0S-assembly1.cif
2026-05-25 03:13:42,296 - INFO - [1463/2069] Asymmetric unit already cached: 7W0T.cif
2026-05-25 03:13:42,296 - INFO - [1463/2069] Biological assembly already cached: 7W0T-assembly1.cif
2026-05-25 03:13:42,496 - INFO - [1464/2069] Asymmetric unit already cached: 7W59.cif
2026-05-25 03:13:42,497 - INFO - [1464/2069] Biological assembly already cached: 7W59-assembly1.cif
2026-05-25 03:13:42,697 - INFO - [1465/2069] Asymmetric unit already cached: 7W5A.cif
2026-05-25 03:13:42,697 - INFO - [1465/2069] Biological assembly already cached: 7W5A-assembly1.cif
2026-05-25 03:13:42,897 - INFO - [1466/2069] Asymmetric unit already cached: 7W5B.cif
2026-05-25 03:13:42,898 - INFO - [1466/2069] Biological assembly already cached: 7W5B-assembly1.cif
2026-05-25 03:13:43,098 - INFO - [1467/2069] Asymmetric unit already cached: 7W6L.cif
2026-05-25 03:13:43,098 - INFO - [1467/2069] Biological assembly already cached: 7W6L-assembly1.cif
2026-05-25 03:13:43,299 - INFO - [1468/2069] Asymmetric unit already cached: 7W9V.cif
2026-05-25 03:13:43,299 - INFO - [1468/2069] Biological assembly already cached: 7W9V-assembly1.cif
2026-05-25 03:13:43,499 - INFO - [1469/2069] Asymmetric unit already cached: 7WX2.cif
2026-05-25 03:13:43,499 - INFO - [1469/2069] Biological assembly already cached: 7WX2-assembly1.cif
2026-05-25 03:13:43,700 - INFO - [1470/2069] Asymmetric unit already cached: 7X6Y.cif
2026-05-25 03:13:43,700 - INFO - [1470/2069] Biological assembly already cached: 7X6Y-assembly1.cif
2026-05-25 03:13:43,900 - INFO - [1471/2069] Asymmetric unit already cached: 7X6Z.cif
2026-05-25 03:13:43,900 - INFO - [1471/2069] Biological assembly already cached: 7X6Z-assembly1.cif
2026-05-25 03:13:44,101 - INFO - [1472/2069] Asymmetric unit already cached: 7X70.cif
2026-05-25 03:13:44,101 - INFO - [1472/2069] Biological assembly already cached: 7X70-assembly1.cif
2026-05-25 03:13:44,301 - INFO - [1473/2069] Asymmetric unit already cached: 7XEZ.cif
2026-05-25 03:13:44,301 - INFO - [1473/2069] Biological assembly already cached: 7XEZ-assembly1.cif
2026-05-25 03:13:44,501 - INFO - [1474/2069] Asymmetric unit already cached: 7XFG.cif
2026-05-25 03:13:44,502 - INFO - [1474/2069] Biological assembly already cached: 7XFG-assembly1.cif
2026-05-25 03:13:44,702 - INFO - [1475/2069] Asymmetric unit already cached: 7XH6.cif
2026-05-25 03:13:44,702 - INFO - [1475/2069] Biological assembly already cached: 7XH6-assembly1.cif
2026-05-25 03:13:44,902 - INFO - [1476/2069] Asymmetric unit already cached: 7XHE.cif
2026-05-25 03:13:44,902 - INFO - [1476/2069] Biological assembly already cached: 7XHE-assembly1.cif
2026-05-25 03:13:45,103 - INFO - [1477/2069] Asymmetric unit already cached: 7XI0.cif
2026-05-25 03:13:45,103 - INFO - [1477/2069] Biological assembly already cached: 7XI0-assembly1.cif
2026-05-25 03:13:45,303 - INFO - [1478/2069] Asymmetric unit already cached: 7XIJ.cif
2026-05-25 03:13:45,303 - INFO - [1478/2069] Biological assembly already cached: 7XIJ-assembly1.cif
2026-05-25 03:13:45,504 - INFO - [1479/2069] Asymmetric unit already cached: 7XM7.cif
2026-05-25 03:13:45,504 - INFO - [1479/2069] Biological assembly already cached: 7XM7-assembly1.cif
2026-05-25 03:13:45,704 - INFO - [1480/2069] Asymmetric unit already cached: 7XNE.cif
2026-05-25 03:13:45,704 - INFO - [1480/2069] Biological assembly already cached: 7XNE-assembly1.cif
2026-05-25 03:13:45,904 - INFO - [1481/2069] Asymmetric unit already cached: 7XNG.cif
2026-05-25 03:13:45,905 - INFO - [1481/2069] Biological assembly already cached: 7XNG-assembly1.cif
2026-05-25 03:13:46,105 - INFO - [1482/2069] Asymmetric unit already cached: 7XT2.cif
2026-05-25 03:13:46,105 - INFO - [1482/2069] Biological assembly already cached: 7XT2-assembly1.cif
2026-05-25 03:13:46,305 - INFO - [1483/2069] Asymmetric unit already cached: 7Y3A.cif
2026-05-25 03:13:46,306 - INFO - [1483/2069] Biological assembly already cached: 7Y3A-assembly1.cif
2026-05-25 03:13:46,506 - INFO - [1484/2069] Asymmetric unit already cached: 7Y3B.cif
2026-05-25 03:13:46,506 - INFO - [1484/2069] Biological assembly already cached: 7Y3B-assembly1.cif
2026-05-25 03:13:46,706 - INFO - [1485/2069] Asymmetric unit already cached: 7Y3C.cif
2026-05-25 03:13:46,707 - INFO - [1485/2069] Biological assembly already cached: 7Y3C-assembly1.cif
2026-05-25 03:13:46,907 - INFO - [1486/2069] Asymmetric unit already cached: 7Y4S.cif
2026-05-25 03:13:46,907 - INFO - [1486/2069] Biological assembly already cached: 7Y4S-assembly1.cif
2026-05-25 03:13:47,107 - INFO - [1487/2069] Asymmetric unit already cached: 7YNX.cif
2026-05-25 03:13:47,107 - INFO - [1487/2069] Biological assembly already cached: 7YNX-assembly1.cif
2026-05-25 03:13:47,308 - INFO - [1488/2069] Asymmetric unit already cached: 7YUI.cif
2026-05-25 03:13:47,308 - INFO - [1488/2069] Biological assembly already cached: 7YUI-assembly1.cif
2026-05-25 03:13:47,508 - INFO - [1489/2069] Asymmetric unit already cached: 7YUJ.cif
2026-05-25 03:13:47,508 - INFO - [1489/2069] Biological assembly already cached: 7YUJ-assembly1.cif
2026-05-25 03:13:47,709 - INFO - [1490/2069] Asymmetric unit already cached: 7Z36.cif
2026-05-25 03:13:47,709 - INFO - [1490/2069] Biological assembly already cached: 7Z36-assembly1.cif
2026-05-25 03:13:47,909 - INFO - [1491/2069] Asymmetric unit already cached: 7Z8B.cif
2026-05-25 03:13:47,909 - INFO - [1491/2069] Biological assembly already cached: 7Z8B-assembly1.cif
2026-05-25 03:13:48,110 - INFO - [1492/2069] Asymmetric unit already cached: 7Z8R.cif
2026-05-25 03:13:48,110 - INFO - [1492/2069] Biological assembly already cached: 7Z8R-assembly1.cif
2026-05-25 03:13:48,310 - INFO - [1493/2069] Asymmetric unit already cached: 7Z8T.cif
2026-05-25 03:13:48,310 - INFO - [1493/2069] Biological assembly already cached: 7Z8T-assembly1.cif
2026-05-25 03:13:48,511 - INFO - [1494/2069] Asymmetric unit already cached: 7Z8V.cif
2026-05-25 03:13:48,511 - INFO - [1494/2069] Biological assembly already cached: 7Z8V-assembly1.cif
2026-05-25 03:13:48,711 - INFO - [1495/2069] Asymmetric unit already cached: 7ZBW.cif
2026-05-25 03:13:48,711 - INFO - [1495/2069] Biological assembly already cached: 7ZBW-assembly1.cif
2026-05-25 03:13:48,912 - INFO - [1496/2069] Asymmetric unit already cached: 7ZBZ.cif
2026-05-25 03:13:48,912 - INFO - [1496/2069] Biological assembly already cached: 7ZBZ-assembly1.cif
2026-05-25 03:13:49,112 - INFO - [1497/2069] Asymmetric unit already cached: 7ZDD.cif
2026-05-25 03:13:49,112 - INFO - [1497/2069] Biological assembly already cached: 7ZDD-assembly1.cif
2026-05-25 03:13:49,312 - INFO - [1498/2069] Asymmetric unit already cached: 7ZJ3.cif
2026-05-25 03:13:49,312 - INFO - [1498/2069] Biological assembly already cached: 7ZJ3-assembly1.cif
2026-05-25 03:13:49,513 - INFO - [1499/2069] Asymmetric unit already cached: 7ZYU.cif
2026-05-25 03:13:49,513 - INFO - [1499/2069] Biological assembly already cached: 7ZYU-assembly1.cif
2026-05-25 03:13:49,713 - INFO - [1500/2069] Asymmetric unit already cached: 8A38.cif
2026-05-25 03:13:49,713 - INFO - [1500/2069] Biological assembly already cached: 8A38-assembly1.cif
2026-05-25 03:13:49,914 - INFO - [1501/2069] Asymmetric unit already cached: 8A58.cif
2026-05-25 03:13:49,914 - INFO - [1501/2069] Biological assembly already cached: 8A58-assembly1.cif
2026-05-25 03:13:50,114 - INFO - [1502/2069] Asymmetric unit already cached: 8A5L.cif
2026-05-25 03:13:50,114 - INFO - [1502/2069] Biological assembly already cached: 8A5L-assembly1.cif
2026-05-25 03:13:50,314 - INFO - [1503/2069] Asymmetric unit already cached: 8A5M.cif
2026-05-25 03:13:50,315 - INFO - [1503/2069] Biological assembly already cached: 8A5M-assembly1.cif
2026-05-25 03:13:50,515 - INFO - [1504/2069] Asymmetric unit already cached: 8A8X.cif
2026-05-25 03:13:50,515 - INFO - [1504/2069] Biological assembly already cached: 8A8X-assembly1.cif
2026-05-25 03:13:50,715 - INFO - [1505/2069] Asymmetric unit already cached: 8AEU.cif
2026-05-25 03:13:50,715 - INFO - [1505/2069] Biological assembly already cached: 8AEU-assembly1.cif
2026-05-25 03:13:50,916 - INFO - [1506/2069] Asymmetric unit already cached: 8AMR.cif
2026-05-25 03:13:50,916 - INFO - [1506/2069] Biological assembly already cached: 8AMR-assembly1.cif
2026-05-25 03:13:51,116 - INFO - [1507/2069] Asymmetric unit already cached: 8AMS.cif
2026-05-25 03:13:51,116 - INFO - [1507/2069] Biological assembly already cached: 8AMS-assembly1.cif
2026-05-25 03:13:51,317 - INFO - [1508/2069] Asymmetric unit already cached: 8ATM.cif
2026-05-25 03:13:51,317 - INFO - [1508/2069] Biological assembly already cached: 8ATM-assembly1.cif
2026-05-25 03:13:51,517 - INFO - [1509/2069] Asymmetric unit already cached: 8ATO.cif
2026-05-25 03:13:51,517 - INFO - [1509/2069] Biological assembly already cached: 8ATO-assembly1.cif
2026-05-25 03:13:51,717 - INFO - [1510/2069] Asymmetric unit already cached: 8ATU.cif
2026-05-25 03:13:51,718 - INFO - [1510/2069] Biological assembly already cached: 8ATU-assembly1.cif
2026-05-25 03:13:51,918 - INFO - [1511/2069] Asymmetric unit already cached: 8ATX.cif
2026-05-25 03:13:51,918 - INFO - [1511/2069] Biological assembly already cached: 8ATX-assembly1.cif
2026-05-25 03:13:52,118 - INFO - [1512/2069] Asymmetric unit already cached: 8AUK.cif
2026-05-25 03:13:52,119 - INFO - [1512/2069] Biological assembly already cached: 8AUK-assembly1.cif
2026-05-25 03:13:52,319 - INFO - [1513/2069] Asymmetric unit already cached: 8AUW.cif
2026-05-25 03:13:52,319 - INFO - [1513/2069] Biological assembly already cached: 8AUW-assembly1.cif
2026-05-25 03:13:52,519 - INFO - [1514/2069] Asymmetric unit already cached: 8AZA.cif
2026-05-25 03:13:52,519 - INFO - [1514/2069] Biological assembly already cached: 8AZA-assembly1.cif
2026-05-25 03:13:52,720 - INFO - [1515/2069] Asymmetric unit already cached: 8B3G.cif
2026-05-25 03:13:52,720 - INFO - [1515/2069] Biological assembly already cached: 8B3G-assembly1.cif
2026-05-25 03:13:52,920 - INFO - [1516/2069] Asymmetric unit already cached: 8B3I.cif
2026-05-25 03:13:52,920 - INFO - [1516/2069] Biological assembly already cached: 8B3I-assembly1.cif
2026-05-25 03:13:53,121 - INFO - [1517/2069] Asymmetric unit already cached: 8B5W.cif
2026-05-25 03:13:53,121 - INFO - [1517/2069] Biological assembly already cached: 8B5W-assembly1.cif
2026-05-25 03:13:53,321 - INFO - [1518/2069] Asymmetric unit already cached: 8BD8.cif
2026-05-25 03:13:53,322 - INFO - [1518/2069] Biological assembly already cached: 8BD8-assembly1.cif
2026-05-25 03:13:53,522 - INFO - [1519/2069] Asymmetric unit already cached: 8BD9.cif
2026-05-25 03:13:53,522 - INFO - [1519/2069] Biological assembly already cached: 8BD9-assembly1.cif
2026-05-25 03:13:53,722 - INFO - [1520/2069] Asymmetric unit already cached: 8BDY.cif
2026-05-25 03:13:53,722 - INFO - [1520/2069] Biological assembly already cached: 8BDY-assembly1.cif
2026-05-25 03:13:53,923 - INFO - [1521/2069] Asymmetric unit already cached: 8BGU.cif
2026-05-25 03:13:53,923 - INFO - [1521/2069] Biological assembly already cached: 8BGU-assembly1.cif
2026-05-25 03:13:54,123 - INFO - [1522/2069] Asymmetric unit already cached: 8BJA.cif
2026-05-25 03:13:54,123 - INFO - [1522/2069] Biological assembly already cached: 8BJA-assembly1.cif
2026-05-25 03:13:54,323 - INFO - [1523/2069] Asymmetric unit already cached: 8BTL.cif
2026-05-25 03:13:54,324 - INFO - [1523/2069] Biological assembly already cached: 8BTL-assembly1.cif
2026-05-25 03:13:54,524 - INFO - [1524/2069] Asymmetric unit already cached: 8BVL.cif
2026-05-25 03:13:54,524 - INFO - [1524/2069] Biological assembly already cached: 8BVL-assembly1.cif
2026-05-25 03:13:54,724 - INFO - [1525/2069] Asymmetric unit already cached: 8BVW.cif
2026-05-25 03:13:54,724 - INFO - [1525/2069] Biological assembly already cached: 8BVW-assembly1.cif
2026-05-25 03:13:54,925 - INFO - [1526/2069] Asymmetric unit already cached: 8BYQ.cif
2026-05-25 03:13:54,925 - INFO - [1526/2069] Biological assembly already cached: 8BYQ-assembly1.cif
2026-05-25 03:13:55,125 - INFO - [1527/2069] Asymmetric unit already cached: 8C06.cif
2026-05-25 03:13:55,125 - INFO - [1527/2069] Biological assembly already cached: 8C06-assembly1.cif
2026-05-25 03:13:55,325 - INFO - [1528/2069] Asymmetric unit already cached: 8C07.cif
2026-05-25 03:13:55,326 - INFO - [1528/2069] Biological assembly already cached: 8C07-assembly1.cif
2026-05-25 03:13:55,526 - INFO - [1529/2069] Asymmetric unit already cached: 8C6J.cif
2026-05-25 03:13:55,526 - INFO - [1529/2069] Biological assembly already cached: 8C6J-assembly1.cif
2026-05-25 03:13:55,726 - INFO - [1530/2069] Asymmetric unit already cached: 8CDJ.cif
2026-05-25 03:13:55,727 - INFO - [1530/2069] Biological assembly already cached: 8CDJ-assembly1.cif
2026-05-25 03:13:55,927 - INFO - [1531/2069] Asymmetric unit already cached: 8CDK.cif
2026-05-25 03:13:55,927 - INFO - [1531/2069] Biological assembly already cached: 8CDK-assembly1.cif
2026-05-25 03:13:56,127 - INFO - [1532/2069] Asymmetric unit already cached: 8CH6.cif
2026-05-25 03:13:56,127 - INFO - [1532/2069] Biological assembly already cached: 8CH6-assembly1.cif
2026-05-25 03:13:56,328 - INFO - [1533/2069] Asymmetric unit already cached: 8D4X.cif
2026-05-25 03:13:56,328 - INFO - [1533/2069] Biological assembly already cached: 8D4X-assembly1.cif
2026-05-25 03:13:56,528 - INFO - [1534/2069] Asymmetric unit already cached: 8DJH.cif
2026-05-25 03:13:56,528 - INFO - [1534/2069] Biological assembly already cached: 8DJH-assembly1.cif
2026-05-25 03:13:56,729 - INFO - [1535/2069] Asymmetric unit already cached: 8DJI.cif
2026-05-25 03:13:56,729 - INFO - [1535/2069] Biological assembly already cached: 8DJI-assembly1.cif
2026-05-25 03:13:56,929 - INFO - [1536/2069] Asymmetric unit already cached: 8DSF.cif
2026-05-25 03:13:56,929 - INFO - [1536/2069] Biological assembly already cached: 8DSF-assembly1.cif
2026-05-25 03:13:57,130 - INFO - [1537/2069] Asymmetric unit already cached: 8DSO.cif
2026-05-25 03:13:57,130 - INFO - [1537/2069] Biological assembly already cached: 8DSO-assembly1.cif
2026-05-25 03:13:57,330 - INFO - [1538/2069] Asymmetric unit already cached: 8E0Q.cif
2026-05-25 03:13:57,330 - INFO - [1538/2069] Biological assembly already cached: 8E0Q-assembly1.cif
2026-05-25 03:13:57,530 - INFO - [1539/2069] Asymmetric unit already cached: 8E1D.cif
2026-05-25 03:13:57,530 - INFO - [1539/2069] Biological assembly already cached: 8E1D-assembly1.cif
2026-05-25 03:13:57,731 - INFO - [1540/2069] Asymmetric unit already cached: 8E2D.cif
2026-05-25 03:13:57,731 - INFO - [1540/2069] Biological assembly already cached: 8E2D-assembly1.cif
2026-05-25 03:13:57,931 - INFO - [1541/2069] Asymmetric unit already cached: 8E2E.cif
2026-05-25 03:13:57,931 - INFO - [1541/2069] Biological assembly already cached: 8E2E-assembly1.cif
2026-05-25 03:13:58,132 - INFO - [1542/2069] Asymmetric unit already cached: 8E2F.cif
2026-05-25 03:13:58,132 - INFO - [1542/2069] Biological assembly already cached: 8E2F-assembly1.cif
2026-05-25 03:13:58,332 - INFO - [1543/2069] Asymmetric unit already cached: 8E2G.cif
2026-05-25 03:13:58,333 - INFO - [1543/2069] Biological assembly already cached: 8E2G-assembly1.cif
2026-05-25 03:13:58,533 - INFO - [1544/2069] Asymmetric unit already cached: 8E2H.cif
2026-05-25 03:13:58,533 - INFO - [1544/2069] Biological assembly already cached: 8E2H-assembly1.cif
2026-05-25 03:13:58,733 - INFO - [1545/2069] Asymmetric unit already cached: 8E2I.cif
2026-05-25 03:13:58,733 - INFO - [1545/2069] Biological assembly already cached: 8E2I-assembly1.cif
2026-05-25 03:13:58,934 - INFO - [1546/2069] Asymmetric unit already cached: 8E2K.cif
2026-05-25 03:13:58,934 - INFO - [1546/2069] Biological assembly already cached: 8E2K-assembly1.cif
2026-05-25 03:13:59,134 - INFO - [1547/2069] Asymmetric unit already cached: 8EAZ.cif
2026-05-25 03:13:59,134 - INFO - [1547/2069] Biological assembly already cached: 8EAZ-assembly1.cif
2026-05-25 03:13:59,334 - INFO - [1548/2069] Asymmetric unit already cached: 8EB0.cif
2026-05-25 03:13:59,335 - INFO - [1548/2069] Biological assembly already cached: 8EB0-assembly1.cif
2026-05-25 03:13:59,535 - INFO - [1549/2069] Asymmetric unit already cached: 8EHZ.cif
2026-05-25 03:13:59,535 - INFO - [1549/2069] Biological assembly already cached: 8EHZ-assembly1.cif
2026-05-25 03:13:59,735 - INFO - [1550/2069] Asymmetric unit already cached: 8EI0.cif
2026-05-25 03:13:59,735 - INFO - [1550/2069] Biological assembly already cached: 8EI0-assembly1.cif
2026-05-25 03:13:59,936 - INFO - [1551/2069] Asymmetric unit already cached: 8EI4.cif
2026-05-25 03:13:59,936 - INFO - [1551/2069] Biological assembly already cached: 8EI4-assembly1.cif
2026-05-25 03:14:00,136 - INFO - [1552/2069] Asymmetric unit already cached: 8EI5.cif
2026-05-25 03:14:00,136 - INFO - [1552/2069] Biological assembly already cached: 8EI5-assembly1.cif
2026-05-25 03:14:00,337 - INFO - [1553/2069] Asymmetric unit already cached: 8EI6.cif
2026-05-25 03:14:00,337 - INFO - [1553/2069] Biological assembly already cached: 8EI6-assembly1.cif
2026-05-25 03:14:00,537 - INFO - [1554/2069] Asymmetric unit already cached: 8EI7.cif
2026-05-25 03:14:00,537 - INFO - [1554/2069] Biological assembly already cached: 8EI7-assembly1.cif
2026-05-25 03:14:00,737 - INFO - [1555/2069] Asymmetric unit already cached: 8EI8.cif
2026-05-25 03:14:00,738 - INFO - [1555/2069] Biological assembly already cached: 8EI8-assembly1.cif
2026-05-25 03:14:00,938 - INFO - [1556/2069] Asymmetric unit already cached: 8EI9.cif
2026-05-25 03:14:00,938 - INFO - [1556/2069] Biological assembly already cached: 8EI9-assembly1.cif
2026-05-25 03:14:01,138 - INFO - [1557/2069] Asymmetric unit already cached: 8EIA.cif
2026-05-25 03:14:01,138 - INFO - [1557/2069] Biological assembly already cached: 8EIA-assembly1.cif
2026-05-25 03:14:01,339 - INFO - [1558/2069] Asymmetric unit already cached: 8EIB.cif
2026-05-25 03:14:01,339 - INFO - [1558/2069] Biological assembly already cached: 8EIB-assembly1.cif
2026-05-25 03:14:01,539 - INFO - [1559/2069] Asymmetric unit already cached: 8EIC.cif
2026-05-25 03:14:01,539 - INFO - [1559/2069] Biological assembly already cached: 8EIC-assembly1.cif
2026-05-25 03:14:01,740 - INFO - [1560/2069] Asymmetric unit already cached: 8ENP.cif
2026-05-25 03:14:01,740 - INFO - [1560/2069] Biological assembly already cached: 8ENP-assembly1.cif
2026-05-25 03:14:01,940 - INFO - [1561/2069] Asymmetric unit already cached: 8EPT.cif
2026-05-25 03:14:01,940 - INFO - [1561/2069] Biological assembly already cached: 8EPT-assembly1.cif
2026-05-25 03:14:02,140 - INFO - [1562/2069] Asymmetric unit already cached: 8EWI.cif
2026-05-25 03:14:02,141 - INFO - [1562/2069] Biological assembly already cached: 8EWI-assembly1.cif
2026-05-25 03:14:02,341 - INFO - [1563/2069] Asymmetric unit already cached: 8F0Z.cif
2026-05-25 03:14:02,341 - INFO - [1563/2069] Biological assembly already cached: 8F0Z-assembly1.cif
2026-05-25 03:14:02,541 - INFO - [1564/2069] Asymmetric unit already cached: 8F10.cif
2026-05-25 03:14:02,541 - INFO - [1564/2069] Biological assembly already cached: 8F10-assembly1.cif
2026-05-25 03:14:02,742 - INFO - [1565/2069] Asymmetric unit already cached: 8F12.cif
2026-05-25 03:14:02,742 - INFO - [1565/2069] Biological assembly already cached: 8F12-assembly1.cif
2026-05-25 03:14:02,942 - INFO - [1566/2069] Asymmetric unit already cached: 8F13.cif
2026-05-25 03:14:02,942 - INFO - [1566/2069] Biological assembly already cached: 8F13-assembly1.cif
2026-05-25 03:14:03,153 - INFO - [1567/2069] Asymmetric unit already cached: 8F14.cif
2026-05-25 03:14:03,153 - INFO - [1567/2069] Biological assembly already cached: 8F14-assembly1.cif
2026-05-25 03:14:03,353 - INFO - [1568/2069] Asymmetric unit already cached: 8F15.cif
2026-05-25 03:14:03,353 - INFO - [1568/2069] Biological assembly already cached: 8F15-assembly1.cif
2026-05-25 03:14:03,553 - INFO - [1569/2069] Asymmetric unit already cached: 8F16.cif
2026-05-25 03:14:03,554 - INFO - [1569/2069] Biological assembly already cached: 8F16-assembly1.cif
2026-05-25 03:14:03,754 - INFO - [1570/2069] Asymmetric unit already cached: 8F17.cif
2026-05-25 03:14:03,754 - INFO - [1570/2069] Biological assembly already cached: 8F17-assembly1.cif
2026-05-25 03:14:03,954 - INFO - [1571/2069] Asymmetric unit already cached: 8FUP.cif
2026-05-25 03:14:03,954 - INFO - [1571/2069] Biological assembly already cached: 8FUP-assembly1.cif
2026-05-25 03:14:04,155 - INFO - [1572/2069] Asymmetric unit already cached: 8FV2.cif
2026-05-25 03:14:04,155 - INFO - [1572/2069] Biological assembly already cached: 8FV2-assembly1.cif
2026-05-25 03:14:04,355 - INFO - [1573/2069] Asymmetric unit already cached: 8FVF.cif
2026-05-25 03:14:04,355 - INFO - [1573/2069] Biological assembly already cached: 8FVF-assembly1.cif
2026-05-25 03:14:04,555 - INFO - [1574/2069] Asymmetric unit already cached: 8FXA.cif
2026-05-25 03:14:04,556 - INFO - [1574/2069] Biological assembly already cached: 8FXA-assembly1.cif
2026-05-25 03:14:04,756 - INFO - [1575/2069] Asymmetric unit already cached: 8FXE.cif
2026-05-25 03:14:04,756 - INFO - [1575/2069] Biological assembly already cached: 8FXE-assembly1.cif
2026-05-25 03:14:04,956 - INFO - [1576/2069] Asymmetric unit already cached: 8FXN.cif
2026-05-25 03:14:04,956 - INFO - [1576/2069] Biological assembly already cached: 8FXN-assembly1.cif
2026-05-25 03:14:05,157 - INFO - [1577/2069] Asymmetric unit already cached: 8FXO.cif
2026-05-25 03:14:05,157 - INFO - [1577/2069] Biological assembly already cached: 8FXO-assembly1.cif
2026-05-25 03:14:05,357 - INFO - [1578/2069] Asymmetric unit already cached: 8FYU.cif
2026-05-25 03:14:05,357 - INFO - [1578/2069] Biological assembly already cached: 8FYU-assembly1.cif
2026-05-25 03:14:05,558 - INFO - [1579/2069] Asymmetric unit already cached: 8G43.cif
2026-05-25 03:14:05,558 - INFO - [1579/2069] Biological assembly already cached: 8G43-assembly1.cif
2026-05-25 03:14:05,758 - INFO - [1580/2069] Asymmetric unit already cached: 8G44.cif
2026-05-25 03:14:05,758 - INFO - [1580/2069] Biological assembly already cached: 8G44-assembly1.cif
2026-05-25 03:14:05,959 - INFO - [1581/2069] Asymmetric unit already cached: 8G45.cif
2026-05-25 03:14:05,959 - INFO - [1581/2069] Biological assembly already cached: 8G45-assembly1.cif
2026-05-25 03:14:06,159 - INFO - [1582/2069] Asymmetric unit already cached: 8G4Y.cif
2026-05-25 03:14:06,159 - INFO - [1582/2069] Biological assembly already cached: 8G4Y-assembly1.cif
2026-05-25 03:14:06,359 - INFO - [1583/2069] Asymmetric unit already cached: 8G6T.cif
2026-05-25 03:14:06,360 - INFO - [1583/2069] Biological assembly already cached: 8G6T-assembly1.cif
2026-05-25 03:14:06,560 - INFO - [1584/2069] Asymmetric unit already cached: 8G7T.cif
2026-05-25 03:14:06,560 - INFO - [1584/2069] Biological assembly already cached: 8G7T-assembly1.cif
2026-05-25 03:14:06,760 - INFO - [1585/2069] Asymmetric unit already cached: 8G7U.cif
2026-05-25 03:14:06,760 - INFO - [1585/2069] Biological assembly already cached: 8G7U-assembly1.cif
2026-05-25 03:14:06,961 - INFO - [1586/2069] Asymmetric unit already cached: 8G7V.cif
2026-05-25 03:14:06,961 - INFO - [1586/2069] Biological assembly already cached: 8G7V-assembly1.cif
2026-05-25 03:14:07,161 - INFO - [1587/2069] Asymmetric unit already cached: 8GA2.cif
2026-05-25 03:14:07,161 - INFO - [1587/2069] Biological assembly already cached: 8GA2-assembly1.cif
2026-05-25 03:14:07,362 - INFO - [1588/2069] Asymmetric unit already cached: 8GBQ.cif
2026-05-25 03:14:07,362 - INFO - [1588/2069] Biological assembly already cached: 8GBQ-assembly1.cif
2026-05-25 03:14:07,562 - INFO - [1589/2069] Asymmetric unit already cached: 8GCB.cif
2026-05-25 03:14:07,562 - INFO - [1589/2069] Biological assembly already cached: 8GCB-assembly1.cif
2026-05-25 03:14:07,762 - INFO - [1590/2069] Asymmetric unit already cached: 8GCG.cif
2026-05-25 03:14:07,763 - INFO - [1590/2069] Biological assembly already cached: 8GCG-assembly1.cif
2026-05-25 03:14:07,963 - INFO - [1591/2069] Asymmetric unit already cached: 8GCK.cif
2026-05-25 03:14:07,963 - INFO - [1591/2069] Biological assembly already cached: 8GCK-assembly1.cif
2026-05-25 03:14:08,164 - INFO - [1592/2069] Asymmetric unit already cached: 8GCR.cif
2026-05-25 03:14:08,164 - INFO - [1592/2069] Biological assembly already cached: 8GCR-assembly1.cif
2026-05-25 03:14:08,364 - INFO - [1593/2069] Asymmetric unit already cached: 8GCY.cif
2026-05-25 03:14:08,364 - INFO - [1593/2069] Biological assembly already cached: 8GCY-assembly1.cif
2026-05-25 03:14:08,564 - INFO - [1594/2069] Asymmetric unit already cached: 8GH7.cif
2026-05-25 03:14:08,565 - INFO - [1594/2069] Biological assembly already cached: 8GH7-assembly1.cif
2026-05-25 03:14:08,765 - INFO - [1595/2069] Asymmetric unit already cached: 8GQ6.cif
2026-05-25 03:14:08,765 - INFO - [1595/2069] Biological assembly already cached: 8GQ6-assembly1.cif
2026-05-25 03:14:08,965 - INFO - [1596/2069] Asymmetric unit already cached: 8GRM.cif
2026-05-25 03:14:08,965 - INFO - [1596/2069] Biological assembly already cached: 8GRM-assembly1.cif
2026-05-25 03:14:09,166 - INFO - [1597/2069] Asymmetric unit already cached: 8GRQ.cif
2026-05-25 03:14:09,166 - INFO - [1597/2069] Biological assembly already cached: 8GRQ-assembly1.cif
2026-05-25 03:14:09,366 - INFO - [1598/2069] Asymmetric unit already cached: 8GUI.cif
2026-05-25 03:14:09,366 - INFO - [1598/2069] Biological assembly already cached: 8GUI-assembly1.cif
2026-05-25 03:14:09,567 - INFO - [1599/2069] Asymmetric unit already cached: 8GUJ.cif
2026-05-25 03:14:09,567 - INFO - [1599/2069] Biological assembly already cached: 8GUJ-assembly1.cif
2026-05-25 03:14:09,767 - INFO - [1600/2069] Asymmetric unit already cached: 8GXQ.cif
2026-05-25 03:14:09,767 - INFO - [1600/2069] Biological assembly already cached: 8GXQ-assembly1.cif
2026-05-25 03:14:09,968 - INFO - [1601/2069] Asymmetric unit already cached: 8GXS.cif
2026-05-25 03:14:09,968 - INFO - [1601/2069] Biological assembly already cached: 8GXS-assembly1.cif
2026-05-25 03:14:10,168 - INFO - [1602/2069] Asymmetric unit already cached: 8GZC.cif
2026-05-25 03:14:10,168 - INFO - [1602/2069] Biological assembly already cached: 8GZC-assembly1.cif
2026-05-25 03:14:10,368 - INFO - [1603/2069] Asymmetric unit already cached: 8H33.cif
2026-05-25 03:14:10,368 - INFO - [1603/2069] Biological assembly already cached: 8H33-assembly1.cif
2026-05-25 03:14:10,569 - INFO - [1604/2069] Asymmetric unit already cached: 8H34.cif
2026-05-25 03:14:10,569 - INFO - [1604/2069] Biological assembly already cached: 8H34-assembly1.cif
2026-05-25 03:14:10,769 - INFO - [1605/2069] Asymmetric unit already cached: 8H35.cif
2026-05-25 03:14:10,769 - INFO - [1605/2069] Biological assembly already cached: 8H35-assembly1.cif
2026-05-25 03:14:10,970 - INFO - [1606/2069] Asymmetric unit already cached: 8H36.cif
2026-05-25 03:14:10,970 - INFO - [1606/2069] Biological assembly already cached: 8H36-assembly1.cif
2026-05-25 03:14:11,170 - INFO - [1607/2069] Asymmetric unit already cached: 8H37.cif
2026-05-25 03:14:11,170 - INFO - [1607/2069] Biological assembly already cached: 8H37-assembly1.cif
2026-05-25 03:14:11,370 - INFO - [1608/2069] Asymmetric unit already cached: 8H38.cif
2026-05-25 03:14:11,371 - INFO - [1608/2069] Biological assembly already cached: 8H38-assembly1.cif
2026-05-25 03:14:11,571 - INFO - [1609/2069] Asymmetric unit already cached: 8H3A.cif
2026-05-25 03:14:11,571 - INFO - [1609/2069] Biological assembly already cached: 8H3A-assembly1.cif
2026-05-25 03:14:11,771 - INFO - [1610/2069] Asymmetric unit already cached: 8H3F.cif
2026-05-25 03:14:11,771 - INFO - [1610/2069] Biological assembly already cached: 8H3F-assembly1.cif
2026-05-25 03:14:11,972 - INFO - [1611/2069] Asymmetric unit already cached: 8H3Q.cif
2026-05-25 03:14:11,972 - INFO - [1611/2069] Biological assembly already cached: 8H3Q-assembly1.cif
2026-05-25 03:14:12,172 - INFO - [1612/2069] Asymmetric unit already cached: 8H3R.cif
2026-05-25 03:14:12,172 - INFO - [1612/2069] Biological assembly already cached: 8H3R-assembly1.cif
2026-05-25 03:14:12,372 - INFO - [1613/2069] Asymmetric unit already cached: 8H8X.cif
2026-05-25 03:14:12,373 - INFO - [1613/2069] Biological assembly already cached: 8H8X-assembly1.cif
2026-05-25 03:14:12,573 - INFO - [1614/2069] Asymmetric unit already cached: 8HAE.cif
2026-05-25 03:14:12,573 - INFO - [1614/2069] Biological assembly already cached: 8HAE-assembly1.cif
2026-05-25 03:14:12,773 - INFO - [1615/2069] Asymmetric unit already cached: 8HAG.cif
2026-05-25 03:14:12,774 - INFO - [1615/2069] Biological assembly already cached: 8HAG-assembly1.cif
2026-05-25 03:14:12,974 - INFO - [1616/2069] Asymmetric unit already cached: 8HAH.cif
2026-05-25 03:14:12,974 - INFO - [1616/2069] Biological assembly already cached: 8HAH-assembly1.cif
2026-05-25 03:14:13,175 - INFO - [1617/2069] Asymmetric unit already cached: 8HAI.cif
2026-05-25 03:14:13,175 - INFO - [1617/2069] Biological assembly already cached: 8HAI-assembly1.cif
2026-05-25 03:14:13,375 - INFO - [1618/2069] Asymmetric unit already cached: 8HAJ.cif
2026-05-25 03:14:13,375 - INFO - [1618/2069] Biological assembly already cached: 8HAJ-assembly1.cif
2026-05-25 03:14:13,576 - INFO - [1619/2069] Asymmetric unit already cached: 8HAK.cif
2026-05-25 03:14:13,576 - INFO - [1619/2069] Biological assembly already cached: 8HAK-assembly1.cif
2026-05-25 03:14:13,776 - INFO - [1620/2069] Asymmetric unit already cached: 8HAL.cif
2026-05-25 03:14:13,776 - INFO - [1620/2069] Biological assembly already cached: 8HAL-assembly1.cif
2026-05-25 03:14:13,976 - INFO - [1621/2069] Asymmetric unit already cached: 8HAM.cif
2026-05-25 03:14:13,977 - INFO - [1621/2069] Biological assembly already cached: 8HAM-assembly1.cif
2026-05-25 03:14:14,177 - INFO - [1622/2069] Asymmetric unit already cached: 8HAN.cif
2026-05-25 03:14:14,177 - INFO - [1622/2069] Biological assembly already cached: 8HAN-assembly1.cif
2026-05-25 03:14:14,377 - INFO - [1623/2069] Asymmetric unit already cached: 8HCU.cif
2026-05-25 03:14:14,377 - INFO - [1623/2069] Biological assembly already cached: 8HCU-assembly1.cif
2026-05-25 03:14:14,577 - INFO - [1624/2069] Asymmetric unit already cached: 8HDG.cif
2026-05-25 03:14:14,578 - INFO - [1624/2069] Biological assembly already cached: 8HDG-assembly1.cif
2026-05-25 03:14:14,778 - INFO - [1625/2069] Asymmetric unit already cached: 8HEO.cif
2026-05-25 03:14:14,778 - INFO - [1625/2069] Biological assembly already cached: 8HEO-assembly1.cif
2026-05-25 03:14:14,978 - INFO - [1626/2069] Asymmetric unit already cached: 8HZ2.cif
2026-05-25 03:14:14,978 - INFO - [1626/2069] Biological assembly already cached: 8HZ2-assembly1.cif
2026-05-25 03:14:15,179 - INFO - [1627/2069] Asymmetric unit already cached: 8I0P.cif
2026-05-25 03:14:15,179 - INFO - [1627/2069] Biological assembly already cached: 8I0P-assembly1.cif
2026-05-25 03:14:15,379 - INFO - [1628/2069] Asymmetric unit already cached: 8I0R.cif
2026-05-25 03:14:15,379 - INFO - [1628/2069] Biological assembly already cached: 8I0R-assembly1.cif
2026-05-25 03:14:15,579 - INFO - [1629/2069] Asymmetric unit already cached: 8I0S.cif
2026-05-25 03:14:15,580 - INFO - [1629/2069] Biological assembly already cached: 8I0S-assembly1.cif
2026-05-25 03:14:15,780 - INFO - [1630/2069] Asymmetric unit already cached: 8I0T.cif
2026-05-25 03:14:15,780 - INFO - [1630/2069] Biological assembly already cached: 8I0T-assembly1.cif
2026-05-25 03:14:15,980 - INFO - [1631/2069] Asymmetric unit already cached: 8I0U.cif
2026-05-25 03:14:15,980 - INFO - [1631/2069] Biological assembly already cached: 8I0U-assembly1.cif
2026-05-25 03:14:16,181 - INFO - [1632/2069] Asymmetric unit already cached: 8I0V.cif
2026-05-25 03:14:16,181 - INFO - [1632/2069] Biological assembly already cached: 8I0V-assembly1.cif
2026-05-25 03:14:16,381 - INFO - [1633/2069] Asymmetric unit already cached: 8I0W.cif
2026-05-25 03:14:16,381 - INFO - [1633/2069] Biological assembly already cached: 8I0W-assembly1.cif
2026-05-25 03:14:16,582 - INFO - [1634/2069] Asymmetric unit already cached: 8IA5.cif
2026-05-25 03:14:16,582 - INFO - [1634/2069] Biological assembly already cached: 8IA5-assembly1.cif
2026-05-25 03:14:16,782 - INFO - [1635/2069] Asymmetric unit already cached: 8IEJ.cif
2026-05-25 03:14:16,782 - INFO - [1635/2069] Biological assembly already cached: 8IEJ-assembly1.cif
2026-05-25 03:14:16,982 - INFO - [1636/2069] Asymmetric unit already cached: 8IJ1.cif
2026-05-25 03:14:16,983 - INFO - [1636/2069] Biological assembly already cached: 8IJ1-assembly1.cif
2026-05-25 03:14:17,183 - INFO - [1637/2069] Asymmetric unit already cached: 8IK6.cif
2026-05-25 03:14:17,183 - INFO - [1637/2069] Biological assembly already cached: 8IK6-assembly1.cif
2026-05-25 03:14:17,383 - INFO - [1638/2069] Asymmetric unit already cached: 8IKM.cif
2026-05-25 03:14:17,383 - INFO - [1638/2069] Biological assembly already cached: 8IKM-assembly1.cif
2026-05-25 03:14:17,584 - INFO - [1639/2069] Asymmetric unit already cached: 8IKT.cif
2026-05-25 03:14:17,584 - INFO - [1639/2069] Biological assembly already cached: 8IKT-assembly1.cif
2026-05-25 03:14:17,784 - INFO - [1640/2069] Asymmetric unit already cached: 8IKV.cif
2026-05-25 03:14:17,784 - INFO - [1640/2069] Biological assembly already cached: 8IKV-assembly1.cif
2026-05-25 03:14:17,984 - INFO - [1641/2069] Asymmetric unit already cached: 8IMS.cif
2026-05-25 03:14:17,984 - INFO - [1641/2069] Biological assembly already cached: 8IMS-assembly1.cif
2026-05-25 03:14:18,185 - INFO - [1642/2069] Asymmetric unit already cached: 8IR2.cif
2026-05-25 03:14:18,185 - INFO - [1642/2069] Biological assembly already cached: 8IR2-assembly1.cif
2026-05-25 03:14:18,385 - INFO - [1643/2069] Asymmetric unit already cached: 8IR4.cif
2026-05-25 03:14:18,386 - INFO - [1643/2069] Biological assembly already cached: 8IR4-assembly1.cif
2026-05-25 03:14:18,586 - INFO - [1644/2069] Asymmetric unit already cached: 8IYA.cif
2026-05-25 03:14:18,586 - INFO - [1644/2069] Biological assembly already cached: 8IYA-assembly1.cif
2026-05-25 03:14:18,786 - INFO - [1645/2069] Asymmetric unit already cached: 8J25.cif
2026-05-25 03:14:18,787 - INFO - [1645/2069] Biological assembly already cached: 8J25-assembly1.cif
2026-05-25 03:14:18,987 - INFO - [1646/2069] Asymmetric unit already cached: 8J2P.cif
2026-05-25 03:14:18,987 - INFO - [1646/2069] Biological assembly already cached: 8J2P-assembly1.cif
2026-05-25 03:14:19,187 - INFO - [1647/2069] Asymmetric unit already cached: 8J81.cif
2026-05-25 03:14:19,187 - INFO - [1647/2069] Biological assembly already cached: 8J81-assembly1.cif
2026-05-25 03:14:19,388 - INFO - [1648/2069] Asymmetric unit already cached: 8J9Q.cif
2026-05-25 03:14:19,388 - INFO - [1648/2069] Biological assembly already cached: 8J9Q-assembly1.cif
2026-05-25 03:14:19,588 - INFO - [1649/2069] Asymmetric unit already cached: 8J9R.cif
2026-05-25 03:14:19,588 - INFO - [1649/2069] Biological assembly already cached: 8J9R-assembly1.cif
2026-05-25 03:14:19,789 - INFO - [1650/2069] Asymmetric unit already cached: 8JAQ.cif
2026-05-25 03:14:19,789 - INFO - [1650/2069] Biological assembly already cached: 8JAQ-assembly1.cif
2026-05-25 03:14:19,989 - INFO - [1651/2069] Asymmetric unit already cached: 8JAS.cif
2026-05-25 03:14:19,989 - INFO - [1651/2069] Biological assembly already cached: 8JAS-assembly1.cif
2026-05-25 03:14:20,189 - INFO - [1652/2069] Asymmetric unit already cached: 8JAV.cif
2026-05-25 03:14:20,189 - INFO - [1652/2069] Biological assembly already cached: 8JAV-assembly1.cif
2026-05-25 03:14:20,390 - INFO - [1653/2069] Asymmetric unit already cached: 8JE1.cif
2026-05-25 03:14:20,390 - INFO - [1653/2069] Biological assembly already cached: 8JE1-assembly1.cif
2026-05-25 03:14:20,590 - INFO - [1654/2069] Asymmetric unit already cached: 8JIG.cif
2026-05-25 03:14:20,590 - INFO - [1654/2069] Biological assembly already cached: 8JIG-assembly1.cif
2026-05-25 03:14:20,791 - INFO - [1655/2069] Asymmetric unit already cached: 8JRN.cif
2026-05-25 03:14:20,791 - INFO - [1655/2069] Biological assembly already cached: 8JRN-assembly1.cif
2026-05-25 03:14:20,991 - INFO - [1656/2069] Asymmetric unit already cached: 8JRO.cif
2026-05-25 03:14:20,991 - INFO - [1656/2069] Biological assembly already cached: 8JRO-assembly1.cif
2026-05-25 03:14:21,192 - INFO - [1657/2069] Asymmetric unit already cached: 8JRP.cif
2026-05-25 03:14:21,192 - INFO - [1657/2069] Biological assembly already cached: 8JRP-assembly1.cif
2026-05-25 03:14:21,392 - INFO - [1658/2069] Asymmetric unit already cached: 8JRQ.cif
2026-05-25 03:14:21,392 - INFO - [1658/2069] Biological assembly already cached: 8JRQ-assembly1.cif
2026-05-25 03:14:21,592 - INFO - [1659/2069] Asymmetric unit already cached: 8JRR.cif
2026-05-25 03:14:21,592 - INFO - [1659/2069] Biological assembly already cached: 8JRR-assembly1.cif
2026-05-25 03:14:21,793 - INFO - [1660/2069] Asymmetric unit already cached: 8JUC.cif
2026-05-25 03:14:21,793 - INFO - [1660/2069] Biological assembly already cached: 8JUC-assembly1.cif
2026-05-25 03:14:21,993 - INFO - [1661/2069] Asymmetric unit already cached: 8JVD.cif
2026-05-25 03:14:21,993 - INFO - [1661/2069] Biological assembly already cached: 8JVD-assembly1.cif
2026-05-25 03:14:22,193 - INFO - [1662/2069] Asymmetric unit already cached: 8JVE.cif
2026-05-25 03:14:22,194 - INFO - [1662/2069] Biological assembly already cached: 8JVE-assembly1.cif
2026-05-25 03:14:22,394 - INFO - [1663/2069] Asymmetric unit already cached: 8JVL.cif
2026-05-25 03:14:22,394 - INFO - [1663/2069] Biological assembly already cached: 8JVL-assembly1.cif
2026-05-25 03:14:22,594 - INFO - [1664/2069] Asymmetric unit already cached: 8JWJ.cif
2026-05-25 03:14:22,594 - INFO - [1664/2069] Biological assembly already cached: 8JWJ-assembly1.cif
2026-05-25 03:14:22,795 - INFO - [1665/2069] Asymmetric unit already cached: 8JWU.cif
2026-05-25 03:14:22,795 - INFO - [1665/2069] Biological assembly already cached: 8JWU-assembly1.cif
2026-05-25 03:14:22,995 - INFO - [1666/2069] Asymmetric unit already cached: 8JWV.cif
2026-05-25 03:14:22,995 - INFO - [1666/2069] Biological assembly already cached: 8JWV-assembly1.cif
2026-05-25 03:14:23,196 - INFO - [1667/2069] Asymmetric unit already cached: 8K6Q.cif
2026-05-25 03:14:23,196 - INFO - [1667/2069] Biological assembly already cached: 8K6Q-assembly1.cif
2026-05-25 03:14:23,396 - INFO - [1668/2069] Asymmetric unit already cached: 8K9I.cif
2026-05-25 03:14:23,396 - INFO - [1668/2069] Biological assembly already cached: 8K9I-assembly1.cif
2026-05-25 03:14:23,597 - INFO - [1669/2069] Asymmetric unit already cached: 8KES.cif
2026-05-25 03:14:23,597 - INFO - [1669/2069] Biological assembly already cached: 8KES-assembly1.cif
2026-05-25 03:14:23,797 - INFO - [1670/2069] Asymmetric unit already cached: 8KET.cif
2026-05-25 03:14:23,797 - INFO - [1670/2069] Biological assembly already cached: 8KET-assembly1.cif
2026-05-25 03:14:23,997 - INFO - [1671/2069] Asymmetric unit already cached: 8KEV.cif
2026-05-25 03:14:23,998 - INFO - [1671/2069] Biological assembly already cached: 8KEV-assembly1.cif
2026-05-25 03:14:24,198 - INFO - [1672/2069] Asymmetric unit already cached: 8KHP.cif
2026-05-25 03:14:24,198 - INFO - [1672/2069] Biological assembly already cached: 8KHP-assembly1.cif
2026-05-25 03:14:24,398 - INFO - [1673/2069] Asymmetric unit already cached: 8ODR.cif
2026-05-25 03:14:24,398 - INFO - [1673/2069] Biological assembly already cached: 8ODR-assembly1.cif
2026-05-25 03:14:24,599 - INFO - [1674/2069] Asymmetric unit already cached: 8OIF.cif
2026-05-25 03:14:24,599 - INFO - [1674/2069] Biological assembly already cached: 8OIF-assembly1.cif
2026-05-25 03:14:24,799 - INFO - [1675/2069] Asymmetric unit already cached: 8OR0.cif
2026-05-25 03:14:24,799 - INFO - [1675/2069] Biological assembly already cached: 8OR0-assembly1.cif
2026-05-25 03:14:25,000 - INFO - [1676/2069] Asymmetric unit already cached: 8OR2.cif
2026-05-25 03:14:25,000 - INFO - [1676/2069] Biological assembly already cached: 8OR2-assembly1.cif
2026-05-25 03:14:25,200 - INFO - [1677/2069] Asymmetric unit already cached: 8OR3.cif
2026-05-25 03:14:25,200 - INFO - [1677/2069] Biological assembly already cached: 8OR3-assembly1.cif
2026-05-25 03:14:25,401 - INFO - [1678/2069] Asymmetric unit already cached: 8OR4.cif
2026-05-25 03:14:25,401 - INFO - [1678/2069] Biological assembly already cached: 8OR4-assembly1.cif
2026-05-25 03:14:25,601 - INFO - [1679/2069] Asymmetric unit already cached: 8ORM.cif
2026-05-25 03:14:25,601 - INFO - [1679/2069] Biological assembly already cached: 8ORM-assembly1.cif
2026-05-25 03:14:25,801 - INFO - [1680/2069] Asymmetric unit already cached: 8P0D.cif
2026-05-25 03:14:25,802 - INFO - [1680/2069] Biological assembly already cached: 8P0D-assembly1.cif
2026-05-25 03:14:26,002 - INFO - [1681/2069] Asymmetric unit already cached: 8P6V.cif
2026-05-25 03:14:26,002 - INFO - [1681/2069] Biological assembly already cached: 8P6V-assembly1.cif
2026-05-25 03:14:26,202 - INFO - [1682/2069] Asymmetric unit already cached: 8P6W.cif
2026-05-25 03:14:26,202 - INFO - [1682/2069] Biological assembly already cached: 8P6W-assembly1.cif
2026-05-25 03:14:26,403 - INFO - [1683/2069] Asymmetric unit already cached: 8P6X.cif
2026-05-25 03:14:26,403 - INFO - [1683/2069] Biological assembly already cached: 8P6X-assembly1.cif
2026-05-25 03:14:26,603 - INFO - [1684/2069] Asymmetric unit already cached: 8P6Y.cif
2026-05-25 03:14:26,603 - INFO - [1684/2069] Biological assembly already cached: 8P6Y-assembly1.cif
2026-05-25 03:14:26,803 - INFO - [1685/2069] Asymmetric unit already cached: 8P6Z.cif
2026-05-25 03:14:26,804 - INFO - [1685/2069] Biological assembly already cached: 8P6Z-assembly1.cif
2026-05-25 03:14:27,004 - INFO - [1686/2069] Asymmetric unit already cached: 8P70.cif
2026-05-25 03:14:27,004 - INFO - [1686/2069] Biological assembly already cached: 8P70-assembly1.cif
2026-05-25 03:14:27,204 - INFO - [1687/2069] Asymmetric unit already cached: 8P71.cif
2026-05-25 03:14:27,204 - INFO - [1687/2069] Biological assembly already cached: 8P71-assembly1.cif
2026-05-25 03:14:27,405 - INFO - [1688/2069] Asymmetric unit already cached: 8P72.cif
2026-05-25 03:14:27,405 - INFO - [1688/2069] Biological assembly already cached: 8P72-assembly1.cif
2026-05-25 03:14:27,605 - INFO - [1689/2069] Asymmetric unit already cached: 8P73.cif
2026-05-25 03:14:27,605 - INFO - [1689/2069] Biological assembly already cached: 8P73-assembly1.cif
2026-05-25 03:14:27,806 - INFO - [1690/2069] Asymmetric unit already cached: 8P74.cif
2026-05-25 03:14:27,806 - INFO - [1690/2069] Biological assembly already cached: 8P74-assembly1.cif
2026-05-25 03:14:28,006 - INFO - [1691/2069] Asymmetric unit already cached: 8P75.cif
2026-05-25 03:14:28,006 - INFO - [1691/2069] Biological assembly already cached: 8P75-assembly1.cif
2026-05-25 03:14:28,207 - INFO - [1692/2069] Asymmetric unit already cached: 8P76.cif
2026-05-25 03:14:28,207 - INFO - [1692/2069] Biological assembly already cached: 8P76-assembly1.cif
2026-05-25 03:14:28,407 - INFO - [1693/2069] Asymmetric unit already cached: 8P77.cif
2026-05-25 03:14:28,407 - INFO - [1693/2069] Biological assembly already cached: 8P77-assembly1.cif
2026-05-25 03:14:28,608 - INFO - [1694/2069] Asymmetric unit already cached: 8P78.cif
2026-05-25 03:14:28,608 - INFO - [1694/2069] Biological assembly already cached: 8P78-assembly1.cif
2026-05-25 03:14:28,808 - INFO - [1695/2069] Asymmetric unit already cached: 8P79.cif
2026-05-25 03:14:28,808 - INFO - [1695/2069] Biological assembly already cached: 8P79-assembly1.cif
2026-05-25 03:14:29,009 - INFO - [1696/2069] Asymmetric unit already cached: 8P7L.cif
2026-05-25 03:14:29,009 - INFO - [1696/2069] Biological assembly already cached: 8P7L-assembly1.cif
2026-05-25 03:14:29,209 - INFO - [1697/2069] Asymmetric unit already cached: 8P82.cif
2026-05-25 03:14:29,209 - INFO - [1697/2069] Biological assembly already cached: 8P82-assembly1.cif
2026-05-25 03:14:29,410 - INFO - [1698/2069] Asymmetric unit already cached: 8P83.cif
2026-05-25 03:14:29,410 - INFO - [1698/2069] Biological assembly already cached: 8P83-assembly1.cif
2026-05-25 03:14:29,610 - INFO - [1699/2069] Asymmetric unit already cached: 8PD4.cif
2026-05-25 03:14:29,610 - INFO - [1699/2069] Biological assembly already cached: 8PD4-assembly1.cif
2026-05-25 03:14:29,810 - INFO - [1700/2069] Asymmetric unit already cached: 8PD6.cif
2026-05-25 03:14:29,811 - INFO - [1700/2069] Biological assembly already cached: 8PD6-assembly1.cif
2026-05-25 03:14:30,011 - INFO - [1701/2069] Asymmetric unit already cached: 8PJN.cif
2026-05-25 03:14:30,011 - INFO - [1701/2069] Biological assembly already cached: 8PJN-assembly1.cif
2026-05-25 03:14:30,211 - INFO - [1702/2069] Asymmetric unit already cached: 8PKP.cif
2026-05-25 03:14:30,211 - INFO - [1702/2069] Biological assembly already cached: 8PKP-assembly1.cif
2026-05-25 03:14:30,412 - INFO - [1703/2069] Asymmetric unit already cached: 8PLZ.cif
2026-05-25 03:14:30,412 - INFO - [1703/2069] Biological assembly already cached: 8PLZ-assembly1.cif
2026-05-25 03:14:30,612 - INFO - [1704/2069] Asymmetric unit already cached: 8PP7.cif
2026-05-25 03:14:30,612 - INFO - [1704/2069] Biological assembly already cached: 8PP7-assembly1.cif
2026-05-25 03:14:30,812 - INFO - [1705/2069] Asymmetric unit already cached: 8PQL.cif
2026-05-25 03:14:30,813 - INFO - [1705/2069] Biological assembly already cached: 8PQL-assembly1.cif
2026-05-25 03:14:31,013 - INFO - [1706/2069] Asymmetric unit already cached: 8PWC.cif
2026-05-25 03:14:31,013 - INFO - [1706/2069] Biological assembly already cached: 8PWC-assembly1.cif
2026-05-25 03:14:31,213 - INFO - [1707/2069] Asymmetric unit already cached: 8PWL.cif
2026-05-25 03:14:31,214 - INFO - [1707/2069] Biological assembly already cached: 8PWL-assembly1.cif
2026-05-25 03:14:31,414 - INFO - [1708/2069] Asymmetric unit already cached: 8PYR.cif
2026-05-25 03:14:31,414 - INFO - [1708/2069] Biological assembly already cached: 8PYR-assembly1.cif
2026-05-25 03:14:31,614 - INFO - [1709/2069] Asymmetric unit already cached: 8Q0N.cif
2026-05-25 03:14:31,614 - INFO - [1709/2069] Biological assembly already cached: 8Q0N-assembly1.cif
2026-05-25 03:14:31,815 - INFO - [1710/2069] Asymmetric unit already cached: 8Q7E.cif
2026-05-25 03:14:31,815 - INFO - [1710/2069] Biological assembly already cached: 8Q7E-assembly1.cif
2026-05-25 03:14:32,015 - INFO - [1711/2069] Asymmetric unit already cached: 8Q7H.cif
2026-05-25 03:14:32,015 - INFO - [1711/2069] Biological assembly already cached: 8Q7H-assembly1.cif
2026-05-25 03:14:32,216 - INFO - [1712/2069] Asymmetric unit already cached: 8Q7R.cif
2026-05-25 03:14:32,216 - INFO - [1712/2069] Biological assembly already cached: 8Q7R-assembly1.cif
2026-05-25 03:14:32,416 - INFO - [1713/2069] Asymmetric unit already cached: 8QNG.cif
2026-05-25 03:14:32,416 - INFO - [1713/2069] Biological assembly already cached: 8QNG-assembly1.cif
2026-05-25 03:14:32,616 - INFO - [1714/2069] Asymmetric unit already cached: 8QNH.cif
2026-05-25 03:14:32,617 - INFO - [1714/2069] Biological assembly already cached: 8QNH-assembly1.cif
2026-05-25 03:14:32,817 - INFO - [1715/2069] Asymmetric unit already cached: 8QNI.cif
2026-05-25 03:14:32,817 - INFO - [1715/2069] Biological assembly already cached: 8QNI-assembly1.cif
2026-05-25 03:14:33,017 - INFO - [1716/2069] Asymmetric unit already cached: 8QTG.cif
2026-05-25 03:14:33,017 - INFO - [1716/2069] Biological assembly already cached: 8QTG-assembly1.cif
2026-05-25 03:14:33,218 - INFO - [1717/2069] Asymmetric unit already cached: 8QTH.cif
2026-05-25 03:14:33,218 - INFO - [1717/2069] Biological assembly already cached: 8QTH-assembly1.cif
2026-05-25 03:14:33,419 - INFO - [1718/2069] Asymmetric unit already cached: 8QTJ.cif
2026-05-25 03:14:33,419 - INFO - [1718/2069] Biological assembly already cached: 8QTJ-assembly1.cif
2026-05-25 03:14:33,619 - INFO - [1719/2069] Asymmetric unit already cached: 8QTK.cif
2026-05-25 03:14:33,619 - INFO - [1719/2069] Biological assembly already cached: 8QTK-assembly1.cif
2026-05-25 03:14:33,819 - INFO - [1720/2069] Asymmetric unit already cached: 8QU8.cif
2026-05-25 03:14:33,820 - INFO - [1720/2069] Biological assembly already cached: 8QU8-assembly1.cif
2026-05-25 03:14:34,020 - INFO - [1721/2069] Asymmetric unit already cached: 8R1F.cif
2026-05-25 03:14:34,020 - INFO - [1721/2069] Biological assembly already cached: 8R1F-assembly1.cif
2026-05-25 03:14:34,220 - INFO - [1722/2069] Asymmetric unit already cached: 8R1G.cif
2026-05-25 03:14:34,220 - INFO - [1722/2069] Biological assembly already cached: 8R1G-assembly1.cif
2026-05-25 03:14:34,421 - INFO - [1723/2069] Asymmetric unit already cached: 8R5B.cif
2026-05-25 03:14:34,421 - INFO - [1723/2069] Biological assembly already cached: 8R5B-assembly1.cif
2026-05-25 03:14:34,621 - INFO - [1724/2069] Asymmetric unit already cached: 8R5C.cif
2026-05-25 03:14:34,621 - INFO - [1724/2069] Biological assembly already cached: 8R5C-assembly1.cif
2026-05-25 03:14:34,821 - INFO - [1725/2069] Asymmetric unit already cached: 8R5D.cif
2026-05-25 03:14:34,822 - INFO - [1725/2069] Biological assembly already cached: 8R5D-assembly1.cif
2026-05-25 03:14:35,022 - INFO - [1726/2069] Asymmetric unit already cached: 8R5H.cif
2026-05-25 03:14:35,022 - INFO - [1726/2069] Biological assembly already cached: 8R5H-assembly1.cif
2026-05-25 03:14:35,222 - INFO - [1727/2069] Asymmetric unit already cached: 8R5N.cif
2026-05-25 03:14:35,222 - INFO - [1727/2069] Biological assembly already cached: 8R5N-assembly1.cif
2026-05-25 03:14:35,423 - INFO - [1728/2069] Asymmetric unit already cached: 8R6A.cif
2026-05-25 03:14:35,423 - INFO - [1728/2069] Biological assembly already cached: 8R6A-assembly1.cif
2026-05-25 03:14:35,623 - INFO - [1729/2069] Asymmetric unit already cached: 8R6B.cif
2026-05-25 03:14:35,623 - INFO - [1729/2069] Biological assembly already cached: 8R6B-assembly1.cif
2026-05-25 03:14:35,824 - INFO - [1730/2069] Asymmetric unit already cached: 8R79.cif
2026-05-25 03:14:35,824 - INFO - [1730/2069] Biological assembly already cached: 8R79-assembly1.cif
2026-05-25 03:14:36,024 - INFO - [1731/2069] Asymmetric unit already cached: 8R7O.cif
2026-05-25 03:14:36,024 - INFO - [1731/2069] Biological assembly already cached: 8R7O-assembly1.cif
2026-05-25 03:14:36,224 - INFO - [1732/2069] Asymmetric unit already cached: 8RD0.cif
2026-05-25 03:14:36,225 - INFO - [1732/2069] Biological assembly already cached: 8RD0-assembly1.cif
2026-05-25 03:14:36,425 - INFO - [1733/2069] Asymmetric unit already cached: 8RD1.cif
2026-05-25 03:14:36,425 - INFO - [1733/2069] Biological assembly already cached: 8RD1-assembly1.cif
2026-05-25 03:14:36,625 - INFO - [1734/2069] Asymmetric unit already cached: 8RD7.cif
2026-05-25 03:14:36,625 - INFO - [1734/2069] Biological assembly already cached: 8RD7-assembly1.cif
2026-05-25 03:14:36,826 - INFO - [1735/2069] Asymmetric unit already cached: 8RHS.cif
2026-05-25 03:14:36,826 - INFO - [1735/2069] Biological assembly already cached: 8RHS-assembly1.cif
2026-05-25 03:14:37,026 - INFO - [1736/2069] Asymmetric unit already cached: 8RHZ.cif
2026-05-25 03:14:37,026 - INFO - [1736/2069] Biological assembly already cached: 8RHZ-assembly1.cif
2026-05-25 03:14:37,226 - INFO - [1737/2069] Asymmetric unit already cached: 8RO2.cif
2026-05-25 03:14:37,227 - INFO - [1737/2069] Biological assembly already cached: 8RO2-assembly1.cif
2026-05-25 03:14:37,427 - INFO - [1738/2069] Asymmetric unit already cached: 8RS8.cif
2026-05-25 03:14:37,427 - INFO - [1738/2069] Biological assembly already cached: 8RS8-assembly1.cif
2026-05-25 03:14:37,627 - INFO - [1739/2069] Asymmetric unit already cached: 8RWZ.cif
2026-05-25 03:14:37,628 - INFO - [1739/2069] Biological assembly already cached: 8RWZ-assembly1.cif
2026-05-25 03:14:37,828 - INFO - [1740/2069] Asymmetric unit already cached: 8RX0.cif
2026-05-25 03:14:37,828 - INFO - [1740/2069] Biological assembly already cached: 8RX0-assembly1.cif
2026-05-25 03:14:38,028 - INFO - [1741/2069] Asymmetric unit already cached: 8S0R.cif
2026-05-25 03:14:38,029 - INFO - [1741/2069] Biological assembly already cached: 8S0R-assembly1.cif
2026-05-25 03:14:38,229 - INFO - [1742/2069] Asymmetric unit already cached: 8S0T.cif
2026-05-25 03:14:38,229 - INFO - [1742/2069] Biological assembly already cached: 8S0T-assembly1.cif
2026-05-25 03:14:38,430 - INFO - [1743/2069] Asymmetric unit already cached: 8S24.cif
2026-05-25 03:14:38,430 - INFO - [1743/2069] Biological assembly already cached: 8S24-assembly1.cif
2026-05-25 03:14:38,630 - INFO - [1744/2069] Asymmetric unit already cached: 8SE9.cif
2026-05-25 03:14:38,630 - INFO - [1744/2069] Biological assembly already cached: 8SE9-assembly1.cif
2026-05-25 03:14:38,831 - INFO - [1745/2069] Asymmetric unit already cached: 8SEA.cif
2026-05-25 03:14:38,831 - INFO - [1745/2069] Biological assembly already cached: 8SEA-assembly1.cif
2026-05-25 03:14:39,031 - INFO - [1746/2069] Asymmetric unit already cached: 8SEB.cif
2026-05-25 03:14:39,031 - INFO - [1746/2069] Biological assembly already cached: 8SEB-assembly1.cif
2026-05-25 03:14:39,231 - INFO - [1747/2069] Asymmetric unit already cached: 8SMW.cif
2026-05-25 03:14:39,232 - INFO - [1747/2069] Biological assembly already cached: 8SMW-assembly1.cif
2026-05-25 03:14:39,432 - INFO - [1748/2069] Asymmetric unit already cached: 8SMX.cif
2026-05-25 03:14:39,432 - INFO - [1748/2069] Biological assembly already cached: 8SMX-assembly1.cif
2026-05-25 03:14:39,632 - INFO - [1749/2069] Asymmetric unit already cached: 8SMY.cif
2026-05-25 03:14:39,632 - INFO - [1749/2069] Biological assembly already cached: 8SMY-assembly1.cif
2026-05-25 03:14:39,833 - INFO - [1750/2069] Asymmetric unit already cached: 8SMZ.cif
2026-05-25 03:14:39,833 - INFO - [1750/2069] Biological assembly already cached: 8SMZ-assembly1.cif
2026-05-25 03:14:40,033 - INFO - [1751/2069] Asymmetric unit already cached: 8SN0.cif
2026-05-25 03:14:40,033 - INFO - [1751/2069] Biological assembly already cached: 8SN0-assembly1.cif
2026-05-25 03:14:40,233 - INFO - [1752/2069] Asymmetric unit already cached: 8SN1.cif
2026-05-25 03:14:40,234 - INFO - [1752/2069] Biological assembly already cached: 8SN1-assembly1.cif
2026-05-25 03:14:40,434 - INFO - [1753/2069] Asymmetric unit already cached: 8SN2.cif
2026-05-25 03:14:40,434 - INFO - [1753/2069] Biological assembly already cached: 8SN2-assembly1.cif
2026-05-25 03:14:40,634 - INFO - [1754/2069] Asymmetric unit already cached: 8SN3.cif
2026-05-25 03:14:40,634 - INFO - [1754/2069] Biological assembly already cached: 8SN3-assembly1.cif
2026-05-25 03:14:40,835 - INFO - [1755/2069] Asymmetric unit already cached: 8SN4.cif
2026-05-25 03:14:40,835 - INFO - [1755/2069] Biological assembly already cached: 8SN4-assembly1.cif
2026-05-25 03:14:41,035 - INFO - [1756/2069] Asymmetric unit already cached: 8SN5.cif
2026-05-25 03:14:41,035 - INFO - [1756/2069] Biological assembly already cached: 8SN5-assembly1.cif
2026-05-25 03:14:41,235 - INFO - [1757/2069] Asymmetric unit already cached: 8SN6.cif
2026-05-25 03:14:41,236 - INFO - [1757/2069] Biological assembly already cached: 8SN6-assembly1.cif
2026-05-25 03:14:41,436 - INFO - [1758/2069] Asymmetric unit already cached: 8SN7.cif
2026-05-25 03:14:41,436 - INFO - [1758/2069] Biological assembly already cached: 8SN7-assembly1.cif
2026-05-25 03:14:41,636 - INFO - [1759/2069] Asymmetric unit already cached: 8SN8.cif
2026-05-25 03:14:41,636 - INFO - [1759/2069] Biological assembly already cached: 8SN8-assembly1.cif
2026-05-25 03:14:41,837 - INFO - [1760/2069] Asymmetric unit already cached: 8SN9.cif
2026-05-25 03:14:41,837 - INFO - [1760/2069] Biological assembly already cached: 8SN9-assembly1.cif
2026-05-25 03:14:42,037 - INFO - [1761/2069] Asymmetric unit already cached: 8SNA.cif
2026-05-25 03:14:42,037 - INFO - [1761/2069] Biological assembly already cached: 8SNA-assembly1.cif
2026-05-25 03:14:42,238 - INFO - [1762/2069] Asymmetric unit already cached: 8SUV.cif
2026-05-25 03:14:42,238 - INFO - [1762/2069] Biological assembly already cached: 8SUV-assembly1.cif
2026-05-25 03:14:42,438 - INFO - [1763/2069] Asymmetric unit already cached: 8SV8.cif
2026-05-25 03:14:42,438 - INFO - [1763/2069] Biological assembly already cached: 8SV8-assembly1.cif
2026-05-25 03:14:42,638 - INFO - [1764/2069] Asymmetric unit already cached: 8T0S.cif
2026-05-25 03:14:42,638 - INFO - [1764/2069] Biological assembly already cached: 8T0S-assembly1.cif
2026-05-25 03:14:42,839 - INFO - [1765/2069] Asymmetric unit already cached: 8T5P.cif
2026-05-25 03:14:42,839 - INFO - [1765/2069] Biological assembly already cached: 8T5P-assembly1.cif
2026-05-25 03:14:43,039 - INFO - [1766/2069] Asymmetric unit already cached: 8T5Q.cif
2026-05-25 03:14:43,039 - INFO - [1766/2069] Biological assembly already cached: 8T5Q-assembly1.cif
2026-05-25 03:14:43,240 - INFO - [1767/2069] Asymmetric unit already cached: 8TAR.cif
2026-05-25 03:14:43,240 - INFO - [1767/2069] Biological assembly already cached: 8TAR-assembly1.cif
2026-05-25 03:14:43,440 - INFO - [1768/2069] Asymmetric unit already cached: 8TAU.cif
2026-05-25 03:14:43,441 - INFO - [1768/2069] Biological assembly already cached: 8TAU-assembly1.cif
2026-05-25 03:14:43,641 - INFO - [1769/2069] Asymmetric unit already cached: 8TXV.cif
2026-05-25 03:14:43,641 - INFO - [1769/2069] Biological assembly already cached: 8TXV-assembly1.cif
2026-05-25 03:14:43,841 - INFO - [1770/2069] Asymmetric unit already cached: 8TXW.cif
2026-05-25 03:14:43,841 - INFO - [1770/2069] Biological assembly already cached: 8TXW-assembly1.cif
2026-05-25 03:14:44,042 - INFO - [1771/2069] Asymmetric unit already cached: 8TXX.cif
2026-05-25 03:14:44,042 - INFO - [1771/2069] Biological assembly already cached: 8TXX-assembly1.cif
2026-05-25 03:14:44,242 - INFO - [1772/2069] Asymmetric unit already cached: 8U13.cif
2026-05-25 03:14:44,242 - INFO - [1772/2069] Biological assembly already cached: 8U13-assembly1.cif
2026-05-25 03:14:44,443 - INFO - [1773/2069] Asymmetric unit already cached: 8U14.cif
2026-05-25 03:14:44,443 - INFO - [1773/2069] Biological assembly already cached: 8U14-assembly1.cif
2026-05-25 03:14:44,643 - INFO - [1774/2069] Asymmetric unit already cached: 8U2Y.cif
2026-05-25 03:14:44,643 - INFO - [1774/2069] Biological assembly already cached: 8U2Y-assembly1.cif
2026-05-25 03:14:44,843 - INFO - [1775/2069] Asymmetric unit already cached: 8UBU.cif
2026-05-25 03:14:44,843 - INFO - [1775/2069] Biological assembly already cached: 8UBU-assembly1.cif
2026-05-25 03:14:45,044 - INFO - [1776/2069] Asymmetric unit already cached: 8UPF.cif
2026-05-25 03:14:45,044 - INFO - [1776/2069] Biological assembly already cached: 8UPF-assembly1.cif
2026-05-25 03:14:45,244 - INFO - [1777/2069] Asymmetric unit already cached: 8UQ8.cif
2026-05-25 03:14:45,244 - INFO - [1777/2069] Biological assembly already cached: 8UQ8-assembly1.cif
2026-05-25 03:14:45,445 - INFO - [1778/2069] Asymmetric unit already cached: 8UQ9.cif
2026-05-25 03:14:45,445 - INFO - [1778/2069] Biological assembly already cached: 8UQ9-assembly1.cif
2026-05-25 03:14:45,645 - INFO - [1779/2069] Asymmetric unit already cached: 8UQA.cif
2026-05-25 03:14:45,645 - INFO - [1779/2069] Biological assembly already cached: 8UQA-assembly1.cif
2026-05-25 03:14:45,846 - INFO - [1780/2069] Asymmetric unit already cached: 8UQB.cif
2026-05-25 03:14:45,846 - INFO - [1780/2069] Biological assembly already cached: 8UQB-assembly1.cif
2026-05-25 03:14:46,046 - INFO - [1781/2069] Asymmetric unit already cached: 8UQC.cif
2026-05-25 03:14:46,046 - INFO - [1781/2069] Biological assembly already cached: 8UQC-assembly1.cif
2026-05-25 03:14:46,246 - INFO - [1782/2069] Asymmetric unit already cached: 8UQD.cif
2026-05-25 03:14:46,247 - INFO - [1782/2069] Biological assembly already cached: 8UQD-assembly1.cif
2026-05-25 03:14:46,447 - INFO - [1783/2069] Asymmetric unit already cached: 8UQE.cif
2026-05-25 03:14:46,447 - INFO - [1783/2069] Biological assembly already cached: 8UQE-assembly1.cif
2026-05-25 03:14:46,647 - INFO - [1784/2069] Asymmetric unit already cached: 8V0D.cif
2026-05-25 03:14:46,647 - INFO - [1784/2069] Biological assembly already cached: 8V0D-assembly1.cif
2026-05-25 03:14:46,848 - INFO - [1785/2069] Asymmetric unit already cached: 8V0E.cif
2026-05-25 03:14:46,848 - INFO - [1785/2069] Biological assembly already cached: 8V0E-assembly1.cif
2026-05-25 03:14:47,048 - INFO - [1786/2069] Asymmetric unit already cached: 8VK8.cif
2026-05-25 03:14:47,048 - INFO - [1786/2069] Biological assembly already cached: 8VK8-assembly1.cif
2026-05-25 03:14:47,249 - INFO - [1787/2069] Asymmetric unit already cached: 8VK9.cif
2026-05-25 03:14:47,249 - INFO - [1787/2069] Biological assembly already cached: 8VK9-assembly1.cif
2026-05-25 03:14:47,449 - INFO - [1788/2069] Asymmetric unit already cached: 8VW4.cif
2026-05-25 03:14:47,449 - INFO - [1788/2069] Biological assembly already cached: 8VW4-assembly1.cif
2026-05-25 03:14:47,649 - INFO - [1789/2069] Asymmetric unit already cached: 8VW5.cif
2026-05-25 03:14:47,650 - INFO - [1789/2069] Biological assembly already cached: 8VW5-assembly1.cif
2026-05-25 03:14:47,850 - INFO - [1790/2069] Asymmetric unit already cached: 8W59.cif
2026-05-25 03:14:47,850 - INFO - [1790/2069] Biological assembly already cached: 8W59-assembly1.cif
2026-05-25 03:14:48,050 - INFO - [1791/2069] Asymmetric unit already cached: 8W5A.cif
2026-05-25 03:14:48,050 - INFO - [1791/2069] Biological assembly already cached: 8W5A-assembly1.cif
2026-05-25 03:14:48,251 - INFO - [1792/2069] Asymmetric unit already cached: 8WAK.cif
2026-05-25 03:14:48,251 - INFO - [1792/2069] Biological assembly already cached: 8WAK-assembly1.cif
2026-05-25 03:14:48,452 - INFO - [1793/2069] Asymmetric unit already cached: 8WAL.cif
2026-05-25 03:14:48,452 - INFO - [1793/2069] Biological assembly already cached: 8WAL-assembly1.cif
2026-05-25 03:14:48,652 - INFO - [1794/2069] Asymmetric unit already cached: 8WAN.cif
2026-05-25 03:14:48,652 - INFO - [1794/2069] Biological assembly already cached: 8WAN-assembly1.cif
2026-05-25 03:14:48,852 - INFO - [1795/2069] Asymmetric unit already cached: 8WAO.cif
2026-05-25 03:14:48,852 - INFO - [1795/2069] Biological assembly already cached: 8WAO-assembly1.cif
2026-05-25 03:14:49,053 - INFO - [1796/2069] Asymmetric unit already cached: 8WAP.cif
2026-05-25 03:14:49,053 - INFO - [1796/2069] Biological assembly already cached: 8WAP-assembly1.cif
2026-05-25 03:14:49,253 - INFO - [1797/2069] Asymmetric unit already cached: 8WAQ.cif
2026-05-25 03:14:49,254 - INFO - [1797/2069] Biological assembly already cached: 8WAQ-assembly1.cif
2026-05-25 03:14:49,454 - INFO - [1798/2069] Asymmetric unit already cached: 8WAR.cif
2026-05-25 03:14:49,454 - INFO - [1798/2069] Biological assembly already cached: 8WAR-assembly1.cif
2026-05-25 03:14:49,654 - INFO - [1799/2069] Asymmetric unit already cached: 8WAS.cif
2026-05-25 03:14:49,654 - INFO - [1799/2069] Biological assembly already cached: 8WAS-assembly1.cif
2026-05-25 03:14:49,855 - INFO - [1800/2069] Asymmetric unit already cached: 8WDK.cif
2026-05-25 03:14:49,855 - INFO - [1800/2069] Biological assembly already cached: 8WDK-assembly1.cif
2026-05-25 03:14:50,055 - INFO - [1801/2069] Asymmetric unit already cached: 8WMS.cif
2026-05-25 03:14:50,055 - INFO - [1801/2069] Biological assembly already cached: 8WMS-assembly1.cif
2026-05-25 03:14:50,256 - INFO - [1802/2069] Asymmetric unit already cached: 8WQA.cif
2026-05-25 03:14:50,256 - INFO - [1802/2069] Biological assembly already cached: 8WQA-assembly1.cif
2026-05-25 03:14:50,456 - INFO - [1803/2069] Asymmetric unit already cached: 8WQB.cif
2026-05-25 03:14:50,456 - INFO - [1803/2069] Biological assembly already cached: 8WQB-assembly1.cif
2026-05-25 03:14:50,656 - INFO - [1804/2069] Asymmetric unit already cached: 8WQC.cif
2026-05-25 03:14:50,657 - INFO - [1804/2069] Biological assembly already cached: 8WQC-assembly1.cif
2026-05-25 03:14:50,857 - INFO - [1805/2069] Asymmetric unit already cached: 8WQE.cif
2026-05-25 03:14:50,857 - INFO - [1805/2069] Biological assembly already cached: 8WQE-assembly1.cif
2026-05-25 03:14:51,057 - INFO - [1806/2069] Asymmetric unit already cached: 8WQF.cif
2026-05-25 03:14:51,057 - INFO - [1806/2069] Biological assembly already cached: 8WQF-assembly1.cif
2026-05-25 03:14:51,258 - INFO - [1807/2069] Asymmetric unit already cached: 8WQG.cif
2026-05-25 03:14:51,258 - INFO - [1807/2069] Biological assembly already cached: 8WQG-assembly1.cif
2026-05-25 03:14:51,458 - INFO - [1808/2069] Asymmetric unit already cached: 8WQH.cif
2026-05-25 03:14:51,458 - INFO - [1808/2069] Biological assembly already cached: 8WQH-assembly1.cif
2026-05-25 03:14:51,659 - INFO - [1809/2069] Asymmetric unit already cached: 8WR5.cif
2026-05-25 03:14:51,659 - INFO - [1809/2069] Biological assembly already cached: 8WR5-assembly1.cif
2026-05-25 03:14:51,859 - INFO - [1810/2069] Asymmetric unit already cached: 8WVU.cif
2026-05-25 03:14:51,859 - INFO - [1810/2069] Biological assembly already cached: 8WVU-assembly1.cif
2026-05-25 03:14:52,059 - INFO - [1811/2069] Asymmetric unit already cached: 8WZN.cif
2026-05-25 03:14:52,060 - INFO - [1811/2069] Biological assembly already cached: 8WZN-assembly1.cif
2026-05-25 03:14:52,260 - INFO - [1812/2069] Asymmetric unit already cached: 8WZO.cif
2026-05-25 03:14:52,260 - INFO - [1812/2069] Biological assembly already cached: 8WZO-assembly1.cif
2026-05-25 03:14:52,460 - INFO - [1813/2069] Asymmetric unit already cached: 8X7I.cif
2026-05-25 03:14:52,461 - INFO - [1813/2069] Biological assembly already cached: 8X7I-assembly1.cif
2026-05-25 03:14:52,661 - INFO - [1814/2069] Asymmetric unit already cached: 8X7J.cif
2026-05-25 03:14:52,661 - INFO - [1814/2069] Biological assembly already cached: 8X7J-assembly1.cif
2026-05-25 03:14:52,861 - INFO - [1815/2069] Asymmetric unit already cached: 8X7K.cif
2026-05-25 03:14:52,861 - INFO - [1815/2069] Biological assembly already cached: 8X7K-assembly1.cif
2026-05-25 03:14:53,062 - INFO - [1816/2069] Asymmetric unit already cached: 8XFP.cif
2026-05-25 03:14:53,063 - INFO - [1816/2069] Biological assembly already cached: 8XFP-assembly1.cif
2026-05-25 03:14:53,263 - INFO - [1817/2069] Asymmetric unit already cached: 8XFS.cif
2026-05-25 03:14:53,263 - INFO - [1817/2069] Biological assembly already cached: 8XFS-assembly1.cif
2026-05-25 03:14:53,463 - INFO - [1818/2069] Asymmetric unit already cached: 8XFT.cif
2026-05-25 03:14:53,464 - INFO - [1818/2069] Biological assembly already cached: 8XFT-assembly1.cif
2026-05-25 03:14:53,664 - INFO - [1819/2069] Asymmetric unit already cached: 8XV4.cif
2026-05-25 03:14:53,664 - INFO - [1819/2069] Biological assembly already cached: 8XV4-assembly1.cif
2026-05-25 03:14:53,864 - INFO - [1820/2069] Asymmetric unit already cached: 8XV6.cif
2026-05-25 03:14:53,864 - INFO - [1820/2069] Biological assembly already cached: 8XV6-assembly1.cif
2026-05-25 03:14:54,065 - INFO - [1821/2069] Asymmetric unit already cached: 8XV7.cif
2026-05-25 03:14:54,065 - INFO - [1821/2069] Biological assembly already cached: 8XV7-assembly1.cif
2026-05-25 03:14:54,265 - INFO - [1822/2069] Asymmetric unit already cached: 8XV8.cif
2026-05-25 03:14:54,265 - INFO - [1822/2069] Biological assembly already cached: 8XV8-assembly1.cif
2026-05-25 03:14:54,465 - INFO - [1823/2069] Asymmetric unit already cached: 8Y4Z.cif
2026-05-25 03:14:54,466 - INFO - [1823/2069] Biological assembly already cached: 8Y4Z-assembly1.cif
2026-05-25 03:14:54,666 - INFO - [1824/2069] Asymmetric unit already cached: 8Y58.cif
2026-05-25 03:14:54,666 - INFO - [1824/2069] Biological assembly already cached: 8Y58-assembly1.cif
2026-05-25 03:14:54,866 - INFO - [1825/2069] Asymmetric unit already cached: 8Y59.cif
2026-05-25 03:14:54,867 - INFO - [1825/2069] Biological assembly already cached: 8Y59-assembly1.cif
2026-05-25 03:14:55,067 - INFO - [1826/2069] Asymmetric unit already cached: 8Y5B.cif
2026-05-25 03:14:55,067 - INFO - [1826/2069] Biological assembly already cached: 8Y5B-assembly1.cif
2026-05-25 03:14:55,267 - INFO - [1827/2069] Asymmetric unit already cached: 8Y69.cif
2026-05-25 03:14:55,267 - INFO - [1827/2069] Biological assembly already cached: 8Y69-assembly1.cif
2026-05-25 03:14:55,468 - INFO - [1828/2069] Asymmetric unit already cached: 8YTC.cif
2026-05-25 03:14:55,468 - INFO - [1828/2069] Biological assembly already cached: 8YTC-assembly1.cif
2026-05-25 03:14:55,668 - INFO - [1829/2069] Asymmetric unit already cached: 8YTF.cif
2026-05-25 03:14:55,668 - INFO - [1829/2069] Biological assembly already cached: 8YTF-assembly1.cif
2026-05-25 03:14:55,869 - INFO - [1830/2069] Asymmetric unit already cached: 8YTG.cif
2026-05-25 03:14:55,869 - INFO - [1830/2069] Biological assembly already cached: 8YTG-assembly1.cif
2026-05-25 03:14:56,069 - INFO - [1831/2069] Asymmetric unit already cached: 8YTH.cif
2026-05-25 03:14:56,069 - INFO - [1831/2069] Biological assembly already cached: 8YTH-assembly1.cif
2026-05-25 03:14:56,269 - INFO - [1832/2069] Asymmetric unit already cached: 8Z30.cif
2026-05-25 03:14:56,270 - INFO - [1832/2069] Biological assembly already cached: 8Z30-assembly1.cif
2026-05-25 03:14:56,470 - INFO - [1833/2069] Asymmetric unit already cached: 8Z36.cif
2026-05-25 03:14:56,470 - INFO - [1833/2069] Biological assembly already cached: 8Z36-assembly1.cif
2026-05-25 03:14:56,670 - INFO - [1834/2069] Asymmetric unit already cached: 8ZUK.cif
2026-05-25 03:14:56,670 - INFO - [1834/2069] Biological assembly already cached: 8ZUK-assembly1.cif
2026-05-25 03:14:56,871 - INFO - [1835/2069] Asymmetric unit already cached: 8ZZM.cif
2026-05-25 03:14:56,871 - INFO - [1835/2069] Downloading biological assembly for 8ZZM
2026-05-25 03:14:57,122 - WARNING - Failed to download https://files.rcsb.org/download/8ZZM-assembly1.cif (status 404)
2026-05-25 03:14:57,322 - INFO - [1836/2069] Asymmetric unit already cached: 8ZZN.cif
2026-05-25 03:14:57,322 - INFO - [1836/2069] Downloading biological assembly for 8ZZN
2026-05-25 03:14:57,470 - WARNING - Failed to download https://files.rcsb.org/download/8ZZN-assembly1.cif (status 404)
2026-05-25 03:14:57,671 - INFO - [1837/2069] Asymmetric unit already cached: 8ZZS.cif
2026-05-25 03:14:57,671 - INFO - [1837/2069] Downloading biological assembly for 8ZZS
2026-05-25 03:14:57,804 - WARNING - Failed to download https://files.rcsb.org/download/8ZZS-assembly1.cif (status 404)
2026-05-25 03:14:58,005 - INFO - [1838/2069] Asymmetric unit already cached: 8ZZT.cif
2026-05-25 03:14:58,005 - INFO - [1838/2069] Downloading biological assembly for 8ZZT
2026-05-25 03:14:58,139 - WARNING - Failed to download https://files.rcsb.org/download/8ZZT-assembly1.cif (status 404)
2026-05-25 03:14:58,340 - INFO - [1839/2069] Asymmetric unit already cached: 9A1I.cif
2026-05-25 03:14:58,340 - INFO - [1839/2069] Downloading biological assembly for 9A1I
2026-05-25 03:14:58,473 - WARNING - Failed to download https://files.rcsb.org/download/9A1I-assembly1.cif (status 404)
2026-05-25 03:14:58,673 - INFO - [1840/2069] Asymmetric unit already cached: 9A1J.cif
2026-05-25 03:14:58,673 - INFO - [1840/2069] Downloading biological assembly for 9A1J
2026-05-25 03:14:58,809 - WARNING - Failed to download https://files.rcsb.org/download/9A1J-assembly1.cif (status 404)
2026-05-25 03:14:59,010 - INFO - [1841/2069] Asymmetric unit already cached: 9A40.cif
2026-05-25 03:14:59,010 - INFO - [1841/2069] Downloading biological assembly for 9A40
2026-05-25 03:14:59,144 - WARNING - Failed to download https://files.rcsb.org/download/9A40-assembly1.cif (status 404)
2026-05-25 03:14:59,345 - INFO - [1842/2069] Asymmetric unit already cached: 9ATN.cif
2026-05-25 03:14:59,345 - INFO - [1842/2069] Biological assembly already cached: 9ATN-assembly1.cif
2026-05-25 03:14:59,545 - INFO - [1843/2069] Asymmetric unit already cached: 9AZJ.cif
2026-05-25 03:14:59,545 - INFO - [1843/2069] Biological assembly already cached: 9AZJ-assembly1.cif
2026-05-25 03:14:59,745 - INFO - [1844/2069] Asymmetric unit already cached: 9B0B.cif
2026-05-25 03:14:59,746 - INFO - [1844/2069] Biological assembly already cached: 9B0B-assembly1.cif
2026-05-25 03:14:59,946 - INFO - [1845/2069] Asymmetric unit already cached: 9B0Z.cif
2026-05-25 03:14:59,946 - INFO - [1845/2069] Biological assembly already cached: 9B0Z-assembly1.cif
2026-05-25 03:15:00,147 - INFO - [1846/2069] Asymmetric unit already cached: 9B12.cif
2026-05-25 03:15:00,147 - INFO - [1846/2069] Biological assembly already cached: 9B12-assembly1.cif
2026-05-25 03:15:00,347 - INFO - [1847/2069] Asymmetric unit already cached: 9B62.cif
2026-05-25 03:15:00,348 - INFO - [1847/2069] Biological assembly already cached: 9B62-assembly1.cif
2026-05-25 03:15:00,548 - INFO - [1848/2069] Asymmetric unit already cached: 9BD3.cif
2026-05-25 03:15:00,548 - INFO - [1848/2069] Biological assembly already cached: 9BD3-assembly1.cif
2026-05-25 03:15:00,748 - INFO - [1849/2069] Asymmetric unit already cached: 9BIV.cif
2026-05-25 03:15:00,748 - INFO - [1849/2069] Biological assembly already cached: 9BIV-assembly1.cif
2026-05-25 03:15:00,949 - INFO - [1850/2069] Asymmetric unit already cached: 9BJ8.cif
2026-05-25 03:15:00,949 - INFO - [1850/2069] Biological assembly already cached: 9BJ8-assembly1.cif
2026-05-25 03:15:01,149 - INFO - [1851/2069] Asymmetric unit already cached: 9BJ9.cif
2026-05-25 03:15:01,149 - INFO - [1851/2069] Biological assembly already cached: 9BJ9-assembly1.cif
2026-05-25 03:15:01,350 - INFO - [1852/2069] Asymmetric unit already cached: 9BJZ.cif
2026-05-25 03:15:01,350 - INFO - [1852/2069] Biological assembly already cached: 9BJZ-assembly1.cif
2026-05-25 03:15:01,550 - INFO - [1853/2069] Asymmetric unit already cached: 9BKR.cif
2026-05-25 03:15:01,550 - INFO - [1853/2069] Biological assembly already cached: 9BKR-assembly1.cif
2026-05-25 03:15:01,751 - INFO - [1854/2069] Asymmetric unit already cached: 9BKS.cif
2026-05-25 03:15:01,751 - INFO - [1854/2069] Biological assembly already cached: 9BKS-assembly1.cif
2026-05-25 03:15:01,951 - INFO - [1855/2069] Asymmetric unit already cached: 9CDW.cif
2026-05-25 03:15:01,951 - INFO - [1855/2069] Biological assembly already cached: 9CDW-assembly1.cif
2026-05-25 03:15:02,152 - INFO - [1856/2069] Asymmetric unit already cached: 9CDZ.cif
2026-05-25 03:15:02,152 - INFO - [1856/2069] Biological assembly already cached: 9CDZ-assembly1.cif
2026-05-25 03:15:02,352 - INFO - [1857/2069] Asymmetric unit already cached: 9CHT.cif
2026-05-25 03:15:02,352 - INFO - [1857/2069] Biological assembly already cached: 9CHT-assembly1.cif
2026-05-25 03:15:02,552 - INFO - [1858/2069] Asymmetric unit already cached: 9D9Z.cif
2026-05-25 03:15:02,553 - INFO - [1858/2069] Biological assembly already cached: 9D9Z-assembly1.cif
2026-05-25 03:15:02,753 - INFO - [1859/2069] Asymmetric unit already cached: 9DBY.cif
2026-05-25 03:15:02,753 - INFO - [1859/2069] Biological assembly already cached: 9DBY-assembly1.cif
2026-05-25 03:15:02,953 - INFO - [1860/2069] Asymmetric unit already cached: 9DDE.cif
2026-05-25 03:15:02,953 - INFO - [1860/2069] Biological assembly already cached: 9DDE-assembly1.cif
2026-05-25 03:15:03,154 - INFO - [1861/2069] Asymmetric unit already cached: 9DGG.cif
2026-05-25 03:15:03,154 - INFO - [1861/2069] Biological assembly already cached: 9DGG-assembly1.cif
2026-05-25 03:15:03,355 - INFO - [1862/2069] Asymmetric unit already cached: 9DNO.cif
2026-05-25 03:15:03,355 - INFO - [1862/2069] Biological assembly already cached: 9DNO-assembly1.cif
2026-05-25 03:15:03,555 - INFO - [1863/2069] Asymmetric unit already cached: 9DNP.cif
2026-05-25 03:15:03,555 - INFO - [1863/2069] Biological assembly already cached: 9DNP-assembly1.cif
2026-05-25 03:15:03,755 - INFO - [1864/2069] Asymmetric unit already cached: 9DNQ.cif
2026-05-25 03:15:03,756 - INFO - [1864/2069] Biological assembly already cached: 9DNQ-assembly1.cif
2026-05-25 03:15:03,956 - INFO - [1865/2069] Asymmetric unit already cached: 9DNR.cif
2026-05-25 03:15:03,956 - INFO - [1865/2069] Biological assembly already cached: 9DNR-assembly1.cif
2026-05-25 03:15:04,156 - INFO - [1866/2069] Asymmetric unit already cached: 9DNS.cif
2026-05-25 03:15:04,156 - INFO - [1866/2069] Biological assembly already cached: 9DNS-assembly1.cif
2026-05-25 03:15:04,357 - INFO - [1867/2069] Asymmetric unit already cached: 9DQB.cif
2026-05-25 03:15:04,357 - INFO - [1867/2069] Biological assembly already cached: 9DQB-assembly1.cif
2026-05-25 03:15:04,557 - INFO - [1868/2069] Asymmetric unit already cached: 9DRJ.cif
2026-05-25 03:15:04,557 - INFO - [1868/2069] Biological assembly already cached: 9DRJ-assembly1.cif
2026-05-25 03:15:04,757 - INFO - [1869/2069] Asymmetric unit already cached: 9DRY.cif
2026-05-25 03:15:04,757 - INFO - [1869/2069] Biological assembly already cached: 9DRY-assembly1.cif
2026-05-25 03:15:04,958 - INFO - [1870/2069] Asymmetric unit already cached: 9DYA.cif
2026-05-25 03:15:04,958 - INFO - [1870/2069] Biological assembly already cached: 9DYA-assembly1.cif
2026-05-25 03:15:05,158 - INFO - [1871/2069] Asymmetric unit already cached: 9DYB.cif
2026-05-25 03:15:05,158 - INFO - [1871/2069] Biological assembly already cached: 9DYB-assembly1.cif
2026-05-25 03:15:05,359 - INFO - [1872/2069] Asymmetric unit already cached: 9EFM.cif
2026-05-25 03:15:05,359 - INFO - [1872/2069] Biological assembly already cached: 9EFM-assembly1.cif
2026-05-25 03:15:05,559 - INFO - [1873/2069] Asymmetric unit already cached: 9EFQ.cif
2026-05-25 03:15:05,559 - INFO - [1873/2069] Biological assembly already cached: 9EFQ-assembly1.cif
2026-05-25 03:15:05,759 - INFO - [1874/2069] Asymmetric unit already cached: 9EFV.cif
2026-05-25 03:15:05,759 - INFO - [1874/2069] Biological assembly already cached: 9EFV-assembly1.cif
2026-05-25 03:15:05,960 - INFO - [1875/2069] Asymmetric unit already cached: 9EG1.cif
2026-05-25 03:15:05,960 - INFO - [1875/2069] Biological assembly already cached: 9EG1-assembly1.cif
2026-05-25 03:15:06,160 - INFO - [1876/2069] Asymmetric unit already cached: 9EG8.cif
2026-05-25 03:15:06,160 - INFO - [1876/2069] Biological assembly already cached: 9EG8-assembly1.cif
2026-05-25 03:15:06,361 - INFO - [1877/2069] Asymmetric unit already cached: 9EGL.cif
2026-05-25 03:15:06,361 - INFO - [1877/2069] Biological assembly already cached: 9EGL-assembly1.cif
2026-05-25 03:15:06,561 - INFO - [1878/2069] Asymmetric unit already cached: 9EGV.cif
2026-05-25 03:15:06,561 - INFO - [1878/2069] Biological assembly already cached: 9EGV-assembly1.cif
2026-05-25 03:15:06,761 - INFO - [1879/2069] Asymmetric unit already cached: 9EGW.cif
2026-05-25 03:15:06,761 - INFO - [1879/2069] Biological assembly already cached: 9EGW-assembly1.cif
2026-05-25 03:15:06,962 - INFO - [1880/2069] Asymmetric unit already cached: 9EK5.cif
2026-05-25 03:15:06,962 - INFO - [1880/2069] Biological assembly already cached: 9EK5-assembly1.cif
2026-05-25 03:15:07,162 - INFO - [1881/2069] Asymmetric unit already cached: 9EQH.cif
2026-05-25 03:15:07,162 - INFO - [1881/2069] Biological assembly already cached: 9EQH-assembly1.cif
2026-05-25 03:15:07,363 - INFO - [1882/2069] Asymmetric unit already cached: 9EQK.cif
2026-05-25 03:15:07,363 - INFO - [1882/2069] Biological assembly already cached: 9EQK-assembly1.cif
2026-05-25 03:15:07,563 - INFO - [1883/2069] Asymmetric unit already cached: 9ERZ.cif
2026-05-25 03:15:07,563 - INFO - [1883/2069] Biological assembly already cached: 9ERZ-assembly1.cif
2026-05-25 03:15:07,763 - INFO - [1884/2069] Asymmetric unit already cached: 9FMD.cif
2026-05-25 03:15:07,764 - INFO - [1884/2069] Biological assembly already cached: 9FMD-assembly1.cif
2026-05-25 03:15:07,964 - INFO - [1885/2069] Asymmetric unit already cached: 9FQH.cif
2026-05-25 03:15:07,964 - INFO - [1885/2069] Biological assembly already cached: 9FQH-assembly1.cif
2026-05-25 03:15:08,164 - INFO - [1886/2069] Asymmetric unit already cached: 9FQI.cif
2026-05-25 03:15:08,165 - INFO - [1886/2069] Biological assembly already cached: 9FQI-assembly1.cif
2026-05-25 03:15:08,365 - INFO - [1887/2069] Asymmetric unit already cached: 9FQJ.cif
2026-05-25 03:15:08,365 - INFO - [1887/2069] Biological assembly already cached: 9FQJ-assembly1.cif
2026-05-25 03:15:08,566 - INFO - [1888/2069] Asymmetric unit already cached: 9FSH.cif
2026-05-25 03:15:08,566 - INFO - [1888/2069] Biological assembly already cached: 9FSH-assembly1.cif
2026-05-25 03:15:08,766 - INFO - [1889/2069] Asymmetric unit already cached: 9FSJ.cif
2026-05-25 03:15:08,766 - INFO - [1889/2069] Biological assembly already cached: 9FSJ-assembly1.cif
2026-05-25 03:15:08,966 - INFO - [1890/2069] Asymmetric unit already cached: 9FSK.cif
2026-05-25 03:15:08,967 - INFO - [1890/2069] Biological assembly already cached: 9FSK-assembly1.cif
2026-05-25 03:15:09,167 - INFO - [1891/2069] Asymmetric unit already cached: 9G08.cif
2026-05-25 03:15:09,167 - INFO - [1891/2069] Biological assembly already cached: 9G08-assembly1.cif
2026-05-25 03:15:09,367 - INFO - [1892/2069] Asymmetric unit already cached: 9G09.cif
2026-05-25 03:15:09,367 - INFO - [1892/2069] Biological assembly already cached: 9G09-assembly1.cif
2026-05-25 03:15:09,568 - INFO - [1893/2069] Asymmetric unit already cached: 9G0L.cif
2026-05-25 03:15:09,568 - INFO - [1893/2069] Biological assembly already cached: 9G0L-assembly1.cif
2026-05-25 03:15:09,768 - INFO - [1894/2069] Asymmetric unit already cached: 9GAW.cif
2026-05-25 03:15:09,768 - INFO - [1894/2069] Biological assembly already cached: 9GAW-assembly1.cif
2026-05-25 03:15:09,969 - INFO - [1895/2069] Asymmetric unit already cached: 9GD5.cif
2026-05-25 03:15:09,969 - INFO - [1895/2069] Biological assembly already cached: 9GD5-assembly1.cif
2026-05-25 03:15:10,169 - INFO - [1896/2069] Asymmetric unit already cached: 9GDG.cif
2026-05-25 03:15:10,169 - INFO - [1896/2069] Biological assembly already cached: 9GDG-assembly1.cif
2026-05-25 03:15:10,370 - INFO - [1897/2069] Asymmetric unit already cached: 9GES.cif
2026-05-25 03:15:10,370 - INFO - [1897/2069] Biological assembly already cached: 9GES-assembly1.cif
2026-05-25 03:15:10,570 - INFO - [1898/2069] Asymmetric unit already cached: 9GET.cif
2026-05-25 03:15:10,570 - INFO - [1898/2069] Biological assembly already cached: 9GET-assembly1.cif
2026-05-25 03:15:10,770 - INFO - [1899/2069] Asymmetric unit already cached: 9GEW.cif
2026-05-25 03:15:10,771 - INFO - [1899/2069] Biological assembly already cached: 9GEW-assembly1.cif
2026-05-25 03:15:10,971 - INFO - [1900/2069] Asymmetric unit already cached: 9GEY.cif
2026-05-25 03:15:10,971 - INFO - [1900/2069] Biological assembly already cached: 9GEY-assembly1.cif
2026-05-25 03:15:11,171 - INFO - [1901/2069] Asymmetric unit already cached: 9GFC.cif
2026-05-25 03:15:11,172 - INFO - [1901/2069] Biological assembly already cached: 9GFC-assembly1.cif
2026-05-25 03:15:11,372 - INFO - [1902/2069] Asymmetric unit already cached: 9GFK.cif
2026-05-25 03:15:11,372 - INFO - [1902/2069] Biological assembly already cached: 9GFK-assembly1.cif
2026-05-25 03:15:11,572 - INFO - [1903/2069] Asymmetric unit already cached: 9GIK.cif
2026-05-25 03:15:11,572 - INFO - [1903/2069] Biological assembly already cached: 9GIK-assembly1.cif
2026-05-25 03:15:11,773 - INFO - [1904/2069] Asymmetric unit already cached: 9GIM.cif
2026-05-25 03:15:11,773 - INFO - [1904/2069] Biological assembly already cached: 9GIM-assembly1.cif
2026-05-25 03:15:11,973 - INFO - [1905/2069] Asymmetric unit already cached: 9GKM.cif
2026-05-25 03:15:11,973 - INFO - [1905/2069] Biological assembly already cached: 9GKM-assembly1.cif
2026-05-25 03:15:12,174 - INFO - [1906/2069] Asymmetric unit already cached: 9GKN.cif
2026-05-25 03:15:12,174 - INFO - [1906/2069] Biological assembly already cached: 9GKN-assembly1.cif
2026-05-25 03:15:12,374 - INFO - [1907/2069] Asymmetric unit already cached: 9GLR.cif
2026-05-25 03:15:12,374 - INFO - [1907/2069] Biological assembly already cached: 9GLR-assembly1.cif
2026-05-25 03:15:12,574 - INFO - [1908/2069] Asymmetric unit already cached: 9GLS.cif
2026-05-25 03:15:12,574 - INFO - [1908/2069] Biological assembly already cached: 9GLS-assembly1.cif
2026-05-25 03:15:12,775 - INFO - [1909/2069] Asymmetric unit already cached: 9GY4.cif
2026-05-25 03:15:12,775 - INFO - [1909/2069] Biological assembly already cached: 9GY4-assembly1.cif
2026-05-25 03:15:12,975 - INFO - [1910/2069] Asymmetric unit already cached: 9H1J.cif
2026-05-25 03:15:12,975 - INFO - [1910/2069] Biological assembly already cached: 9H1J-assembly1.cif
2026-05-25 03:15:13,176 - INFO - [1911/2069] Asymmetric unit already cached: 9H9O.cif
2026-05-25 03:15:13,176 - INFO - [1911/2069] Biological assembly already cached: 9H9O-assembly1.cif
2026-05-25 03:15:13,377 - INFO - [1912/2069] Asymmetric unit already cached: 9H9T.cif
2026-05-25 03:15:13,377 - INFO - [1912/2069] Biological assembly already cached: 9H9T-assembly1.cif
2026-05-25 03:15:13,577 - INFO - [1913/2069] Asymmetric unit already cached: 9HGE.cif
2026-05-25 03:15:13,577 - INFO - [1913/2069] Biological assembly already cached: 9HGE-assembly1.cif
2026-05-25 03:15:13,777 - INFO - [1914/2069] Asymmetric unit already cached: 9HIN.cif
2026-05-25 03:15:13,778 - INFO - [1914/2069] Biological assembly already cached: 9HIN-assembly1.cif
2026-05-25 03:15:13,978 - INFO - [1915/2069] Asymmetric unit already cached: 9HIX.cif
2026-05-25 03:15:13,978 - INFO - [1915/2069] Biological assembly already cached: 9HIX-assembly1.cif
2026-05-25 03:15:14,178 - INFO - [1916/2069] Asymmetric unit already cached: 9HIY.cif
2026-05-25 03:15:14,178 - INFO - [1916/2069] Biological assembly already cached: 9HIY-assembly1.cif
2026-05-25 03:15:14,379 - INFO - [1917/2069] Asymmetric unit already cached: 9HJ0.cif
2026-05-25 03:15:14,379 - INFO - [1917/2069] Biological assembly already cached: 9HJ0-assembly1.cif
2026-05-25 03:15:14,579 - INFO - [1918/2069] Asymmetric unit already cached: 9HXW.cif
2026-05-25 03:15:14,579 - INFO - [1918/2069] Biological assembly already cached: 9HXW-assembly1.cif
2026-05-25 03:15:14,779 - INFO - [1919/2069] Asymmetric unit already cached: 9I0T.cif
2026-05-25 03:15:14,780 - INFO - [1919/2069] Biological assembly already cached: 9I0T-assembly1.cif
2026-05-25 03:15:14,980 - INFO - [1920/2069] Asymmetric unit already cached: 9I1J.cif
2026-05-25 03:15:14,980 - INFO - [1920/2069] Biological assembly already cached: 9I1J-assembly1.cif
2026-05-25 03:15:15,180 - INFO - [1921/2069] Asymmetric unit already cached: 9I9I.cif
2026-05-25 03:15:15,180 - INFO - [1921/2069] Biological assembly already cached: 9I9I-assembly1.cif
2026-05-25 03:15:15,381 - INFO - [1922/2069] Asymmetric unit already cached: 9I9J.cif
2026-05-25 03:15:15,381 - INFO - [1922/2069] Biological assembly already cached: 9I9J-assembly1.cif
2026-05-25 03:15:15,581 - INFO - [1923/2069] Asymmetric unit already cached: 9I9K.cif
2026-05-25 03:15:15,581 - INFO - [1923/2069] Biological assembly already cached: 9I9K-assembly1.cif
2026-05-25 03:15:15,781 - INFO - [1924/2069] Asymmetric unit already cached: 9IF9.cif
2026-05-25 03:15:15,782 - INFO - [1924/2069] Biological assembly already cached: 9IF9-assembly1.cif
2026-05-25 03:15:15,982 - INFO - [1925/2069] Asymmetric unit already cached: 9II5.cif
2026-05-25 03:15:15,982 - INFO - [1925/2069] Biological assembly already cached: 9II5-assembly1.cif
2026-05-25 03:15:16,182 - INFO - [1926/2069] Asymmetric unit already cached: 9IIC.cif
2026-05-25 03:15:16,183 - INFO - [1926/2069] Biological assembly already cached: 9IIC-assembly1.cif
2026-05-25 03:15:16,383 - INFO - [1927/2069] Asymmetric unit already cached: 9IPU.cif
2026-05-25 03:15:16,383 - INFO - [1927/2069] Biological assembly already cached: 9IPU-assembly1.cif
2026-05-25 03:15:16,583 - INFO - [1928/2069] Asymmetric unit already cached: 9IT5.cif
2026-05-25 03:15:16,583 - INFO - [1928/2069] Biological assembly already cached: 9IT5-assembly1.cif
2026-05-25 03:15:16,784 - INFO - [1929/2069] Asymmetric unit already cached: 9IUN.cif
2026-05-25 03:15:16,784 - INFO - [1929/2069] Biological assembly already cached: 9IUN-assembly1.cif
2026-05-25 03:15:16,984 - INFO - [1930/2069] Asymmetric unit already cached: 9IWL.cif
2026-05-25 03:15:16,984 - INFO - [1930/2069] Biological assembly already cached: 9IWL-assembly1.cif
2026-05-25 03:15:17,185 - INFO - [1931/2069] Asymmetric unit already cached: 9J63.cif
2026-05-25 03:15:17,185 - INFO - [1931/2069] Biological assembly already cached: 9J63-assembly1.cif
2026-05-25 03:15:17,385 - INFO - [1932/2069] Asymmetric unit already cached: 9J64.cif
2026-05-25 03:15:17,385 - INFO - [1932/2069] Biological assembly already cached: 9J64-assembly1.cif
2026-05-25 03:15:17,586 - INFO - [1933/2069] Asymmetric unit already cached: 9J6O.cif
2026-05-25 03:15:17,586 - INFO - [1933/2069] Biological assembly already cached: 9J6O-assembly1.cif
2026-05-25 03:15:17,786 - INFO - [1934/2069] Asymmetric unit already cached: 9J77.cif
2026-05-25 03:15:17,786 - INFO - [1934/2069] Biological assembly already cached: 9J77-assembly1.cif
2026-05-25 03:15:17,986 - INFO - [1935/2069] Asymmetric unit already cached: 9J78.cif
2026-05-25 03:15:17,987 - INFO - [1935/2069] Biological assembly already cached: 9J78-assembly1.cif
2026-05-25 03:15:18,187 - INFO - [1936/2069] Asymmetric unit already cached: 9J79.cif
2026-05-25 03:15:18,187 - INFO - [1936/2069] Biological assembly already cached: 9J79-assembly1.cif
2026-05-25 03:15:18,387 - INFO - [1937/2069] Asymmetric unit already cached: 9JEJ.cif
2026-05-25 03:15:18,388 - INFO - [1937/2069] Biological assembly already cached: 9JEJ-assembly1.cif
2026-05-25 03:15:18,588 - INFO - [1938/2069] Asymmetric unit already cached: 9JKB.cif
2026-05-25 03:15:18,588 - INFO - [1938/2069] Biological assembly already cached: 9JKB-assembly1.cif
2026-05-25 03:15:18,788 - INFO - [1939/2069] Asymmetric unit already cached: 9JNI.cif
2026-05-25 03:15:18,788 - INFO - [1939/2069] Biological assembly already cached: 9JNI-assembly1.cif
2026-05-25 03:15:18,989 - INFO - [1940/2069] Asymmetric unit already cached: 9JNL.cif
2026-05-25 03:15:18,989 - INFO - [1940/2069] Biological assembly already cached: 9JNL-assembly1.cif
2026-05-25 03:15:19,189 - INFO - [1941/2069] Asymmetric unit already cached: 9JNM.cif
2026-05-25 03:15:19,189 - INFO - [1941/2069] Biological assembly already cached: 9JNM-assembly1.cif
2026-05-25 03:15:19,389 - INFO - [1942/2069] Asymmetric unit already cached: 9JTA.cif
2026-05-25 03:15:19,390 - INFO - [1942/2069] Biological assembly already cached: 9JTA-assembly1.cif
2026-05-25 03:15:19,590 - INFO - [1943/2069] Asymmetric unit already cached: 9JUR.cif
2026-05-25 03:15:19,590 - INFO - [1943/2069] Biological assembly already cached: 9JUR-assembly1.cif
2026-05-25 03:15:19,790 - INFO - [1944/2069] Asymmetric unit already cached: 9JUT.cif
2026-05-25 03:15:19,791 - INFO - [1944/2069] Biological assembly already cached: 9JUT-assembly1.cif
2026-05-25 03:15:19,991 - INFO - [1945/2069] Asymmetric unit already cached: 9JUU.cif
2026-05-25 03:15:19,991 - INFO - [1945/2069] Biological assembly already cached: 9JUU-assembly1.cif
2026-05-25 03:15:20,191 - INFO - [1946/2069] Asymmetric unit already cached: 9JUY.cif
2026-05-25 03:15:20,191 - INFO - [1946/2069] Biological assembly already cached: 9JUY-assembly1.cif
2026-05-25 03:15:20,392 - INFO - [1947/2069] Asymmetric unit already cached: 9KB8.cif
2026-05-25 03:15:20,392 - INFO - [1947/2069] Biological assembly already cached: 9KB8-assembly1.cif
2026-05-25 03:15:20,592 - INFO - [1948/2069] Asymmetric unit already cached: 9KB9.cif
2026-05-25 03:15:20,592 - INFO - [1948/2069] Biological assembly already cached: 9KB9-assembly1.cif
2026-05-25 03:15:20,793 - INFO - [1949/2069] Asymmetric unit already cached: 9KBD.cif
2026-05-25 03:15:20,793 - INFO - [1949/2069] Biological assembly already cached: 9KBD-assembly1.cif
2026-05-25 03:15:20,993 - INFO - [1950/2069] Asymmetric unit already cached: 9KEN.cif
2026-05-25 03:15:20,993 - INFO - [1950/2069] Biological assembly already cached: 9KEN-assembly1.cif
2026-05-25 03:15:21,194 - INFO - [1951/2069] Asymmetric unit already cached: 9KQ2.cif
2026-05-25 03:15:21,194 - INFO - [1951/2069] Biological assembly already cached: 9KQ2-assembly1.cif
2026-05-25 03:15:21,394 - INFO - [1952/2069] Asymmetric unit already cached: 9KQO.cif
2026-05-25 03:15:21,394 - INFO - [1952/2069] Biological assembly already cached: 9KQO-assembly1.cif
2026-05-25 03:15:21,594 - INFO - [1953/2069] Asymmetric unit already cached: 9L3L.cif
2026-05-25 03:15:21,595 - INFO - [1953/2069] Biological assembly already cached: 9L3L-assembly1.cif
2026-05-25 03:15:21,795 - INFO - [1954/2069] Asymmetric unit already cached: 9L8Y.cif
2026-05-25 03:15:21,795 - INFO - [1954/2069] Biological assembly already cached: 9L8Y-assembly1.cif
2026-05-25 03:15:21,995 - INFO - [1955/2069] Asymmetric unit already cached: 9L93.cif
2026-05-25 03:15:21,995 - INFO - [1955/2069] Biological assembly already cached: 9L93-assembly1.cif
2026-05-25 03:15:22,196 - INFO - [1956/2069] Asymmetric unit already cached: 9LHJ.cif
2026-05-25 03:15:22,196 - INFO - [1956/2069] Biological assembly already cached: 9LHJ-assembly1.cif
2026-05-25 03:15:22,396 - INFO - [1957/2069] Asymmetric unit already cached: 9LKY.cif
2026-05-25 03:15:22,396 - INFO - [1957/2069] Biological assembly already cached: 9LKY-assembly1.cif
2026-05-25 03:15:22,596 - INFO - [1958/2069] Asymmetric unit already cached: 9LN6.cif
2026-05-25 03:15:22,597 - INFO - [1958/2069] Biological assembly already cached: 9LN6-assembly1.cif
2026-05-25 03:15:22,797 - INFO - [1959/2069] Asymmetric unit already cached: 9LPK.cif
2026-05-25 03:15:22,797 - INFO - [1959/2069] Biological assembly already cached: 9LPK-assembly1.cif
2026-05-25 03:15:22,997 - INFO - [1960/2069] Asymmetric unit already cached: 9LTO.cif
2026-05-25 03:15:22,997 - INFO - [1960/2069] Biological assembly already cached: 9LTO-assembly1.cif
2026-05-25 03:15:23,198 - INFO - [1961/2069] Asymmetric unit already cached: 9LTR.cif
2026-05-25 03:15:23,198 - INFO - [1961/2069] Biological assembly already cached: 9LTR-assembly1.cif
2026-05-25 03:15:23,398 - INFO - [1962/2069] Asymmetric unit already cached: 9LTZ.cif
2026-05-25 03:15:23,399 - INFO - [1962/2069] Biological assembly already cached: 9LTZ-assembly1.cif
2026-05-25 03:15:23,599 - INFO - [1963/2069] Asymmetric unit already cached: 9LU1.cif
2026-05-25 03:15:23,599 - INFO - [1963/2069] Biological assembly already cached: 9LU1-assembly1.cif
2026-05-25 03:15:23,799 - INFO - [1964/2069] Asymmetric unit already cached: 9LUL.cif
2026-05-25 03:15:23,799 - INFO - [1964/2069] Biological assembly already cached: 9LUL-assembly1.cif
2026-05-25 03:15:24,000 - INFO - [1965/2069] Asymmetric unit already cached: 9LVJ.cif
2026-05-25 03:15:24,000 - INFO - [1965/2069] Biological assembly already cached: 9LVJ-assembly1.cif
2026-05-25 03:15:24,200 - INFO - [1966/2069] Asymmetric unit already cached: 9LVK.cif
2026-05-25 03:15:24,200 - INFO - [1966/2069] Biological assembly already cached: 9LVK-assembly1.cif
2026-05-25 03:15:24,401 - INFO - [1967/2069] Asymmetric unit already cached: 9LWF.cif
2026-05-25 03:15:24,401 - INFO - [1967/2069] Biological assembly already cached: 9LWF-assembly1.cif
2026-05-25 03:15:24,601 - INFO - [1968/2069] Asymmetric unit already cached: 9LWI.cif
2026-05-25 03:15:24,601 - INFO - [1968/2069] Biological assembly already cached: 9LWI-assembly1.cif
2026-05-25 03:15:24,801 - INFO - [1969/2069] Asymmetric unit already cached: 9LWJ.cif
2026-05-25 03:15:24,802 - INFO - [1969/2069] Biological assembly already cached: 9LWJ-assembly1.cif
2026-05-25 03:15:25,002 - INFO - [1970/2069] Asymmetric unit already cached: 9LWL.cif
2026-05-25 03:15:25,002 - INFO - [1970/2069] Biological assembly already cached: 9LWL-assembly1.cif
2026-05-25 03:15:25,202 - INFO - [1971/2069] Asymmetric unit already cached: 9LWU.cif
2026-05-25 03:15:25,203 - INFO - [1971/2069] Biological assembly already cached: 9LWU-assembly1.cif
2026-05-25 03:15:25,403 - INFO - [1972/2069] Asymmetric unit already cached: 9M0Y.cif
2026-05-25 03:15:25,403 - INFO - [1972/2069] Biological assembly already cached: 9M0Y-assembly1.cif
2026-05-25 03:15:25,603 - INFO - [1973/2069] Asymmetric unit already cached: 9M3N.cif
2026-05-25 03:15:25,603 - INFO - [1973/2069] Biological assembly already cached: 9M3N-assembly1.cif
2026-05-25 03:15:25,804 - INFO - [1974/2069] Asymmetric unit already cached: 9M76.cif
2026-05-25 03:15:25,804 - INFO - [1974/2069] Biological assembly already cached: 9M76-assembly1.cif
2026-05-25 03:15:26,004 - INFO - [1975/2069] Asymmetric unit already cached: 9M77.cif
2026-05-25 03:15:26,004 - INFO - [1975/2069] Biological assembly already cached: 9M77-assembly1.cif
2026-05-25 03:15:26,205 - INFO - [1976/2069] Asymmetric unit already cached: 9MC4.cif
2026-05-25 03:15:26,205 - INFO - [1976/2069] Biological assembly already cached: 9MC4-assembly1.cif
2026-05-25 03:15:26,405 - INFO - [1977/2069] Asymmetric unit already cached: 9MC5.cif
2026-05-25 03:15:26,405 - INFO - [1977/2069] Biological assembly already cached: 9MC5-assembly1.cif
2026-05-25 03:15:26,606 - INFO - [1978/2069] Asymmetric unit already cached: 9MC6.cif
2026-05-25 03:15:26,606 - INFO - [1978/2069] Biological assembly already cached: 9MC6-assembly1.cif
2026-05-25 03:15:26,806 - INFO - [1979/2069] Asymmetric unit already cached: 9MC7.cif
2026-05-25 03:15:26,806 - INFO - [1979/2069] Biological assembly already cached: 9MC7-assembly1.cif
2026-05-25 03:15:27,006 - INFO - [1980/2069] Asymmetric unit already cached: 9MC9.cif
2026-05-25 03:15:27,007 - INFO - [1980/2069] Biological assembly already cached: 9MC9-assembly1.cif
2026-05-25 03:15:27,207 - INFO - [1981/2069] Asymmetric unit already cached: 9MCB.cif
2026-05-25 03:15:27,207 - INFO - [1981/2069] Biological assembly already cached: 9MCB-assembly1.cif
2026-05-25 03:15:27,407 - INFO - [1982/2069] Asymmetric unit already cached: 9MUX.cif
2026-05-25 03:15:27,408 - INFO - [1982/2069] Biological assembly already cached: 9MUX-assembly1.cif
2026-05-25 03:15:27,608 - INFO - [1983/2069] Asymmetric unit already cached: 9MZA.cif
2026-05-25 03:15:27,608 - INFO - [1983/2069] Biological assembly already cached: 9MZA-assembly1.cif
2026-05-25 03:15:27,808 - INFO - [1984/2069] Asymmetric unit already cached: 9N1F.cif
2026-05-25 03:15:27,809 - INFO - [1984/2069] Biological assembly already cached: 9N1F-assembly1.cif
2026-05-25 03:15:28,009 - INFO - [1985/2069] Asymmetric unit already cached: 9N1R.cif
2026-05-25 03:15:28,009 - INFO - [1985/2069] Biological assembly already cached: 9N1R-assembly1.cif
2026-05-25 03:15:28,209 - INFO - [1986/2069] Asymmetric unit already cached: 9N21.cif
2026-05-25 03:15:28,209 - INFO - [1986/2069] Biological assembly already cached: 9N21-assembly1.cif
2026-05-25 03:15:28,410 - INFO - [1987/2069] Asymmetric unit already cached: 9N23.cif
2026-05-25 03:15:28,410 - INFO - [1987/2069] Biological assembly already cached: 9N23-assembly1.cif
2026-05-25 03:15:28,611 - INFO - [1988/2069] Asymmetric unit already cached: 9N9R.cif
2026-05-25 03:15:28,611 - INFO - [1988/2069] Biological assembly already cached: 9N9R-assembly1.cif
2026-05-25 03:15:28,811 - INFO - [1989/2069] Asymmetric unit already cached: 9N9S.cif
2026-05-25 03:15:28,811 - INFO - [1989/2069] Biological assembly already cached: 9N9S-assembly1.cif
2026-05-25 03:15:29,011 - INFO - [1990/2069] Asymmetric unit already cached: 9NWD.cif
2026-05-25 03:15:29,012 - INFO - [1990/2069] Biological assembly already cached: 9NWD-assembly1.cif
2026-05-25 03:15:29,212 - INFO - [1991/2069] Asymmetric unit already cached: 9NWE.cif
2026-05-25 03:15:29,212 - INFO - [1991/2069] Biological assembly already cached: 9NWE-assembly1.cif
2026-05-25 03:15:29,412 - INFO - [1992/2069] Asymmetric unit already cached: 9O7D.cif
2026-05-25 03:15:29,412 - INFO - [1992/2069] Biological assembly already cached: 9O7D-assembly1.cif
2026-05-25 03:15:29,613 - INFO - [1993/2069] Asymmetric unit already cached: 9O7E.cif
2026-05-25 03:15:29,613 - INFO - [1993/2069] Biological assembly already cached: 9O7E-assembly1.cif
2026-05-25 03:15:29,813 - INFO - [1994/2069] Asymmetric unit already cached: 9O7F.cif
2026-05-25 03:15:29,813 - INFO - [1994/2069] Biological assembly already cached: 9O7F-assembly1.cif
2026-05-25 03:15:30,014 - INFO - [1995/2069] Asymmetric unit already cached: 9O7G.cif
2026-05-25 03:15:30,014 - INFO - [1995/2069] Biological assembly already cached: 9O7G-assembly1.cif
2026-05-25 03:15:30,214 - INFO - [1996/2069] Asymmetric unit already cached: 9O7H.cif
2026-05-25 03:15:30,214 - INFO - [1996/2069] Biological assembly already cached: 9O7H-assembly1.cif
2026-05-25 03:15:30,415 - INFO - [1997/2069] Asymmetric unit already cached: 9O7I.cif
2026-05-25 03:15:30,415 - INFO - [1997/2069] Biological assembly already cached: 9O7I-assembly1.cif
2026-05-25 03:15:30,615 - INFO - [1998/2069] Asymmetric unit already cached: 9OG0.cif
2026-05-25 03:15:30,615 - INFO - [1998/2069] Biological assembly already cached: 9OG0-assembly1.cif
2026-05-25 03:15:30,816 - INFO - [1999/2069] Asymmetric unit already cached: 9OGV.cif
2026-05-25 03:15:30,816 - INFO - [1999/2069] Biological assembly already cached: 9OGV-assembly1.cif
2026-05-25 03:15:31,016 - INFO - [2000/2069] Asymmetric unit already cached: 9OGW.cif
2026-05-25 03:15:31,016 - INFO - [2000/2069] Biological assembly already cached: 9OGW-assembly1.cif
2026-05-25 03:15:31,216 - INFO - [2001/2069] Asymmetric unit already cached: 9OLB.cif
2026-05-25 03:15:31,217 - INFO - [2001/2069] Biological assembly already cached: 9OLB-assembly1.cif
2026-05-25 03:15:31,417 - INFO - [2002/2069] Asymmetric unit already cached: 9OMA.cif
2026-05-25 03:15:31,417 - INFO - [2002/2069] Biological assembly already cached: 9OMA-assembly1.cif
2026-05-25 03:15:31,617 - INFO - [2003/2069] Asymmetric unit already cached: 9OSC.cif
2026-05-25 03:15:31,617 - INFO - [2003/2069] Biological assembly already cached: 9OSC-assembly1.cif
2026-05-25 03:15:31,818 - INFO - [2004/2069] Asymmetric unit already cached: 9OTI.cif
2026-05-25 03:15:31,818 - INFO - [2004/2069] Biological assembly already cached: 9OTI-assembly1.cif
2026-05-25 03:15:32,018 - INFO - [2005/2069] Asymmetric unit already cached: 9P1Q.cif
2026-05-25 03:15:32,018 - INFO - [2005/2069] Biological assembly already cached: 9P1Q-assembly1.cif
2026-05-25 03:15:32,219 - INFO - [2006/2069] Asymmetric unit already cached: 9P2Q.cif
2026-05-25 03:15:32,219 - INFO - [2006/2069] Biological assembly already cached: 9P2Q-assembly1.cif
2026-05-25 03:15:32,419 - INFO - [2007/2069] Asymmetric unit already cached: 9PG4.cif
2026-05-25 03:15:32,419 - INFO - [2007/2069] Biological assembly already cached: 9PG4-assembly1.cif
2026-05-25 03:15:32,619 - INFO - [2008/2069] Asymmetric unit already cached: 9PG9.cif
2026-05-25 03:15:32,620 - INFO - [2008/2069] Biological assembly already cached: 9PG9-assembly1.cif
2026-05-25 03:15:32,820 - INFO - [2009/2069] Asymmetric unit already cached: 9Q88.cif
2026-05-25 03:15:32,820 - INFO - [2009/2069] Biological assembly already cached: 9Q88-assembly1.cif
2026-05-25 03:15:33,021 - INFO - [2010/2069] Asymmetric unit already cached: 9Q8Y.cif
2026-05-25 03:15:33,021 - INFO - [2010/2069] Biological assembly already cached: 9Q8Y-assembly1.cif
2026-05-25 03:15:33,221 - INFO - [2011/2069] Asymmetric unit already cached: 9Q9O.cif
2026-05-25 03:15:33,221 - INFO - [2011/2069] Biological assembly already cached: 9Q9O-assembly1.cif
2026-05-25 03:15:33,422 - INFO - [2012/2069] Asymmetric unit already cached: 9Q9P.cif
2026-05-25 03:15:33,422 - INFO - [2012/2069] Biological assembly already cached: 9Q9P-assembly1.cif
2026-05-25 03:15:33,622 - INFO - [2013/2069] Asymmetric unit already cached: 9Q9Q.cif
2026-05-25 03:15:33,622 - INFO - [2013/2069] Biological assembly already cached: 9Q9Q-assembly1.cif
2026-05-25 03:15:33,823 - INFO - [2014/2069] Asymmetric unit already cached: 9Q9R.cif
2026-05-25 03:15:33,823 - INFO - [2014/2069] Biological assembly already cached: 9Q9R-assembly1.cif
2026-05-25 03:15:34,023 - INFO - [2015/2069] Asymmetric unit already cached: 9QAL.cif
2026-05-25 03:15:34,023 - INFO - [2015/2069] Biological assembly already cached: 9QAL-assembly1.cif
2026-05-25 03:15:34,223 - INFO - [2016/2069] Asymmetric unit already cached: 9QBA.cif
2026-05-25 03:15:34,224 - INFO - [2016/2069] Biological assembly already cached: 9QBA-assembly1.cif
2026-05-25 03:15:34,424 - INFO - [2017/2069] Asymmetric unit already cached: 9QCV.cif
2026-05-25 03:15:34,424 - INFO - [2017/2069] Biological assembly already cached: 9QCV-assembly1.cif
2026-05-25 03:15:34,624 - INFO - [2018/2069] Asymmetric unit already cached: 9QCX.cif
2026-05-25 03:15:34,624 - INFO - [2018/2069] Biological assembly already cached: 9QCX-assembly1.cif
2026-05-25 03:15:34,825 - INFO - [2019/2069] Asymmetric unit already cached: 9QEU.cif
2026-05-25 03:15:34,825 - INFO - [2019/2069] Biological assembly already cached: 9QEU-assembly1.cif
2026-05-25 03:15:35,025 - INFO - [2020/2069] Asymmetric unit already cached: 9QF1.cif
2026-05-25 03:15:35,025 - INFO - [2020/2069] Biological assembly already cached: 9QF1-assembly1.cif
2026-05-25 03:15:35,226 - INFO - [2021/2069] Asymmetric unit already cached: 9QFS.cif
2026-05-25 03:15:35,226 - INFO - [2021/2069] Biological assembly already cached: 9QFS-assembly1.cif
2026-05-25 03:15:35,426 - INFO - [2022/2069] Asymmetric unit already cached: 9QFY.cif
2026-05-25 03:15:35,426 - INFO - [2022/2069] Biological assembly already cached: 9QFY-assembly1.cif
2026-05-25 03:15:35,627 - INFO - [2023/2069] Asymmetric unit already cached: 9QGW.cif
2026-05-25 03:15:35,627 - INFO - [2023/2069] Biological assembly already cached: 9QGW-assembly1.cif
2026-05-25 03:15:35,828 - INFO - [2024/2069] Asymmetric unit already cached: 9QH5.cif
2026-05-25 03:15:35,828 - INFO - [2024/2069] Biological assembly already cached: 9QH5-assembly1.cif
2026-05-25 03:15:36,028 - INFO - [2025/2069] Asymmetric unit already cached: 9QHI.cif
2026-05-25 03:15:36,028 - INFO - [2025/2069] Biological assembly already cached: 9QHI-assembly1.cif
2026-05-25 03:15:36,228 - INFO - [2026/2069] Asymmetric unit already cached: 9QIA.cif
2026-05-25 03:15:36,229 - INFO - [2026/2069] Biological assembly already cached: 9QIA-assembly1.cif
2026-05-25 03:15:36,429 - INFO - [2027/2069] Asymmetric unit already cached: 9QIM.cif
2026-05-25 03:15:36,429 - INFO - [2027/2069] Biological assembly already cached: 9QIM-assembly1.cif
2026-05-25 03:15:36,629 - INFO - [2028/2069] Asymmetric unit already cached: 9QIO.cif
2026-05-25 03:15:36,629 - INFO - [2028/2069] Biological assembly already cached: 9QIO-assembly1.cif
2026-05-25 03:15:36,830 - INFO - [2029/2069] Asymmetric unit already cached: 9QIP.cif
2026-05-25 03:15:36,830 - INFO - [2029/2069] Biological assembly already cached: 9QIP-assembly1.cif
2026-05-25 03:15:37,030 - INFO - [2030/2069] Asymmetric unit already cached: 9QIV.cif
2026-05-25 03:15:37,030 - INFO - [2030/2069] Biological assembly already cached: 9QIV-assembly1.cif
2026-05-25 03:15:37,231 - INFO - [2031/2069] Asymmetric unit already cached: 9QJN.cif
2026-05-25 03:15:37,231 - INFO - [2031/2069] Biological assembly already cached: 9QJN-assembly1.cif
2026-05-25 03:15:37,431 - INFO - [2032/2069] Asymmetric unit already cached: 9QO1.cif
2026-05-25 03:15:37,431 - INFO - [2032/2069] Biological assembly already cached: 9QO1-assembly1.cif
2026-05-25 03:15:37,631 - INFO - [2033/2069] Asymmetric unit already cached: 9QO2.cif
2026-05-25 03:15:37,632 - INFO - [2033/2069] Biological assembly already cached: 9QO2-assembly1.cif
2026-05-25 03:15:37,832 - INFO - [2034/2069] Asymmetric unit already cached: 9QO4.cif
2026-05-25 03:15:37,832 - INFO - [2034/2069] Biological assembly already cached: 9QO4-assembly1.cif
2026-05-25 03:15:38,032 - INFO - [2035/2069] Asymmetric unit already cached: 9QO5.cif
2026-05-25 03:15:38,033 - INFO - [2035/2069] Biological assembly already cached: 9QO5-assembly1.cif
2026-05-25 03:15:38,233 - INFO - [2036/2069] Asymmetric unit already cached: 9QPX.cif
2026-05-25 03:15:38,233 - INFO - [2036/2069] Biological assembly already cached: 9QPX-assembly1.cif
2026-05-25 03:15:38,434 - INFO - [2037/2069] Asymmetric unit already cached: 9QUG.cif
2026-05-25 03:15:38,434 - INFO - [2037/2069] Biological assembly already cached: 9QUG-assembly1.cif
2026-05-25 03:15:38,634 - INFO - [2038/2069] Asymmetric unit already cached: 9QWS.cif
2026-05-25 03:15:38,634 - INFO - [2038/2069] Biological assembly already cached: 9QWS-assembly1.cif
2026-05-25 03:15:38,835 - INFO - [2039/2069] Asymmetric unit already cached: 9QWU.cif
2026-05-25 03:15:38,835 - INFO - [2039/2069] Biological assembly already cached: 9QWU-assembly1.cif
2026-05-25 03:15:39,035 - INFO - [2040/2069] Asymmetric unit already cached: 9QWX.cif
2026-05-25 03:15:39,035 - INFO - [2040/2069] Biological assembly already cached: 9QWX-assembly1.cif
2026-05-25 03:15:39,235 - INFO - [2041/2069] Asymmetric unit already cached: 9QWZ.cif
2026-05-25 03:15:39,236 - INFO - [2041/2069] Biological assembly already cached: 9QWZ-assembly1.cif
2026-05-25 03:15:39,436 - INFO - [2042/2069] Asymmetric unit already cached: 9QX0.cif
2026-05-25 03:15:39,436 - INFO - [2042/2069] Biological assembly already cached: 9QX0-assembly1.cif
2026-05-25 03:15:39,636 - INFO - [2043/2069] Asymmetric unit already cached: 9R11.cif
2026-05-25 03:15:39,637 - INFO - [2043/2069] Biological assembly already cached: 9R11-assembly1.cif
2026-05-25 03:15:39,837 - INFO - [2044/2069] Asymmetric unit already cached: 9R1P.cif
2026-05-25 03:15:39,837 - INFO - [2044/2069] Biological assembly already cached: 9R1P-assembly1.cif
2026-05-25 03:15:40,037 - INFO - [2045/2069] Asymmetric unit already cached: 9R3D.cif
2026-05-25 03:15:40,037 - INFO - [2045/2069] Biological assembly already cached: 9R3D-assembly1.cif
2026-05-25 03:15:40,238 - INFO - [2046/2069] Asymmetric unit already cached: 9R6V.cif
2026-05-25 03:15:40,238 - INFO - [2046/2069] Biological assembly already cached: 9R6V-assembly1.cif
2026-05-25 03:15:40,438 - INFO - [2047/2069] Asymmetric unit already cached: 9R85.cif
2026-05-25 03:15:40,438 - INFO - [2047/2069] Biological assembly already cached: 9R85-assembly1.cif
2026-05-25 03:15:40,639 - INFO - [2048/2069] Asymmetric unit already cached: 9R8T.cif
2026-05-25 03:15:40,639 - INFO - [2048/2069] Biological assembly already cached: 9R8T-assembly1.cif
2026-05-25 03:15:40,839 - INFO - [2049/2069] Asymmetric unit already cached: 9R94.cif
2026-05-25 03:15:40,839 - INFO - [2049/2069] Biological assembly already cached: 9R94-assembly1.cif
2026-05-25 03:15:41,040 - INFO - [2050/2069] Asymmetric unit already cached: 9RFB.cif
2026-05-25 03:15:41,040 - INFO - [2050/2069] Biological assembly already cached: 9RFB-assembly1.cif
2026-05-25 03:15:41,240 - INFO - [2051/2069] Asymmetric unit already cached: 9RFF.cif
2026-05-25 03:15:41,240 - INFO - [2051/2069] Biological assembly already cached: 9RFF-assembly1.cif
2026-05-25 03:15:41,440 - INFO - [2052/2069] Asymmetric unit already cached: 9SA1.cif
2026-05-25 03:15:41,441 - INFO - [2052/2069] Biological assembly already cached: 9SA1-assembly1.cif
2026-05-25 03:15:41,641 - INFO - [2053/2069] Asymmetric unit already cached: 9SA2.cif
2026-05-25 03:15:41,641 - INFO - [2053/2069] Biological assembly already cached: 9SA2-assembly1.cif
2026-05-25 03:15:41,841 - INFO - [2054/2069] Asymmetric unit already cached: 9SDX.cif
2026-05-25 03:15:41,841 - INFO - [2054/2069] Biological assembly already cached: 9SDX-assembly1.cif
2026-05-25 03:15:42,042 - INFO - [2055/2069] Asymmetric unit already cached: 9SDY.cif
2026-05-25 03:15:42,042 - INFO - [2055/2069] Biological assembly already cached: 9SDY-assembly1.cif
2026-05-25 03:15:42,242 - INFO - [2056/2069] Asymmetric unit already cached: 9SKQ.cif
2026-05-25 03:15:42,242 - INFO - [2056/2069] Biological assembly already cached: 9SKQ-assembly1.cif
2026-05-25 03:15:42,443 - INFO - [2057/2069] Asymmetric unit already cached: 9T32.cif
2026-05-25 03:15:42,443 - INFO - [2057/2069] Biological assembly already cached: 9T32-assembly1.cif
2026-05-25 03:15:42,644 - INFO - [2058/2069] Asymmetric unit already cached: 9T7V.cif
2026-05-25 03:15:42,644 - INFO - [2058/2069] Biological assembly already cached: 9T7V-assembly1.cif
2026-05-25 03:15:42,844 - INFO - [2059/2069] Asymmetric unit already cached: 9UAV.cif
2026-05-25 03:15:42,844 - INFO - [2059/2069] Biological assembly already cached: 9UAV-assembly1.cif
2026-05-25 03:15:43,045 - INFO - [2060/2069] Asymmetric unit already cached: 9UPZ.cif
2026-05-25 03:15:43,045 - INFO - [2060/2069] Biological assembly already cached: 9UPZ-assembly1.cif
2026-05-25 03:15:43,245 - INFO - [2061/2069] Asymmetric unit already cached: 9UV6.cif
2026-05-25 03:15:43,246 - INFO - [2061/2069] Biological assembly already cached: 9UV6-assembly1.cif
2026-05-25 03:15:43,446 - INFO - [2062/2069] Asymmetric unit already cached: 9V0K.cif
2026-05-25 03:15:43,446 - INFO - [2062/2069] Biological assembly already cached: 9V0K-assembly1.cif
2026-05-25 03:15:43,646 - INFO - [2063/2069] Asymmetric unit already cached: 9VG5.cif
2026-05-25 03:15:43,647 - INFO - [2063/2069] Biological assembly already cached: 9VG5-assembly1.cif
2026-05-25 03:15:43,847 - INFO - [2064/2069] Asymmetric unit already cached: 9W90.cif
2026-05-25 03:15:43,847 - INFO - [2064/2069] Biological assembly already cached: 9W90-assembly1.cif
2026-05-25 03:15:44,047 - INFO - [2065/2069] Asymmetric unit already cached: 9XZJ.cif
2026-05-25 03:15:44,047 - INFO - [2065/2069] Biological assembly already cached: 9XZJ-assembly1.cif
2026-05-25 03:15:44,248 - INFO - [2066/2069] Asymmetric unit already cached: 9XZK.cif
2026-05-25 03:15:44,248 - INFO - [2066/2069] Biological assembly already cached: 9XZK-assembly1.cif
2026-05-25 03:15:44,448 - INFO - [2067/2069] Asymmetric unit already cached: 9YE9.cif
2026-05-25 03:15:44,448 - INFO - [2067/2069] Biological assembly already cached: 9YE9-assembly1.cif
2026-05-25 03:15:44,648 - INFO - [2068/2069] Asymmetric unit already cached: 9YEA.cif
2026-05-25 03:15:44,649 - INFO - [2068/2069] Biological assembly already cached: 9YEA-assembly1.cif
2026-05-25 03:15:44,849 - INFO - [2069/2069] Asymmetric unit already cached: 9Z5Q.cif
2026-05-25 03:15:44,849 - INFO - [2069/2069] Biological assembly already cached: 9Z5Q-assembly1.cif
2026-05-25 03:15:45,049 - INFO - Download complete.
Running download_pdbrenum_files.py...
2026-05-25 03:15:45,489 - INFO - Using CSV: /home/brianna/data/ubiqcore/pdb_updates/pdb_structures_detailed_update_20260525.csv
2026-05-25 03:15:45,498 - INFO - Found 2069 PDB IDs
2026-05-25 03:15:45,540 - INFO - Downloading 22 files using 4 parallel workers...
2026-05-25 03:15:45,542 - INFO - PDBrenum download complete. Downloaded: 0, Failed: 22, Total tasks: 22
Update process finished at Mon May 25 03:15:45 AM EDT 2026.
Starting PDB update process at Mon Jun  1 03:00:07 AM EDT 2026...
Defaulting to user installation because normal site-packages is not writeable
Requirement already satisfied: requests>=2.31 in /home/brianna/miniconda3/lib/python3.13/site-packages (from -r update_pdb/requirements-updater.txt (line 1)) (2.32.5)
Requirement already satisfied: pandas>=2.0 in /home/pisces/.local/lib/python3.13/site-packages (from -r update_pdb/requirements-updater.txt (line 2)) (3.0.3)
Requirement already satisfied: urllib3>=1.26 in /home/brianna/miniconda3/lib/python3.13/site-packages (from -r update_pdb/requirements-updater.txt (line 3)) (2.6.1)
Requirement already satisfied: charset_normalizer<4,>=2 in /home/brianna/miniconda3/lib/python3.13/site-packages (from requests>=2.31->-r update_pdb/requirements-updater.txt (line 1)) (3.4.4)
Requirement already satisfied: idna<4,>=2.5 in /home/brianna/miniconda3/lib/python3.13/site-packages (from requests>=2.31->-r update_pdb/requirements-updater.txt (line 1)) (3.11)
Requirement already satisfied: certifi>=2017.4.17 in /home/brianna/miniconda3/lib/python3.13/site-packages (from requests>=2.31->-r update_pdb/requirements-updater.txt (line 1)) (2025.11.12)
Requirement already satisfied: numpy>=1.26.0 in /home/pisces/.local/lib/python3.13/site-packages (from pandas>=2.0->-r update_pdb/requirements-updater.txt (line 2)) (2.4.6)
Requirement already satisfied: python-dateutil>=2.8.2 in /home/pisces/.local/lib/python3.13/site-packages (from pandas>=2.0->-r update_pdb/requirements-updater.txt (line 2)) (2.9.0.post0)
Requirement already satisfied: six>=1.5 in /home/pisces/.local/lib/python3.13/site-packages (from python-dateutil>=2.8.2->pandas>=2.0->-r update_pdb/requirements-updater.txt (line 2)) (1.17.0)
Running update_pdb_e2_e3.py...
2026-06-01 03:00:12,228 - INFO - Logging to /home/brianna/data/ubiqcore/pdb_updates/pdb_update_20260601_030012.log
2026-06-01 03:00:12,235 - INFO - Read 37 E2 IDs and 369 E3 IDs
2026-06-01 03:00:12,236 - INFO - Total unique UniProt IDs: 406
2026-06-01 03:00:12,236 - INFO - Starting UniProt→PDB mapping via UniProt service...
2026-06-01 03:00:12,236 - INFO - UniProt mapping batch 1: 50 IDs
2026-06-01 03:00:20,293 - INFO - UniProt mapping batch 2: 50 IDs
2026-06-01 03:00:23,901 - INFO - UniProt mapping batch 3: 50 IDs
2026-06-01 03:00:27,466 - INFO - UniProt mapping batch 4: 50 IDs
2026-06-01 03:00:29,192 - INFO - UniProt mapping batch 5: 50 IDs
2026-06-01 03:00:32,803 - INFO - UniProt mapping batch 6: 50 IDs
2026-06-01 03:00:36,367 - INFO - UniProt mapping batch 7: 50 IDs
2026-06-01 03:00:39,915 - INFO - UniProt mapping batch 8: 50 IDs
2026-06-01 03:00:43,518 - INFO - UniProt mapping batch 9: 6 IDs
2026-06-01 03:00:47,746 - INFO - Starting UniProt→PDB mapping via RCSB full-text search...
2026-06-01 03:00:47,747 - INFO - RCSB full-text mapping 1/406: A0A1B0GUS4
2026-06-01 03:00:47,911 - INFO - RCSB full-text mapping 2/406: A0AVI4
2026-06-01 03:00:47,931 - INFO - RCSB full-text mapping 3/406: A1L020
2026-06-01 03:00:47,950 - INFO - RCSB full-text mapping 4/406: A1L167
2026-06-01 03:00:47,968 - INFO - RCSB full-text mapping 5/406: A6NCK2
2026-06-01 03:00:47,987 - INFO - RCSB full-text mapping 6/406: A6NCQ9
2026-06-01 03:00:48,006 - INFO - RCSB full-text mapping 7/406: A6NDI0
2026-06-01 03:00:48,025 - INFO - RCSB full-text mapping 8/406: A6NGJ6
2026-06-01 03:00:48,045 - INFO - RCSB full-text mapping 9/406: A6NI03
2026-06-01 03:00:48,064 - INFO - RCSB full-text mapping 10/406: A6NK02
2026-06-01 03:00:48,082 - INFO - RCSB full-text mapping 11/406: A6NLI5
2026-06-01 03:00:48,101 - INFO - RCSB full-text mapping 12/406: A6NLU0
2026-06-01 03:00:49,119 - INFO - RCSB full-text mapping 13/406: A6NNE9
2026-06-01 03:00:49,136 - INFO - RCSB full-text mapping 14/406: A8MQ27
2026-06-01 03:00:49,156 - INFO - RCSB full-text mapping 15/406: A8MTL3
2026-06-01 03:00:49,174 - INFO - RCSB full-text mapping 16/406: C9J1S8
2026-06-01 03:00:49,192 - INFO - RCSB full-text mapping 17/406: E7ERA6
2026-06-01 03:00:49,211 - INFO - RCSB full-text mapping 18/406: F8VTS6
2026-06-01 03:00:49,229 - INFO - RCSB full-text mapping 19/406: I1YAP6
2026-06-01 03:00:49,246 - INFO - RCSB full-text mapping 20/406: M0QZC1
2026-06-01 03:00:49,265 - INFO - RCSB full-text mapping 21/406: O00237
2026-06-01 03:00:49,282 - INFO - RCSB full-text mapping 22/406: O00308
2026-06-01 03:00:50,302 - INFO - RCSB full-text mapping 23/406: O00463
2026-06-01 03:00:51,321 - INFO - RCSB full-text mapping 24/406: O00623
2026-06-01 03:00:51,341 - INFO - RCSB full-text mapping 25/406: O00635
2026-06-01 03:00:51,359 - INFO - RCSB full-text mapping 26/406: O00762
2026-06-01 03:00:52,377 - INFO - RCSB full-text mapping 27/406: O14686
2026-06-01 03:00:53,399 - INFO - RCSB full-text mapping 28/406: O14933
2026-06-01 03:00:54,419 - INFO - RCSB full-text mapping 29/406: O15033
2026-06-01 03:00:55,441 - INFO - RCSB full-text mapping 30/406: O15151
2026-06-01 03:00:56,462 - INFO - RCSB full-text mapping 31/406: O15164
2026-06-01 03:00:57,482 - INFO - RCSB full-text mapping 32/406: O15344
2026-06-01 03:00:58,503 - INFO - RCSB full-text mapping 33/406: O15541
2026-06-01 03:00:59,524 - INFO - RCSB full-text mapping 34/406: O43164
2026-06-01 03:00:59,544 - INFO - RCSB full-text mapping 35/406: O43255
2026-06-01 03:01:00,562 - INFO - RCSB full-text mapping 36/406: O43567
2026-06-01 03:01:01,582 - INFO - RCSB full-text mapping 37/406: O60260
2026-06-01 03:01:02,603 - INFO - RCSB full-text mapping 38/406: O60291
2026-06-01 03:01:03,623 - INFO - RCSB full-text mapping 39/406: O60337
2026-06-01 03:01:03,640 - INFO - RCSB full-text mapping 40/406: O60683
2026-06-01 03:01:03,659 - INFO - RCSB full-text mapping 41/406: O60858
2026-06-01 03:01:03,677 - INFO - RCSB full-text mapping 42/406: O75150
2026-06-01 03:01:04,697 - INFO - RCSB full-text mapping 43/406: O75382
2026-06-01 03:01:05,717 - INFO - RCSB full-text mapping 44/406: O75592
2026-06-01 03:01:06,737 - INFO - RCSB full-text mapping 45/406: O75677
2026-06-01 03:01:06,759 - INFO - RCSB full-text mapping 46/406: O75678
2026-06-01 03:01:06,777 - INFO - RCSB full-text mapping 47/406: O75679
2026-06-01 03:01:06,795 - INFO - RCSB full-text mapping 48/406: O75928
2026-06-01 03:01:07,814 - INFO - RCSB full-text mapping 49/406: O76050
2026-06-01 03:01:07,832 - INFO - RCSB full-text mapping 50/406: O76064
2026-06-01 03:01:08,853 - INFO - RCSB full-text mapping 51/406: O94822
2026-06-01 03:01:09,872 - INFO - RCSB full-text mapping 52/406: O94941
2026-06-01 03:01:09,893 - INFO - RCSB full-text mapping 53/406: O94972
2026-06-01 03:01:10,912 - INFO - RCSB full-text mapping 54/406: O95071
2026-06-01 03:01:11,932 - INFO - RCSB full-text mapping 55/406: O95155
2026-06-01 03:01:12,952 - INFO - RCSB full-text mapping 56/406: O95159
2026-06-01 03:01:12,971 - INFO - RCSB full-text mapping 57/406: O95376
2026-06-01 03:01:13,990 - INFO - RCSB full-text mapping 58/406: O95628
2026-06-01 03:01:15,011 - INFO - RCSB full-text mapping 59/406: O95714
2026-06-01 03:01:16,030 - INFO - RCSB full-text mapping 60/406: P0CI25
2026-06-01 03:01:16,049 - INFO - RCSB full-text mapping 61/406: P0CI26
2026-06-01 03:01:16,068 - INFO - RCSB full-text mapping 62/406: P0DH78
2026-06-01 03:01:16,086 - INFO - RCSB full-text mapping 63/406: P0DTL6
2026-06-01 03:01:16,104 - INFO - RCSB full-text mapping 64/406: P14373
2026-06-01 03:01:16,123 - INFO - RCSB full-text mapping 65/406: P15918
2026-06-01 03:01:16,141 - INFO - RCSB full-text mapping 66/406: P19474
2026-06-01 03:01:17,161 - INFO - RCSB full-text mapping 67/406: P22681
2026-06-01 03:01:18,181 - INFO - RCSB full-text mapping 68/406: P28328
2026-06-01 03:01:18,200 - INFO - RCSB full-text mapping 69/406: P29590
2026-06-01 03:01:19,220 - INFO - RCSB full-text mapping 70/406: P35226
2026-06-01 03:01:20,240 - INFO - RCSB full-text mapping 71/406: P35227
2026-06-01 03:01:20,259 - INFO - RCSB full-text mapping 72/406: P36406
2026-06-01 03:01:21,278 - INFO - RCSB full-text mapping 73/406: P38398
2026-06-01 03:01:22,299 - INFO - RCSB full-text mapping 74/406: P46934
2026-06-01 03:01:23,320 - INFO - RCSB full-text mapping 75/406: P49427
2026-06-01 03:01:24,338 - INFO - RCSB full-text mapping 76/406: P49459
2026-06-01 03:01:25,358 - INFO - RCSB full-text mapping 77/406: P49754
2026-06-01 03:01:25,377 - INFO - RCSB full-text mapping 78/406: P50876
2026-06-01 03:01:26,397 - INFO - RCSB full-text mapping 79/406: P51668
2026-06-01 03:01:27,417 - INFO - RCSB full-text mapping 80/406: P51948
2026-06-01 03:01:28,437 - INFO - RCSB full-text mapping 81/406: P51965
2026-06-01 03:01:29,457 - INFO - RCSB full-text mapping 82/406: P53804
2026-06-01 03:01:29,477 - INFO - RCSB full-text mapping 83/406: P60604
2026-06-01 03:01:30,496 - INFO - RCSB full-text mapping 84/406: P61077
2026-06-01 03:01:31,516 - INFO - RCSB full-text mapping 85/406: P61081
2026-06-01 03:01:32,535 - INFO - RCSB full-text mapping 86/406: P61086
2026-06-01 03:01:33,557 - INFO - RCSB full-text mapping 87/406: P61088
2026-06-01 03:01:34,578 - INFO - RCSB full-text mapping 88/406: P62253
2026-06-01 03:01:35,598 - INFO - RCSB full-text mapping 89/406: P62256
2026-06-01 03:01:36,627 - INFO - RCSB full-text mapping 90/406: P62837
2026-06-01 03:01:37,649 - INFO - RCSB full-text mapping 91/406: P62877
2026-06-01 03:01:38,671 - INFO - RCSB full-text mapping 92/406: P63146
2026-06-01 03:01:39,690 - INFO - RCSB full-text mapping 93/406: P63279
2026-06-01 03:01:40,710 - INFO - RCSB full-text mapping 94/406: P68036
2026-06-01 03:01:41,731 - INFO - RCSB full-text mapping 95/406: P78317
2026-06-01 03:01:42,751 - INFO - RCSB full-text mapping 96/406: P98170
2026-06-01 03:01:43,772 - INFO - RCSB full-text mapping 97/406: Q00987
2026-06-01 03:01:44,792 - INFO - RCSB full-text mapping 98/406: Q05086
2026-06-01 03:01:45,814 - INFO - RCSB full-text mapping 99/406: Q06587
2026-06-01 03:01:45,833 - INFO - RCSB full-text mapping 100/406: Q09472
2026-06-01 03:01:46,853 - INFO - RCSB full-text mapping 101/406: Q12899
2026-06-01 03:01:46,871 - INFO - RCSB full-text mapping 102/406: Q12933
2026-06-01 03:01:47,889 - INFO - RCSB full-text mapping 103/406: Q12986
2026-06-01 03:01:47,909 - INFO - RCSB full-text mapping 104/406: Q13049
2026-06-01 03:01:48,928 - INFO - RCSB full-text mapping 105/406: Q13064
2026-06-01 03:01:49,948 - INFO - RCSB full-text mapping 106/406: Q13114
2026-06-01 03:01:50,968 - INFO - RCSB full-text mapping 107/406: Q13191
2026-06-01 03:01:51,990 - INFO - RCSB full-text mapping 108/406: Q13233
2026-06-01 03:01:53,010 - INFO - RCSB full-text mapping 109/406: Q13263
2026-06-01 03:01:54,031 - INFO - RCSB full-text mapping 110/406: Q13356
2026-06-01 03:01:55,053 - INFO - RCSB full-text mapping 111/406: Q13404
2026-06-01 03:01:56,075 - INFO - RCSB full-text mapping 112/406: Q13434
2026-06-01 03:01:56,095 - INFO - RCSB full-text mapping 113/406: Q13489
2026-06-01 03:01:57,115 - INFO - RCSB full-text mapping 114/406: Q13490
2026-06-01 03:01:58,137 - INFO - RCSB full-text mapping 115/406: Q13501
2026-06-01 03:01:59,157 - INFO - RCSB full-text mapping 116/406: Q13702
2026-06-01 03:01:59,176 - INFO - RCSB full-text mapping 117/406: Q14139
2026-06-01 03:02:00,196 - INFO - RCSB full-text mapping 118/406: Q14258
2026-06-01 03:02:01,218 - INFO - RCSB full-text mapping 119/406: Q14527
2026-06-01 03:02:02,237 - INFO - RCSB full-text mapping 120/406: Q14669
2026-06-01 03:02:03,258 - INFO - RCSB full-text mapping 121/406: Q149N8
2026-06-01 03:02:04,277 - INFO - RCSB full-text mapping 122/406: Q15034
2026-06-01 03:02:04,297 - INFO - RCSB full-text mapping 123/406: Q15386
2026-06-01 03:02:05,316 - INFO - RCSB full-text mapping 124/406: Q15751
2026-06-01 03:02:06,338 - INFO - RCSB full-text mapping 125/406: Q15819
2026-06-01 03:02:07,358 - INFO - RCSB full-text mapping 126/406: Q16763
2026-06-01 03:02:08,377 - INFO - RCSB full-text mapping 127/406: Q17RB8
2026-06-01 03:02:08,410 - INFO - RCSB full-text mapping 128/406: Q1L5Z9
2026-06-01 03:02:08,427 - INFO - RCSB full-text mapping 129/406: Q2KHN1
2026-06-01 03:02:08,445 - INFO - RCSB full-text mapping 130/406: Q2Q1W2
2026-06-01 03:02:09,464 - INFO - RCSB full-text mapping 131/406: Q3KNV8
2026-06-01 03:02:09,482 - INFO - RCSB full-text mapping 132/406: Q495C1
2026-06-01 03:02:09,501 - INFO - RCSB full-text mapping 133/406: Q495X7
2026-06-01 03:02:09,519 - INFO - RCSB full-text mapping 134/406: Q496Y0
2026-06-01 03:02:09,539 - INFO - RCSB full-text mapping 135/406: Q5EBN2
2026-06-01 03:02:09,557 - INFO - RCSB full-text mapping 136/406: Q5GLZ8
2026-06-01 03:02:09,575 - INFO - RCSB full-text mapping 137/406: Q5M7Z0
2026-06-01 03:02:09,593 - INFO - RCSB full-text mapping 138/406: Q5T0T0
2026-06-01 03:02:10,612 - INFO - RCSB full-text mapping 139/406: Q5T197
2026-06-01 03:02:10,630 - INFO - RCSB full-text mapping 140/406: Q5T447
2026-06-01 03:02:11,649 - INFO - RCSB full-text mapping 141/406: Q5T4S7
2026-06-01 03:02:12,682 - INFO - RCSB full-text mapping 142/406: Q5TA31
2026-06-01 03:02:13,703 - INFO - RCSB full-text mapping 143/406: Q5TC82
2026-06-01 03:02:14,723 - INFO - RCSB full-text mapping 144/406: Q5U5Q3
2026-06-01 03:02:15,744 - INFO - RCSB full-text mapping 145/406: Q5U5R9
2026-06-01 03:02:15,761 - INFO - RCSB full-text mapping 146/406: Q5VTB9
2026-06-01 03:02:15,780 - INFO - RCSB full-text mapping 147/406: Q5VTR2
2026-06-01 03:02:16,799 - INFO - RCSB full-text mapping 148/406: Q5VVX9
2026-06-01 03:02:17,820 - INFO - RCSB full-text mapping 149/406: Q5W0B1
2026-06-01 03:02:17,839 - INFO - RCSB full-text mapping 150/406: Q5XPI4
2026-06-01 03:02:18,860 - INFO - RCSB full-text mapping 151/406: Q63HN8
2026-06-01 03:02:19,880 - INFO - RCSB full-text mapping 152/406: Q68DV7
2026-06-01 03:02:20,901 - INFO - RCSB full-text mapping 153/406: Q6AZZ1
2026-06-01 03:02:20,918 - INFO - RCSB full-text mapping 154/406: Q6P9F5
2026-06-01 03:02:20,936 - INFO - RCSB full-text mapping 155/406: Q6PCD5
2026-06-01 03:02:21,956 - INFO - RCSB full-text mapping 156/406: Q6PJ69
2026-06-01 03:02:22,978 - INFO - RCSB full-text mapping 157/406: Q6PJI9
2026-06-01 03:02:24,001 - INFO - RCSB full-text mapping 158/406: Q6Q0C0
2026-06-01 03:02:25,020 - INFO - RCSB full-text mapping 159/406: Q6UWE0
2026-06-01 03:02:25,040 - INFO - RCSB full-text mapping 160/406: Q6VVB1
2026-06-01 03:02:25,059 - INFO - RCSB full-text mapping 161/406: Q6ZMN7
2026-06-01 03:02:25,078 - INFO - RCSB full-text mapping 162/406: Q6ZMU5
2026-06-01 03:02:26,098 - INFO - RCSB full-text mapping 163/406: Q6ZMZ0
2026-06-01 03:02:26,115 - INFO - RCSB full-text mapping 164/406: Q6ZN04
2026-06-01 03:02:27,135 - INFO - RCSB full-text mapping 165/406: Q6ZNA4
2026-06-01 03:02:28,156 - INFO - RCSB full-text mapping 166/406: Q6ZNB6
2026-06-01 03:02:28,175 - INFO - RCSB full-text mapping 167/406: Q6ZRF8
2026-06-01 03:02:28,194 - INFO - RCSB full-text mapping 168/406: Q6ZSG1
2026-06-01 03:02:29,213 - INFO - RCSB full-text mapping 169/406: Q6ZT12
2026-06-01 03:02:29,231 - INFO - RCSB full-text mapping 170/406: Q6ZTA4
2026-06-01 03:02:30,251 - INFO - RCSB full-text mapping 171/406: Q6ZWI9
2026-06-01 03:02:30,270 - INFO - RCSB full-text mapping 172/406: Q712K3
2026-06-01 03:02:31,291 - INFO - RCSB full-text mapping 173/406: Q75N03
2026-06-01 03:02:31,311 - INFO - RCSB full-text mapping 174/406: Q76N89
2026-06-01 03:02:32,332 - INFO - RCSB full-text mapping 175/406: Q7L0R7
2026-06-01 03:02:32,351 - INFO - RCSB full-text mapping 176/406: Q7L5Y9
2026-06-01 03:02:33,371 - INFO - RCSB full-text mapping 177/406: Q7L622
2026-06-01 03:02:33,390 - INFO - RCSB full-text mapping 178/406: Q7Z3V4
2026-06-01 03:02:33,408 - INFO - RCSB full-text mapping 179/406: Q7Z419
2026-06-01 03:02:33,426 - INFO - RCSB full-text mapping 180/406: Q7Z4K8
2026-06-01 03:02:33,445 - INFO - RCSB full-text mapping 181/406: Q7Z569
2026-06-01 03:02:33,463 - INFO - RCSB full-text mapping 182/406: Q7Z5L9
2026-06-01 03:02:34,490 - INFO - RCSB full-text mapping 183/406: Q7Z6E9
2026-06-01 03:02:35,511 - INFO - RCSB full-text mapping 184/406: Q7Z6J0
2026-06-01 03:02:36,530 - INFO - RCSB full-text mapping 185/406: Q7Z6J8
2026-06-01 03:02:36,551 - INFO - RCSB full-text mapping 186/406: Q7Z6Z7
2026-06-01 03:02:37,570 - INFO - RCSB full-text mapping 187/406: Q7Z7E8
2026-06-01 03:02:38,590 - INFO - RCSB full-text mapping 188/406: Q86SE9
2026-06-01 03:02:39,610 - INFO - RCSB full-text mapping 189/406: Q86T96
2026-06-01 03:02:39,630 - INFO - RCSB full-text mapping 190/406: Q86TM6
2026-06-01 03:02:40,650 - INFO - RCSB full-text mapping 191/406: Q86UD3
2026-06-01 03:02:40,669 - INFO - RCSB full-text mapping 192/406: Q86UK7
2026-06-01 03:02:40,687 - INFO - RCSB full-text mapping 193/406: Q86UV6
2026-06-01 03:02:40,705 - INFO - RCSB full-text mapping 194/406: Q86UV7
2026-06-01 03:02:40,724 - INFO - RCSB full-text mapping 195/406: Q86UW9
2026-06-01 03:02:41,743 - INFO - RCSB full-text mapping 196/406: Q86WT6
2026-06-01 03:02:42,765 - INFO - RCSB full-text mapping 197/406: Q86XN8
2026-06-01 03:02:43,785 - INFO - RCSB full-text mapping 198/406: Q86XS8
2026-06-01 03:02:43,804 - INFO - RCSB full-text mapping 199/406: Q86XT4
2026-06-01 03:02:43,822 - INFO - RCSB full-text mapping 200/406: Q86Y01
2026-06-01 03:02:44,843 - INFO - RCSB full-text mapping 201/406: Q86Y13
2026-06-01 03:02:44,862 - INFO - RCSB full-text mapping 202/406: Q86YJ5
2026-06-01 03:02:44,880 - INFO - RCSB full-text mapping 203/406: Q86YT6
2026-06-01 03:02:45,900 - INFO - RCSB full-text mapping 204/406: Q8IU81
2026-06-01 03:02:45,920 - INFO - RCSB full-text mapping 205/406: Q8IUD6
2026-06-01 03:02:46,939 - INFO - RCSB full-text mapping 206/406: Q8IUQ4
2026-06-01 03:02:47,959 - INFO - RCSB full-text mapping 207/406: Q8IVU3
2026-06-01 03:02:48,980 - INFO - RCSB full-text mapping 208/406: Q8IWR1
2026-06-01 03:02:49,001 - INFO - RCSB full-text mapping 209/406: Q8IWT3
2026-06-01 03:02:50,021 - INFO - RCSB full-text mapping 210/406: Q8IWV7
2026-06-01 03:02:51,041 - INFO - RCSB full-text mapping 211/406: Q8IWV8
2026-06-01 03:02:52,062 - INFO - RCSB full-text mapping 212/406: Q8IWZ4
2026-06-01 03:02:52,082 - INFO - RCSB full-text mapping 213/406: Q8IWZ5
2026-06-01 03:02:52,100 - INFO - RCSB full-text mapping 214/406: Q8IYM9
2026-06-01 03:02:52,119 - INFO - RCSB full-text mapping 215/406: Q8IYU2
2026-06-01 03:02:53,138 - INFO - RCSB full-text mapping 216/406: Q8IYW5
2026-06-01 03:02:54,161 - INFO - RCSB full-text mapping 217/406: Q8IZP6
2026-06-01 03:02:55,181 - INFO - RCSB full-text mapping 218/406: Q8N2H9
2026-06-01 03:02:55,202 - INFO - RCSB full-text mapping 219/406: Q8N2K1
2026-06-01 03:02:56,222 - INFO - RCSB full-text mapping 220/406: Q8N2W9
2026-06-01 03:02:56,240 - INFO - RCSB full-text mapping 221/406: Q8N3P4
2026-06-01 03:02:56,257 - INFO - RCSB full-text mapping 222/406: Q8N448
2026-06-01 03:02:57,278 - INFO - RCSB full-text mapping 223/406: Q8N4F7
2026-06-01 03:02:57,296 - INFO - RCSB full-text mapping 224/406: Q8N5U6
2026-06-01 03:02:57,316 - INFO - RCSB full-text mapping 225/406: Q8N6D2
2026-06-01 03:02:57,334 - INFO - RCSB full-text mapping 226/406: Q8N7C7
2026-06-01 03:02:57,353 - INFO - RCSB full-text mapping 227/406: Q8N7E2
2026-06-01 03:02:57,370 - INFO - RCSB full-text mapping 228/406: Q8N8N0
2026-06-01 03:02:57,388 - INFO - RCSB full-text mapping 229/406: Q8N9I9
2026-06-01 03:02:57,406 - INFO - RCSB full-text mapping 230/406: Q8N9V2
2026-06-01 03:02:57,424 - INFO - RCSB full-text mapping 231/406: Q8N9V3
2026-06-01 03:02:57,442 - INFO - RCSB full-text mapping 232/406: Q8NA82
2026-06-01 03:02:57,460 - INFO - RCSB full-text mapping 233/406: Q8NC42
2026-06-01 03:02:57,478 - INFO - RCSB full-text mapping 234/406: Q8NCN4
2026-06-01 03:02:58,497 - INFO - RCSB full-text mapping 235/406: Q8ND24
2026-06-01 03:02:58,516 - INFO - RCSB full-text mapping 236/406: Q8ND25
2026-06-01 03:02:59,537 - INFO - RCSB full-text mapping 237/406: Q8NEG5
2026-06-01 03:03:00,557 - INFO - RCSB full-text mapping 238/406: Q8NEZ4
2026-06-01 03:03:01,578 - INFO - RCSB full-text mapping 239/406: Q8NF64
2026-06-01 03:03:01,599 - INFO - RCSB full-text mapping 240/406: Q8NG06
2026-06-01 03:03:02,618 - INFO - RCSB full-text mapping 241/406: Q8NG27
2026-06-01 03:03:03,639 - INFO - RCSB full-text mapping 242/406: Q8NHG8
2026-06-01 03:03:03,659 - INFO - RCSB full-text mapping 243/406: Q8NHY2
2026-06-01 03:03:04,678 - INFO - RCSB full-text mapping 244/406: Q8TBB1
2026-06-01 03:03:05,699 - INFO - RCSB full-text mapping 245/406: Q8TC41
2026-06-01 03:03:05,717 - INFO - RCSB full-text mapping 246/406: Q8TCQ1
2026-06-01 03:03:05,737 - INFO - RCSB full-text mapping 247/406: Q8TDB6
2026-06-01 03:03:06,761 - INFO - RCSB full-text mapping 248/406: Q8TEB7
2026-06-01 03:03:07,782 - INFO - RCSB full-text mapping 249/406: Q8TEC5
2026-06-01 03:03:07,802 - INFO - RCSB full-text mapping 250/406: Q8TEJ3
2026-06-01 03:03:07,819 - INFO - RCSB full-text mapping 251/406: Q8WU17
2026-06-01 03:03:07,838 - INFO - RCSB full-text mapping 252/406: Q8WV22
2026-06-01 03:03:08,856 - INFO - RCSB full-text mapping 253/406: Q8WV44
2026-06-01 03:03:09,878 - INFO - RCSB full-text mapping 254/406: Q8WVD3
2026-06-01 03:03:09,896 - INFO - RCSB full-text mapping 255/406: Q8WVD5
2026-06-01 03:03:10,916 - INFO - RCSB full-text mapping 256/406: Q8WVN8
2026-06-01 03:03:11,937 - INFO - RCSB full-text mapping 257/406: Q8WVZ7
2026-06-01 03:03:11,956 - INFO - RCSB full-text mapping 258/406: Q8WWF5
2026-06-01 03:03:11,977 - INFO - RCSB full-text mapping 259/406: Q8WY64
2026-06-01 03:03:12,997 - INFO - RCSB full-text mapping 260/406: Q8WZ73
2026-06-01 03:03:14,017 - INFO - RCSB full-text mapping 261/406: Q92793
2026-06-01 03:03:15,039 - INFO - RCSB full-text mapping 262/406: Q969K3
2026-06-01 03:03:15,058 - INFO - RCSB full-text mapping 263/406: Q969M7
2026-06-01 03:03:16,078 - INFO - RCSB full-text mapping 264/406: Q969Q1
2026-06-01 03:03:17,098 - INFO - RCSB full-text mapping 265/406: Q969T4
2026-06-01 03:03:18,116 - INFO - RCSB full-text mapping 266/406: Q969V5
2026-06-01 03:03:19,135 - INFO - RCSB full-text mapping 267/406: Q96A37
2026-06-01 03:03:19,155 - INFO - RCSB full-text mapping 268/406: Q96A61
2026-06-01 03:03:19,207 - INFO - RCSB full-text mapping 269/406: Q96AX9
2026-06-01 03:03:19,225 - INFO - RCSB full-text mapping 270/406: Q96B02
2026-06-01 03:03:20,245 - INFO - RCSB full-text mapping 271/406: Q96BH1
2026-06-01 03:03:21,266 - INFO - RCSB full-text mapping 272/406: Q96BQ3
2026-06-01 03:03:21,285 - INFO - RCSB full-text mapping 273/406: Q96CA5
2026-06-01 03:03:22,307 - INFO - RCSB full-text mapping 274/406: Q96D59
2026-06-01 03:03:22,327 - INFO - RCSB full-text mapping 275/406: Q96DX4
2026-06-01 03:03:22,345 - INFO - RCSB full-text mapping 276/406: Q96EH8
2026-06-01 03:03:22,364 - INFO - RCSB full-text mapping 277/406: Q96EP0
2026-06-01 03:03:23,385 - INFO - RCSB full-text mapping 278/406: Q96EP1
2026-06-01 03:03:24,406 - INFO - RCSB full-text mapping 279/406: Q96EQ8
2026-06-01 03:03:25,427 - INFO - RCSB full-text mapping 280/406: Q96EX2
2026-06-01 03:03:25,447 - INFO - RCSB full-text mapping 281/406: Q96F44
2026-06-01 03:03:26,466 - INFO - RCSB full-text mapping 282/406: Q96FA3
2026-06-01 03:03:27,487 - INFO - RCSB full-text mapping 283/406: Q96G75
2026-06-01 03:03:27,507 - INFO - RCSB full-text mapping 284/406: Q96GF1
2026-06-01 03:03:27,524 - INFO - RCSB full-text mapping 285/406: Q96J02
2026-06-01 03:03:28,544 - INFO - RCSB full-text mapping 286/406: Q96K19
2026-06-01 03:03:28,565 - INFO - RCSB full-text mapping 287/406: Q96LD4
2026-06-01 03:03:28,583 - INFO - RCSB full-text mapping 288/406: Q96LR5
2026-06-01 03:03:29,604 - INFO - RCSB full-text mapping 289/406: Q96MF7
2026-06-01 03:03:30,626 - INFO - RCSB full-text mapping 290/406: Q96MT1
2026-06-01 03:03:30,643 - INFO - RCSB full-text mapping 291/406: Q96P09
2026-06-01 03:03:31,663 - INFO - RCSB full-text mapping 292/406: Q96PM5
2026-06-01 03:03:32,683 - INFO - RCSB full-text mapping 293/406: Q96PU4
2026-06-01 03:03:33,703 - INFO - RCSB full-text mapping 294/406: Q96PU5
2026-06-01 03:03:34,722 - INFO - RCSB full-text mapping 295/406: Q96PX1
2026-06-01 03:03:34,744 - INFO - RCSB full-text mapping 296/406: Q96T88
2026-06-01 03:03:35,763 - INFO - RCSB full-text mapping 297/406: Q99496
2026-06-01 03:03:36,784 - INFO - RCSB full-text mapping 298/406: Q99590
2026-06-01 03:03:36,803 - INFO - RCSB full-text mapping 299/406: Q99675
2026-06-01 03:03:37,824 - INFO - RCSB full-text mapping 300/406: Q99728
2026-06-01 03:03:38,847 - INFO - RCSB full-text mapping 301/406: Q99942
2026-06-01 03:03:38,867 - INFO - RCSB full-text mapping 302/406: Q9BRZ2
2026-06-01 03:03:39,886 - INFO - RCSB full-text mapping 303/406: Q9BSJ1
2026-06-01 03:03:39,907 - INFO - RCSB full-text mapping 304/406: Q9BSM1
2026-06-01 03:03:40,927 - INFO - RCSB full-text mapping 305/406: Q9BUZ4
2026-06-01 03:03:41,947 - INFO - RCSB full-text mapping 306/406: Q9BV68
2026-06-01 03:03:42,972 - INFO - RCSB full-text mapping 307/406: Q9BVG3
2026-06-01 03:03:42,992 - INFO - RCSB full-text mapping 308/406: Q9BWF2
2026-06-01 03:03:44,012 - INFO - RCSB full-text mapping 309/406: Q9BWX1
2026-06-01 03:03:44,030 - INFO - RCSB full-text mapping 310/406: Q9BXT8
2026-06-01 03:03:45,051 - INFO - RCSB full-text mapping 311/406: Q9BY78
2026-06-01 03:03:45,069 - INFO - RCSB full-text mapping 312/406: Q9BYE7
2026-06-01 03:03:46,089 - INFO - RCSB full-text mapping 313/406: Q9BYJ4
2026-06-01 03:03:47,110 - INFO - RCSB full-text mapping 314/406: Q9BYM8
2026-06-01 03:03:48,132 - INFO - RCSB full-text mapping 315/406: Q9BYV2
2026-06-01 03:03:49,154 - INFO - RCSB full-text mapping 316/406: Q9BYV6
2026-06-01 03:03:49,173 - INFO - RCSB full-text mapping 317/406: Q9BZR9
2026-06-01 03:03:49,193 - INFO - RCSB full-text mapping 318/406: Q9BZY9
2026-06-01 03:03:50,214 - INFO - RCSB full-text mapping 319/406: Q9C019
2026-06-01 03:03:51,234 - INFO - RCSB full-text mapping 320/406: Q9C026
2026-06-01 03:03:52,254 - INFO - RCSB full-text mapping 321/406: Q9C029
2026-06-01 03:03:53,275 - INFO - RCSB full-text mapping 322/406: Q9C030
2026-06-01 03:03:53,296 - INFO - RCSB full-text mapping 323/406: Q9C035
2026-06-01 03:03:54,315 - INFO - RCSB full-text mapping 324/406: Q9C037
2026-06-01 03:03:54,334 - INFO - RCSB full-text mapping 325/406: Q9C040
2026-06-01 03:03:55,353 - INFO - RCSB full-text mapping 326/406: Q9C0B0
2026-06-01 03:03:55,371 - INFO - RCSB full-text mapping 327/406: Q9C0C9
2026-06-01 03:03:56,391 - INFO - RCSB full-text mapping 328/406: Q9H000
2026-06-01 03:03:56,411 - INFO - RCSB full-text mapping 329/406: Q9H0A6
2026-06-01 03:03:56,429 - INFO - RCSB full-text mapping 330/406: Q9H0F5
2026-06-01 03:03:57,449 - INFO - RCSB full-text mapping 331/406: Q9H0M0
2026-06-01 03:03:58,468 - INFO - RCSB full-text mapping 332/406: Q9H0X6
2026-06-01 03:03:58,487 - INFO - RCSB full-text mapping 333/406: Q9H1B7
2026-06-01 03:03:59,505 - INFO - RCSB full-text mapping 334/406: Q9H270
2026-06-01 03:03:59,523 - INFO - RCSB full-text mapping 335/406: Q9H2S5
2026-06-01 03:03:59,541 - INFO - RCSB full-text mapping 336/406: Q9H4P4
2026-06-01 03:04:00,560 - INFO - RCSB full-text mapping 337/406: Q9H6Y7
2026-06-01 03:04:00,579 - INFO - RCSB full-text mapping 338/406: Q9H832
2026-06-01 03:04:01,600 - INFO - RCSB full-text mapping 339/406: Q9H871
2026-06-01 03:04:02,619 - INFO - RCSB full-text mapping 340/406: Q9H8W5
2026-06-01 03:04:03,638 - INFO - RCSB full-text mapping 341/406: Q9H920
2026-06-01 03:04:03,657 - INFO - RCSB full-text mapping 342/406: Q9H992
2026-06-01 03:04:03,674 - INFO - RCSB full-text mapping 343/406: Q9H9P5
2026-06-01 03:04:03,694 - INFO - RCSB full-text mapping 344/406: Q9H9V4
2026-06-01 03:04:03,712 - INFO - RCSB full-text mapping 345/406: Q9HAT8
2026-06-01 03:04:04,730 - INFO - RCSB full-text mapping 346/406: Q9HAU4
2026-06-01 03:04:05,749 - INFO - RCSB full-text mapping 347/406: Q9HBD1
2026-06-01 03:04:06,771 - INFO - RCSB full-text mapping 348/406: Q9HCE7
2026-06-01 03:04:07,791 - INFO - RCSB full-text mapping 349/406: Q9HCI7
2026-06-01 03:04:08,813 - INFO - RCSB full-text mapping 350/406: Q9HCM9
2026-06-01 03:04:09,833 - INFO - RCSB full-text mapping 351/406: Q9NPC3
2026-06-01 03:04:10,853 - INFO - RCSB full-text mapping 352/406: Q9NPD8
2026-06-01 03:04:11,873 - INFO - RCSB full-text mapping 353/406: Q9NQ86
2026-06-01 03:04:12,892 - INFO - RCSB full-text mapping 354/406: Q9NR09
2026-06-01 03:04:13,912 - INFO - RCSB full-text mapping 355/406: Q9NS56
2026-06-01 03:04:13,932 - INFO - RCSB full-text mapping 356/406: Q9NS91
2026-06-01 03:04:14,950 - INFO - RCSB full-text mapping 357/406: Q9NTX7
2026-06-01 03:04:15,969 - INFO - RCSB full-text mapping 358/406: Q9NV58
2026-06-01 03:04:15,989 - INFO - RCSB full-text mapping 359/406: Q9NVW2
2026-06-01 03:04:17,007 - INFO - RCSB full-text mapping 360/406: Q9NW38
2026-06-01 03:04:18,027 - INFO - RCSB full-text mapping 361/406: Q9NWF9
2026-06-01 03:04:19,046 - INFO - RCSB full-text mapping 362/406: Q9NX47
2026-06-01 03:04:19,064 - INFO - RCSB full-text mapping 363/406: Q9NXI6
2026-06-01 03:04:19,083 - INFO - RCSB full-text mapping 364/406: Q9NYG5
2026-06-01 03:04:20,102 - INFO - RCSB full-text mapping 365/406: Q9NZS9
2026-06-01 03:04:20,121 - INFO - RCSB full-text mapping 366/406: Q9P0J7
2026-06-01 03:04:21,142 - INFO - RCSB full-text mapping 367/406: Q9P0N8
2026-06-01 03:04:21,162 - INFO - RCSB full-text mapping 368/406: Q9P0P0
2026-06-01 03:04:21,182 - INFO - RCSB full-text mapping 369/406: Q9P1Y6
2026-06-01 03:04:21,201 - INFO - RCSB full-text mapping 370/406: Q9P253
2026-06-01 03:04:21,221 - INFO - RCSB full-text mapping 371/406: Q9P2E8
2026-06-01 03:04:21,239 - INFO - RCSB full-text mapping 372/406: Q9P2G1
2026-06-01 03:04:21,258 - INFO - RCSB full-text mapping 373/406: Q9P2P5
2026-06-01 03:04:22,278 - INFO - RCSB full-text mapping 374/406: Q9UBF6
2026-06-01 03:04:23,299 - INFO - RCSB full-text mapping 375/406: Q9UBN7
2026-06-01 03:04:24,321 - INFO - RCSB full-text mapping 376/406: Q9UBS8
2026-06-01 03:04:24,340 - INFO - RCSB full-text mapping 377/406: Q9UDY6
2026-06-01 03:04:25,359 - INFO - RCSB full-text mapping 378/406: Q9UHC7
2026-06-01 03:04:25,378 - INFO - RCSB full-text mapping 379/406: Q9UII4
2026-06-01 03:04:26,398 - INFO - RCSB full-text mapping 380/406: Q9UJV3
2026-06-01 03:04:27,427 - INFO - RCSB full-text mapping 381/406: Q9UKV5
2026-06-01 03:04:28,454 - INFO - RCSB full-text mapping 382/406: Q9ULJ6
2026-06-01 03:04:29,475 - INFO - RCSB full-text mapping 383/406: Q9ULK6
2026-06-01 03:04:29,494 - INFO - RCSB full-text mapping 384/406: Q9ULT6
2026-06-01 03:04:30,513 - INFO - RCSB full-text mapping 385/406: Q9ULT8
2026-06-01 03:04:31,533 - INFO - RCSB full-text mapping 386/406: Q9ULV8
2026-06-01 03:04:32,553 - INFO - RCSB full-text mapping 387/406: Q9ULX5
2026-06-01 03:04:32,571 - INFO - RCSB full-text mapping 388/406: Q9UMS4
2026-06-01 03:04:33,590 - INFO - RCSB full-text mapping 389/406: Q9UNE7
2026-06-01 03:04:34,613 - INFO - RCSB full-text mapping 390/406: Q9UPN9
2026-06-01 03:04:35,632 - INFO - RCSB full-text mapping 391/406: Q9UPQ4
2026-06-01 03:04:35,652 - INFO - RCSB full-text mapping 392/406: Q9UPQ7
2026-06-01 03:04:36,671 - INFO - RCSB full-text mapping 393/406: Q9Y225
2026-06-01 03:04:37,692 - INFO - RCSB full-text mapping 394/406: Q9Y252
2026-06-01 03:04:37,710 - INFO - RCSB full-text mapping 395/406: Q9Y2E6
2026-06-01 03:04:37,729 - INFO - RCSB full-text mapping 396/406: Q9Y2X8
2026-06-01 03:04:37,747 - INFO - RCSB full-text mapping 397/406: Q9Y314
2026-06-01 03:04:38,767 - INFO - RCSB full-text mapping 398/406: Q9Y385
2026-06-01 03:04:38,787 - INFO - RCSB full-text mapping 399/406: Q9Y3C5
2026-06-01 03:04:38,805 - INFO - RCSB full-text mapping 400/406: Q9Y4D8
2026-06-01 03:04:38,824 - INFO - RCSB full-text mapping 401/406: Q9Y4K3
2026-06-01 03:04:39,845 - INFO - RCSB full-text mapping 402/406: Q9Y4L5
2026-06-01 03:04:39,935 - INFO - RCSB full-text mapping 403/406: Q9Y4X5
2026-06-01 03:04:40,974 - INFO - RCSB full-text mapping 404/406: Q9Y508
2026-06-01 03:04:40,994 - INFO - RCSB full-text mapping 405/406: Q9Y577
2026-06-01 03:04:41,013 - INFO - RCSB full-text mapping 406/406: Q9Y6U7
2026-06-01 03:04:41,033 - INFO - Combined mapping complete
2026-06-01 03:04:41,034 - INFO - Total unique PDB IDs mapped: 2075
2026-06-01 03:04:41,034 - INFO - Processing all 2075 PDB IDs
2026-06-01 03:04:41,035 - INFO - JSON API: 1/2075 13RZ
2026-06-01 03:04:44,819 - INFO - JSON API: 51/2075 1FP0
2026-06-01 03:04:49,943 - INFO - JSON API: 101/2075 1TFT
2026-06-01 03:04:54,692 - INFO - JSON API: 151/2075 2A25
2026-06-01 03:04:59,299 - INFO - JSON API: 201/2075 2ECL
2026-06-01 03:05:03,032 - INFO - JSON API: 251/2075 2JY7
2026-06-01 03:05:07,944 - INFO - JSON API: 301/2075 2LZG
2026-06-01 03:05:11,804 - INFO - JSON API: 351/2075 2R1Z
2026-06-01 03:05:16,535 - INFO - JSON API: 401/2075 3BUW
2026-06-01 03:05:20,484 - INFO - JSON API: 451/2075 3H8K
2026-06-01 03:05:26,149 - INFO - JSON API: 501/2075 3O33
2026-06-01 03:05:30,170 - INFO - JSON API: 551/2075 3U15
2026-06-01 03:05:35,370 - INFO - JSON API: 601/2075 4CFG
2026-06-01 03:05:39,591 - INFO - JSON API: 651/2075 4JLU
2026-06-01 03:05:44,421 - INFO - JSON API: 701/2075 4O2W
2026-06-01 03:05:48,534 - INFO - JSON API: 751/2075 4TSE
2026-06-01 03:05:53,847 - INFO - JSON API: 801/2075 4ZFI
2026-06-01 03:05:58,121 - INFO - JSON API: 851/2075 5DIN
2026-06-01 03:06:03,630 - INFO - JSON API: 901/2075 5HQG
2026-06-01 03:06:08,660 - INFO - JSON API: 951/2075 5LPM
2026-06-01 03:06:14,077 - INFO - JSON API: 1001/2075 5TRB
2026-06-01 03:06:18,821 - INFO - JSON API: 1051/2075 5YPE
2026-06-01 03:06:26,697 - INFO - JSON API: 1101/2075 6ES6
2026-06-01 03:06:33,397 - INFO - JSON API: 1151/2075 6JX5
2026-06-01 03:06:39,597 - INFO - JSON API: 1201/2075 6QCI
2026-06-01 03:06:46,331 - INFO - JSON API: 1251/2075 6UMS
2026-06-01 03:06:52,707 - INFO - JSON API: 1301/2075 7AD0
2026-06-01 03:07:01,676 - INFO - JSON API: 1351/2075 7KJN
2026-06-01 03:07:11,783 - INFO - JSON API: 1401/2075 7OJX
2026-06-01 03:07:16,907 - INFO - JSON API: 1451/2075 7UN6
2026-06-01 03:07:24,279 - INFO - JSON API: 1501/2075 8A58
2026-06-01 03:07:31,506 - INFO - JSON API: 1551/2075 8EI4
2026-06-01 03:07:38,421 - INFO - JSON API: 1601/2075 8GXS
2026-06-01 03:07:50,578 - INFO - JSON API: 1651/2075 8JAS
2026-06-01 03:07:56,590 - INFO - JSON API: 1701/2075 8PJN
2026-06-01 03:08:02,598 - INFO - JSON API: 1751/2075 8SN0
2026-06-01 03:08:15,461 - INFO - JSON API: 1801/2075 8WMS
2026-06-01 03:08:21,107 - INFO - JSON API: 1851/2075 9BJ9
2026-06-01 03:08:29,290 - INFO - JSON API: 1901/2075 9GFC
2026-06-01 03:08:34,944 - INFO - JSON API: 1951/2075 9KQ2
2026-06-01 03:08:42,196 - INFO - JSON API: 2001/2075 9OLB
2026-06-01 03:08:47,716 - INFO - JSON API: 2051/2075 9R6V
2026-06-01 03:08:51,015 - INFO - JSON API returned base info for 2075 entries
2026-06-01 03:08:51,107 - INFO - UniProt gene-mapping batch 1: 400 IDs
2026-06-01 03:08:55,035 - INFO - UniProt gene-mapping batch 2: 6 IDs
2026-06-01 03:08:58,539 - INFO - Mapped 406 UniProt IDs to gene names via mapping API
2026-06-01 03:08:58,703 - INFO - Saved main CSV: /home/brianna/data/ubiqcore/pdb_updates/pdb_structures_detailed_update_20260601.csv
2026-06-01 03:08:58,713 - INFO - 
Summary:
2026-06-01 03:08:58,713 - INFO - Total unique PDB structures: 2075
2026-06-01 03:08:58,719 - INFO - PDB structures containing E2 (by UniProt IDs): 365
2026-06-01 03:08:58,720 - INFO - PDB structures containing E3 (by UniProt IDs): 1844
2026-06-01 03:08:58,721 - INFO - PDB structures containing Ubiquitin: 172
2026-06-01 03:08:58,722 - INFO - PDB structures containing both E2 and E3: 135
2026-06-01 03:08:58,722 - INFO - PDB structures containing E2, E3, and Ubiquitin: 58
2026-06-01 03:08:58,724 - INFO - processing complete.
Running download_pdb_files.py...
2026-06-01 03:08:59,877 - INFO - Using CSV: /home/brianna/data/ubiqcore/pdb_updates/pdb_structures_detailed_update_20260601.csv
2026-06-01 03:08:59,890 - INFO - Found 2075 PDB IDs
2026-06-01 03:08:59,891 - INFO - [1/2075] Asymmetric unit already cached: 13RZ.cif
2026-06-01 03:08:59,891 - INFO - [1/2075] Biological assembly already cached: 13RZ-assembly1.cif
2026-06-01 03:09:00,091 - INFO - [2/2075] Asymmetric unit already cached: 13SA.cif
2026-06-01 03:09:00,091 - INFO - [2/2075] Biological assembly already cached: 13SA-assembly1.cif
2026-06-01 03:09:00,292 - INFO - [3/2075] Asymmetric unit already cached: 13SB.cif
2026-06-01 03:09:00,292 - INFO - [3/2075] Biological assembly already cached: 13SB-assembly1.cif
2026-06-01 03:09:00,492 - INFO - [4/2075] Asymmetric unit already cached: 13SC.cif
2026-06-01 03:09:00,492 - INFO - [4/2075] Biological assembly already cached: 13SC-assembly1.cif
2026-06-01 03:09:00,693 - INFO - [5/2075] Asymmetric unit already cached: 13SD.cif
2026-06-01 03:09:00,693 - INFO - [5/2075] Biological assembly already cached: 13SD-assembly1.cif
2026-06-01 03:09:00,893 - INFO - [6/2075] Asymmetric unit already cached: 13SE.cif
2026-06-01 03:09:00,893 - INFO - [6/2075] Biological assembly already cached: 13SE-assembly1.cif
2026-06-01 03:09:01,094 - INFO - [7/2075] Asymmetric unit already cached: 13SF.cif
2026-06-01 03:09:01,094 - INFO - [7/2075] Biological assembly already cached: 13SF-assembly1.cif
2026-06-01 03:09:01,294 - INFO - [8/2075] Asymmetric unit already cached: 13SG.cif
2026-06-01 03:09:01,294 - INFO - [8/2075] Biological assembly already cached: 13SG-assembly1.cif
2026-06-01 03:09:01,494 - INFO - [9/2075] Asymmetric unit already cached: 13SH.cif
2026-06-01 03:09:01,495 - INFO - [9/2075] Biological assembly already cached: 13SH-assembly1.cif
2026-06-01 03:09:01,695 - INFO - [10/2075] Asymmetric unit already cached: 13SI.cif
2026-06-01 03:09:01,696 - INFO - [10/2075] Biological assembly already cached: 13SI-assembly1.cif
2026-06-01 03:09:01,896 - INFO - [11/2075] Asymmetric unit already cached: 13SJ.cif
2026-06-01 03:09:01,896 - INFO - [11/2075] Biological assembly already cached: 13SJ-assembly1.cif
2026-06-01 03:09:02,097 - INFO - [12/2075] Asymmetric unit already cached: 13SK.cif
2026-06-01 03:09:02,097 - INFO - [12/2075] Biological assembly already cached: 13SK-assembly1.cif
2026-06-01 03:09:02,297 - INFO - [13/2075] Asymmetric unit already cached: 13SL.cif
2026-06-01 03:09:02,297 - INFO - [13/2075] Biological assembly already cached: 13SL-assembly1.cif
2026-06-01 03:09:02,498 - INFO - [14/2075] Asymmetric unit already cached: 13SM.cif
2026-06-01 03:09:02,498 - INFO - [14/2075] Biological assembly already cached: 13SM-assembly1.cif
2026-06-01 03:09:02,698 - INFO - [15/2075] Asymmetric unit already cached: 13SN.cif
2026-06-01 03:09:02,698 - INFO - [15/2075] Biological assembly already cached: 13SN-assembly1.cif
2026-06-01 03:09:02,898 - INFO - [16/2075] Asymmetric unit already cached: 13SO.cif
2026-06-01 03:09:02,898 - INFO - [16/2075] Biological assembly already cached: 13SO-assembly1.cif
2026-06-01 03:09:03,099 - INFO - [17/2075] Asymmetric unit already cached: 13SP.cif
2026-06-01 03:09:03,099 - INFO - [17/2075] Biological assembly already cached: 13SP-assembly1.cif
2026-06-01 03:09:03,299 - INFO - [18/2075] Asymmetric unit already cached: 13SQ.cif
2026-06-01 03:09:03,299 - INFO - [18/2075] Biological assembly already cached: 13SQ-assembly1.cif
2026-06-01 03:09:03,499 - INFO - [19/2075] Asymmetric unit already cached: 13SR.cif
2026-06-01 03:09:03,500 - INFO - [19/2075] Biological assembly already cached: 13SR-assembly1.cif
2026-06-01 03:09:03,700 - INFO - [20/2075] Asymmetric unit already cached: 13SS.cif
2026-06-01 03:09:03,700 - INFO - [20/2075] Biological assembly already cached: 13SS-assembly1.cif
2026-06-01 03:09:03,901 - INFO - [21/2075] Asymmetric unit already cached: 13ST.cif
2026-06-01 03:09:03,901 - INFO - [21/2075] Biological assembly already cached: 13ST-assembly1.cif
2026-06-01 03:09:04,102 - INFO - [22/2075] Asymmetric unit already cached: 13SU.cif
2026-06-01 03:09:04,102 - INFO - [22/2075] Biological assembly already cached: 13SU-assembly1.cif
2026-06-01 03:09:04,302 - INFO - [23/2075] Asymmetric unit already cached: 13SV.cif
2026-06-01 03:09:04,302 - INFO - [23/2075] Biological assembly already cached: 13SV-assembly1.cif
2026-06-01 03:09:04,502 - INFO - [24/2075] Asymmetric unit already cached: 13SW.cif
2026-06-01 03:09:04,503 - INFO - [24/2075] Biological assembly already cached: 13SW-assembly1.cif
2026-06-01 03:09:04,703 - INFO - [25/2075] Asymmetric unit already cached: 13SX.cif
2026-06-01 03:09:04,703 - INFO - [25/2075] Biological assembly already cached: 13SX-assembly1.cif
2026-06-01 03:09:04,903 - INFO - [26/2075] Asymmetric unit already cached: 13SY.cif
2026-06-01 03:09:04,903 - INFO - [26/2075] Biological assembly already cached: 13SY-assembly1.cif
2026-06-01 03:09:05,104 - INFO - [27/2075] Asymmetric unit already cached: 13SZ.cif
2026-06-01 03:09:05,104 - INFO - [27/2075] Biological assembly already cached: 13SZ-assembly1.cif
2026-06-01 03:09:05,304 - INFO - [28/2075] Asymmetric unit already cached: 13TA.cif
2026-06-01 03:09:05,304 - INFO - [28/2075] Biological assembly already cached: 13TA-assembly1.cif
2026-06-01 03:09:05,505 - INFO - [29/2075] Asymmetric unit already cached: 13TB.cif
2026-06-01 03:09:05,505 - INFO - [29/2075] Biological assembly already cached: 13TB-assembly1.cif
2026-06-01 03:09:05,705 - INFO - [30/2075] Asymmetric unit already cached: 1A3S.cif
2026-06-01 03:09:05,705 - INFO - [30/2075] Biological assembly already cached: 1A3S-assembly1.cif
2026-06-01 03:09:05,906 - INFO - [31/2075] Asymmetric unit already cached: 1B47.cif
2026-06-01 03:09:05,906 - INFO - [31/2075] Biological assembly already cached: 1B47-assembly1.cif
2026-06-01 03:09:06,106 - INFO - [32/2075] Asymmetric unit already cached: 1BOR.cif
2026-06-01 03:09:06,106 - INFO - [32/2075] Biological assembly already cached: 1BOR-assembly1.cif
2026-06-01 03:09:06,307 - INFO - [33/2075] Asymmetric unit already cached: 1C4Z.cif
2026-06-01 03:09:06,307 - INFO - [33/2075] Biological assembly already cached: 1C4Z-assembly1.cif
2026-06-01 03:09:06,507 - INFO - [34/2075] Asymmetric unit already cached: 1C9Q.cif
2026-06-01 03:09:06,507 - INFO - [34/2075] Biological assembly already cached: 1C9Q-assembly1.cif
2026-06-01 03:09:06,708 - INFO - [35/2075] Asymmetric unit already cached: 1CA4.cif
2026-06-01 03:09:06,708 - INFO - [35/2075] Biological assembly already cached: 1CA4-assembly1.cif
2026-06-01 03:09:06,908 - INFO - [36/2075] Asymmetric unit already cached: 1CA9.cif
2026-06-01 03:09:06,908 - INFO - [36/2075] Biological assembly already cached: 1CA9-assembly1.cif
2026-06-01 03:09:07,108 - INFO - [37/2075] Asymmetric unit already cached: 1CZY.cif
2026-06-01 03:09:07,109 - INFO - [37/2075] Biological assembly already cached: 1CZY-assembly1.cif
2026-06-01 03:09:07,309 - INFO - [38/2075] Asymmetric unit already cached: 1CZZ.cif
2026-06-01 03:09:07,309 - INFO - [38/2075] Biological assembly already cached: 1CZZ-assembly1.cif
2026-06-01 03:09:07,509 - INFO - [39/2075] Asymmetric unit already cached: 1D00.cif
2026-06-01 03:09:07,509 - INFO - [39/2075] Biological assembly already cached: 1D00-assembly1.cif
2026-06-01 03:09:07,710 - INFO - [40/2075] Asymmetric unit already cached: 1D01.cif
2026-06-01 03:09:07,710 - INFO - [40/2075] Biological assembly already cached: 1D01-assembly1.cif
2026-06-01 03:09:07,910 - INFO - [41/2075] Asymmetric unit already cached: 1D0A.cif
2026-06-01 03:09:07,910 - INFO - [41/2075] Biological assembly already cached: 1D0A-assembly1.cif
2026-06-01 03:09:08,111 - INFO - [42/2075] Asymmetric unit already cached: 1D0J.cif
2026-06-01 03:09:08,111 - INFO - [42/2075] Biological assembly already cached: 1D0J-assembly1.cif
2026-06-01 03:09:08,311 - INFO - [43/2075] Asymmetric unit already cached: 1D5F.cif
2026-06-01 03:09:08,311 - INFO - [43/2075] Biological assembly already cached: 1D5F-assembly1.cif
2026-06-01 03:09:08,511 - INFO - [44/2075] Asymmetric unit already cached: 1E4U.cif
2026-06-01 03:09:08,512 - INFO - [44/2075] Biological assembly already cached: 1E4U-assembly1.cif
2026-06-01 03:09:08,712 - INFO - [45/2075] Asymmetric unit already cached: 1EQX.cif
2026-06-01 03:09:08,713 - INFO - [45/2075] Biological assembly already cached: 1EQX-assembly1.cif
2026-06-01 03:09:08,913 - INFO - [46/2075] Asymmetric unit already cached: 1F3V.cif
2026-06-01 03:09:08,913 - INFO - [46/2075] Biological assembly already cached: 1F3V-assembly1.cif
2026-06-01 03:09:09,113 - INFO - [47/2075] Asymmetric unit already cached: 1F9X.cif
2026-06-01 03:09:09,113 - INFO - [47/2075] Biological assembly already cached: 1F9X-assembly1.cif
2026-06-01 03:09:09,314 - INFO - [48/2075] Asymmetric unit already cached: 1FBV.cif
2026-06-01 03:09:09,314 - INFO - [48/2075] Biological assembly already cached: 1FBV-assembly1.cif
2026-06-01 03:09:09,514 - INFO - [49/2075] Asymmetric unit already cached: 1FLK.cif
2026-06-01 03:09:09,514 - INFO - [49/2075] Biological assembly already cached: 1FLK-assembly1.cif
2026-06-01 03:09:09,714 - INFO - [50/2075] Asymmetric unit already cached: 1FLL.cif
2026-06-01 03:09:09,715 - INFO - [50/2075] Biological assembly already cached: 1FLL-assembly1.cif
2026-06-01 03:09:09,915 - INFO - [51/2075] Asymmetric unit already cached: 1FP0.cif
2026-06-01 03:09:09,915 - INFO - [51/2075] Biological assembly already cached: 1FP0-assembly1.cif
2026-06-01 03:09:10,115 - INFO - [52/2075] Asymmetric unit already cached: 1G25.cif
2026-06-01 03:09:10,115 - INFO - [52/2075] Biological assembly already cached: 1G25-assembly1.cif
2026-06-01 03:09:10,316 - INFO - [53/2075] Asymmetric unit already cached: 1G3F.cif
2026-06-01 03:09:10,316 - INFO - [53/2075] Biological assembly already cached: 1G3F-assembly1.cif
2026-06-01 03:09:10,516 - INFO - [54/2075] Asymmetric unit already cached: 1G73.cif
2026-06-01 03:09:10,516 - INFO - [54/2075] Biological assembly already cached: 1G73-assembly1.cif
2026-06-01 03:09:10,716 - INFO - [55/2075] Asymmetric unit already cached: 1I2T.cif
2026-06-01 03:09:10,717 - INFO - [55/2075] Biological assembly already cached: 1I2T-assembly1.cif
2026-06-01 03:09:10,917 - INFO - [56/2075] Asymmetric unit already cached: 1I3O.cif
2026-06-01 03:09:10,917 - INFO - [56/2075] Biological assembly already cached: 1I3O-assembly1.cif
2026-06-01 03:09:11,117 - INFO - [57/2075] Asymmetric unit already cached: 1I4O.cif
2026-06-01 03:09:11,117 - INFO - [57/2075] Biological assembly already cached: 1I4O-assembly1.cif
2026-06-01 03:09:11,318 - INFO - [58/2075] Asymmetric unit already cached: 1I51.cif
2026-06-01 03:09:11,318 - INFO - [58/2075] Biological assembly already cached: 1I51-assembly1.cif
2026-06-01 03:09:11,518 - INFO - [59/2075] Asymmetric unit already cached: 1I7K.cif
2026-06-01 03:09:11,518 - INFO - [59/2075] Biological assembly already cached: 1I7K-assembly1.cif
2026-06-01 03:09:11,719 - INFO - [60/2075] Asymmetric unit already cached: 1IYF.cif
2026-06-01 03:09:11,719 - INFO - [60/2075] Biological assembly already cached: 1IYF-assembly1.cif
2026-06-01 03:09:11,919 - INFO - [61/2075] Asymmetric unit already cached: 1J74.cif
2026-06-01 03:09:11,919 - INFO - [61/2075] Biological assembly already cached: 1J74-assembly1.cif
2026-06-01 03:09:12,119 - INFO - [62/2075] Asymmetric unit already cached: 1J7D.cif
2026-06-01 03:09:12,120 - INFO - [62/2075] Biological assembly already cached: 1J7D-assembly1.cif
2026-06-01 03:09:12,320 - INFO - [63/2075] Asymmetric unit already cached: 1JAS.cif
2026-06-01 03:09:12,320 - INFO - [63/2075] Biological assembly already cached: 1JAS-assembly1.cif
2026-06-01 03:09:12,520 - INFO - [64/2075] Asymmetric unit already cached: 1JM7.cif
2026-06-01 03:09:12,520 - INFO - [64/2075] Biological assembly already cached: 1JM7-assembly1.cif
2026-06-01 03:09:12,721 - INFO - [65/2075] Asymmetric unit already cached: 1JNX.cif
2026-06-01 03:09:12,721 - INFO - [65/2075] Biological assembly already cached: 1JNX-assembly1.cif
2026-06-01 03:09:12,921 - INFO - [66/2075] Asymmetric unit already cached: 1JSP.cif
2026-06-01 03:09:12,921 - INFO - [66/2075] Biological assembly already cached: 1JSP-assembly1.cif
2026-06-01 03:09:13,122 - INFO - [67/2075] Asymmetric unit already cached: 1KMC.cif
2026-06-01 03:09:13,122 - INFO - [67/2075] Biological assembly already cached: 1KMC-assembly1.cif
2026-06-01 03:09:13,322 - INFO - [68/2075] Asymmetric unit already cached: 1KPS.cif
2026-06-01 03:09:13,322 - INFO - [68/2075] Biological assembly already cached: 1KPS-assembly1.cif
2026-06-01 03:09:13,522 - INFO - [69/2075] Asymmetric unit already cached: 1KZZ.cif
2026-06-01 03:09:13,522 - INFO - [69/2075] Biological assembly already cached: 1KZZ-assembly1.cif
2026-06-01 03:09:13,723 - INFO - [70/2075] Asymmetric unit already cached: 1L0A.cif
2026-06-01 03:09:13,723 - INFO - [70/2075] Biological assembly already cached: 1L0A-assembly1.cif
2026-06-01 03:09:13,924 - INFO - [71/2075] Asymmetric unit already cached: 1L3E.cif
2026-06-01 03:09:13,924 - INFO - [71/2075] Biological assembly already cached: 1L3E-assembly1.cif
2026-06-01 03:09:14,124 - INFO - [72/2075] Asymmetric unit already cached: 1LB4.cif
2026-06-01 03:09:14,124 - INFO - [72/2075] Biological assembly already cached: 1LB4-assembly1.cif
2026-06-01 03:09:14,325 - INFO - [73/2075] Asymmetric unit already cached: 1LB5.cif
2026-06-01 03:09:14,325 - INFO - [73/2075] Biological assembly already cached: 1LB5-assembly1.cif
2026-06-01 03:09:14,525 - INFO - [74/2075] Asymmetric unit already cached: 1LB6.cif
2026-06-01 03:09:14,525 - INFO - [74/2075] Biological assembly already cached: 1LB6-assembly1.cif
2026-06-01 03:09:14,725 - INFO - [75/2075] Asymmetric unit already cached: 1LDJ.cif
2026-06-01 03:09:14,725 - INFO - [75/2075] Biological assembly already cached: 1LDJ-assembly1.cif
2026-06-01 03:09:14,926 - INFO - [76/2075] Asymmetric unit already cached: 1LDK.cif
2026-06-01 03:09:14,926 - INFO - [76/2075] Biological assembly already cached: 1LDK-assembly1.cif
2026-06-01 03:09:15,126 - INFO - [77/2075] Asymmetric unit already cached: 1LGP.cif
2026-06-01 03:09:15,126 - INFO - [77/2075] Biological assembly already cached: 1LGP-assembly1.cif
2026-06-01 03:09:15,327 - INFO - [78/2075] Asymmetric unit already cached: 1LGQ.cif
2026-06-01 03:09:15,327 - INFO - [78/2075] Biological assembly already cached: 1LGQ-assembly1.cif
2026-06-01 03:09:15,527 - INFO - [79/2075] Asymmetric unit already cached: 1LIQ.cif
2026-06-01 03:09:15,527 - INFO - [79/2075] Biological assembly already cached: 1LIQ-assembly1.cif
2026-06-01 03:09:15,727 - INFO - [80/2075] Asymmetric unit already cached: 1N5O.cif
2026-06-01 03:09:15,728 - INFO - [80/2075] Biological assembly already cached: 1N5O-assembly1.cif
2026-06-01 03:09:15,928 - INFO - [81/2075] Asymmetric unit already cached: 1ND7.cif
2026-06-01 03:09:15,928 - INFO - [81/2075] Biological assembly already cached: 1ND7-assembly1.cif
2026-06-01 03:09:16,128 - INFO - [82/2075] Asymmetric unit already cached: 1NW9.cif
2026-06-01 03:09:16,128 - INFO - [82/2075] Biological assembly already cached: 1NW9-assembly1.cif
2026-06-01 03:09:16,329 - INFO - [83/2075] Asymmetric unit already cached: 1OQA.cif
2026-06-01 03:09:16,329 - INFO - [83/2075] Biological assembly already cached: 1OQA-assembly1.cif
2026-06-01 03:09:16,529 - INFO - [84/2075] Asymmetric unit already cached: 1OXN.cif
2026-06-01 03:09:16,529 - INFO - [84/2075] Biological assembly already cached: 1OXN-assembly1.cif
2026-06-01 03:09:16,730 - INFO - [85/2075] Asymmetric unit already cached: 1OXQ.cif
2026-06-01 03:09:16,730 - INFO - [85/2075] Biological assembly already cached: 1OXQ-assembly1.cif
2026-06-01 03:09:16,930 - INFO - [86/2075] Asymmetric unit already cached: 1OY7.cif
2026-06-01 03:09:16,930 - INFO - [86/2075] Biological assembly already cached: 1OY7-assembly1.cif
2026-06-01 03:09:17,131 - INFO - [87/2075] Asymmetric unit already cached: 1P4Q.cif
2026-06-01 03:09:17,131 - INFO - [87/2075] Biological assembly already cached: 1P4Q-assembly1.cif
2026-06-01 03:09:17,331 - INFO - [88/2075] Asymmetric unit already cached: 1Q02.cif
2026-06-01 03:09:17,331 - INFO - [88/2075] Biological assembly already cached: 1Q02-assembly1.cif
2026-06-01 03:09:17,531 - INFO - [89/2075] Asymmetric unit already cached: 1QBH.cif
2026-06-01 03:09:17,532 - INFO - [89/2075] Biological assembly already cached: 1QBH-assembly1.cif
2026-06-01 03:09:17,732 - INFO - [90/2075] Asymmetric unit already cached: 1QSC.cif
2026-06-01 03:09:17,732 - INFO - [90/2075] Biological assembly already cached: 1QSC-assembly1.cif
2026-06-01 03:09:17,932 - INFO - [91/2075] Asymmetric unit already cached: 1RDT.cif
2026-06-01 03:09:17,932 - INFO - [91/2075] Biological assembly already cached: 1RDT-assembly1.cif
2026-06-01 03:09:18,133 - INFO - [92/2075] Asymmetric unit already cached: 1RF3.cif
2026-06-01 03:09:18,133 - INFO - [92/2075] Biological assembly already cached: 1RF3-assembly1.cif
2026-06-01 03:09:18,333 - INFO - [93/2075] Asymmetric unit already cached: 1RV1.cif
2026-06-01 03:09:18,333 - INFO - [93/2075] Biological assembly already cached: 1RV1-assembly1.cif
2026-06-01 03:09:18,533 - INFO - [94/2075] Asymmetric unit already cached: 1T15.cif
2026-06-01 03:09:18,533 - INFO - [94/2075] Biological assembly already cached: 1T15-assembly1.cif
2026-06-01 03:09:18,734 - INFO - [95/2075] Asymmetric unit already cached: 1T29.cif
2026-06-01 03:09:18,734 - INFO - [95/2075] Biological assembly already cached: 1T29-assembly1.cif
2026-06-01 03:09:18,935 - INFO - [96/2075] Asymmetric unit already cached: 1T2U.cif
2026-06-01 03:09:18,935 - INFO - [96/2075] Biological assembly already cached: 1T2U-assembly1.cif
2026-06-01 03:09:19,136 - INFO - [97/2075] Asymmetric unit already cached: 1T2V.cif
2026-06-01 03:09:19,136 - INFO - [97/2075] Biological assembly already cached: 1T2V-assembly1.cif
2026-06-01 03:09:19,336 - INFO - [98/2075] Asymmetric unit already cached: 1T4E.cif
2026-06-01 03:09:19,336 - INFO - [98/2075] Biological assembly already cached: 1T4E-assembly1.cif
2026-06-01 03:09:19,536 - INFO - [99/2075] Asymmetric unit already cached: 1T4F.cif
2026-06-01 03:09:19,537 - INFO - [99/2075] Biological assembly already cached: 1T4F-assembly1.cif
2026-06-01 03:09:19,737 - INFO - [100/2075] Asymmetric unit already cached: 1TFQ.cif
2026-06-01 03:09:19,737 - INFO - [100/2075] Biological assembly already cached: 1TFQ-assembly1.cif
2026-06-01 03:09:19,937 - INFO - [101/2075] Asymmetric unit already cached: 1TFT.cif
2026-06-01 03:09:19,937 - INFO - [101/2075] Biological assembly already cached: 1TFT-assembly1.cif
2026-06-01 03:09:20,138 - INFO - [102/2075] Asymmetric unit already cached: 1TT5.cif
2026-06-01 03:09:20,138 - INFO - [102/2075] Biological assembly already cached: 1TT5-assembly1.cif
2026-06-01 03:09:20,338 - INFO - [103/2075] Asymmetric unit already cached: 1TW6.cif
2026-06-01 03:09:20,338 - INFO - [103/2075] Biological assembly already cached: 1TW6-assembly1.cif
2026-06-01 03:09:20,538 - INFO - [104/2075] Asymmetric unit already cached: 1U6G.cif
2026-06-01 03:09:20,539 - INFO - [104/2075] Biological assembly already cached: 1U6G-assembly1.cif
2026-06-01 03:09:20,739 - INFO - [105/2075] Asymmetric unit already cached: 1UHP.cif
2026-06-01 03:09:20,739 - INFO - [105/2075] Biological assembly already cached: 1UHP-assembly1.cif
2026-06-01 03:09:20,939 - INFO - [106/2075] Asymmetric unit already cached: 1UR6.cif
2026-06-01 03:09:20,939 - INFO - [106/2075] Biological assembly already cached: 1UR6-assembly1.cif
2026-06-01 03:09:21,140 - INFO - [107/2075] Asymmetric unit already cached: 1W4U.cif
2026-06-01 03:09:21,140 - INFO - [107/2075] Biological assembly already cached: 1W4U-assembly1.cif
2026-06-01 03:09:21,340 - INFO - [108/2075] Asymmetric unit already cached: 1WD2.cif
2026-06-01 03:09:21,340 - INFO - [108/2075] Biological assembly already cached: 1WD2-assembly1.cif
2026-06-01 03:09:21,541 - INFO - [109/2075] Asymmetric unit already cached: 1WGM.cif
2026-06-01 03:09:21,541 - INFO - [109/2075] Biological assembly already cached: 1WGM-assembly1.cif
2026-06-01 03:09:21,741 - INFO - [110/2075] Asymmetric unit already cached: 1WH1.cif
2026-06-01 03:09:21,741 - INFO - [110/2075] Biological assembly already cached: 1WH1-assembly1.cif
2026-06-01 03:09:21,942 - INFO - [111/2075] Asymmetric unit already cached: 1WIM.cif
2026-06-01 03:09:21,942 - INFO - [111/2075] Biological assembly already cached: 1WIM-assembly1.cif
2026-06-01 03:09:22,142 - INFO - [112/2075] Asymmetric unit already cached: 1WO3.cif
2026-06-01 03:09:22,142 - INFO - [112/2075] Biological assembly already cached: 1WO3-assembly1.cif
2026-06-01 03:09:22,342 - INFO - [113/2075] Asymmetric unit already cached: 1WO4.cif
2026-06-01 03:09:22,343 - INFO - [113/2075] Biological assembly already cached: 1WO4-assembly1.cif
2026-06-01 03:09:22,543 - INFO - [114/2075] Asymmetric unit already cached: 1WO5.cif
2026-06-01 03:09:22,543 - INFO - [114/2075] Biological assembly already cached: 1WO5-assembly1.cif
2026-06-01 03:09:22,743 - INFO - [115/2075] Asymmetric unit already cached: 1WO6.cif
2026-06-01 03:09:22,743 - INFO - [115/2075] Biological assembly already cached: 1WO6-assembly1.cif
2026-06-01 03:09:22,944 - INFO - [116/2075] Asymmetric unit already cached: 1WO7.cif
2026-06-01 03:09:22,944 - INFO - [116/2075] Biological assembly already cached: 1WO7-assembly1.cif
2026-06-01 03:09:23,144 - INFO - [117/2075] Asymmetric unit already cached: 1WY8.cif
2026-06-01 03:09:23,144 - INFO - [117/2075] Biological assembly already cached: 1WY8-assembly1.cif
2026-06-01 03:09:23,345 - INFO - [118/2075] Asymmetric unit already cached: 1WZV.cif
2026-06-01 03:09:23,345 - INFO - [118/2075] Biological assembly already cached: 1WZV-assembly1.cif
2026-06-01 03:09:23,545 - INFO - [119/2075] Asymmetric unit already cached: 1WZW.cif
2026-06-01 03:09:23,545 - INFO - [119/2075] Biological assembly already cached: 1WZW-assembly1.cif
2026-06-01 03:09:23,745 - INFO - [120/2075] Asymmetric unit already cached: 1X23.cif
2026-06-01 03:09:23,746 - INFO - [120/2075] Biological assembly already cached: 1X23-assembly1.cif
2026-06-01 03:09:23,946 - INFO - [121/2075] Asymmetric unit already cached: 1X4J.cif
2026-06-01 03:09:23,946 - INFO - [121/2075] Biological assembly already cached: 1X4J-assembly1.cif
2026-06-01 03:09:24,147 - INFO - [122/2075] Asymmetric unit already cached: 1XB0.cif
2026-06-01 03:09:24,147 - INFO - [122/2075] Biological assembly already cached: 1XB0-assembly1.cif
2026-06-01 03:09:24,347 - INFO - [123/2075] Asymmetric unit already cached: 1XB1.cif
2026-06-01 03:09:24,347 - INFO - [123/2075] Biological assembly already cached: 1XB1-assembly1.cif
2026-06-01 03:09:24,547 - INFO - [124/2075] Asymmetric unit already cached: 1XR9.cif
2026-06-01 03:09:24,548 - INFO - [124/2075] Biological assembly already cached: 1XR9-assembly1.cif
2026-06-01 03:09:24,748 - INFO - [125/2075] Asymmetric unit already cached: 1Y02.cif
2026-06-01 03:09:24,748 - INFO - [125/2075] Biological assembly already cached: 1Y02-assembly1.cif
2026-06-01 03:09:24,948 - INFO - [126/2075] Asymmetric unit already cached: 1Y6L.cif
2026-06-01 03:09:24,948 - INFO - [126/2075] Biological assembly already cached: 1Y6L-assembly1.cif
2026-06-01 03:09:25,149 - INFO - [127/2075] Asymmetric unit already cached: 1Y8X.cif
2026-06-01 03:09:25,149 - INFO - [127/2075] Biological assembly already cached: 1Y8X-assembly1.cif
2026-06-01 03:09:25,349 - INFO - [128/2075] Asymmetric unit already cached: 1Y98.cif
2026-06-01 03:09:25,349 - INFO - [128/2075] Biological assembly already cached: 1Y98-assembly1.cif
2026-06-01 03:09:25,550 - INFO - [129/2075] Asymmetric unit already cached: 1YCR.cif
2026-06-01 03:09:25,550 - INFO - [129/2075] Biological assembly already cached: 1YCR-assembly1.cif
2026-06-01 03:09:25,750 - INFO - [130/2075] Asymmetric unit already cached: 1YH2.cif
2026-06-01 03:09:25,750 - INFO - [130/2075] Biological assembly already cached: 1YH2-assembly1.cif
2026-06-01 03:09:25,950 - INFO - [131/2075] Asymmetric unit already cached: 1YLA.cif
2026-06-01 03:09:25,951 - INFO - [131/2075] Biological assembly already cached: 1YLA-assembly1.cif
2026-06-01 03:09:26,151 - INFO - [132/2075] Asymmetric unit already cached: 1YRV.cif
2026-06-01 03:09:26,151 - INFO - [132/2075] Biological assembly already cached: 1YRV-assembly1.cif
2026-06-01 03:09:26,351 - INFO - [133/2075] Asymmetric unit already cached: 1YVH.cif
2026-06-01 03:09:26,351 - INFO - [133/2075] Biological assembly already cached: 1YVH-assembly1.cif
2026-06-01 03:09:26,552 - INFO - [134/2075] Asymmetric unit already cached: 1Z1M.cif
2026-06-01 03:09:26,552 - INFO - [134/2075] Biological assembly already cached: 1Z1M-assembly1.cif
2026-06-01 03:09:26,752 - INFO - [135/2075] Asymmetric unit already cached: 1Z5S.cif
2026-06-01 03:09:26,752 - INFO - [135/2075] Biological assembly already cached: 1Z5S-assembly1.cif
2026-06-01 03:09:26,952 - INFO - [136/2075] Asymmetric unit already cached: 1Z6U.cif
2026-06-01 03:09:26,952 - INFO - [136/2075] Biological assembly already cached: 1Z6U-assembly1.cif
2026-06-01 03:09:27,153 - INFO - [137/2075] Asymmetric unit already cached: 1ZDN.cif
2026-06-01 03:09:27,153 - INFO - [137/2075] Biological assembly already cached: 1ZDN-assembly1.cif
2026-06-01 03:09:27,353 - INFO - [138/2075] Asymmetric unit already cached: 1ZGU.cif
2026-06-01 03:09:27,353 - INFO - [138/2075] Biological assembly already cached: 1ZGU-assembly1.cif
2026-06-01 03:09:27,553 - INFO - [139/2075] Asymmetric unit already cached: 1ZKC.cif
2026-06-01 03:09:27,554 - INFO - [139/2075] Biological assembly already cached: 1ZKC-assembly1.cif
2026-06-01 03:09:27,754 - INFO - [140/2075] Asymmetric unit already cached: 1ZMS.cif
2026-06-01 03:09:27,754 - INFO - [140/2075] Biological assembly already cached: 1ZMS-assembly1.cif
2026-06-01 03:09:27,954 - INFO - [141/2075] Asymmetric unit already cached: 1ZOQ.cif
2026-06-01 03:09:27,954 - INFO - [141/2075] Biological assembly already cached: 1ZOQ-assembly1.cif
2026-06-01 03:09:28,155 - INFO - [142/2075] Asymmetric unit already cached: 1ZUO.cif
2026-06-01 03:09:28,155 - INFO - [142/2075] Biological assembly already cached: 1ZUO-assembly1.cif
2026-06-01 03:09:28,355 - INFO - [143/2075] Asymmetric unit already cached: 1ZVD.cif
2026-06-01 03:09:28,355 - INFO - [143/2075] Biological assembly already cached: 1ZVD-assembly1.cif
2026-06-01 03:09:28,555 - INFO - [144/2075] Asymmetric unit already cached: 28JM.cif
2026-06-01 03:09:28,556 - INFO - [144/2075] Biological assembly already cached: 28JM-assembly1.cif
2026-06-01 03:09:28,756 - INFO - [145/2075] Asymmetric unit already cached: 28JS.cif
2026-06-01 03:09:28,757 - INFO - [145/2075] Biological assembly already cached: 28JS-assembly1.cif
2026-06-01 03:09:28,957 - INFO - [146/2075] Asymmetric unit already cached: 28JV.cif
2026-06-01 03:09:28,957 - INFO - [146/2075] Biological assembly already cached: 28JV-assembly1.cif
2026-06-01 03:09:29,157 - INFO - [147/2075] Asymmetric unit already cached: 28KE.cif
2026-06-01 03:09:29,158 - INFO - [147/2075] Biological assembly already cached: 28KE-assembly1.cif
2026-06-01 03:09:29,358 - INFO - [148/2075] Asymmetric unit already cached: 29HG.cif
2026-06-01 03:09:29,358 - INFO - [148/2075] Biological assembly already cached: 29HG-assembly1.cif
2026-06-01 03:09:29,561 - INFO - [149/2075] Asymmetric unit already cached: 29HH.cif
2026-06-01 03:09:29,561 - INFO - [149/2075] Biological assembly already cached: 29HH-assembly1.cif
2026-06-01 03:09:29,761 - INFO - [150/2075] Asymmetric unit already cached: 29HI.cif
2026-06-01 03:09:29,761 - INFO - [150/2075] Biological assembly already cached: 29HI-assembly1.cif
2026-06-01 03:09:29,961 - INFO - [151/2075] Asymmetric unit already cached: 2A25.cif
2026-06-01 03:09:29,961 - INFO - [151/2075] Biological assembly already cached: 2A25-assembly1.cif
2026-06-01 03:09:30,162 - INFO - [152/2075] Asymmetric unit already cached: 2A4D.cif
2026-06-01 03:09:30,162 - INFO - [152/2075] Biological assembly already cached: 2A4D-assembly1.cif
2026-06-01 03:09:30,362 - INFO - [153/2075] Asymmetric unit already cached: 2A7L.cif
2026-06-01 03:09:30,362 - INFO - [153/2075] Biological assembly already cached: 2A7L-assembly1.cif
2026-06-01 03:09:30,562 - INFO - [154/2075] Asymmetric unit already cached: 2AK5.cif
2026-06-01 03:09:30,563 - INFO - [154/2075] Biological assembly already cached: 2AK5-assembly1.cif
2026-06-01 03:09:30,763 - INFO - [155/2075] Asymmetric unit already cached: 2ASQ.cif
2026-06-01 03:09:30,763 - INFO - [155/2075] Biological assembly already cached: 2ASQ-assembly1.cif
2026-06-01 03:09:30,963 - INFO - [156/2075] Asymmetric unit already cached: 2AWF.cif
2026-06-01 03:09:30,963 - INFO - [156/2075] Biological assembly already cached: 2AWF-assembly1.cif
2026-06-01 03:09:31,164 - INFO - [157/2075] Asymmetric unit already cached: 2AXI.cif
2026-06-01 03:09:31,164 - INFO - [157/2075] Biological assembly already cached: 2AXI-assembly1.cif
2026-06-01 03:09:31,364 - INFO - [158/2075] Asymmetric unit already cached: 2BZ8.cif
2026-06-01 03:09:31,364 - INFO - [158/2075] Biological assembly already cached: 2BZ8-assembly1.cif
2026-06-01 03:09:31,564 - INFO - [159/2075] Asymmetric unit already cached: 2C2V.cif
2026-06-01 03:09:31,565 - INFO - [159/2075] Biological assembly already cached: 2C2V-assembly1.cif
2026-06-01 03:09:31,765 - INFO - [160/2075] Asymmetric unit already cached: 2C4P.cif
2026-06-01 03:09:31,765 - INFO - [160/2075] Biological assembly already cached: 2C4P-assembly1.cif
2026-06-01 03:09:31,965 - INFO - [161/2075] Asymmetric unit already cached: 2C6A.cif
2026-06-01 03:09:31,965 - INFO - [161/2075] Biological assembly already cached: 2C6A-assembly1.cif
2026-06-01 03:09:32,166 - INFO - [162/2075] Asymmetric unit already cached: 2C6B.cif
2026-06-01 03:09:32,166 - INFO - [162/2075] Biological assembly already cached: 2C6B-assembly1.cif
2026-06-01 03:09:32,366 - INFO - [163/2075] Asymmetric unit already cached: 2C7H.cif
2026-06-01 03:09:32,366 - INFO - [163/2075] Biological assembly already cached: 2C7H-assembly1.cif
2026-06-01 03:09:32,566 - INFO - [164/2075] Asymmetric unit already cached: 2CBL.cif
2026-06-01 03:09:32,567 - INFO - [164/2075] Biological assembly already cached: 2CBL-assembly1.cif
2026-06-01 03:09:32,767 - INFO - [165/2075] Asymmetric unit already cached: 2CLW.cif
2026-06-01 03:09:32,767 - INFO - [165/2075] Biological assembly already cached: 2CLW-assembly1.cif
2026-06-01 03:09:32,967 - INFO - [166/2075] Asymmetric unit already cached: 2CR8.cif
2026-06-01 03:09:32,967 - INFO - [166/2075] Biological assembly already cached: 2CR8-assembly1.cif
2026-06-01 03:09:33,168 - INFO - [167/2075] Asymmetric unit already cached: 2CRC.cif
2026-06-01 03:09:33,168 - INFO - [167/2075] Biological assembly already cached: 2CRC-assembly1.cif
2026-06-01 03:09:33,368 - INFO - [168/2075] Asymmetric unit already cached: 2CS3.cif
2026-06-01 03:09:33,368 - INFO - [168/2075] Biological assembly already cached: 2CS3-assembly1.cif
2026-06-01 03:09:33,569 - INFO - [169/2075] Asymmetric unit already cached: 2CSW.cif
2026-06-01 03:09:33,569 - INFO - [169/2075] Biological assembly already cached: 2CSW-assembly1.cif
2026-06-01 03:09:33,769 - INFO - [170/2075] Asymmetric unit already cached: 2CSY.cif
2026-06-01 03:09:33,770 - INFO - [170/2075] Biological assembly already cached: 2CSY-assembly1.cif
2026-06-01 03:09:33,971 - INFO - [171/2075] Asymmetric unit already cached: 2CT0.cif
2026-06-01 03:09:33,971 - INFO - [171/2075] Biological assembly already cached: 2CT0-assembly1.cif
2026-06-01 03:09:34,171 - INFO - [172/2075] Asymmetric unit already cached: 2CT2.cif
2026-06-01 03:09:34,171 - INFO - [172/2075] Biological assembly already cached: 2CT2-assembly1.cif
2026-06-01 03:09:34,372 - INFO - [173/2075] Asymmetric unit already cached: 2CT7.cif
2026-06-01 03:09:34,372 - INFO - [173/2075] Biological assembly already cached: 2CT7-assembly1.cif
2026-06-01 03:09:34,572 - INFO - [174/2075] Asymmetric unit already cached: 2CYX.cif
2026-06-01 03:09:34,572 - INFO - [174/2075] Biological assembly already cached: 2CYX-assembly1.cif
2026-06-01 03:09:34,772 - INFO - [175/2075] Asymmetric unit already cached: 2D82.cif
2026-06-01 03:09:34,772 - INFO - [175/2075] Biological assembly already cached: 2D82-assembly1.cif
2026-06-01 03:09:34,973 - INFO - [176/2075] Asymmetric unit already cached: 2D8S.cif
2026-06-01 03:09:34,973 - INFO - [176/2075] Biological assembly already cached: 2D8S-assembly1.cif
2026-06-01 03:09:35,173 - INFO - [177/2075] Asymmetric unit already cached: 2D8T.cif
2026-06-01 03:09:35,173 - INFO - [177/2075] Biological assembly already cached: 2D8T-assembly1.cif
2026-06-01 03:09:35,374 - INFO - [178/2075] Asymmetric unit already cached: 2D8U.cif
2026-06-01 03:09:35,374 - INFO - [178/2075] Biological assembly already cached: 2D8U-assembly1.cif
2026-06-01 03:09:35,574 - INFO - [179/2075] Asymmetric unit already cached: 2DAY.cif
2026-06-01 03:09:35,574 - INFO - [179/2075] Biological assembly already cached: 2DAY-assembly1.cif
2026-06-01 03:09:35,775 - INFO - [180/2075] Asymmetric unit already cached: 2DB8.cif
2026-06-01 03:09:35,775 - INFO - [180/2075] Biological assembly already cached: 2DB8-assembly1.cif
2026-06-01 03:09:35,975 - INFO - [181/2075] Asymmetric unit already cached: 2DGR.cif
2026-06-01 03:09:35,975 - INFO - [181/2075] Biological assembly already cached: 2DGR-assembly1.cif
2026-06-01 03:09:36,175 - INFO - [182/2075] Asymmetric unit already cached: 2DID.cif
2026-06-01 03:09:36,176 - INFO - [182/2075] Biological assembly already cached: 2DID-assembly1.cif
2026-06-01 03:09:36,376 - INFO - [183/2075] Asymmetric unit already cached: 2DIF.cif
2026-06-01 03:09:36,376 - INFO - [183/2075] Biological assembly already cached: 2DIF-assembly1.cif
2026-06-01 03:09:36,576 - INFO - [184/2075] Asymmetric unit already cached: 2DIP.cif
2026-06-01 03:09:36,576 - INFO - [184/2075] Biological assembly already cached: 2DIP-assembly1.cif
2026-06-01 03:09:36,777 - INFO - [185/2075] Asymmetric unit already cached: 2DJA.cif
2026-06-01 03:09:36,777 - INFO - [185/2075] Biological assembly already cached: 2DJA-assembly1.cif
2026-06-01 03:09:36,977 - INFO - [186/2075] Asymmetric unit already cached: 2DJB.cif
2026-06-01 03:09:36,977 - INFO - [186/2075] Biological assembly already cached: 2DJB-assembly1.cif
2026-06-01 03:09:37,177 - INFO - [187/2075] Asymmetric unit already cached: 2DJY.cif
2026-06-01 03:09:37,177 - INFO - [187/2075] Biological assembly already cached: 2DJY-assembly1.cif
2026-06-01 03:09:37,378 - INFO - [188/2075] Asymmetric unit already cached: 2DK3.cif
2026-06-01 03:09:37,378 - INFO - [188/2075] Biological assembly already cached: 2DK3-assembly1.cif
2026-06-01 03:09:37,578 - INFO - [189/2075] Asymmetric unit already cached: 2DMF.cif
2026-06-01 03:09:37,578 - INFO - [189/2075] Biological assembly already cached: 2DMF-assembly1.cif
2026-06-01 03:09:37,779 - INFO - [190/2075] Asymmetric unit already cached: 2DMK.cif
2026-06-01 03:09:37,779 - INFO - [190/2075] Biological assembly already cached: 2DMK-assembly1.cif
2026-06-01 03:09:37,979 - INFO - [191/2075] Asymmetric unit already cached: 2DMV.cif
2026-06-01 03:09:37,979 - INFO - [191/2075] Biological assembly already cached: 2DMV-assembly1.cif
2026-06-01 03:09:38,179 - INFO - [192/2075] Asymmetric unit already cached: 2DO6.cif
2026-06-01 03:09:38,180 - INFO - [192/2075] Biological assembly already cached: 2DO6-assembly1.cif
2026-06-01 03:09:38,380 - INFO - [193/2075] Asymmetric unit already cached: 2DQ5.cif
2026-06-01 03:09:38,380 - INFO - [193/2075] Biological assembly already cached: 2DQ5-assembly1.cif
2026-06-01 03:09:38,580 - INFO - [194/2075] Asymmetric unit already cached: 2DS4.cif
2026-06-01 03:09:38,580 - INFO - [194/2075] Biological assembly already cached: 2DS4-assembly1.cif
2026-06-01 03:09:38,781 - INFO - [195/2075] Asymmetric unit already cached: 2E6S.cif
2026-06-01 03:09:38,781 - INFO - [195/2075] Biological assembly already cached: 2E6S-assembly1.cif
2026-06-01 03:09:38,982 - INFO - [196/2075] Asymmetric unit already cached: 2EA5.cif
2026-06-01 03:09:38,982 - INFO - [196/2075] Biological assembly already cached: 2EA5-assembly1.cif
2026-06-01 03:09:39,182 - INFO - [197/2075] Asymmetric unit already cached: 2EA6.cif
2026-06-01 03:09:39,182 - INFO - [197/2075] Biological assembly already cached: 2EA6-assembly1.cif
2026-06-01 03:09:39,382 - INFO - [198/2075] Asymmetric unit already cached: 2ECG.cif
2026-06-01 03:09:39,382 - INFO - [198/2075] Biological assembly already cached: 2ECG-assembly1.cif
2026-06-01 03:09:39,583 - INFO - [199/2075] Asymmetric unit already cached: 2ECI.cif
2026-06-01 03:09:39,583 - INFO - [199/2075] Biological assembly already cached: 2ECI-assembly1.cif
2026-06-01 03:09:39,783 - INFO - [200/2075] Asymmetric unit already cached: 2ECJ.cif
2026-06-01 03:09:39,783 - INFO - [200/2075] Biological assembly already cached: 2ECJ-assembly1.cif
2026-06-01 03:09:39,984 - INFO - [201/2075] Asymmetric unit already cached: 2ECL.cif
2026-06-01 03:09:39,984 - INFO - [201/2075] Biological assembly already cached: 2ECL-assembly1.cif
2026-06-01 03:09:40,184 - INFO - [202/2075] Asymmetric unit already cached: 2ECN.cif
2026-06-01 03:09:40,184 - INFO - [202/2075] Biological assembly already cached: 2ECN-assembly1.cif
2026-06-01 03:09:40,384 - INFO - [203/2075] Asymmetric unit already cached: 2ECV.cif
2026-06-01 03:09:40,385 - INFO - [203/2075] Biological assembly already cached: 2ECV-assembly1.cif
2026-06-01 03:09:40,585 - INFO - [204/2075] Asymmetric unit already cached: 2ECY.cif
2026-06-01 03:09:40,585 - INFO - [204/2075] Biological assembly already cached: 2ECY-assembly1.cif
2026-06-01 03:09:40,785 - INFO - [205/2075] Asymmetric unit already cached: 2EDI.cif
2026-06-01 03:09:40,786 - INFO - [205/2075] Biological assembly already cached: 2EDI-assembly1.cif
2026-06-01 03:09:40,986 - INFO - [206/2075] Asymmetric unit already cached: 2EGM.cif
2026-06-01 03:09:40,986 - INFO - [206/2075] Biological assembly already cached: 2EGM-assembly1.cif
2026-06-01 03:09:41,186 - INFO - [207/2075] Asymmetric unit already cached: 2EGP.cif
2026-06-01 03:09:41,186 - INFO - [207/2075] Biological assembly already cached: 2EGP-assembly1.cif
2026-06-01 03:09:41,387 - INFO - [208/2075] Asymmetric unit already cached: 2EJS.cif
2026-06-01 03:09:41,387 - INFO - [208/2075] Biological assembly already cached: 2EJS-assembly1.cif
2026-06-01 03:09:41,587 - INFO - [209/2075] Asymmetric unit already cached: 2EKK.cif
2026-06-01 03:09:41,587 - INFO - [209/2075] Biological assembly already cached: 2EKK-assembly1.cif
2026-06-01 03:09:41,788 - INFO - [210/2075] Asymmetric unit already cached: 2EOD.cif
2026-06-01 03:09:41,788 - INFO - [210/2075] Biological assembly already cached: 2EOD-assembly1.cif
2026-06-01 03:09:41,988 - INFO - [211/2075] Asymmetric unit already cached: 2EP4.cif
2026-06-01 03:09:41,988 - INFO - [211/2075] Biological assembly already cached: 2EP4-assembly1.cif
2026-06-01 03:09:42,188 - INFO - [212/2075] Asymmetric unit already cached: 2EQK.cif
2026-06-01 03:09:42,188 - INFO - [212/2075] Biological assembly already cached: 2EQK-assembly1.cif
2026-06-01 03:09:42,389 - INFO - [213/2075] Asymmetric unit already cached: 2ESK.cif
2026-06-01 03:09:42,389 - INFO - [213/2075] Biological assembly already cached: 2ESK-assembly1.cif
2026-06-01 03:09:42,589 - INFO - [214/2075] Asymmetric unit already cached: 2ESO.cif
2026-06-01 03:09:42,589 - INFO - [214/2075] Biological assembly already cached: 2ESO-assembly1.cif
2026-06-01 03:09:42,790 - INFO - [215/2075] Asymmetric unit already cached: 2ESP.cif
2026-06-01 03:09:42,790 - INFO - [215/2075] Biological assembly already cached: 2ESP-assembly1.cif
2026-06-01 03:09:42,990 - INFO - [216/2075] Asymmetric unit already cached: 2ESQ.cif
2026-06-01 03:09:42,990 - INFO - [216/2075] Biological assembly already cached: 2ESQ-assembly1.cif
2026-06-01 03:09:43,190 - INFO - [217/2075] Asymmetric unit already cached: 2F1Y.cif
2026-06-01 03:09:43,190 - INFO - [217/2075] Biological assembly already cached: 2F1Y-assembly1.cif
2026-06-01 03:09:43,391 - INFO - [218/2075] Asymmetric unit already cached: 2F4W.cif
2026-06-01 03:09:43,391 - INFO - [218/2075] Biological assembly already cached: 2F4W-assembly1.cif
2026-06-01 03:09:43,591 - INFO - [219/2075] Asymmetric unit already cached: 2FAZ.cif
2026-06-01 03:09:43,591 - INFO - [219/2075] Biological assembly already cached: 2FAZ-assembly1.cif
2026-06-01 03:09:43,792 - INFO - [220/2075] Asymmetric unit already cached: 2FBE.cif
2026-06-01 03:09:43,792 - INFO - [220/2075] Biological assembly already cached: 2FBE-assembly1.cif
2026-06-01 03:09:43,993 - INFO - [221/2075] Asymmetric unit already cached: 2FFW.cif
2026-06-01 03:09:43,993 - INFO - [221/2075] Biological assembly already cached: 2FFW-assembly1.cif
2026-06-01 03:09:44,193 - INFO - [222/2075] Asymmetric unit already cached: 2FOP.cif
2026-06-01 03:09:44,193 - INFO - [222/2075] Biological assembly already cached: 2FOP-assembly1.cif
2026-06-01 03:09:44,393 - INFO - [223/2075] Asymmetric unit already cached: 2FUH.cif
2026-06-01 03:09:44,394 - INFO - [223/2075] Biological assembly already cached: 2FUH-assembly1.cif
2026-06-01 03:09:44,594 - INFO - [224/2075] Asymmetric unit already cached: 2FZP.cif
2026-06-01 03:09:44,594 - INFO - [224/2075] Biological assembly already cached: 2FZP-assembly1.cif
2026-06-01 03:09:44,794 - INFO - [225/2075] Asymmetric unit already cached: 2GKW.cif
2026-06-01 03:09:44,794 - INFO - [225/2075] Biological assembly already cached: 2GKW-assembly1.cif
2026-06-01 03:09:44,995 - INFO - [226/2075] Asymmetric unit already cached: 2GRN.cif
2026-06-01 03:09:44,995 - INFO - [226/2075] Biological assembly already cached: 2GRN-assembly1.cif
2026-06-01 03:09:45,195 - INFO - [227/2075] Asymmetric unit already cached: 2GRO.cif
2026-06-01 03:09:45,195 - INFO - [227/2075] Biological assembly already cached: 2GRO-assembly1.cif
2026-06-01 03:09:45,395 - INFO - [228/2075] Asymmetric unit already cached: 2GRP.cif
2026-06-01 03:09:45,396 - INFO - [228/2075] Biological assembly already cached: 2GRP-assembly1.cif
2026-06-01 03:09:45,596 - INFO - [229/2075] Asymmetric unit already cached: 2GRQ.cif
2026-06-01 03:09:45,596 - INFO - [229/2075] Biological assembly already cached: 2GRQ-assembly1.cif
2026-06-01 03:09:45,796 - INFO - [230/2075] Asymmetric unit already cached: 2GRR.cif
2026-06-01 03:09:45,796 - INFO - [230/2075] Biological assembly already cached: 2GRR-assembly1.cif
2026-06-01 03:09:45,997 - INFO - [231/2075] Asymmetric unit already cached: 2GV2.cif
2026-06-01 03:09:45,997 - INFO - [231/2075] Biological assembly already cached: 2GV2-assembly1.cif
2026-06-01 03:09:46,197 - INFO - [232/2075] Asymmetric unit already cached: 2GWF.cif
2026-06-01 03:09:46,197 - INFO - [232/2075] Biological assembly already cached: 2GWF-assembly1.cif
2026-06-01 03:09:46,397 - INFO - [233/2075] Asymmetric unit already cached: 2H0D.cif
2026-06-01 03:09:46,398 - INFO - [233/2075] Biological assembly already cached: 2H0D-assembly1.cif
2026-06-01 03:09:46,598 - INFO - [234/2075] Asymmetric unit already cached: 2HDP.cif
2026-06-01 03:09:46,598 - INFO - [234/2075] Biological assembly already cached: 2HDP-assembly1.cif
2026-06-01 03:09:46,798 - INFO - [235/2075] Asymmetric unit already cached: 2HLW.cif
2026-06-01 03:09:46,798 - INFO - [235/2075] Biological assembly already cached: 2HLW-assembly1.cif
2026-06-01 03:09:46,999 - INFO - [236/2075] Asymmetric unit already cached: 2HYE.cif
2026-06-01 03:09:46,999 - INFO - [236/2075] Biological assembly already cached: 2HYE-assembly1.cif
2026-06-01 03:09:47,199 - INFO - [237/2075] Asymmetric unit already cached: 2I3H.cif
2026-06-01 03:09:47,199 - INFO - [237/2075] Biological assembly already cached: 2I3H-assembly1.cif
2026-06-01 03:09:47,399 - INFO - [238/2075] Asymmetric unit already cached: 2I3I.cif
2026-06-01 03:09:47,400 - INFO - [238/2075] Biological assembly already cached: 2I3I-assembly1.cif
2026-06-01 03:09:47,600 - INFO - [239/2075] Asymmetric unit already cached: 2ING.cif
2026-06-01 03:09:47,600 - INFO - [239/2075] Biological assembly already cached: 2ING-assembly1.cif
2026-06-01 03:09:47,800 - INFO - [240/2075] Asymmetric unit already cached: 2IWG.cif
2026-06-01 03:09:47,800 - INFO - [240/2075] Biological assembly already cached: 2IWG-assembly1.cif
2026-06-01 03:09:48,001 - INFO - [241/2075] Asymmetric unit already cached: 2J6F.cif
2026-06-01 03:09:48,001 - INFO - [241/2075] Biological assembly already cached: 2J6F-assembly1.cif
2026-06-01 03:09:48,201 - INFO - [242/2075] Asymmetric unit already cached: 2JK7.cif
2026-06-01 03:09:48,201 - INFO - [242/2075] Biological assembly already cached: 2JK7-assembly1.cif
2026-06-01 03:09:48,401 - INFO - [243/2075] Asymmetric unit already cached: 2JMD.cif
2026-06-01 03:09:48,402 - INFO - [243/2075] Biological assembly already cached: 2JMD-assembly1.cif
2026-06-01 03:09:48,602 - INFO - [244/2075] Asymmetric unit already cached: 2JMO.cif
2026-06-01 03:09:48,602 - INFO - [244/2075] Biological assembly already cached: 2JMO-assembly1.cif
2026-06-01 03:09:48,802 - INFO - [245/2075] Asymmetric unit already cached: 2JNH.cif
2026-06-01 03:09:48,803 - INFO - [245/2075] Biological assembly already cached: 2JNH-assembly1.cif
2026-06-01 03:09:49,003 - INFO - [246/2075] Asymmetric unit already cached: 2JQZ.cif
2026-06-01 03:09:49,004 - INFO - [246/2075] Biological assembly already cached: 2JQZ-assembly1.cif
2026-06-01 03:09:49,204 - INFO - [247/2075] Asymmetric unit already cached: 2JRJ.cif
2026-06-01 03:09:49,204 - INFO - [247/2075] Biological assembly already cached: 2JRJ-assembly1.cif
2026-06-01 03:09:49,404 - INFO - [248/2075] Asymmetric unit already cached: 2JUF.cif
2026-06-01 03:09:49,404 - INFO - [248/2075] Biological assembly already cached: 2JUF-assembly1.cif
2026-06-01 03:09:49,605 - INFO - [249/2075] Asymmetric unit already cached: 2JUJ.cif
2026-06-01 03:09:49,605 - INFO - [249/2075] Biological assembly already cached: 2JUJ-assembly1.cif
2026-06-01 03:09:49,805 - INFO - [250/2075] Asymmetric unit already cached: 2JUN.cif
2026-06-01 03:09:49,805 - INFO - [250/2075] Biological assembly already cached: 2JUN-assembly1.cif
2026-06-01 03:09:50,005 - INFO - [251/2075] Asymmetric unit already cached: 2JY7.cif
2026-06-01 03:09:50,006 - INFO - [251/2075] Biological assembly already cached: 2JY7-assembly1.cif
2026-06-01 03:09:50,206 - INFO - [252/2075] Asymmetric unit already cached: 2JY8.cif
2026-06-01 03:09:50,206 - INFO - [252/2075] Biological assembly already cached: 2JY8-assembly1.cif
2026-06-01 03:09:50,406 - INFO - [253/2075] Asymmetric unit already cached: 2K0B.cif
2026-06-01 03:09:50,406 - INFO - [253/2075] Biological assembly already cached: 2K0B-assembly1.cif
2026-06-01 03:09:50,607 - INFO - [254/2075] Asymmetric unit already cached: 2K2C.cif
2026-06-01 03:09:50,607 - INFO - [254/2075] Biological assembly already cached: 2K2C-assembly1.cif
2026-06-01 03:09:50,807 - INFO - [255/2075] Asymmetric unit already cached: 2K2D.cif
2026-06-01 03:09:50,807 - INFO - [255/2075] Biological assembly already cached: 2K2D-assembly1.cif
2026-06-01 03:09:51,008 - INFO - [256/2075] Asymmetric unit already cached: 2K4D.cif
2026-06-01 03:09:51,008 - INFO - [256/2075] Biological assembly already cached: 2K4D-assembly1.cif
2026-06-01 03:09:51,208 - INFO - [257/2075] Asymmetric unit already cached: 2K8F.cif
2026-06-01 03:09:51,208 - INFO - [257/2075] Biological assembly already cached: 2K8F-assembly1.cif
2026-06-01 03:09:51,409 - INFO - [258/2075] Asymmetric unit already cached: 2KEO.cif
2026-06-01 03:09:51,409 - INFO - [258/2075] Biological assembly already cached: 2KEO-assembly1.cif
2026-06-01 03:09:51,609 - INFO - [259/2075] Asymmetric unit already cached: 2KIZ.cif
2026-06-01 03:09:51,609 - INFO - [259/2075] Biological assembly already cached: 2KIZ-assembly1.cif
2026-06-01 03:09:51,809 - INFO - [260/2075] Asymmetric unit already cached: 2KJE.cif
2026-06-01 03:09:51,810 - INFO - [260/2075] Biological assembly already cached: 2KJE-assembly1.cif
2026-06-01 03:09:52,010 - INFO - [261/2075] Asymmetric unit already cached: 2KJH.cif
2026-06-01 03:09:52,010 - INFO - [261/2075] Biological assembly already cached: 2KJH-assembly1.cif
2026-06-01 03:09:52,210 - INFO - [262/2075] Asymmetric unit already cached: 2KLY.cif
2026-06-01 03:09:52,210 - INFO - [262/2075] Biological assembly already cached: 2KLY-assembly1.cif
2026-06-01 03:09:52,411 - INFO - [263/2075] Asymmetric unit already cached: 2KNA.cif
2026-06-01 03:09:52,411 - INFO - [263/2075] Biological assembly already cached: 2KNA-assembly1.cif
2026-06-01 03:09:52,611 - INFO - [264/2075] Asymmetric unit already cached: 2KNV.cif
2026-06-01 03:09:52,611 - INFO - [264/2075] Biological assembly already cached: 2KNV-assembly1.cif
2026-06-01 03:09:52,812 - INFO - [265/2075] Asymmetric unit already cached: 2KPZ.cif
2026-06-01 03:09:52,812 - INFO - [265/2075] Biological assembly already cached: 2KPZ-assembly1.cif
2026-06-01 03:09:53,012 - INFO - [266/2075] Asymmetric unit already cached: 2KQ0.cif
2026-06-01 03:09:53,012 - INFO - [266/2075] Biological assembly already cached: 2KQ0-assembly1.cif
2026-06-01 03:09:53,212 - INFO - [267/2075] Asymmetric unit already cached: 2KR1.cif
2026-06-01 03:09:53,213 - INFO - [267/2075] Biological assembly already cached: 2KR1-assembly1.cif
2026-06-01 03:09:53,413 - INFO - [268/2075] Asymmetric unit already cached: 2KRE.cif
2026-06-01 03:09:53,413 - INFO - [268/2075] Biological assembly already cached: 2KRE-assembly1.cif
2026-06-01 03:09:53,613 - INFO - [269/2075] Asymmetric unit already cached: 2KWF.cif
2026-06-01 03:09:53,613 - INFO - [269/2075] Biological assembly already cached: 2KWF-assembly1.cif
2026-06-01 03:09:53,814 - INFO - [270/2075] Asymmetric unit already cached: 2KXQ.cif
2026-06-01 03:09:53,814 - INFO - [270/2075] Biological assembly already cached: 2KXQ-assembly1.cif
2026-06-01 03:09:54,014 - INFO - [271/2075] Asymmetric unit already cached: 2KYK.cif
2026-06-01 03:09:54,015 - INFO - [271/2075] Biological assembly already cached: 2KYK-assembly1.cif
2026-06-01 03:09:54,215 - INFO - [272/2075] Asymmetric unit already cached: 2L0B.cif
2026-06-01 03:09:54,215 - INFO - [272/2075] Biological assembly already cached: 2L0B-assembly1.cif
2026-06-01 03:09:54,415 - INFO - [273/2075] Asymmetric unit already cached: 2L3R.cif
2026-06-01 03:09:54,415 - INFO - [273/2075] Biological assembly already cached: 2L3R-assembly1.cif
2026-06-01 03:09:54,616 - INFO - [274/2075] Asymmetric unit already cached: 2L84.cif
2026-06-01 03:09:54,616 - INFO - [274/2075] Biological assembly already cached: 2L84-assembly1.cif
2026-06-01 03:09:54,816 - INFO - [275/2075] Asymmetric unit already cached: 2L85.cif
2026-06-01 03:09:54,816 - INFO - [275/2075] Biological assembly already cached: 2L85-assembly1.cif
2026-06-01 03:09:55,017 - INFO - [276/2075] Asymmetric unit already cached: 2L9M.cif
2026-06-01 03:09:55,017 - INFO - [276/2075] Biological assembly already cached: 2L9M-assembly1.cif
2026-06-01 03:09:55,217 - INFO - [277/2075] Asymmetric unit already cached: 2LAJ.cif
2026-06-01 03:09:55,217 - INFO - [277/2075] Biological assembly already cached: 2LAJ-assembly1.cif
2026-06-01 03:09:55,417 - INFO - [278/2075] Asymmetric unit already cached: 2LAZ.cif
2026-06-01 03:09:55,417 - INFO - [278/2075] Biological assembly already cached: 2LAZ-assembly1.cif
2026-06-01 03:09:55,618 - INFO - [279/2075] Asymmetric unit already cached: 2LB0.cif
2026-06-01 03:09:55,618 - INFO - [279/2075] Biological assembly already cached: 2LB0-assembly1.cif
2026-06-01 03:09:55,818 - INFO - [280/2075] Asymmetric unit already cached: 2LB1.cif
2026-06-01 03:09:55,818 - INFO - [280/2075] Biological assembly already cached: 2LB1-assembly1.cif
2026-06-01 03:09:56,019 - INFO - [281/2075] Asymmetric unit already cached: 2LB2.cif
2026-06-01 03:09:56,019 - INFO - [281/2075] Biological assembly already cached: 2LB2-assembly1.cif
2026-06-01 03:09:56,219 - INFO - [282/2075] Asymmetric unit already cached: 2LC3.cif
2026-06-01 03:09:56,219 - INFO - [282/2075] Biological assembly already cached: 2LC3-assembly1.cif
2026-06-01 03:09:56,419 - INFO - [283/2075] Asymmetric unit already cached: 2LDR.cif
2026-06-01 03:09:56,419 - INFO - [283/2075] Biological assembly already cached: 2LDR-assembly1.cif
2026-06-01 03:09:56,620 - INFO - [284/2075] Asymmetric unit already cached: 2LFE.cif
2026-06-01 03:09:56,620 - INFO - [284/2075] Biological assembly already cached: 2LFE-assembly1.cif
2026-06-01 03:09:56,820 - INFO - [285/2075] Asymmetric unit already cached: 2LGG.cif
2026-06-01 03:09:56,820 - INFO - [285/2075] Biological assembly already cached: 2LGG-assembly1.cif
2026-06-01 03:09:57,021 - INFO - [286/2075] Asymmetric unit already cached: 2LGK.cif
2026-06-01 03:09:57,021 - INFO - [286/2075] Biological assembly already cached: 2LGK-assembly1.cif
2026-06-01 03:09:57,221 - INFO - [287/2075] Asymmetric unit already cached: 2LGL.cif
2026-06-01 03:09:57,221 - INFO - [287/2075] Biological assembly already cached: 2LGL-assembly1.cif
2026-06-01 03:09:57,422 - INFO - [288/2075] Asymmetric unit already cached: 2LGV.cif
2026-06-01 03:09:57,422 - INFO - [288/2075] Biological assembly already cached: 2LGV-assembly1.cif
2026-06-01 03:09:57,622 - INFO - [289/2075] Asymmetric unit already cached: 2LGY.cif
2026-06-01 03:09:57,622 - INFO - [289/2075] Biological assembly already cached: 2LGY-assembly1.cif
2026-06-01 03:09:57,822 - INFO - [290/2075] Asymmetric unit already cached: 2LTX.cif
2026-06-01 03:09:57,823 - INFO - [290/2075] Biological assembly already cached: 2LTX-assembly1.cif
2026-06-01 03:09:58,023 - INFO - [291/2075] Asymmetric unit already cached: 2LTY.cif
2026-06-01 03:09:58,023 - INFO - [291/2075] Biological assembly already cached: 2LTY-assembly1.cif
2026-06-01 03:09:58,223 - INFO - [292/2075] Asymmetric unit already cached: 2LTZ.cif
2026-06-01 03:09:58,223 - INFO - [292/2075] Biological assembly already cached: 2LTZ-assembly1.cif
2026-06-01 03:09:58,424 - INFO - [293/2075] Asymmetric unit already cached: 2LVN.cif
2026-06-01 03:09:58,424 - INFO - [293/2075] Biological assembly already cached: 2LVN-assembly1.cif
2026-06-01 03:09:58,624 - INFO - [294/2075] Asymmetric unit already cached: 2LVO.cif
2026-06-01 03:09:58,624 - INFO - [294/2075] Biological assembly already cached: 2LVO-assembly1.cif
2026-06-01 03:09:58,825 - INFO - [295/2075] Asymmetric unit already cached: 2LVP.cif
2026-06-01 03:09:58,825 - INFO - [295/2075] Biological assembly already cached: 2LVP-assembly1.cif
2026-06-01 03:09:59,025 - INFO - [296/2075] Asymmetric unit already cached: 2LVQ.cif
2026-06-01 03:09:59,026 - INFO - [296/2075] Biological assembly already cached: 2LVQ-assembly1.cif
2026-06-01 03:09:59,226 - INFO - [297/2075] Asymmetric unit already cached: 2LXH.cif
2026-06-01 03:09:59,226 - INFO - [297/2075] Biological assembly already cached: 2LXH-assembly1.cif
2026-06-01 03:09:59,426 - INFO - [298/2075] Asymmetric unit already cached: 2LXP.cif
2026-06-01 03:09:59,426 - INFO - [298/2075] Biological assembly already cached: 2LXP-assembly1.cif
2026-06-01 03:09:59,627 - INFO - [299/2075] Asymmetric unit already cached: 2LXS.cif
2026-06-01 03:09:59,627 - INFO - [299/2075] Biological assembly already cached: 2LXS-assembly1.cif
2026-06-01 03:09:59,827 - INFO - [300/2075] Asymmetric unit already cached: 2LXT.cif
2026-06-01 03:09:59,827 - INFO - [300/2075] Biological assembly already cached: 2LXT-assembly1.cif
2026-06-01 03:10:00,027 - INFO - [301/2075] Asymmetric unit already cached: 2LZG.cif
2026-06-01 03:10:00,028 - INFO - [301/2075] Biological assembly already cached: 2LZG-assembly1.cif
2026-06-01 03:10:00,228 - INFO - [302/2075] Asymmetric unit already cached: 2M3O.cif
2026-06-01 03:10:00,228 - INFO - [302/2075] Biological assembly already cached: 2M3O-assembly1.cif
2026-06-01 03:10:00,428 - INFO - [303/2075] Asymmetric unit already cached: 2M85.cif
2026-06-01 03:10:00,428 - INFO - [303/2075] Biological assembly already cached: 2M85-assembly1.cif
2026-06-01 03:10:00,629 - INFO - [304/2075] Asymmetric unit already cached: 2M86.cif
2026-06-01 03:10:00,629 - INFO - [304/2075] Biological assembly already cached: 2M86-assembly1.cif
2026-06-01 03:10:00,829 - INFO - [305/2075] Asymmetric unit already cached: 2M9Y.cif
2026-06-01 03:10:00,829 - INFO - [305/2075] Biological assembly already cached: 2M9Y-assembly1.cif
2026-06-01 03:10:01,029 - INFO - [306/2075] Asymmetric unit already cached: 2MA6.cif
2026-06-01 03:10:01,030 - INFO - [306/2075] Biological assembly already cached: 2MA6-assembly1.cif
2026-06-01 03:10:01,230 - INFO - [307/2075] Asymmetric unit already cached: 2MH0.cif
2026-06-01 03:10:01,230 - INFO - [307/2075] Biological assembly already cached: 2MH0-assembly1.cif
2026-06-01 03:10:01,430 - INFO - [308/2075] Asymmetric unit already cached: 2MPS.cif
2026-06-01 03:10:01,430 - INFO - [308/2075] Biological assembly already cached: 2MPS-assembly1.cif
2026-06-01 03:10:01,631 - INFO - [309/2075] Asymmetric unit already cached: 2MPT.cif
2026-06-01 03:10:01,631 - INFO - [309/2075] Biological assembly already cached: 2MPT-assembly1.cif
2026-06-01 03:10:01,831 - INFO - [310/2075] Asymmetric unit already cached: 2MRE.cif
2026-06-01 03:10:01,831 - INFO - [310/2075] Biological assembly already cached: 2MRE-assembly1.cif
2026-06-01 03:10:02,032 - INFO - [311/2075] Asymmetric unit already cached: 2MRF.cif
2026-06-01 03:10:02,032 - INFO - [311/2075] Biological assembly already cached: 2MRF-assembly1.cif
2026-06-01 03:10:02,232 - INFO - [312/2075] Asymmetric unit already cached: 2MT5.cif
2026-06-01 03:10:02,232 - INFO - [312/2075] Biological assembly already cached: 2MT5-assembly1.cif
2026-06-01 03:10:02,432 - INFO - [313/2075] Asymmetric unit already cached: 2MT6.cif
2026-06-01 03:10:02,433 - INFO - [313/2075] Biological assembly already cached: 2MT6-assembly1.cif
2026-06-01 03:10:02,633 - INFO - [314/2075] Asymmetric unit already cached: 2MUL.cif
2026-06-01 03:10:02,633 - INFO - [314/2075] Biological assembly already cached: 2MUL-assembly1.cif
2026-06-01 03:10:02,833 - INFO - [315/2075] Asymmetric unit already cached: 2MVW.cif
2026-06-01 03:10:02,833 - INFO - [315/2075] Biological assembly already cached: 2MVW-assembly1.cif
2026-06-01 03:10:03,034 - INFO - [316/2075] Asymmetric unit already cached: 2MWX.cif
2026-06-01 03:10:03,034 - INFO - [316/2075] Biological assembly already cached: 2MWX-assembly1.cif
2026-06-01 03:10:03,234 - INFO - [317/2075] Asymmetric unit already cached: 2MWY.cif
2026-06-01 03:10:03,234 - INFO - [317/2075] Biological assembly already cached: 2MWY-assembly1.cif
2026-06-01 03:10:03,435 - INFO - [318/2075] Asymmetric unit already cached: 2MZD.cif
2026-06-01 03:10:03,435 - INFO - [318/2075] Biological assembly already cached: 2MZD-assembly1.cif
2026-06-01 03:10:03,635 - INFO - [319/2075] Asymmetric unit already cached: 2MZN.cif
2026-06-01 03:10:03,635 - INFO - [319/2075] Biological assembly already cached: 2MZN-assembly1.cif
2026-06-01 03:10:03,835 - INFO - [320/2075] Asymmetric unit already cached: 2N06.cif
2026-06-01 03:10:03,836 - INFO - [320/2075] Biological assembly already cached: 2N06-assembly1.cif
2026-06-01 03:10:04,036 - INFO - [321/2075] Asymmetric unit already cached: 2N0U.cif
2026-06-01 03:10:04,036 - INFO - [321/2075] Biological assembly already cached: 2N0U-assembly1.cif
2026-06-01 03:10:04,237 - INFO - [322/2075] Asymmetric unit already cached: 2N0W.cif
2026-06-01 03:10:04,237 - INFO - [322/2075] Biological assembly already cached: 2N0W-assembly1.cif
2026-06-01 03:10:04,437 - INFO - [323/2075] Asymmetric unit already cached: 2N14.cif
2026-06-01 03:10:04,437 - INFO - [323/2075] Biological assembly already cached: 2N14-assembly1.cif
2026-06-01 03:10:04,637 - INFO - [324/2075] Asymmetric unit already cached: 2N1A.cif
2026-06-01 03:10:04,638 - INFO - [324/2075] Biological assembly already cached: 2N1A-assembly1.cif
2026-06-01 03:10:04,838 - INFO - [325/2075] Asymmetric unit already cached: 2N9O.cif
2026-06-01 03:10:04,838 - INFO - [325/2075] Biological assembly already cached: 2N9O-assembly1.cif
2026-06-01 03:10:05,038 - INFO - [326/2075] Asymmetric unit already cached: 2N9P.cif
2026-06-01 03:10:05,038 - INFO - [326/2075] Biological assembly already cached: 2N9P-assembly1.cif
2026-06-01 03:10:05,239 - INFO - [327/2075] Asymmetric unit already cached: 2NA1.cif
2026-06-01 03:10:05,239 - INFO - [327/2075] Biological assembly already cached: 2NA1-assembly1.cif
2026-06-01 03:10:05,439 - INFO - [328/2075] Asymmetric unit already cached: 2NQ3.cif
2026-06-01 03:10:05,439 - INFO - [328/2075] Biological assembly already cached: 2NQ3-assembly1.cif
2026-06-01 03:10:05,640 - INFO - [329/2075] Asymmetric unit already cached: 2NSQ.cif
2026-06-01 03:10:05,640 - INFO - [329/2075] Biological assembly already cached: 2NSQ-assembly1.cif
2026-06-01 03:10:05,840 - INFO - [330/2075] Asymmetric unit already cached: 2NTE.cif
2026-06-01 03:10:05,840 - INFO - [330/2075] Biological assembly already cached: 2NTE-assembly1.cif
2026-06-01 03:10:06,040 - INFO - [331/2075] Asymmetric unit already cached: 2NVU.cif
2026-06-01 03:10:06,041 - INFO - [331/2075] Biological assembly already cached: 2NVU-assembly1.cif
2026-06-01 03:10:06,241 - INFO - [332/2075] Asymmetric unit already cached: 2O25.cif
2026-06-01 03:10:06,241 - INFO - [332/2075] Biological assembly already cached: 2O25-assembly1.cif
2026-06-01 03:10:06,441 - INFO - [333/2075] Asymmetric unit already cached: 2OB4.cif
2026-06-01 03:10:06,441 - INFO - [333/2075] Biological assembly already cached: 2OB4-assembly1.cif
2026-06-01 03:10:06,642 - INFO - [334/2075] Asymmetric unit already cached: 2ONI.cif
2026-06-01 03:10:06,642 - INFO - [334/2075] Biological assembly already cached: 2ONI-assembly1.cif
2026-06-01 03:10:06,842 - INFO - [335/2075] Asymmetric unit already cached: 2OO9.cif
2026-06-01 03:10:06,842 - INFO - [335/2075] Biological assembly already cached: 2OO9-assembly1.cif
2026-06-01 03:10:07,043 - INFO - [336/2075] Asymmetric unit already cached: 2OOA.cif
2026-06-01 03:10:07,043 - INFO - [336/2075] Biological assembly already cached: 2OOA-assembly1.cif
2026-06-01 03:10:07,243 - INFO - [337/2075] Asymmetric unit already cached: 2OOB.cif
2026-06-01 03:10:07,243 - INFO - [337/2075] Biological assembly already cached: 2OOB-assembly1.cif
2026-06-01 03:10:07,443 - INFO - [338/2075] Asymmetric unit already cached: 2OP7.cif
2026-06-01 03:10:07,444 - INFO - [338/2075] Biological assembly already cached: 2OP7-assembly1.cif
2026-06-01 03:10:07,644 - INFO - [339/2075] Asymmetric unit already cached: 2OPY.cif
2026-06-01 03:10:07,644 - INFO - [339/2075] Biological assembly already cached: 2OPY-assembly1.cif
2026-06-01 03:10:07,844 - INFO - [340/2075] Asymmetric unit already cached: 2OPZ.cif
2026-06-01 03:10:07,844 - INFO - [340/2075] Biological assembly already cached: 2OPZ-assembly1.cif
2026-06-01 03:10:08,045 - INFO - [341/2075] Asymmetric unit already cached: 2P4R.cif
2026-06-01 03:10:08,045 - INFO - [341/2075] Biological assembly already cached: 2P4R-assembly1.cif
2026-06-01 03:10:08,245 - INFO - [342/2075] Asymmetric unit already cached: 2PB7.cif
2026-06-01 03:10:08,245 - INFO - [342/2075] Biological assembly already cached: 2PB7-assembly1.cif
2026-06-01 03:10:08,445 - INFO - [343/2075] Asymmetric unit already cached: 2PE6.cif
2026-06-01 03:10:08,446 - INFO - [343/2075] Biological assembly already cached: 2PE6-assembly1.cif
2026-06-01 03:10:08,646 - INFO - [344/2075] Asymmetric unit already cached: 2PIE.cif
2026-06-01 03:10:08,646 - INFO - [344/2075] Biological assembly already cached: 2PIE-assembly1.cif
2026-06-01 03:10:08,846 - INFO - [345/2075] Asymmetric unit already cached: 2POI.cif
2026-06-01 03:10:08,846 - INFO - [345/2075] Biological assembly already cached: 2POI-assembly1.cif
2026-06-01 03:10:09,047 - INFO - [346/2075] Asymmetric unit already cached: 2POP.cif
2026-06-01 03:10:09,047 - INFO - [346/2075] Biological assembly already cached: 2POP-assembly1.cif
2026-06-01 03:10:09,248 - INFO - [347/2075] Asymmetric unit already cached: 2PX9.cif
2026-06-01 03:10:09,248 - INFO - [347/2075] Biological assembly already cached: 2PX9-assembly1.cif
2026-06-01 03:10:09,448 - INFO - [348/2075] Asymmetric unit already cached: 2QGX.cif
2026-06-01 03:10:09,448 - INFO - [348/2075] Biological assembly already cached: 2QGX-assembly1.cif
2026-06-01 03:10:09,648 - INFO - [349/2075] Asymmetric unit already cached: 2QHO.cif
2026-06-01 03:10:09,649 - INFO - [349/2075] Biological assembly already cached: 2QHO-assembly1.cif
2026-06-01 03:10:09,849 - INFO - [350/2075] Asymmetric unit already cached: 2QRA.cif
2026-06-01 03:10:09,849 - INFO - [350/2075] Biological assembly already cached: 2QRA-assembly1.cif
2026-06-01 03:10:10,049 - INFO - [351/2075] Asymmetric unit already cached: 2R1Z.cif
2026-06-01 03:10:10,049 - INFO - [351/2075] Biological assembly already cached: 2R1Z-assembly1.cif
2026-06-01 03:10:10,250 - INFO - [352/2075] Asymmetric unit already cached: 2RNY.cif
2026-06-01 03:10:10,250 - INFO - [352/2075] Biological assembly already cached: 2RNY-assembly1.cif
2026-06-01 03:10:10,450 - INFO - [353/2075] Asymmetric unit already cached: 2RO1.cif
2026-06-01 03:10:10,450 - INFO - [353/2075] Biological assembly already cached: 2RO1-assembly1.cif
2026-06-01 03:10:10,650 - INFO - [354/2075] Asymmetric unit already cached: 2RUH.cif
2026-06-01 03:10:10,651 - INFO - [354/2075] Biological assembly already cached: 2RUH-assembly1.cif
2026-06-01 03:10:10,851 - INFO - [355/2075] Asymmetric unit already cached: 2UVL.cif
2026-06-01 03:10:10,851 - INFO - [355/2075] Biological assembly already cached: 2UVL-assembly1.cif
2026-06-01 03:10:11,051 - INFO - [356/2075] Asymmetric unit already cached: 2VJE.cif
2026-06-01 03:10:11,051 - INFO - [356/2075] Biological assembly already cached: 2VJE-assembly1.cif
2026-06-01 03:10:11,252 - INFO - [357/2075] Asymmetric unit already cached: 2VJF.cif
2026-06-01 03:10:11,252 - INFO - [357/2075] Biological assembly already cached: 2VJF-assembly1.cif
2026-06-01 03:10:11,452 - INFO - [358/2075] Asymmetric unit already cached: 2VSL.cif
2026-06-01 03:10:11,452 - INFO - [358/2075] Biological assembly already cached: 2VSL-assembly1.cif
2026-06-01 03:10:11,653 - INFO - [359/2075] Asymmetric unit already cached: 2VWR.cif
2026-06-01 03:10:11,653 - INFO - [359/2075] Biological assembly already cached: 2VWR-assembly1.cif
2026-06-01 03:10:11,853 - INFO - [360/2075] Asymmetric unit already cached: 2VYR.cif
2026-06-01 03:10:11,853 - INFO - [360/2075] Biological assembly already cached: 2VYR-assembly1.cif
2026-06-01 03:10:12,054 - INFO - [361/2075] Asymmetric unit already cached: 2XBB.cif
2026-06-01 03:10:12,054 - INFO - [361/2075] Biological assembly already cached: 2XBB-assembly1.cif
2026-06-01 03:10:12,254 - INFO - [362/2075] Asymmetric unit already cached: 2XBF.cif
2026-06-01 03:10:12,254 - INFO - [362/2075] Biological assembly already cached: 2XBF-assembly1.cif
2026-06-01 03:10:12,454 - INFO - [363/2075] Asymmetric unit already cached: 2XEU.cif
2026-06-01 03:10:12,454 - INFO - [363/2075] Biological assembly already cached: 2XEU-assembly1.cif
2026-06-01 03:10:12,655 - INFO - [364/2075] Asymmetric unit already cached: 2XOC.cif
2026-06-01 03:10:12,655 - INFO - [364/2075] Biological assembly already cached: 2XOC-assembly1.cif
2026-06-01 03:10:12,855 - INFO - [365/2075] Asymmetric unit already cached: 2XOY.cif
2026-06-01 03:10:12,855 - INFO - [365/2075] Biological assembly already cached: 2XOY-assembly1.cif
2026-06-01 03:10:13,056 - INFO - [366/2075] Asymmetric unit already cached: 2XOZ.cif
2026-06-01 03:10:13,056 - INFO - [366/2075] Biological assembly already cached: 2XOZ-assembly1.cif
2026-06-01 03:10:13,256 - INFO - [367/2075] Asymmetric unit already cached: 2XP0.cif
2026-06-01 03:10:13,256 - INFO - [367/2075] Biological assembly already cached: 2XP0-assembly1.cif
2026-06-01 03:10:13,457 - INFO - [368/2075] Asymmetric unit already cached: 2XWU.cif
2026-06-01 03:10:13,457 - INFO - [368/2075] Biological assembly already cached: 2XWU-assembly1.cif
2026-06-01 03:10:13,657 - INFO - [369/2075] Asymmetric unit already cached: 2Y1M.cif
2026-06-01 03:10:13,657 - INFO - [369/2075] Biological assembly already cached: 2Y1M-assembly1.cif
2026-06-01 03:10:13,857 - INFO - [370/2075] Asymmetric unit already cached: 2Y1N.cif
2026-06-01 03:10:13,857 - INFO - [370/2075] Biological assembly already cached: 2Y1N-assembly1.cif
2026-06-01 03:10:14,058 - INFO - [371/2075] Asymmetric unit already cached: 2Y43.cif
2026-06-01 03:10:14,058 - INFO - [371/2075] Biological assembly already cached: 2Y43-assembly1.cif
2026-06-01 03:10:14,259 - INFO - [372/2075] Asymmetric unit already cached: 2Y4W.cif
2026-06-01 03:10:14,259 - INFO - [372/2075] Biological assembly already cached: 2Y4W-assembly1.cif
2026-06-01 03:10:14,459 - INFO - [373/2075] Asymmetric unit already cached: 2YB6.cif
2026-06-01 03:10:14,459 - INFO - [373/2075] Biological assembly already cached: 2YB6-assembly1.cif
2026-06-01 03:10:14,659 - INFO - [374/2075] Asymmetric unit already cached: 2YBF.cif
2026-06-01 03:10:14,660 - INFO - [374/2075] Biological assembly already cached: 2YBF-assembly1.cif
2026-06-01 03:10:14,860 - INFO - [375/2075] Asymmetric unit already cached: 2YHN.cif
2026-06-01 03:10:14,860 - INFO - [375/2075] Biological assembly already cached: 2YHN-assembly1.cif
2026-06-01 03:10:15,060 - INFO - [376/2075] Asymmetric unit already cached: 2YHO.cif
2026-06-01 03:10:15,060 - INFO - [376/2075] Biological assembly already cached: 2YHO-assembly1.cif
2026-06-01 03:10:15,261 - INFO - [377/2075] Asymmetric unit already cached: 2YRG.cif
2026-06-01 03:10:15,261 - INFO - [377/2075] Biological assembly already cached: 2YRG-assembly1.cif
2026-06-01 03:10:15,461 - INFO - [378/2075] Asymmetric unit already cached: 2YSA.cif
2026-06-01 03:10:15,461 - INFO - [378/2075] Biological assembly already cached: 2YSA-assembly1.cif
2026-06-01 03:10:15,661 - INFO - [379/2075] Asymmetric unit already cached: 2YSF.cif
2026-06-01 03:10:15,662 - INFO - [379/2075] Biological assembly already cached: 2YSF-assembly1.cif
2026-06-01 03:10:15,862 - INFO - [380/2075] Asymmetric unit already cached: 2YSJ.cif
2026-06-01 03:10:15,862 - INFO - [380/2075] Biological assembly already cached: 2YSJ-assembly1.cif
2026-06-01 03:10:16,062 - INFO - [381/2075] Asymmetric unit already cached: 2YSL.cif
2026-06-01 03:10:16,063 - INFO - [381/2075] Biological assembly already cached: 2YSL-assembly1.cif
2026-06-01 03:10:16,263 - INFO - [382/2075] Asymmetric unit already cached: 2YSM.cif
2026-06-01 03:10:16,263 - INFO - [382/2075] Biological assembly already cached: 2YSM-assembly1.cif
2026-06-01 03:10:16,463 - INFO - [383/2075] Asymmetric unit already cached: 2YU4.cif
2026-06-01 03:10:16,463 - INFO - [383/2075] Biological assembly already cached: 2YU4-assembly1.cif
2026-06-01 03:10:16,664 - INFO - [384/2075] Asymmetric unit already cached: 2YUC.cif
2026-06-01 03:10:16,664 - INFO - [384/2075] Biological assembly already cached: 2YUC-assembly1.cif
2026-06-01 03:10:16,864 - INFO - [385/2075] Asymmetric unit already cached: 2YUK.cif
2026-06-01 03:10:16,864 - INFO - [385/2075] Biological assembly already cached: 2YUK-assembly1.cif
2026-06-01 03:10:17,064 - INFO - [386/2075] Asymmetric unit already cached: 2YUR.cif
2026-06-01 03:10:17,065 - INFO - [386/2075] Biological assembly already cached: 2YUR-assembly1.cif
2026-06-01 03:10:17,265 - INFO - [387/2075] Asymmetric unit already cached: 2YVR.cif
2026-06-01 03:10:17,265 - INFO - [387/2075] Biological assembly already cached: 2YVR-assembly1.cif
2026-06-01 03:10:17,465 - INFO - [388/2075] Asymmetric unit already cached: 2YYN.cif
2026-06-01 03:10:17,465 - INFO - [388/2075] Biological assembly already cached: 2YYN-assembly1.cif
2026-06-01 03:10:17,666 - INFO - [389/2075] Asymmetric unit already cached: 2Z5D.cif
2026-06-01 03:10:17,666 - INFO - [389/2075] Biological assembly already cached: 2Z5D-assembly1.cif
2026-06-01 03:10:17,866 - INFO - [390/2075] Asymmetric unit already cached: 3A33.cif
2026-06-01 03:10:17,866 - INFO - [390/2075] Biological assembly already cached: 3A33-assembly1.cif
2026-06-01 03:10:18,067 - INFO - [391/2075] Asymmetric unit already cached: 3A4S.cif
2026-06-01 03:10:18,067 - INFO - [391/2075] Biological assembly already cached: 3A4S-assembly1.cif
2026-06-01 03:10:18,267 - INFO - [392/2075] Asymmetric unit already cached: 3ASK.cif
2026-06-01 03:10:18,267 - INFO - [392/2075] Biological assembly already cached: 3ASK-assembly1.cif
2026-06-01 03:10:18,467 - INFO - [393/2075] Asymmetric unit already cached: 3ASL.cif
2026-06-01 03:10:18,468 - INFO - [393/2075] Biological assembly already cached: 3ASL-assembly1.cif
2026-06-01 03:10:18,668 - INFO - [394/2075] Asymmetric unit already cached: 3B76.cif
2026-06-01 03:10:18,668 - INFO - [394/2075] Biological assembly already cached: 3B76-assembly1.cif
2026-06-01 03:10:18,868 - INFO - [395/2075] Asymmetric unit already cached: 3B7Y.cif
2026-06-01 03:10:18,869 - INFO - [395/2075] Biological assembly already cached: 3B7Y-assembly1.cif
2026-06-01 03:10:19,069 - INFO - [396/2075] Asymmetric unit already cached: 3BI7.cif
2026-06-01 03:10:19,069 - INFO - [396/2075] Biological assembly already cached: 3BI7-assembly1.cif
2026-06-01 03:10:19,270 - INFO - [397/2075] Asymmetric unit already cached: 3BIY.cif
2026-06-01 03:10:19,270 - INFO - [397/2075] Biological assembly already cached: 3BIY-assembly1.cif
2026-06-01 03:10:19,470 - INFO - [398/2075] Asymmetric unit already cached: 3BUM.cif
2026-06-01 03:10:19,470 - INFO - [398/2075] Biological assembly already cached: 3BUM-assembly1.cif
2026-06-01 03:10:19,671 - INFO - [399/2075] Asymmetric unit already cached: 3BUN.cif
2026-06-01 03:10:19,671 - INFO - [399/2075] Biological assembly already cached: 3BUN-assembly1.cif
2026-06-01 03:10:19,871 - INFO - [400/2075] Asymmetric unit already cached: 3BUO.cif
2026-06-01 03:10:19,871 - INFO - [400/2075] Biological assembly already cached: 3BUO-assembly1.cif
2026-06-01 03:10:20,071 - INFO - [401/2075] Asymmetric unit already cached: 3BUW.cif
2026-06-01 03:10:20,072 - INFO - [401/2075] Biological assembly already cached: 3BUW-assembly1.cif
2026-06-01 03:10:20,272 - INFO - [402/2075] Asymmetric unit already cached: 3BUX.cif
2026-06-01 03:10:20,272 - INFO - [402/2075] Biological assembly already cached: 3BUX-assembly1.cif
2026-06-01 03:10:20,472 - INFO - [403/2075] Asymmetric unit already cached: 3BZH.cif
2026-06-01 03:10:20,473 - INFO - [403/2075] Biological assembly already cached: 3BZH-assembly1.cif
2026-06-01 03:10:20,673 - INFO - [404/2075] Asymmetric unit already cached: 3C5K.cif
2026-06-01 03:10:20,673 - INFO - [404/2075] Biological assembly already cached: 3C5K-assembly1.cif
2026-06-01 03:10:20,873 - INFO - [405/2075] Asymmetric unit already cached: 3C5R.cif
2026-06-01 03:10:20,873 - INFO - [405/2075] Biological assembly already cached: 3C5R-assembly1.cif
2026-06-01 03:10:21,074 - INFO - [406/2075] Asymmetric unit already cached: 3CEG.cif
2026-06-01 03:10:21,074 - INFO - [406/2075] Biological assembly already cached: 3CEG-assembly1.cif
2026-06-01 03:10:21,274 - INFO - [407/2075] Asymmetric unit already cached: 3CLX.cif
2026-06-01 03:10:21,274 - INFO - [407/2075] Biological assembly already cached: 3CLX-assembly1.cif
2026-06-01 03:10:21,474 - INFO - [408/2075] Asymmetric unit already cached: 3CLZ.cif
2026-06-01 03:10:21,474 - INFO - [408/2075] Biological assembly already cached: 3CLZ-assembly1.cif
2026-06-01 03:10:21,675 - INFO - [409/2075] Asymmetric unit already cached: 3CM2.cif
2026-06-01 03:10:21,675 - INFO - [409/2075] Biological assembly already cached: 3CM2-assembly1.cif
2026-06-01 03:10:21,875 - INFO - [410/2075] Asymmetric unit already cached: 3CM7.cif
2026-06-01 03:10:21,875 - INFO - [410/2075] Biological assembly already cached: 3CM7-assembly1.cif
2026-06-01 03:10:22,075 - INFO - [411/2075] Asymmetric unit already cached: 3COJ.cif
2026-06-01 03:10:22,076 - INFO - [411/2075] Biological assembly already cached: 3COJ-assembly1.cif
2026-06-01 03:10:22,276 - INFO - [412/2075] Asymmetric unit already cached: 3D9T.cif
2026-06-01 03:10:22,276 - INFO - [412/2075] Biological assembly already cached: 3D9T-assembly1.cif
2026-06-01 03:10:22,476 - INFO - [413/2075] Asymmetric unit already cached: 3D9U.cif
2026-06-01 03:10:22,476 - INFO - [413/2075] Biological assembly already cached: 3D9U-assembly1.cif
2026-06-01 03:10:22,677 - INFO - [414/2075] Asymmetric unit already cached: 3DAB.cif
2026-06-01 03:10:22,677 - INFO - [414/2075] Biological assembly already cached: 3DAB-assembly1.cif
2026-06-01 03:10:22,877 - INFO - [415/2075] Asymmetric unit already cached: 3DB3.cif
2026-06-01 03:10:22,877 - INFO - [415/2075] Biological assembly already cached: 3DB3-assembly1.cif
2026-06-01 03:10:23,077 - INFO - [416/2075] Asymmetric unit already cached: 3DB4.cif
2026-06-01 03:10:23,078 - INFO - [416/2075] Biological assembly already cached: 3DB4-assembly1.cif
2026-06-01 03:10:23,278 - INFO - [417/2075] Asymmetric unit already cached: 3DDT.cif
2026-06-01 03:10:23,278 - INFO - [417/2075] Biological assembly already cached: 3DDT-assembly1.cif
2026-06-01 03:10:23,478 - INFO - [418/2075] Asymmetric unit already cached: 3DKM.cif
2026-06-01 03:10:23,478 - INFO - [418/2075] Biological assembly already cached: 3DKM-assembly1.cif
2026-06-01 03:10:23,679 - INFO - [419/2075] Asymmetric unit already cached: 3DPL.cif
2026-06-01 03:10:23,679 - INFO - [419/2075] Biological assembly already cached: 3DPL-assembly1.cif
2026-06-01 03:10:23,879 - INFO - [420/2075] Asymmetric unit already cached: 3DQV.cif
2026-06-01 03:10:23,880 - INFO - [420/2075] Biological assembly already cached: 3DQV-assembly1.cif
2026-06-01 03:10:24,080 - INFO - [421/2075] Asymmetric unit already cached: 3DWH.cif
2026-06-01 03:10:24,080 - INFO - [421/2075] Biological assembly already cached: 3DWH-assembly1.cif
2026-06-01 03:10:24,280 - INFO - [422/2075] Asymmetric unit already cached: 3DWY.cif
2026-06-01 03:10:24,280 - INFO - [422/2075] Biological assembly already cached: 3DWY-assembly1.cif
2026-06-01 03:10:24,481 - INFO - [423/2075] Asymmetric unit already cached: 3E46.cif
2026-06-01 03:10:24,481 - INFO - [423/2075] Biological assembly already cached: 3E46-assembly1.cif
2026-06-01 03:10:24,681 - INFO - [424/2075] Asymmetric unit already cached: 3EB5.cif
2026-06-01 03:10:24,681 - INFO - [424/2075] Biological assembly already cached: 3EB5-assembly1.cif
2026-06-01 03:10:24,882 - INFO - [425/2075] Asymmetric unit already cached: 3EB6.cif
2026-06-01 03:10:24,882 - INFO - [425/2075] Biological assembly already cached: 3EB6-assembly1.cif
2026-06-01 03:10:25,082 - INFO - [426/2075] Asymmetric unit already cached: 3EGA.cif
2026-06-01 03:10:25,082 - INFO - [426/2075] Biological assembly already cached: 3EGA-assembly1.cif
2026-06-01 03:10:25,282 - INFO - [427/2075] Asymmetric unit already cached: 3EGB.cif
2026-06-01 03:10:25,283 - INFO - [427/2075] Biological assembly already cached: 3EGB-assembly1.cif
2026-06-01 03:10:25,483 - INFO - [428/2075] Asymmetric unit already cached: 3EQS.cif
2026-06-01 03:10:25,483 - INFO - [428/2075] Biological assembly already cached: 3EQS-assembly1.cif
2026-06-01 03:10:25,683 - INFO - [429/2075] Asymmetric unit already cached: 3EQY.cif
2026-06-01 03:10:25,683 - INFO - [429/2075] Biological assembly already cached: 3EQY-assembly1.cif
2026-06-01 03:10:25,884 - INFO - [430/2075] Asymmetric unit already cached: 3EYL.cif
2026-06-01 03:10:25,884 - INFO - [430/2075] Biological assembly already cached: 3EYL-assembly1.cif
2026-06-01 03:10:26,084 - INFO - [431/2075] Asymmetric unit already cached: 3F7G.cif
2026-06-01 03:10:26,084 - INFO - [431/2075] Biological assembly already cached: 3F7G-assembly1.cif
2026-06-01 03:10:26,284 - INFO - [432/2075] Asymmetric unit already cached: 3F7H.cif
2026-06-01 03:10:26,285 - INFO - [432/2075] Biological assembly already cached: 3F7H-assembly1.cif
2026-06-01 03:10:26,485 - INFO - [433/2075] Asymmetric unit already cached: 3F7I.cif
2026-06-01 03:10:26,485 - INFO - [433/2075] Biological assembly already cached: 3F7I-assembly1.cif
2026-06-01 03:10:26,685 - INFO - [434/2075] Asymmetric unit already cached: 3F92.cif
2026-06-01 03:10:26,685 - INFO - [434/2075] Biological assembly already cached: 3F92-assembly1.cif
2026-06-01 03:10:26,886 - INFO - [435/2075] Asymmetric unit already cached: 3FA2.cif
2026-06-01 03:10:26,886 - INFO - [435/2075] Biological assembly already cached: 3FA2-assembly1.cif
2026-06-01 03:10:27,086 - INFO - [436/2075] Asymmetric unit already cached: 3FDO.cif
2026-06-01 03:10:27,086 - INFO - [436/2075] Biological assembly already cached: 3FDO-assembly1.cif
2026-06-01 03:10:27,286 - INFO - [437/2075] Asymmetric unit already cached: 3FE7.cif
2026-06-01 03:10:27,287 - INFO - [437/2075] Biological assembly already cached: 3FE7-assembly1.cif
2026-06-01 03:10:27,487 - INFO - [438/2075] Asymmetric unit already cached: 3FEA.cif
2026-06-01 03:10:27,487 - INFO - [438/2075] Biological assembly already cached: 3FEA-assembly1.cif
2026-06-01 03:10:27,687 - INFO - [439/2075] Asymmetric unit already cached: 3FL2.cif
2026-06-01 03:10:27,688 - INFO - [439/2075] Biological assembly already cached: 3FL2-assembly1.cif
2026-06-01 03:10:27,888 - INFO - [440/2075] Asymmetric unit already cached: 3FN1.cif
2026-06-01 03:10:27,888 - INFO - [440/2075] Biological assembly already cached: 3FN1-assembly1.cif
2026-06-01 03:10:28,088 - INFO - [441/2075] Asymmetric unit already cached: 3FSH.cif
2026-06-01 03:10:28,088 - INFO - [441/2075] Biological assembly already cached: 3FSH-assembly1.cif
2026-06-01 03:10:28,289 - INFO - [442/2075] Asymmetric unit already cached: 3G03.cif
2026-06-01 03:10:28,289 - INFO - [442/2075] Biological assembly already cached: 3G03-assembly1.cif
2026-06-01 03:10:28,489 - INFO - [443/2075] Asymmetric unit already cached: 3G1N.cif
2026-06-01 03:10:28,489 - INFO - [443/2075] Biological assembly already cached: 3G1N-assembly1.cif
2026-06-01 03:10:28,689 - INFO - [444/2075] Asymmetric unit already cached: 3G76.cif
2026-06-01 03:10:28,690 - INFO - [444/2075] Biological assembly already cached: 3G76-assembly1.cif
2026-06-01 03:10:28,890 - INFO - [445/2075] Asymmetric unit already cached: 3GS2.cif
2026-06-01 03:10:28,891 - INFO - [445/2075] Biological assembly already cached: 3GS2-assembly1.cif
2026-06-01 03:10:29,091 - INFO - [446/2075] Asymmetric unit already cached: 3GT9.cif
2026-06-01 03:10:29,091 - INFO - [446/2075] Biological assembly already cached: 3GT9-assembly1.cif
2026-06-01 03:10:29,291 - INFO - [447/2075] Asymmetric unit already cached: 3GTA.cif
2026-06-01 03:10:29,291 - INFO - [447/2075] Biological assembly already cached: 3GTA-assembly1.cif
2026-06-01 03:10:29,492 - INFO - [448/2075] Asymmetric unit already cached: 3GV4.cif
2026-06-01 03:10:29,492 - INFO - [448/2075] Biological assembly already cached: 3GV4-assembly1.cif
2026-06-01 03:10:29,692 - INFO - [449/2075] Asymmetric unit already cached: 3H1D.cif
2026-06-01 03:10:29,692 - INFO - [449/2075] Biological assembly already cached: 3H1D-assembly1.cif
2026-06-01 03:10:29,893 - INFO - [450/2075] Asymmetric unit already cached: 3H8H.cif
2026-06-01 03:10:29,893 - INFO - [450/2075] Biological assembly already cached: 3H8H-assembly1.cif
2026-06-01 03:10:30,093 - INFO - [451/2075] Asymmetric unit already cached: 3H8K.cif
2026-06-01 03:10:30,093 - INFO - [451/2075] Biological assembly already cached: 3H8K-assembly1.cif
2026-06-01 03:10:30,293 - INFO - [452/2075] Asymmetric unit already cached: 3HCS.cif
2026-06-01 03:10:30,293 - INFO - [452/2075] Biological assembly already cached: 3HCS-assembly1.cif
2026-06-01 03:10:30,494 - INFO - [453/2075] Asymmetric unit already cached: 3HCT.cif
2026-06-01 03:10:30,494 - INFO - [453/2075] Biological assembly already cached: 3HCT-assembly1.cif
2026-06-01 03:10:30,694 - INFO - [454/2075] Asymmetric unit already cached: 3HCU.cif
2026-06-01 03:10:30,694 - INFO - [454/2075] Biological assembly already cached: 3HCU-assembly1.cif
2026-06-01 03:10:30,895 - INFO - [455/2075] Asymmetric unit already cached: 3HL5.cif
2026-06-01 03:10:30,895 - INFO - [455/2075] Biological assembly already cached: 3HL5-assembly1.cif
2026-06-01 03:10:31,095 - INFO - [456/2075] Asymmetric unit already cached: 3I3J.cif
2026-06-01 03:10:31,095 - INFO - [456/2075] Biological assembly already cached: 3I3J-assembly1.cif
2026-06-01 03:10:31,295 - INFO - [457/2075] Asymmetric unit already cached: 3ICU.cif
2026-06-01 03:10:31,296 - INFO - [457/2075] Biological assembly already cached: 3ICU-assembly1.cif
2026-06-01 03:10:31,496 - INFO - [458/2075] Asymmetric unit already cached: 3IO2.cif
2026-06-01 03:10:31,496 - INFO - [458/2075] Biological assembly already cached: 3IO2-assembly1.cif
2026-06-01 03:10:31,696 - INFO - [459/2075] Asymmetric unit already cached: 3IUX.cif
2026-06-01 03:10:31,696 - INFO - [459/2075] Biological assembly already cached: 3IUX-assembly1.cif
2026-06-01 03:10:31,897 - INFO - [460/2075] Asymmetric unit already cached: 3IWY.cif
2026-06-01 03:10:31,897 - INFO - [460/2075] Biological assembly already cached: 3IWY-assembly1.cif
2026-06-01 03:10:32,097 - INFO - [461/2075] Asymmetric unit already cached: 3IXS.cif
2026-06-01 03:10:32,097 - INFO - [461/2075] Biological assembly already cached: 3IXS-assembly1.cif
2026-06-01 03:10:32,297 - INFO - [462/2075] Asymmetric unit already cached: 3J92.cif
2026-06-01 03:10:32,297 - INFO - [462/2075] Biological assembly already cached: 3J92-assembly1.cif
2026-06-01 03:10:32,498 - INFO - [463/2075] Asymmetric unit already cached: 3JVZ.cif
2026-06-01 03:10:32,498 - INFO - [463/2075] Biological assembly already cached: 3JVZ-assembly1.cif
2026-06-01 03:10:32,698 - INFO - [464/2075] Asymmetric unit already cached: 3JW0.cif
2026-06-01 03:10:32,698 - INFO - [464/2075] Biological assembly already cached: 3JW0-assembly1.cif
2026-06-01 03:10:32,898 - INFO - [465/2075] Asymmetric unit already cached: 3JZK.cif
2026-06-01 03:10:32,898 - INFO - [465/2075] Biological assembly already cached: 3JZK-assembly1.cif
2026-06-01 03:10:33,099 - INFO - [466/2075] Asymmetric unit already cached: 3JZO.cif
2026-06-01 03:10:33,099 - INFO - [466/2075] Biological assembly already cached: 3JZO-assembly1.cif
2026-06-01 03:10:33,299 - INFO - [467/2075] Asymmetric unit already cached: 3JZP.cif
2026-06-01 03:10:33,299 - INFO - [467/2075] Biological assembly already cached: 3JZP-assembly1.cif
2026-06-01 03:10:33,500 - INFO - [468/2075] Asymmetric unit already cached: 3JZQ.cif
2026-06-01 03:10:33,500 - INFO - [468/2075] Biological assembly already cached: 3JZQ-assembly1.cif
2026-06-01 03:10:33,700 - INFO - [469/2075] Asymmetric unit already cached: 3JZR.cif
2026-06-01 03:10:33,700 - INFO - [469/2075] Biological assembly already cached: 3JZR-assembly1.cif
2026-06-01 03:10:33,901 - INFO - [470/2075] Asymmetric unit already cached: 3JZS.cif
2026-06-01 03:10:33,901 - INFO - [470/2075] Biological assembly already cached: 3JZS-assembly1.cif
2026-06-01 03:10:34,102 - INFO - [471/2075] Asymmetric unit already cached: 3K0H.cif
2026-06-01 03:10:34,102 - INFO - [471/2075] Biological assembly already cached: 3K0H-assembly1.cif
2026-06-01 03:10:34,302 - INFO - [472/2075] Asymmetric unit already cached: 3K0K.cif
2026-06-01 03:10:34,302 - INFO - [472/2075] Biological assembly already cached: 3K0K-assembly1.cif
2026-06-01 03:10:34,503 - INFO - [473/2075] Asymmetric unit already cached: 3K15.cif
2026-06-01 03:10:34,503 - INFO - [473/2075] Biological assembly already cached: 3K15-assembly1.cif
2026-06-01 03:10:34,703 - INFO - [474/2075] Asymmetric unit already cached: 3K16.cif
2026-06-01 03:10:34,703 - INFO - [474/2075] Biological assembly already cached: 3K16-assembly1.cif
2026-06-01 03:10:34,903 - INFO - [475/2075] Asymmetric unit already cached: 3K9O.cif
2026-06-01 03:10:34,904 - INFO - [475/2075] Biological assembly already cached: 3K9O-assembly1.cif
2026-06-01 03:10:35,104 - INFO - [476/2075] Asymmetric unit already cached: 3K9P.cif
2026-06-01 03:10:35,104 - INFO - [476/2075] Biological assembly already cached: 3K9P-assembly1.cif
2026-06-01 03:10:35,304 - INFO - [477/2075] Asymmetric unit already cached: 3KB5.cif
2026-06-01 03:10:35,304 - INFO - [477/2075] Biological assembly already cached: 3KB5-assembly1.cif
2026-06-01 03:10:35,505 - INFO - [478/2075] Asymmetric unit already cached: 3KCI.cif
2026-06-01 03:10:35,505 - INFO - [478/2075] Biological assembly already cached: 3KCI-assembly1.cif
2026-06-01 03:10:35,705 - INFO - [479/2075] Asymmetric unit already cached: 3KNV.cif
2026-06-01 03:10:35,705 - INFO - [479/2075] Biological assembly already cached: 3KNV-assembly1.cif
2026-06-01 03:10:35,906 - INFO - [480/2075] Asymmetric unit already cached: 3L11.cif
2026-06-01 03:10:35,906 - INFO - [480/2075] Biological assembly already cached: 3L11-assembly1.cif
2026-06-01 03:10:36,106 - INFO - [481/2075] Asymmetric unit already cached: 3L1X.cif
2026-06-01 03:10:36,106 - INFO - [481/2075] Biological assembly already cached: 3L1X-assembly1.cif
2026-06-01 03:10:36,306 - INFO - [482/2075] Asymmetric unit already cached: 3L1Y.cif
2026-06-01 03:10:36,306 - INFO - [482/2075] Biological assembly already cached: 3L1Y-assembly1.cif
2026-06-01 03:10:36,507 - INFO - [483/2075] Asymmetric unit already cached: 3L1Z.cif
2026-06-01 03:10:36,507 - INFO - [483/2075] Biological assembly already cached: 3L1Z-assembly1.cif
2026-06-01 03:10:36,707 - INFO - [484/2075] Asymmetric unit already cached: 3L4H.cif
2026-06-01 03:10:36,707 - INFO - [484/2075] Biological assembly already cached: 3L4H-assembly1.cif
2026-06-01 03:10:36,908 - INFO - [485/2075] Asymmetric unit already cached: 3LBJ.cif
2026-06-01 03:10:36,908 - INFO - [485/2075] Biological assembly already cached: 3LBJ-assembly1.cif
2026-06-01 03:10:37,108 - INFO - [486/2075] Asymmetric unit already cached: 3LBK.cif
2026-06-01 03:10:37,108 - INFO - [486/2075] Biological assembly already cached: 3LBK-assembly1.cif
2026-06-01 03:10:37,308 - INFO - [487/2075] Asymmetric unit already cached: 3LBL.cif
2026-06-01 03:10:37,308 - INFO - [487/2075] Biological assembly already cached: 3LBL-assembly1.cif
2026-06-01 03:10:37,509 - INFO - [488/2075] Asymmetric unit already cached: 3LNJ.cif
2026-06-01 03:10:37,509 - INFO - [488/2075] Biological assembly already cached: 3LNJ-assembly1.cif
2026-06-01 03:10:37,709 - INFO - [489/2075] Asymmetric unit already cached: 3LNZ.cif
2026-06-01 03:10:37,709 - INFO - [489/2075] Biological assembly already cached: 3LNZ-assembly1.cif
2026-06-01 03:10:37,910 - INFO - [490/2075] Asymmetric unit already cached: 3LRQ.cif
2026-06-01 03:10:37,910 - INFO - [490/2075] Biological assembly already cached: 3LRQ-assembly1.cif
2026-06-01 03:10:38,110 - INFO - [491/2075] Asymmetric unit already cached: 3M06.cif
2026-06-01 03:10:38,110 - INFO - [491/2075] Biological assembly already cached: 3M06-assembly1.cif
2026-06-01 03:10:38,311 - INFO - [492/2075] Asymmetric unit already cached: 3M0A.cif
2026-06-01 03:10:38,311 - INFO - [492/2075] Biological assembly already cached: 3M0A-assembly1.cif
2026-06-01 03:10:38,511 - INFO - [493/2075] Asymmetric unit already cached: 3M0D.cif
2026-06-01 03:10:38,511 - INFO - [493/2075] Biological assembly already cached: 3M0D-assembly1.cif
2026-06-01 03:10:38,712 - INFO - [494/2075] Asymmetric unit already cached: 3M1D.cif
2026-06-01 03:10:38,712 - INFO - [494/2075] Biological assembly already cached: 3M1D-assembly1.cif
2026-06-01 03:10:38,912 - INFO - [495/2075] Asymmetric unit already cached: 3MQR.cif
2026-06-01 03:10:38,913 - INFO - [495/2075] Biological assembly already cached: 3MQR-assembly1.cif
2026-06-01 03:10:39,113 - INFO - [496/2075] Asymmetric unit already cached: 3MQS.cif
2026-06-01 03:10:39,113 - INFO - [496/2075] Biological assembly already cached: 3MQS-assembly1.cif
2026-06-01 03:10:39,313 - INFO - [497/2075] Asymmetric unit already cached: 3MUP.cif
2026-06-01 03:10:39,313 - INFO - [497/2075] Biological assembly already cached: 3MUP-assembly1.cif
2026-06-01 03:10:39,514 - INFO - [498/2075] Asymmetric unit already cached: 3NY1.cif
2026-06-01 03:10:39,514 - INFO - [498/2075] Biological assembly already cached: 3NY1-assembly1.cif
2026-06-01 03:10:39,714 - INFO - [499/2075] Asymmetric unit already cached: 3NY2.cif
2026-06-01 03:10:39,714 - INFO - [499/2075] Biological assembly already cached: 3NY2-assembly1.cif
2026-06-01 03:10:39,915 - INFO - [500/2075] Asymmetric unit already cached: 3NY3.cif
2026-06-01 03:10:39,915 - INFO - [500/2075] Biological assembly already cached: 3NY3-assembly1.cif
2026-06-01 03:10:40,115 - INFO - [501/2075] Asymmetric unit already cached: 3O33.cif
2026-06-01 03:10:40,115 - INFO - [501/2075] Biological assembly already cached: 3O33-assembly1.cif
2026-06-01 03:10:40,315 - INFO - [502/2075] Asymmetric unit already cached: 3O34.cif
2026-06-01 03:10:40,316 - INFO - [502/2075] Biological assembly already cached: 3O34-assembly1.cif
2026-06-01 03:10:40,516 - INFO - [503/2075] Asymmetric unit already cached: 3O35.cif
2026-06-01 03:10:40,516 - INFO - [503/2075] Biological assembly already cached: 3O35-assembly1.cif
2026-06-01 03:10:40,716 - INFO - [504/2075] Asymmetric unit already cached: 3O36.cif
2026-06-01 03:10:40,716 - INFO - [504/2075] Biological assembly already cached: 3O36-assembly1.cif
2026-06-01 03:10:40,917 - INFO - [505/2075] Asymmetric unit already cached: 3O37.cif
2026-06-01 03:10:40,917 - INFO - [505/2075] Biological assembly already cached: 3O37-assembly1.cif
2026-06-01 03:10:41,117 - INFO - [506/2075] Asymmetric unit already cached: 3OB1.cif
2026-06-01 03:10:41,117 - INFO - [506/2075] Biological assembly already cached: 3OB1-assembly1.cif
2026-06-01 03:10:41,318 - INFO - [507/2075] Asymmetric unit already cached: 3OB2.cif
2026-06-01 03:10:41,318 - INFO - [507/2075] Biological assembly already cached: 3OB2-assembly1.cif
2026-06-01 03:10:41,518 - INFO - [508/2075] Asymmetric unit already cached: 3OJ4.cif
2026-06-01 03:10:41,518 - INFO - [508/2075] Biological assembly already cached: 3OJ4-assembly1.cif
2026-06-01 03:10:41,718 - INFO - [509/2075] Asymmetric unit already cached: 3OLN.cif
2026-06-01 03:10:41,719 - INFO - [509/2075] Biological assembly already cached: 3OLN-assembly1.cif
2026-06-01 03:10:41,919 - INFO - [510/2075] Asymmetric unit already cached: 3OP0.cif
2026-06-01 03:10:41,919 - INFO - [510/2075] Biological assembly already cached: 3OP0-assembly1.cif
2026-06-01 03:10:42,119 - INFO - [511/2075] Asymmetric unit already cached: 3OZ1.cif
2026-06-01 03:10:42,120 - INFO - [511/2075] Biological assembly already cached: 3OZ1-assembly1.cif
2026-06-01 03:10:42,320 - INFO - [512/2075] Asymmetric unit already cached: 3P1C.cif
2026-06-01 03:10:42,320 - INFO - [512/2075] Biological assembly already cached: 3P1C-assembly1.cif
2026-06-01 03:10:42,520 - INFO - [513/2075] Asymmetric unit already cached: 3P1D.cif
2026-06-01 03:10:42,520 - INFO - [513/2075] Biological assembly already cached: 3P1D-assembly1.cif
2026-06-01 03:10:42,721 - INFO - [514/2075] Asymmetric unit already cached: 3P1E.cif
2026-06-01 03:10:42,721 - INFO - [514/2075] Biological assembly already cached: 3P1E-assembly1.cif
2026-06-01 03:10:42,921 - INFO - [515/2075] Asymmetric unit already cached: 3P1F.cif
2026-06-01 03:10:42,921 - INFO - [515/2075] Biological assembly already cached: 3P1F-assembly1.cif
2026-06-01 03:10:43,121 - INFO - [516/2075] Asymmetric unit already cached: 3P57.cif
2026-06-01 03:10:43,121 - INFO - [516/2075] Biological assembly already cached: 3P57-assembly1.cif
2026-06-01 03:10:43,322 - INFO - [517/2075] Asymmetric unit already cached: 3PFV.cif
2026-06-01 03:10:43,322 - INFO - [517/2075] Biological assembly already cached: 3PFV-assembly1.cif
2026-06-01 03:10:43,522 - INFO - [518/2075] Asymmetric unit already cached: 3PG6.cif
2026-06-01 03:10:43,522 - INFO - [518/2075] Biological assembly already cached: 3PG6-assembly1.cif
2026-06-01 03:10:43,722 - INFO - [519/2075] Asymmetric unit already cached: 3PHD.cif
2026-06-01 03:10:43,723 - INFO - [519/2075] Biological assembly already cached: 3PHD-assembly1.cif
2026-06-01 03:10:43,923 - INFO - [520/2075] Asymmetric unit already cached: 3PLF.cif
2026-06-01 03:10:43,923 - INFO - [520/2075] Biological assembly already cached: 3PLF-assembly1.cif
2026-06-01 03:10:44,124 - INFO - [521/2075] Asymmetric unit already cached: 3PT3.cif
2026-06-01 03:10:44,124 - INFO - [521/2075] Biological assembly already cached: 3PT3-assembly1.cif
2026-06-01 03:10:44,324 - INFO - [522/2075] Asymmetric unit already cached: 3PTF.cif
2026-06-01 03:10:44,324 - INFO - [522/2075] Biological assembly already cached: 3PTF-assembly1.cif
2026-06-01 03:10:44,525 - INFO - [523/2075] Asymmetric unit already cached: 3PXA.cif
2026-06-01 03:10:44,525 - INFO - [523/2075] Biological assembly already cached: 3PXA-assembly1.cif
2026-06-01 03:10:44,725 - INFO - [524/2075] Asymmetric unit already cached: 3PXB.cif
2026-06-01 03:10:44,725 - INFO - [524/2075] Biological assembly already cached: 3PXB-assembly1.cif
2026-06-01 03:10:44,925 - INFO - [525/2075] Asymmetric unit already cached: 3PXC.cif
2026-06-01 03:10:44,925 - INFO - [525/2075] Biological assembly already cached: 3PXC-assembly1.cif
2026-06-01 03:10:45,126 - INFO - [526/2075] Asymmetric unit already cached: 3PXD.cif
2026-06-01 03:10:45,126 - INFO - [526/2075] Biological assembly already cached: 3PXD-assembly1.cif
2026-06-01 03:10:45,326 - INFO - [527/2075] Asymmetric unit already cached: 3PXE.cif
2026-06-01 03:10:45,326 - INFO - [527/2075] Biological assembly already cached: 3PXE-assembly1.cif
2026-06-01 03:10:45,526 - INFO - [528/2075] Asymmetric unit already cached: 3PYC.cif
2026-06-01 03:10:45,527 - INFO - [528/2075] Biological assembly already cached: 3PYC-assembly1.cif
2026-06-01 03:10:45,727 - INFO - [529/2075] Asymmetric unit already cached: 3Q1D.cif
2026-06-01 03:10:45,727 - INFO - [529/2075] Biological assembly already cached: 3Q1D-assembly1.cif
2026-06-01 03:10:45,927 - INFO - [530/2075] Asymmetric unit already cached: 3RPG.cif
2026-06-01 03:10:45,927 - INFO - [530/2075] Biological assembly already cached: 3RPG-assembly1.cif
2026-06-01 03:10:46,127 - INFO - [531/2075] Asymmetric unit already cached: 3RTR.cif
2026-06-01 03:10:46,128 - INFO - [531/2075] Biological assembly already cached: 3RTR-assembly1.cif
2026-06-01 03:10:46,328 - INFO - [532/2075] Asymmetric unit already cached: 3RZ3.cif
2026-06-01 03:10:46,328 - INFO - [532/2075] Biological assembly already cached: 3RZ3-assembly1.cif
2026-06-01 03:10:46,528 - INFO - [533/2075] Asymmetric unit already cached: 3SHB.cif
2026-06-01 03:10:46,528 - INFO - [533/2075] Biological assembly already cached: 3SHB-assembly1.cif
2026-06-01 03:10:46,729 - INFO - [534/2075] Asymmetric unit already cached: 3SOU.cif
2026-06-01 03:10:46,729 - INFO - [534/2075] Biological assembly already cached: 3SOU-assembly1.cif
2026-06-01 03:10:46,929 - INFO - [535/2075] Asymmetric unit already cached: 3SOW.cif
2026-06-01 03:10:46,929 - INFO - [535/2075] Biological assembly already cached: 3SOW-assembly1.cif
2026-06-01 03:10:47,129 - INFO - [536/2075] Asymmetric unit already cached: 3SOX.cif
2026-06-01 03:10:47,130 - INFO - [536/2075] Biological assembly already cached: 3SOX-assembly1.cif
2026-06-01 03:10:47,330 - INFO - [537/2075] Asymmetric unit already cached: 3SQV.cif
2026-06-01 03:10:47,330 - INFO - [537/2075] Biological assembly already cached: 3SQV-assembly1.cif
2026-06-01 03:10:47,530 - INFO - [538/2075] Asymmetric unit already cached: 3SVH.cif
2026-06-01 03:10:47,530 - INFO - [538/2075] Biological assembly already cached: 3SVH-assembly1.cif
2026-06-01 03:10:47,731 - INFO - [539/2075] Asymmetric unit already cached: 3SY2.cif
2026-06-01 03:10:47,731 - INFO - [539/2075] Biological assembly already cached: 3SY2-assembly1.cif
2026-06-01 03:10:47,931 - INFO - [540/2075] Asymmetric unit already cached: 3T6P.cif
2026-06-01 03:10:47,931 - INFO - [540/2075] Biological assembly already cached: 3T6P-assembly1.cif
2026-06-01 03:10:48,132 - INFO - [541/2075] Asymmetric unit already cached: 3T6R.cif
2026-06-01 03:10:48,132 - INFO - [541/2075] Biological assembly already cached: 3T6R-assembly1.cif
2026-06-01 03:10:48,332 - INFO - [542/2075] Asymmetric unit already cached: 3T92.cif
2026-06-01 03:10:48,332 - INFO - [542/2075] Biological assembly already cached: 3T92-assembly1.cif
2026-06-01 03:10:48,532 - INFO - [543/2075] Asymmetric unit already cached: 3TDU.cif
2026-06-01 03:10:48,533 - INFO - [543/2075] Biological assembly already cached: 3TDU-assembly1.cif
2026-06-01 03:10:48,733 - INFO - [544/2075] Asymmetric unit already cached: 3TDZ.cif
2026-06-01 03:10:48,733 - INFO - [544/2075] Biological assembly already cached: 3TDZ-assembly1.cif
2026-06-01 03:10:48,933 - INFO - [545/2075] Asymmetric unit already cached: 3TGD.cif
2026-06-01 03:10:48,933 - INFO - [545/2075] Biological assembly already cached: 3TGD-assembly1.cif
2026-06-01 03:10:49,134 - INFO - [546/2075] Asymmetric unit already cached: 3TIW.cif
2026-06-01 03:10:49,134 - INFO - [546/2075] Biological assembly already cached: 3TIW-assembly1.cif
2026-06-01 03:10:49,335 - INFO - [547/2075] Asymmetric unit already cached: 3TJ2.cif
2026-06-01 03:10:49,335 - INFO - [547/2075] Biological assembly already cached: 3TJ2-assembly1.cif
2026-06-01 03:10:49,535 - INFO - [548/2075] Asymmetric unit already cached: 3TPX.cif
2026-06-01 03:10:49,535 - INFO - [548/2075] Biological assembly already cached: 3TPX-assembly1.cif
2026-06-01 03:10:49,735 - INFO - [549/2075] Asymmetric unit already cached: 3TU1.cif
2026-06-01 03:10:49,736 - INFO - [549/2075] Biological assembly already cached: 3TU1-assembly1.cif
2026-06-01 03:10:49,936 - INFO - [550/2075] Asymmetric unit already cached: 3TUG.cif
2026-06-01 03:10:49,936 - INFO - [550/2075] Biological assembly already cached: 3TUG-assembly1.cif
2026-06-01 03:10:50,136 - INFO - [551/2075] Asymmetric unit already cached: 3U15.cif
2026-06-01 03:10:50,136 - INFO - [551/2075] Biological assembly already cached: 3U15-assembly1.cif
2026-06-01 03:10:50,337 - INFO - [552/2075] Asymmetric unit already cached: 3U5M.cif
2026-06-01 03:10:50,337 - INFO - [552/2075] Biological assembly already cached: 3U5M-assembly1.cif
2026-06-01 03:10:50,537 - INFO - [553/2075] Asymmetric unit already cached: 3U5N.cif
2026-06-01 03:10:50,537 - INFO - [553/2075] Biological assembly already cached: 3U5N-assembly1.cif
2026-06-01 03:10:50,737 - INFO - [554/2075] Asymmetric unit already cached: 3U5O.cif
2026-06-01 03:10:50,738 - INFO - [554/2075] Biological assembly already cached: 3U5O-assembly1.cif
2026-06-01 03:10:50,938 - INFO - [555/2075] Asymmetric unit already cached: 3U5P.cif
2026-06-01 03:10:50,938 - INFO - [555/2075] Biological assembly already cached: 3U5P-assembly1.cif
2026-06-01 03:10:51,138 - INFO - [556/2075] Asymmetric unit already cached: 3UGB.cif
2026-06-01 03:10:51,139 - INFO - [556/2075] Biological assembly already cached: 3UGB-assembly1.cif
2026-06-01 03:10:51,339 - INFO - [557/2075] Asymmetric unit already cached: 3UIN.cif
2026-06-01 03:10:51,339 - INFO - [557/2075] Biological assembly already cached: 3UIN-assembly1.cif
2026-06-01 03:10:51,539 - INFO - [558/2075] Asymmetric unit already cached: 3UIO.cif
2026-06-01 03:10:51,539 - INFO - [558/2075] Biological assembly already cached: 3UIO-assembly1.cif
2026-06-01 03:10:51,740 - INFO - [559/2075] Asymmetric unit already cached: 3UIP.cif
2026-06-01 03:10:51,740 - INFO - [559/2075] Biological assembly already cached: 3UIP-assembly1.cif
2026-06-01 03:10:51,940 - INFO - [560/2075] Asymmetric unit already cached: 3UVK.cif
2026-06-01 03:10:51,940 - INFO - [560/2075] Biological assembly already cached: 3UVK-assembly1.cif
2026-06-01 03:10:52,141 - INFO - [561/2075] Asymmetric unit already cached: 3UVL.cif
2026-06-01 03:10:52,141 - INFO - [561/2075] Biological assembly already cached: 3UVL-assembly1.cif
2026-06-01 03:10:52,341 - INFO - [562/2075] Asymmetric unit already cached: 3UW4.cif
2026-06-01 03:10:52,341 - INFO - [562/2075] Biological assembly already cached: 3UW4-assembly1.cif
2026-06-01 03:10:52,541 - INFO - [563/2075] Asymmetric unit already cached: 3UW5.cif
2026-06-01 03:10:52,542 - INFO - [563/2075] Biological assembly already cached: 3UW5-assembly1.cif
2026-06-01 03:10:52,742 - INFO - [564/2075] Asymmetric unit already cached: 3V3B.cif
2026-06-01 03:10:52,742 - INFO - [564/2075] Biological assembly already cached: 3V3B-assembly1.cif
2026-06-01 03:10:52,943 - INFO - [565/2075] Asymmetric unit already cached: 3V3L.cif
2026-06-01 03:10:52,943 - INFO - [565/2075] Biological assembly already cached: 3V3L-assembly1.cif
2026-06-01 03:10:53,144 - INFO - [566/2075] Asymmetric unit already cached: 3VBG.cif
2026-06-01 03:10:53,144 - INFO - [566/2075] Biological assembly already cached: 3VBG-assembly1.cif
2026-06-01 03:10:53,344 - INFO - [567/2075] Asymmetric unit already cached: 3VGO.cif
2026-06-01 03:10:53,344 - INFO - [567/2075] Biological assembly already cached: 3VGO-assembly1.cif
2026-06-01 03:10:53,544 - INFO - [568/2075] Asymmetric unit already cached: 3VON.cif
2026-06-01 03:10:53,544 - INFO - [568/2075] Biological assembly already cached: 3VON-assembly1.cif
2026-06-01 03:10:53,745 - INFO - [569/2075] Asymmetric unit already cached: 3VRN.cif
2026-06-01 03:10:53,745 - INFO - [569/2075] Biological assembly already cached: 3VRN-assembly1.cif
2026-06-01 03:10:53,945 - INFO - [570/2075] Asymmetric unit already cached: 3VRO.cif
2026-06-01 03:10:53,945 - INFO - [570/2075] Biological assembly already cached: 3VRO-assembly1.cif
2026-06-01 03:10:54,146 - INFO - [571/2075] Asymmetric unit already cached: 3VRP.cif
2026-06-01 03:10:54,146 - INFO - [571/2075] Biological assembly already cached: 3VRP-assembly1.cif
2026-06-01 03:10:54,346 - INFO - [572/2075] Asymmetric unit already cached: 3VRQ.cif
2026-06-01 03:10:54,347 - INFO - [572/2075] Biological assembly already cached: 3VRQ-assembly1.cif
2026-06-01 03:10:54,547 - INFO - [573/2075] Asymmetric unit already cached: 3VRR.cif
2026-06-01 03:10:54,547 - INFO - [573/2075] Biological assembly already cached: 3VRR-assembly1.cif
2026-06-01 03:10:54,747 - INFO - [574/2075] Asymmetric unit already cached: 3VZV.cif
2026-06-01 03:10:54,747 - INFO - [574/2075] Biological assembly already cached: 3VZV-assembly1.cif
2026-06-01 03:10:54,948 - INFO - [575/2075] Asymmetric unit already cached: 3W31.cif
2026-06-01 03:10:54,948 - INFO - [575/2075] Biological assembly already cached: 3W31-assembly1.cif
2026-06-01 03:10:55,148 - INFO - [576/2075] Asymmetric unit already cached: 3W69.cif
2026-06-01 03:10:55,148 - INFO - [576/2075] Biological assembly already cached: 3W69-assembly1.cif
2026-06-01 03:10:55,348 - INFO - [577/2075] Asymmetric unit already cached: 3X1O.cif
2026-06-01 03:10:55,349 - INFO - [577/2075] Biological assembly already cached: 3X1O-assembly1.cif
2026-06-01 03:10:55,549 - INFO - [578/2075] Asymmetric unit already cached: 3ZJB.cif
2026-06-01 03:10:55,549 - INFO - [578/2075] Biological assembly already cached: 3ZJB-assembly1.cif
2026-06-01 03:10:55,749 - INFO - [579/2075] Asymmetric unit already cached: 3ZNI.cif
2026-06-01 03:10:55,750 - INFO - [579/2075] Biological assembly already cached: 3ZNI-assembly1.cif
2026-06-01 03:10:55,950 - INFO - [580/2075] Asymmetric unit already cached: 3ZQS.cif
2026-06-01 03:10:55,950 - INFO - [580/2075] Biological assembly already cached: 3ZQS-assembly1.cif
2026-06-01 03:10:56,150 - INFO - [581/2075] Asymmetric unit already cached: 3ZTG.cif
2026-06-01 03:10:56,150 - INFO - [581/2075] Biological assembly already cached: 3ZTG-assembly1.cif
2026-06-01 03:10:56,351 - INFO - [582/2075] Asymmetric unit already cached: 3ZVY.cif
2026-06-01 03:10:56,351 - INFO - [582/2075] Biological assembly already cached: 3ZVY-assembly1.cif
2026-06-01 03:10:56,551 - INFO - [583/2075] Asymmetric unit already cached: 3ZVZ.cif
2026-06-01 03:10:56,551 - INFO - [583/2075] Biological assembly already cached: 3ZVZ-assembly1.cif
2026-06-01 03:10:56,751 - INFO - [584/2075] Asymmetric unit already cached: 4A49.cif
2026-06-01 03:10:56,752 - INFO - [584/2075] Biological assembly already cached: 4A49-assembly1.cif
2026-06-01 03:10:56,952 - INFO - [585/2075] Asymmetric unit already cached: 4A4B.cif
2026-06-01 03:10:56,952 - INFO - [585/2075] Biological assembly already cached: 4A4B-assembly1.cif
2026-06-01 03:10:57,152 - INFO - [586/2075] Asymmetric unit already cached: 4A4C.cif
2026-06-01 03:10:57,152 - INFO - [586/2075] Biological assembly already cached: 4A4C-assembly1.cif
2026-06-01 03:10:57,353 - INFO - [587/2075] Asymmetric unit already cached: 4A9K.cif
2026-06-01 03:10:57,353 - INFO - [587/2075] Biological assembly already cached: 4A9K-assembly1.cif
2026-06-01 03:10:57,553 - INFO - [588/2075] Asymmetric unit already cached: 4AP4.cif
2026-06-01 03:10:57,553 - INFO - [588/2075] Biological assembly already cached: 4AP4-assembly1.cif
2026-06-01 03:10:57,754 - INFO - [589/2075] Asymmetric unit already cached: 4AUQ.cif
2026-06-01 03:10:57,754 - INFO - [589/2075] Biological assembly already cached: 4AUQ-assembly1.cif
2026-06-01 03:10:57,954 - INFO - [590/2075] Asymmetric unit already cached: 4AYC.cif
2026-06-01 03:10:57,954 - INFO - [590/2075] Biological assembly already cached: 4AYC-assembly1.cif
2026-06-01 03:10:58,155 - INFO - [591/2075] Asymmetric unit already cached: 4B7Y.cif
2026-06-01 03:10:58,155 - INFO - [591/2075] Biological assembly already cached: 4B7Y-assembly1.cif
2026-06-01 03:10:58,355 - INFO - [592/2075] Asymmetric unit already cached: 4B86.cif
2026-06-01 03:10:58,355 - INFO - [592/2075] Biological assembly already cached: 4B86-assembly1.cif
2026-06-01 03:10:58,555 - INFO - [593/2075] Asymmetric unit already cached: 4BBN.cif
2026-06-01 03:10:58,555 - INFO - [593/2075] Biological assembly already cached: 4BBN-assembly1.cif
2026-06-01 03:10:58,756 - INFO - [594/2075] Asymmetric unit already cached: 4BE8.cif
2026-06-01 03:10:58,756 - INFO - [594/2075] Biological assembly already cached: 4BE8-assembly1.cif
2026-06-01 03:10:58,956 - INFO - [595/2075] Asymmetric unit already cached: 4BHW.cif
2026-06-01 03:10:58,957 - INFO - [595/2075] Biological assembly already cached: 4BHW-assembly1.cif
2026-06-01 03:10:59,157 - INFO - [596/2075] Asymmetric unit already cached: 4BM9.cif
2026-06-01 03:10:59,157 - INFO - [596/2075] Biological assembly already cached: 4BM9-assembly1.cif
2026-06-01 03:10:59,358 - INFO - [597/2075] Asymmetric unit already cached: 4BVU.cif
2026-06-01 03:10:59,358 - INFO - [597/2075] Biological assembly already cached: 4BVU-assembly1.cif
2026-06-01 03:10:59,558 - INFO - [598/2075] Asymmetric unit already cached: 4C9Z.cif
2026-06-01 03:10:59,558 - INFO - [598/2075] Biological assembly already cached: 4C9Z-assembly1.cif
2026-06-01 03:10:59,758 - INFO - [599/2075] Asymmetric unit already cached: 4CA1.cif
2026-06-01 03:10:59,759 - INFO - [599/2075] Biological assembly already cached: 4CA1-assembly1.cif
2026-06-01 03:10:59,959 - INFO - [600/2075] Asymmetric unit already cached: 4CCG.cif
2026-06-01 03:10:59,959 - INFO - [600/2075] Biological assembly already cached: 4CCG-assembly1.cif
2026-06-01 03:11:00,159 - INFO - [601/2075] Asymmetric unit already cached: 4CFG.cif
2026-06-01 03:11:00,159 - INFO - [601/2075] Biological assembly already cached: 4CFG-assembly1.cif
2026-06-01 03:11:00,360 - INFO - [602/2075] Asymmetric unit already cached: 4DBG.cif
2026-06-01 03:11:00,360 - INFO - [602/2075] Biological assembly already cached: 4DBG-assembly1.cif
2026-06-01 03:11:00,560 - INFO - [603/2075] Asymmetric unit already cached: 4DDG.cif
2026-06-01 03:11:00,560 - INFO - [603/2075] Biological assembly already cached: 4DDG-assembly1.cif
2026-06-01 03:11:00,761 - INFO - [604/2075] Asymmetric unit already cached: 4DDI.cif
2026-06-01 03:11:00,761 - INFO - [604/2075] Biological assembly already cached: 4DDI-assembly1.cif
2026-06-01 03:11:00,961 - INFO - [605/2075] Asymmetric unit already cached: 4DHI.cif
2026-06-01 03:11:00,961 - INFO - [605/2075] Biological assembly already cached: 4DHI-assembly1.cif
2026-06-01 03:11:01,162 - INFO - [606/2075] Asymmetric unit already cached: 4DHJ.cif
2026-06-01 03:11:01,162 - INFO - [606/2075] Biological assembly already cached: 4DHJ-assembly1.cif
2026-06-01 03:11:01,362 - INFO - [607/2075] Asymmetric unit already cached: 4DHZ.cif
2026-06-01 03:11:01,362 - INFO - [607/2075] Biological assembly already cached: 4DHZ-assembly1.cif
2026-06-01 03:11:01,562 - INFO - [608/2075] Asymmetric unit already cached: 4DIJ.cif
2026-06-01 03:11:01,563 - INFO - [608/2075] Biological assembly already cached: 4DIJ-assembly1.cif
2026-06-01 03:11:01,763 - INFO - [609/2075] Asymmetric unit already cached: 4EB9.cif
2026-06-01 03:11:01,763 - INFO - [609/2075] Biological assembly already cached: 4EB9-assembly1.cif
2026-06-01 03:11:01,963 - INFO - [610/2075] Asymmetric unit already cached: 4EC4.cif
2026-06-01 03:11:01,963 - INFO - [610/2075] Biological assembly already cached: 4EC4-assembly1.cif
2026-06-01 03:11:02,164 - INFO - [611/2075] Asymmetric unit already cached: 4ERE.cif
2026-06-01 03:11:02,164 - INFO - [611/2075] Biological assembly already cached: 4ERE-assembly1.cif
2026-06-01 03:11:02,364 - INFO - [612/2075] Asymmetric unit already cached: 4ERF.cif
2026-06-01 03:11:02,364 - INFO - [612/2075] Biological assembly already cached: 4ERF-assembly1.cif
2026-06-01 03:11:02,565 - INFO - [613/2075] Asymmetric unit already cached: 4ERQ.cif
2026-06-01 03:11:02,565 - INFO - [613/2075] Biological assembly already cached: 4ERQ-assembly1.cif
2026-06-01 03:11:02,765 - INFO - [614/2075] Asymmetric unit already cached: 4ERY.cif
2026-06-01 03:11:02,765 - INFO - [614/2075] Biological assembly already cached: 4ERY-assembly1.cif
2026-06-01 03:11:02,965 - INFO - [615/2075] Asymmetric unit already cached: 4F52.cif
2026-06-01 03:11:02,966 - INFO - [615/2075] Biological assembly already cached: 4F52-assembly1.cif
2026-06-01 03:11:03,166 - INFO - [616/2075] Asymmetric unit already cached: 4FO9.cif
2026-06-01 03:11:03,166 - INFO - [616/2075] Biological assembly already cached: 4FO9-assembly1.cif
2026-06-01 03:11:03,366 - INFO - [617/2075] Asymmetric unit already cached: 4G3O.cif
2026-06-01 03:11:03,367 - INFO - [617/2075] Biological assembly already cached: 4G3O-assembly1.cif
2026-06-01 03:11:03,567 - INFO - [618/2075] Asymmetric unit already cached: 4GAO.cif
2026-06-01 03:11:03,567 - INFO - [618/2075] Biological assembly already cached: 4GAO-assembly1.cif
2026-06-01 03:11:03,767 - INFO - [619/2075] Asymmetric unit already cached: 4GB0.cif
2026-06-01 03:11:03,767 - INFO - [619/2075] Biological assembly already cached: 4GB0-assembly1.cif
2026-06-01 03:11:03,968 - INFO - [620/2075] Asymmetric unit already cached: 4GBA.cif
2026-06-01 03:11:03,968 - INFO - [620/2075] Biological assembly already cached: 4GBA-assembly1.cif
2026-06-01 03:11:04,169 - INFO - [621/2075] Asymmetric unit already cached: 4GIZ.cif
2026-06-01 03:11:04,169 - INFO - [621/2075] Biological assembly already cached: 4GIZ-assembly1.cif
2026-06-01 03:11:04,369 - INFO - [622/2075] Asymmetric unit already cached: 4GPL.cif
2026-06-01 03:11:04,369 - INFO - [622/2075] Biological assembly already cached: 4GPL-assembly1.cif
2026-06-01 03:11:04,569 - INFO - [623/2075] Asymmetric unit already cached: 4GY5.cif
2026-06-01 03:11:04,570 - INFO - [623/2075] Biological assembly already cached: 4GY5-assembly1.cif
2026-06-01 03:11:04,770 - INFO - [624/2075] Asymmetric unit already cached: 4HBM.cif
2026-06-01 03:11:04,770 - INFO - [624/2075] Biological assembly already cached: 4HBM-assembly1.cif
2026-06-01 03:11:04,970 - INFO - [625/2075] Asymmetric unit already cached: 4HFZ.cif
2026-06-01 03:11:04,970 - INFO - [625/2075] Biological assembly already cached: 4HFZ-assembly1.cif
2026-06-01 03:11:05,171 - INFO - [626/2075] Asymmetric unit already cached: 4HG7.cif
2026-06-01 03:11:05,171 - INFO - [626/2075] Biological assembly already cached: 4HG7-assembly1.cif
2026-06-01 03:11:05,371 - INFO - [627/2075] Asymmetric unit already cached: 4HPL.cif
2026-06-01 03:11:05,371 - INFO - [627/2075] Biological assembly already cached: 4HPL-assembly1.cif
2026-06-01 03:11:05,571 - INFO - [628/2075] Asymmetric unit already cached: 4HPM.cif
2026-06-01 03:11:05,572 - INFO - [628/2075] Biological assembly already cached: 4HPM-assembly1.cif
2026-06-01 03:11:05,772 - INFO - [629/2075] Asymmetric unit already cached: 4HRE.cif
2026-06-01 03:11:05,772 - INFO - [629/2075] Biological assembly already cached: 4HRE-assembly1.cif
2026-06-01 03:11:05,972 - INFO - [630/2075] Asymmetric unit already cached: 4HRH.cif
2026-06-01 03:11:05,972 - INFO - [630/2075] Biological assembly already cached: 4HRH-assembly1.cif
2026-06-01 03:11:06,173 - INFO - [631/2075] Asymmetric unit already cached: 4HY0.cif
2026-06-01 03:11:06,173 - INFO - [631/2075] Biological assembly already cached: 4HY0-assembly1.cif
2026-06-01 03:11:06,373 - INFO - [632/2075] Asymmetric unit already cached: 4HY4.cif
2026-06-01 03:11:06,373 - INFO - [632/2075] Biological assembly already cached: 4HY4-assembly1.cif
2026-06-01 03:11:06,574 - INFO - [633/2075] Asymmetric unit already cached: 4HY5.cif
2026-06-01 03:11:06,574 - INFO - [633/2075] Biological assembly already cached: 4HY5-assembly1.cif
2026-06-01 03:11:06,774 - INFO - [634/2075] Asymmetric unit already cached: 4I1F.cif
2026-06-01 03:11:06,774 - INFO - [634/2075] Biological assembly already cached: 4I1F-assembly1.cif
2026-06-01 03:11:06,974 - INFO - [635/2075] Asymmetric unit already cached: 4I1H.cif
2026-06-01 03:11:06,975 - INFO - [635/2075] Biological assembly already cached: 4I1H-assembly1.cif
2026-06-01 03:11:07,175 - INFO - [636/2075] Asymmetric unit already cached: 4I7B.cif
2026-06-01 03:11:07,175 - INFO - [636/2075] Biological assembly already cached: 4I7B-assembly1.cif
2026-06-01 03:11:07,375 - INFO - [637/2075] Asymmetric unit already cached: 4I7C.cif
2026-06-01 03:11:07,375 - INFO - [637/2075] Biological assembly already cached: 4I7C-assembly1.cif
2026-06-01 03:11:07,576 - INFO - [638/2075] Asymmetric unit already cached: 4I7D.cif
2026-06-01 03:11:07,576 - INFO - [638/2075] Biological assembly already cached: 4I7D-assembly1.cif
2026-06-01 03:11:07,776 - INFO - [639/2075] Asymmetric unit already cached: 4IC2.cif
2026-06-01 03:11:07,776 - INFO - [639/2075] Biological assembly already cached: 4IC2-assembly1.cif
2026-06-01 03:11:07,976 - INFO - [640/2075] Asymmetric unit already cached: 4IC3.cif
2026-06-01 03:11:07,977 - INFO - [640/2075] Biological assembly already cached: 4IC3-assembly1.cif
2026-06-01 03:11:08,177 - INFO - [641/2075] Asymmetric unit already cached: 4IFI.cif
2026-06-01 03:11:08,177 - INFO - [641/2075] Biological assembly already cached: 4IFI-assembly1.cif
2026-06-01 03:11:08,377 - INFO - [642/2075] Asymmetric unit already cached: 4IGK.cif
2026-06-01 03:11:08,377 - INFO - [642/2075] Biological assembly already cached: 4IGK-assembly1.cif
2026-06-01 03:11:08,578 - INFO - [643/2075] Asymmetric unit already cached: 4IP3.cif
2026-06-01 03:11:08,578 - INFO - [643/2075] Biological assembly already cached: 4IP3-assembly1.cif
2026-06-01 03:11:08,778 - INFO - [644/2075] Asymmetric unit already cached: 4J3Y.cif
2026-06-01 03:11:08,778 - INFO - [644/2075] Biological assembly already cached: 4J3Y-assembly1.cif
2026-06-01 03:11:08,978 - INFO - [645/2075] Asymmetric unit already cached: 4J44.cif
2026-06-01 03:11:08,979 - INFO - [645/2075] Biological assembly already cached: 4J44-assembly1.cif
2026-06-01 03:11:09,179 - INFO - [646/2075] Asymmetric unit already cached: 4J45.cif
2026-06-01 03:11:09,179 - INFO - [646/2075] Biological assembly already cached: 4J45-assembly1.cif
2026-06-01 03:11:09,380 - INFO - [647/2075] Asymmetric unit already cached: 4J46.cif
2026-06-01 03:11:09,380 - INFO - [647/2075] Biological assembly already cached: 4J46-assembly1.cif
2026-06-01 03:11:09,580 - INFO - [648/2075] Asymmetric unit already cached: 4J47.cif
2026-06-01 03:11:09,580 - INFO - [648/2075] Biological assembly already cached: 4J47-assembly1.cif
2026-06-01 03:11:09,780 - INFO - [649/2075] Asymmetric unit already cached: 4J48.cif
2026-06-01 03:11:09,781 - INFO - [649/2075] Biological assembly already cached: 4J48-assembly1.cif
2026-06-01 03:11:09,981 - INFO - [650/2075] Asymmetric unit already cached: 4JJQ.cif
2026-06-01 03:11:09,981 - INFO - [650/2075] Biological assembly already cached: 4JJQ-assembly1.cif
2026-06-01 03:11:10,181 - INFO - [651/2075] Asymmetric unit already cached: 4JLU.cif
2026-06-01 03:11:10,181 - INFO - [651/2075] Biological assembly already cached: 4JLU-assembly1.cif
2026-06-01 03:11:10,382 - INFO - [652/2075] Asymmetric unit already cached: 4JUY.cif
2026-06-01 03:11:10,382 - INFO - [652/2075] Biological assembly already cached: 4JUY-assembly1.cif
2026-06-01 03:11:10,582 - INFO - [653/2075] Asymmetric unit already cached: 4JV7.cif
2026-06-01 03:11:10,582 - INFO - [653/2075] Biological assembly already cached: 4JV7-assembly1.cif
2026-06-01 03:11:10,783 - INFO - [654/2075] Asymmetric unit already cached: 4JV9.cif
2026-06-01 03:11:10,783 - INFO - [654/2075] Biological assembly already cached: 4JV9-assembly1.cif
2026-06-01 03:11:10,983 - INFO - [655/2075] Asymmetric unit already cached: 4JVE.cif
2026-06-01 03:11:10,983 - INFO - [655/2075] Biological assembly already cached: 4JVE-assembly1.cif
2026-06-01 03:11:11,183 - INFO - [656/2075] Asymmetric unit already cached: 4JVR.cif
2026-06-01 03:11:11,184 - INFO - [656/2075] Biological assembly already cached: 4JVR-assembly1.cif
2026-06-01 03:11:11,384 - INFO - [657/2075] Asymmetric unit already cached: 4JWR.cif
2026-06-01 03:11:11,384 - INFO - [657/2075] Biological assembly already cached: 4JWR-assembly1.cif
2026-06-01 03:11:11,584 - INFO - [658/2075] Asymmetric unit already cached: 4K8U.cif
2026-06-01 03:11:11,584 - INFO - [658/2075] Biological assembly already cached: 4K8U-assembly1.cif
2026-06-01 03:11:11,785 - INFO - [659/2075] Asymmetric unit already cached: 4KBL.cif
2026-06-01 03:11:11,785 - INFO - [659/2075] Biological assembly already cached: 4KBL-assembly1.cif
2026-06-01 03:11:11,985 - INFO - [660/2075] Asymmetric unit already cached: 4KBQ.cif
2026-06-01 03:11:11,985 - INFO - [660/2075] Biological assembly already cached: 4KBQ-assembly1.cif
2026-06-01 03:11:12,186 - INFO - [661/2075] Asymmetric unit already cached: 4KC9.cif
2026-06-01 03:11:12,186 - INFO - [661/2075] Biological assembly already cached: 4KC9-assembly1.cif
2026-06-01 03:11:12,386 - INFO - [662/2075] Asymmetric unit already cached: 4KJU.cif
2026-06-01 03:11:12,386 - INFO - [662/2075] Biological assembly already cached: 4KJU-assembly1.cif
2026-06-01 03:11:12,586 - INFO - [663/2075] Asymmetric unit already cached: 4KJV.cif
2026-06-01 03:11:12,586 - INFO - [663/2075] Biological assembly already cached: 4KJV-assembly1.cif
2026-06-01 03:11:12,787 - INFO - [664/2075] Asymmetric unit already cached: 4KMN.cif
2026-06-01 03:11:12,787 - INFO - [664/2075] Biological assembly already cached: 4KMN-assembly1.cif
2026-06-01 03:11:12,987 - INFO - [665/2075] Asymmetric unit already cached: 4KMP.cif
2026-06-01 03:11:12,987 - INFO - [665/2075] Biological assembly already cached: 4KMP-assembly1.cif
2026-06-01 03:11:13,188 - INFO - [666/2075] Asymmetric unit already cached: 4KNG.cif
2026-06-01 03:11:13,188 - INFO - [666/2075] Biological assembly already cached: 4KNG-assembly1.cif
2026-06-01 03:11:13,388 - INFO - [667/2075] Asymmetric unit already cached: 4L1M.cif
2026-06-01 03:11:13,388 - INFO - [667/2075] Biological assembly already cached: 4L1M-assembly1.cif
2026-06-01 03:11:13,588 - INFO - [668/2075] Asymmetric unit already cached: 4LAD.cif
2026-06-01 03:11:13,588 - INFO - [668/2075] Biological assembly already cached: 4LAD-assembly1.cif
2026-06-01 03:11:13,789 - INFO - [669/2075] Asymmetric unit already cached: 4LDT.cif
2026-06-01 03:11:13,789 - INFO - [669/2075] Biological assembly already cached: 4LDT-assembly1.cif
2026-06-01 03:11:13,989 - INFO - [670/2075] Asymmetric unit already cached: 4LG8.cif
2026-06-01 03:11:13,989 - INFO - [670/2075] Biological assembly already cached: 4LG8-assembly1.cif
2026-06-01 03:11:14,190 - INFO - [671/2075] Asymmetric unit already cached: 4LGE.cif
2026-06-01 03:11:14,190 - INFO - [671/2075] Biological assembly already cached: 4LGE-assembly1.cif
2026-06-01 03:11:14,390 - INFO - [672/2075] Asymmetric unit already cached: 4LGU.cif
2026-06-01 03:11:14,391 - INFO - [672/2075] Biological assembly already cached: 4LGU-assembly1.cif
2026-06-01 03:11:14,591 - INFO - [673/2075] Asymmetric unit already cached: 4LJO.cif
2026-06-01 03:11:14,591 - INFO - [673/2075] Biological assembly already cached: 4LJO-assembly1.cif
2026-06-01 03:11:14,791 - INFO - [674/2075] Asymmetric unit already cached: 4LJP.cif
2026-06-01 03:11:14,791 - INFO - [674/2075] Biological assembly already cached: 4LJP-assembly1.cif
2026-06-01 03:11:14,992 - INFO - [675/2075] Asymmetric unit already cached: 4LJQ.cif
2026-06-01 03:11:14,992 - INFO - [675/2075] Biological assembly already cached: 4LJQ-assembly1.cif
2026-06-01 03:11:15,192 - INFO - [676/2075] Asymmetric unit already cached: 4LTB.cif
2026-06-01 03:11:15,192 - INFO - [676/2075] Biological assembly already cached: 4LTB-assembly1.cif
2026-06-01 03:11:15,392 - INFO - [677/2075] Asymmetric unit already cached: 4M3L.cif
2026-06-01 03:11:15,393 - INFO - [677/2075] Biological assembly already cached: 4M3L-assembly1.cif
2026-06-01 03:11:15,593 - INFO - [678/2075] Asymmetric unit already cached: 4M4E.cif
2026-06-01 03:11:15,593 - INFO - [678/2075] Biological assembly already cached: 4M4E-assembly1.cif
2026-06-01 03:11:15,793 - INFO - [679/2075] Asymmetric unit already cached: 4MDK.cif
2026-06-01 03:11:15,793 - INFO - [679/2075] Biological assembly already cached: 4MDK-assembly1.cif
2026-06-01 03:11:15,994 - INFO - [680/2075] Asymmetric unit already cached: 4MDN.cif
2026-06-01 03:11:15,994 - INFO - [680/2075] Biological assembly already cached: 4MDN-assembly1.cif
2026-06-01 03:11:16,194 - INFO - [681/2075] Asymmetric unit already cached: 4MDQ.cif
2026-06-01 03:11:16,194 - INFO - [681/2075] Biological assembly already cached: 4MDQ-assembly1.cif
2026-06-01 03:11:16,395 - INFO - [682/2075] Asymmetric unit already cached: 4MJS.cif
2026-06-01 03:11:16,395 - INFO - [682/2075] Biological assembly already cached: 4MJS-assembly1.cif
2026-06-01 03:11:16,595 - INFO - [683/2075] Asymmetric unit already cached: 4MTI.cif
2026-06-01 03:11:16,595 - INFO - [683/2075] Biological assembly already cached: 4MTI-assembly1.cif
2026-06-01 03:11:16,795 - INFO - [684/2075] Asymmetric unit already cached: 4MTZ.cif
2026-06-01 03:11:16,796 - INFO - [684/2075] Biological assembly already cached: 4MTZ-assembly1.cif
2026-06-01 03:11:16,996 - INFO - [685/2075] Asymmetric unit already cached: 4MU7.cif
2026-06-01 03:11:16,996 - INFO - [685/2075] Biological assembly already cached: 4MU7-assembly1.cif
2026-06-01 03:11:17,196 - INFO - [686/2075] Asymmetric unit already cached: 4N3W.cif
2026-06-01 03:11:17,196 - INFO - [686/2075] Biological assembly already cached: 4N3W-assembly1.cif
2026-06-01 03:11:17,397 - INFO - [687/2075] Asymmetric unit already cached: 4N4F.cif
2026-06-01 03:11:17,397 - INFO - [687/2075] Biological assembly already cached: 4N4F-assembly1.cif
2026-06-01 03:11:17,597 - INFO - [688/2075] Asymmetric unit already cached: 4N7F.cif
2026-06-01 03:11:17,597 - INFO - [688/2075] Biological assembly already cached: 4N7F-assembly1.cif
2026-06-01 03:11:17,798 - INFO - [689/2075] Asymmetric unit already cached: 4N7H.cif
2026-06-01 03:11:17,798 - INFO - [689/2075] Biological assembly already cached: 4N7H-assembly1.cif
2026-06-01 03:11:17,998 - INFO - [690/2075] Asymmetric unit already cached: 4NQJ.cif
2026-06-01 03:11:17,998 - INFO - [690/2075] Biological assembly already cached: 4NQJ-assembly1.cif
2026-06-01 03:11:18,198 - INFO - [691/2075] Asymmetric unit already cached: 4NR3.cif
2026-06-01 03:11:18,198 - INFO - [691/2075] Biological assembly already cached: 4NR3-assembly1.cif
2026-06-01 03:11:18,399 - INFO - [692/2075] Asymmetric unit already cached: 4NR4.cif
2026-06-01 03:11:18,399 - INFO - [692/2075] Biological assembly already cached: 4NR4-assembly1.cif
2026-06-01 03:11:18,599 - INFO - [693/2075] Asymmetric unit already cached: 4NR5.cif
2026-06-01 03:11:18,599 - INFO - [693/2075] Biological assembly already cached: 4NR5-assembly1.cif
2026-06-01 03:11:18,799 - INFO - [694/2075] Asymmetric unit already cached: 4NR6.cif
2026-06-01 03:11:18,800 - INFO - [694/2075] Biological assembly already cached: 4NR6-assembly1.cif
2026-06-01 03:11:19,000 - INFO - [695/2075] Asymmetric unit already cached: 4NR7.cif
2026-06-01 03:11:19,001 - INFO - [695/2075] Biological assembly already cached: 4NR7-assembly1.cif
2026-06-01 03:11:19,202 - INFO - [696/2075] Asymmetric unit already cached: 4NRG.cif
2026-06-01 03:11:19,202 - INFO - [696/2075] Biological assembly already cached: 4NRG-assembly1.cif
2026-06-01 03:11:19,402 - INFO - [697/2075] Asymmetric unit already cached: 4NRI.cif
2026-06-01 03:11:19,402 - INFO - [697/2075] Biological assembly already cached: 4NRI-assembly1.cif
2026-06-01 03:11:19,602 - INFO - [698/2075] Asymmetric unit already cached: 4NYV.cif
2026-06-01 03:11:19,603 - INFO - [698/2075] Biological assembly already cached: 4NYV-assembly1.cif
2026-06-01 03:11:19,803 - INFO - [699/2075] Asymmetric unit already cached: 4NYW.cif
2026-06-01 03:11:19,803 - INFO - [699/2075] Biological assembly already cached: 4NYW-assembly1.cif
2026-06-01 03:11:20,003 - INFO - [700/2075] Asymmetric unit already cached: 4NYX.cif
2026-06-01 03:11:20,004 - INFO - [700/2075] Biological assembly already cached: 4NYX-assembly1.cif
2026-06-01 03:11:20,204 - INFO - [701/2075] Asymmetric unit already cached: 4O2W.cif
2026-06-01 03:11:20,204 - INFO - [701/2075] Biological assembly already cached: 4O2W-assembly1.cif
2026-06-01 03:11:20,404 - INFO - [702/2075] Asymmetric unit already cached: 4OAS.cif
2026-06-01 03:11:20,404 - INFO - [702/2075] Biological assembly already cached: 4OAS-assembly1.cif
2026-06-01 03:11:20,605 - INFO - [703/2075] Asymmetric unit already cached: 4OBA.cif
2026-06-01 03:11:20,605 - INFO - [703/2075] Biological assembly already cached: 4OBA-assembly1.cif
2026-06-01 03:11:20,805 - INFO - [704/2075] Asymmetric unit already cached: 4OCC.cif
2026-06-01 03:11:20,805 - INFO - [704/2075] Biological assembly already cached: 4OCC-assembly1.cif
2026-06-01 03:11:21,005 - INFO - [705/2075] Asymmetric unit already cached: 4ODE.cif
2026-06-01 03:11:21,006 - INFO - [705/2075] Biological assembly already cached: 4ODE-assembly1.cif
2026-06-01 03:11:21,206 - INFO - [706/2075] Asymmetric unit already cached: 4ODF.cif
2026-06-01 03:11:21,206 - INFO - [706/2075] Biological assembly already cached: 4ODF-assembly1.cif
2026-06-01 03:11:21,406 - INFO - [707/2075] Asymmetric unit already cached: 4OFB.cif
2026-06-01 03:11:21,406 - INFO - [707/2075] Biological assembly already cached: 4OFB-assembly1.cif
2026-06-01 03:11:21,607 - INFO - [708/2075] Asymmetric unit already cached: 4OGN.cif
2026-06-01 03:11:21,607 - INFO - [708/2075] Biological assembly already cached: 4OGN-assembly1.cif
2026-06-01 03:11:21,807 - INFO - [709/2075] Asymmetric unit already cached: 4OGT.cif
2026-06-01 03:11:21,807 - INFO - [709/2075] Biological assembly already cached: 4OGT-assembly1.cif
2026-06-01 03:11:22,008 - INFO - [710/2075] Asymmetric unit already cached: 4OGV.cif
2026-06-01 03:11:22,008 - INFO - [710/2075] Biological assembly already cached: 4OGV-assembly1.cif
2026-06-01 03:11:22,208 - INFO - [711/2075] Asymmetric unit already cached: 4ONL.cif
2026-06-01 03:11:22,208 - INFO - [711/2075] Biological assembly already cached: 4ONL-assembly1.cif
2026-06-01 03:11:22,408 - INFO - [712/2075] Asymmetric unit already cached: 4ONM.cif
2026-06-01 03:11:22,408 - INFO - [712/2075] Biological assembly already cached: 4ONM-assembly1.cif
2026-06-01 03:11:22,609 - INFO - [713/2075] Asymmetric unit already cached: 4ONN.cif
2026-06-01 03:11:22,609 - INFO - [713/2075] Biological assembly already cached: 4ONN-assembly1.cif
2026-06-01 03:11:22,809 - INFO - [714/2075] Asymmetric unit already cached: 4OQ3.cif
2026-06-01 03:11:22,809 - INFO - [714/2075] Biological assembly already cached: 4OQ3-assembly1.cif
2026-06-01 03:11:23,010 - INFO - [715/2075] Asymmetric unit already cached: 4ORH.cif
2026-06-01 03:11:23,010 - INFO - [715/2075] Biological assembly already cached: 4ORH-assembly1.cif
2026-06-01 03:11:23,210 - INFO - [716/2075] Asymmetric unit already cached: 4OUF.cif
2026-06-01 03:11:23,210 - INFO - [716/2075] Biological assembly already cached: 4OUF-assembly1.cif
2026-06-01 03:11:23,411 - INFO - [717/2075] Asymmetric unit already cached: 4OWF.cif
2026-06-01 03:11:23,411 - INFO - [717/2075] Biological assembly already cached: 4OWF-assembly1.cif
2026-06-01 03:11:23,611 - INFO - [718/2075] Asymmetric unit already cached: 4OXC.cif
2026-06-01 03:11:23,611 - INFO - [718/2075] Biological assembly already cached: 4OXC-assembly1.cif
2026-06-01 03:11:23,811 - INFO - [719/2075] Asymmetric unit already cached: 4OYJ.cif
2026-06-01 03:11:23,811 - INFO - [719/2075] Biological assembly already cached: 4OYJ-assembly1.cif
2026-06-01 03:11:24,012 - INFO - [720/2075] Asymmetric unit already cached: 4OYK.cif
2026-06-01 03:11:24,012 - INFO - [720/2075] Biological assembly already cached: 4OYK-assembly1.cif
2026-06-01 03:11:24,213 - INFO - [721/2075] Asymmetric unit already cached: 4P09.cif
2026-06-01 03:11:24,213 - INFO - [721/2075] Biological assembly already cached: 4P09-assembly1.cif
2026-06-01 03:11:24,413 - INFO - [722/2075] Asymmetric unit already cached: 4P0A.cif
2026-06-01 03:11:24,413 - INFO - [722/2075] Biological assembly already cached: 4P0A-assembly1.cif
2026-06-01 03:11:24,614 - INFO - [723/2075] Asymmetric unit already cached: 4P0B.cif
2026-06-01 03:11:24,614 - INFO - [723/2075] Biological assembly already cached: 4P0B-assembly1.cif
2026-06-01 03:11:24,814 - INFO - [724/2075] Asymmetric unit already cached: 4P5O.cif
2026-06-01 03:11:24,814 - INFO - [724/2075] Biological assembly already cached: 4P5O-assembly1.cif
2026-06-01 03:11:25,015 - INFO - [725/2075] Asymmetric unit already cached: 4PPE.cif
2026-06-01 03:11:25,015 - INFO - [725/2075] Biological assembly already cached: 4PPE-assembly1.cif
2026-06-01 03:11:25,215 - INFO - [726/2075] Asymmetric unit already cached: 4PW5.cif
2026-06-01 03:11:25,215 - INFO - [726/2075] Biological assembly already cached: 4PW5-assembly1.cif
2026-06-01 03:11:25,416 - INFO - [727/2075] Asymmetric unit already cached: 4PW6.cif
2026-06-01 03:11:25,416 - INFO - [727/2075] Biological assembly already cached: 4PW6-assembly1.cif
2026-06-01 03:11:25,616 - INFO - [728/2075] Asymmetric unit already cached: 4PW7.cif
2026-06-01 03:11:25,616 - INFO - [728/2075] Biological assembly already cached: 4PW7-assembly1.cif
2026-06-01 03:11:25,816 - INFO - [729/2075] Asymmetric unit already cached: 4PZR.cif
2026-06-01 03:11:25,817 - INFO - [729/2075] Biological assembly already cached: 4PZR-assembly1.cif
2026-06-01 03:11:26,017 - INFO - [730/2075] Asymmetric unit already cached: 4PZS.cif
2026-06-01 03:11:26,017 - INFO - [730/2075] Biological assembly already cached: 4PZS-assembly1.cif
2026-06-01 03:11:26,217 - INFO - [731/2075] Asymmetric unit already cached: 4PZT.cif
2026-06-01 03:11:26,218 - INFO - [731/2075] Biological assembly already cached: 4PZT-assembly1.cif
2026-06-01 03:11:26,418 - INFO - [732/2075] Asymmetric unit already cached: 4Q5E.cif
2026-06-01 03:11:26,418 - INFO - [732/2075] Biological assembly already cached: 4Q5E-assembly1.cif
2026-06-01 03:11:26,618 - INFO - [733/2075] Asymmetric unit already cached: 4Q5H.cif
2026-06-01 03:11:26,618 - INFO - [733/2075] Biological assembly already cached: 4Q5H-assembly1.cif
2026-06-01 03:11:26,819 - INFO - [734/2075] Asymmetric unit already cached: 4QIK.cif
2026-06-01 03:11:26,819 - INFO - [734/2075] Biological assembly already cached: 4QIK-assembly1.cif
2026-06-01 03:11:27,019 - INFO - [735/2075] Asymmetric unit already cached: 4QIL.cif
2026-06-01 03:11:27,019 - INFO - [735/2075] Biological assembly already cached: 4QIL-assembly1.cif
2026-06-01 03:11:27,219 - INFO - [736/2075] Asymmetric unit already cached: 4QN1.cif
2026-06-01 03:11:27,219 - INFO - [736/2075] Biological assembly already cached: 4QN1-assembly1.cif
2026-06-01 03:11:27,420 - INFO - [737/2075] Asymmetric unit already cached: 4QO4.cif
2026-06-01 03:11:27,420 - INFO - [737/2075] Biological assembly already cached: 4QO4-assembly1.cif
2026-06-01 03:11:27,620 - INFO - [738/2075] Asymmetric unit already cached: 4QOC.cif
2026-06-01 03:11:27,620 - INFO - [738/2075] Biological assembly already cached: 4QOC-assembly1.cif
2026-06-01 03:11:27,821 - INFO - [739/2075] Asymmetric unit already cached: 4QPL.cif
2026-06-01 03:11:27,821 - INFO - [739/2075] Biological assembly already cached: 4QPL-assembly1.cif
2026-06-01 03:11:28,021 - INFO - [740/2075] Asymmetric unit already cached: 4QQD.cif
2026-06-01 03:11:28,021 - INFO - [740/2075] Biological assembly already cached: 4QQD-assembly1.cif
2026-06-01 03:11:28,221 - INFO - [741/2075] Asymmetric unit already cached: 4QT6.cif
2026-06-01 03:11:28,221 - INFO - [741/2075] Biological assembly already cached: 4QT6-assembly1.cif
2026-06-01 03:11:28,422 - INFO - [742/2075] Asymmetric unit already cached: 4R2Y.cif
2026-06-01 03:11:28,422 - INFO - [742/2075] Biological assembly already cached: 4R2Y-assembly1.cif
2026-06-01 03:11:28,622 - INFO - [743/2075] Asymmetric unit already cached: 4R8P.cif
2026-06-01 03:11:28,622 - INFO - [743/2075] Biological assembly already cached: 4R8P-assembly1.cif
2026-06-01 03:11:28,823 - INFO - [744/2075] Asymmetric unit already cached: 4ROF.cif
2026-06-01 03:11:28,823 - INFO - [744/2075] Biological assembly already cached: 4ROF-assembly1.cif
2026-06-01 03:11:29,023 - INFO - [745/2075] Asymmetric unit already cached: 4RXZ.cif
2026-06-01 03:11:29,024 - INFO - [745/2075] Biological assembly already cached: 4RXZ-assembly1.cif
2026-06-01 03:11:29,224 - INFO - [746/2075] Asymmetric unit already cached: 4S0N.cif
2026-06-01 03:11:29,224 - INFO - [746/2075] Biological assembly already cached: 4S0N-assembly1.cif
2026-06-01 03:11:29,424 - INFO - [747/2075] Asymmetric unit already cached: 4S3O.cif
2026-06-01 03:11:29,424 - INFO - [747/2075] Biological assembly already cached: 4S3O-assembly1.cif
2026-06-01 03:11:29,625 - INFO - [748/2075] Asymmetric unit already cached: 4TKP.cif
2026-06-01 03:11:29,625 - INFO - [748/2075] Biological assembly already cached: 4TKP-assembly1.cif
2026-06-01 03:11:29,825 - INFO - [749/2075] Asymmetric unit already cached: 4TQN.cif
2026-06-01 03:11:29,825 - INFO - [749/2075] Biological assembly already cached: 4TQN-assembly1.cif
2026-06-01 03:11:30,026 - INFO - [750/2075] Asymmetric unit already cached: 4TS8.cif
2026-06-01 03:11:30,026 - INFO - [750/2075] Biological assembly already cached: 4TS8-assembly1.cif
2026-06-01 03:11:30,226 - INFO - [751/2075] Asymmetric unit already cached: 4TSE.cif
2026-06-01 03:11:30,226 - INFO - [751/2075] Biological assembly already cached: 4TSE-assembly1.cif
2026-06-01 03:11:30,426 - INFO - [752/2075] Asymmetric unit already cached: 4TVR.cif
2026-06-01 03:11:30,426 - INFO - [752/2075] Biological assembly already cached: 4TVR-assembly1.cif
2026-06-01 03:11:30,627 - INFO - [753/2075] Asymmetric unit already cached: 4U4A.cif
2026-06-01 03:11:30,627 - INFO - [753/2075] Biological assembly already cached: 4U4A-assembly1.cif
2026-06-01 03:11:30,827 - INFO - [754/2075] Asymmetric unit already cached: 4UD7.cif
2026-06-01 03:11:30,827 - INFO - [754/2075] Biological assembly already cached: 4UD7-assembly1.cif
2026-06-01 03:11:31,028 - INFO - [755/2075] Asymmetric unit already cached: 4UE1.cif
2026-06-01 03:11:31,028 - INFO - [755/2075] Biological assembly already cached: 4UE1-assembly1.cif
2026-06-01 03:11:31,228 - INFO - [756/2075] Asymmetric unit already cached: 4UF8.cif
2026-06-01 03:11:31,228 - INFO - [756/2075] Biological assembly already cached: 4UF8-assembly1.cif
2026-06-01 03:11:31,428 - INFO - [757/2075] Asymmetric unit already cached: 4UF9.cif
2026-06-01 03:11:31,429 - INFO - [757/2075] Biological assembly already cached: 4UF9-assembly1.cif
2026-06-01 03:11:31,629 - INFO - [758/2075] Asymmetric unit already cached: 4UFS.cif
2026-06-01 03:11:31,629 - INFO - [758/2075] Biological assembly already cached: 4UFS-assembly1.cif
2026-06-01 03:11:31,829 - INFO - [759/2075] Asymmetric unit already cached: 4UI9.cif
2026-06-01 03:11:31,829 - INFO - [759/2075] Biological assembly already cached: 4UI9-assembly1.cif
2026-06-01 03:11:32,030 - INFO - [760/2075] Asymmetric unit already cached: 4ULW.cif
2026-06-01 03:11:32,030 - INFO - [760/2075] Biological assembly already cached: 4ULW-assembly1.cif
2026-06-01 03:11:32,230 - INFO - [761/2075] Asymmetric unit already cached: 4UMN.cif
2026-06-01 03:11:32,230 - INFO - [761/2075] Biological assembly already cached: 4UMN-assembly1.cif
2026-06-01 03:11:32,431 - INFO - [762/2075] Asymmetric unit already cached: 4V3K.cif
2026-06-01 03:11:32,431 - INFO - [762/2075] Biological assembly already cached: 4V3K-assembly1.cif
2026-06-01 03:11:32,631 - INFO - [763/2075] Asymmetric unit already cached: 4V3L.cif
2026-06-01 03:11:32,631 - INFO - [763/2075] Biological assembly already cached: 4V3L-assembly1.cif
2026-06-01 03:11:32,831 - INFO - [764/2075] Asymmetric unit already cached: 4W5V.cif
2026-06-01 03:11:32,831 - INFO - [764/2075] Biological assembly already cached: 4W5V-assembly1.cif
2026-06-01 03:11:33,032 - INFO - [765/2075] Asymmetric unit already cached: 4WHU.cif
2026-06-01 03:11:33,032 - INFO - [765/2075] Biological assembly already cached: 4WHU-assembly1.cif
2026-06-01 03:11:33,232 - INFO - [766/2075] Asymmetric unit already cached: 4WHV.cif
2026-06-01 03:11:33,232 - INFO - [766/2075] Biological assembly already cached: 4WHV-assembly1.cif
2026-06-01 03:11:33,433 - INFO - [767/2075] Asymmetric unit already cached: 4WJN.cif
2026-06-01 03:11:33,433 - INFO - [767/2075] Biological assembly already cached: 4WJN-assembly1.cif
2026-06-01 03:11:33,633 - INFO - [768/2075] Asymmetric unit already cached: 4WJO.cif
2026-06-01 03:11:33,633 - INFO - [768/2075] Biological assembly already cached: 4WJO-assembly1.cif
2026-06-01 03:11:33,833 - INFO - [769/2075] Asymmetric unit already cached: 4WT2.cif
2026-06-01 03:11:33,834 - INFO - [769/2075] Biological assembly already cached: 4WT2-assembly1.cif
2026-06-01 03:11:34,034 - INFO - [770/2075] Asymmetric unit already cached: 4WVS.cif
2026-06-01 03:11:34,034 - INFO - [770/2075] Biological assembly already cached: 4WVS-assembly1.cif
2026-06-01 03:11:34,235 - INFO - [771/2075] Asymmetric unit already cached: 4WVT.cif
2026-06-01 03:11:34,235 - INFO - [771/2075] Biological assembly already cached: 4WVT-assembly1.cif
2026-06-01 03:11:34,435 - INFO - [772/2075] Asymmetric unit already cached: 4WVU.cif
2026-06-01 03:11:34,435 - INFO - [772/2075] Biological assembly already cached: 4WVU-assembly1.cif
2026-06-01 03:11:34,636 - INFO - [773/2075] Asymmetric unit already cached: 4WZ3.cif
2026-06-01 03:11:34,636 - INFO - [773/2075] Biological assembly already cached: 4WZ3-assembly1.cif
2026-06-01 03:11:34,836 - INFO - [774/2075] Asymmetric unit already cached: 4X3G.cif
2026-06-01 03:11:34,836 - INFO - [774/2075] Biological assembly already cached: 4X3G-assembly1.cif
2026-06-01 03:11:35,037 - INFO - [775/2075] Asymmetric unit already cached: 4XI6.cif
2026-06-01 03:11:35,037 - INFO - [775/2075] Biological assembly already cached: 4XI6-assembly1.cif
2026-06-01 03:11:35,237 - INFO - [776/2075] Asymmetric unit already cached: 4XI7.cif
2026-06-01 03:11:35,237 - INFO - [776/2075] Biological assembly already cached: 4XI7-assembly1.cif
2026-06-01 03:11:35,437 - INFO - [777/2075] Asymmetric unit already cached: 4XIB.cif
2026-06-01 03:11:35,437 - INFO - [777/2075] Biological assembly already cached: 4XIB-assembly1.cif
2026-06-01 03:11:35,638 - INFO - [778/2075] Asymmetric unit already cached: 4XR8.cif
2026-06-01 03:11:35,638 - INFO - [778/2075] Biological assembly already cached: 4XR8-assembly1.cif
2026-06-01 03:11:35,838 - INFO - [779/2075] Asymmetric unit already cached: 4XXB.cif
2026-06-01 03:11:35,838 - INFO - [779/2075] Biological assembly already cached: 4XXB-assembly1.cif
2026-06-01 03:11:36,038 - INFO - [780/2075] Asymmetric unit already cached: 4XZF.cif
2026-06-01 03:11:36,039 - INFO - [780/2075] Biological assembly already cached: 4XZF-assembly1.cif
2026-06-01 03:11:36,239 - INFO - [781/2075] Asymmetric unit already cached: 4XZG.cif
2026-06-01 03:11:36,239 - INFO - [781/2075] Biological assembly already cached: 4XZG-assembly1.cif
2026-06-01 03:11:36,439 - INFO - [782/2075] Asymmetric unit already cached: 4Y07.cif
2026-06-01 03:11:36,439 - INFO - [782/2075] Biological assembly already cached: 4Y07-assembly1.cif
2026-06-01 03:11:36,640 - INFO - [783/2075] Asymmetric unit already cached: 4Y18.cif
2026-06-01 03:11:36,640 - INFO - [783/2075] Biological assembly already cached: 4Y18-assembly1.cif
2026-06-01 03:11:36,840 - INFO - [784/2075] Asymmetric unit already cached: 4Y1L.cif
2026-06-01 03:11:36,840 - INFO - [784/2075] Biological assembly already cached: 4Y1L-assembly1.cif
2026-06-01 03:11:37,041 - INFO - [785/2075] Asymmetric unit already cached: 4Y2G.cif
2026-06-01 03:11:37,041 - INFO - [785/2075] Biological assembly already cached: 4Y2G-assembly1.cif
2026-06-01 03:11:37,241 - INFO - [786/2075] Asymmetric unit already cached: 4YAB.cif
2026-06-01 03:11:37,241 - INFO - [786/2075] Biological assembly already cached: 4YAB-assembly1.cif
2026-06-01 03:11:37,441 - INFO - [787/2075] Asymmetric unit already cached: 4YAD.cif
2026-06-01 03:11:37,441 - INFO - [787/2075] Biological assembly already cached: 4YAD-assembly1.cif
2026-06-01 03:11:37,642 - INFO - [788/2075] Asymmetric unit already cached: 4YAT.cif
2026-06-01 03:11:37,642 - INFO - [788/2075] Biological assembly already cached: 4YAT-assembly1.cif
2026-06-01 03:11:37,842 - INFO - [789/2075] Asymmetric unit already cached: 4YAX.cif
2026-06-01 03:11:37,842 - INFO - [789/2075] Biological assembly already cached: 4YAX-assembly1.cif
2026-06-01 03:11:38,043 - INFO - [790/2075] Asymmetric unit already cached: 4YBM.cif
2026-06-01 03:11:38,043 - INFO - [790/2075] Biological assembly already cached: 4YBM-assembly1.cif
2026-06-01 03:11:38,243 - INFO - [791/2075] Asymmetric unit already cached: 4YBS.cif
2026-06-01 03:11:38,243 - INFO - [791/2075] Biological assembly already cached: 4YBS-assembly1.cif
2026-06-01 03:11:38,444 - INFO - [792/2075] Asymmetric unit already cached: 4YBT.cif
2026-06-01 03:11:38,444 - INFO - [792/2075] Biological assembly already cached: 4YBT-assembly1.cif
2026-06-01 03:11:38,644 - INFO - [793/2075] Asymmetric unit already cached: 4YC9.cif
2026-06-01 03:11:38,644 - INFO - [793/2075] Biological assembly already cached: 4YC9-assembly1.cif
2026-06-01 03:11:38,844 - INFO - [794/2075] Asymmetric unit already cached: 4YII.cif
2026-06-01 03:11:38,844 - INFO - [794/2075] Biological assembly already cached: 4YII-assembly1.cif
2026-06-01 03:11:39,045 - INFO - [795/2075] Asymmetric unit already cached: 4YK0.cif
2026-06-01 03:11:39,046 - INFO - [795/2075] Biological assembly already cached: 4YK0-assembly1.cif
2026-06-01 03:11:39,246 - INFO - [796/2075] Asymmetric unit already cached: 4YWQ.cif
2026-06-01 03:11:39,246 - INFO - [796/2075] Biological assembly already cached: 4YWQ-assembly1.cif
2026-06-01 03:11:39,446 - INFO - [797/2075] Asymmetric unit already cached: 4Z30.cif
2026-06-01 03:11:39,446 - INFO - [797/2075] Biological assembly already cached: 4Z30-assembly1.cif
2026-06-01 03:11:39,647 - INFO - [798/2075] Asymmetric unit already cached: 4Z31.cif
2026-06-01 03:11:39,647 - INFO - [798/2075] Biological assembly already cached: 4Z31-assembly1.cif
2026-06-01 03:11:39,847 - INFO - [799/2075] Asymmetric unit already cached: 4Z4P.cif
2026-06-01 03:11:39,847 - INFO - [799/2075] Biological assembly already cached: 4Z4P-assembly1.cif
2026-06-01 03:11:40,047 - INFO - [800/2075] Asymmetric unit already cached: 4Z8M.cif
2026-06-01 03:11:40,048 - INFO - [800/2075] Biological assembly already cached: 4Z8M-assembly1.cif
2026-06-01 03:11:40,248 - INFO - [801/2075] Asymmetric unit already cached: 4ZFI.cif
2026-06-01 03:11:40,248 - INFO - [801/2075] Biological assembly already cached: 4ZFI-assembly1.cif
2026-06-01 03:11:40,448 - INFO - [802/2075] Asymmetric unit already cached: 4ZGK.cif
2026-06-01 03:11:40,448 - INFO - [802/2075] Biological assembly already cached: 4ZGK-assembly1.cif
2026-06-01 03:11:40,649 - INFO - [803/2075] Asymmetric unit already cached: 4ZLC.cif
2026-06-01 03:11:40,649 - INFO - [803/2075] Biological assembly already cached: 4ZLC-assembly1.cif
2026-06-01 03:11:40,849 - INFO - [804/2075] Asymmetric unit already cached: 4ZLD.cif
2026-06-01 03:11:40,849 - INFO - [804/2075] Biological assembly already cached: 4ZLD-assembly1.cif
2026-06-01 03:11:41,049 - INFO - [805/2075] Asymmetric unit already cached: 4ZQL.cif
2026-06-01 03:11:41,050 - INFO - [805/2075] Biological assembly already cached: 4ZQL-assembly1.cif
2026-06-01 03:11:41,250 - INFO - [806/2075] Asymmetric unit already cached: 4ZTD.cif
2026-06-01 03:11:41,250 - INFO - [806/2075] Biological assembly already cached: 4ZTD-assembly1.cif
2026-06-01 03:11:41,450 - INFO - [807/2075] Asymmetric unit already cached: 4ZYC.cif
2026-06-01 03:11:41,450 - INFO - [807/2075] Biological assembly already cached: 4ZYC-assembly1.cif
2026-06-01 03:11:41,651 - INFO - [808/2075] Asymmetric unit already cached: 4ZYF.cif
2026-06-01 03:11:41,651 - INFO - [808/2075] Biological assembly already cached: 4ZYF-assembly1.cif
2026-06-01 03:11:41,851 - INFO - [809/2075] Asymmetric unit already cached: 4ZYI.cif
2026-06-01 03:11:41,851 - INFO - [809/2075] Biological assembly already cached: 4ZYI-assembly1.cif
2026-06-01 03:11:42,051 - INFO - [810/2075] Asymmetric unit already cached: 5A31.cif
2026-06-01 03:11:42,052 - INFO - [810/2075] Biological assembly already cached: 5A31-assembly1.cif
2026-06-01 03:11:42,252 - INFO - [811/2075] Asymmetric unit already cached: 5A4P.cif
2026-06-01 03:11:42,252 - INFO - [811/2075] Biological assembly already cached: 5A4P-assembly1.cif
2026-06-01 03:11:42,452 - INFO - [812/2075] Asymmetric unit already cached: 5AFG.cif
2026-06-01 03:11:42,452 - INFO - [812/2075] Biological assembly already cached: 5AFG-assembly1.cif
2026-06-01 03:11:42,653 - INFO - [813/2075] Asymmetric unit already cached: 5AHT.cif
2026-06-01 03:11:42,653 - INFO - [813/2075] Biological assembly already cached: 5AHT-assembly1.cif
2026-06-01 03:11:42,853 - INFO - [814/2075] Asymmetric unit already cached: 5AIT.cif
2026-06-01 03:11:42,853 - INFO - [814/2075] Biological assembly already cached: 5AIT-assembly1.cif
2026-06-01 03:11:43,053 - INFO - [815/2075] Asymmetric unit already cached: 5AIU.cif
2026-06-01 03:11:43,054 - INFO - [815/2075] Biological assembly already cached: 5AIU-assembly1.cif
2026-06-01 03:11:43,254 - INFO - [816/2075] Asymmetric unit already cached: 5AIZ.cif
2026-06-01 03:11:43,254 - INFO - [816/2075] Biological assembly already cached: 5AIZ-assembly1.cif
2026-06-01 03:11:43,454 - INFO - [817/2075] Asymmetric unit already cached: 5B8D.cif
2026-06-01 03:11:43,454 - INFO - [817/2075] Biological assembly already cached: 5B8D-assembly1.cif
2026-06-01 03:11:43,655 - INFO - [818/2075] Asymmetric unit already cached: 5BNB.cif
2026-06-01 03:11:43,655 - INFO - [818/2075] Biological assembly already cached: 5BNB-assembly1.cif
2026-06-01 03:11:43,855 - INFO - [819/2075] Asymmetric unit already cached: 5BNH.cif
2026-06-01 03:11:43,855 - INFO - [819/2075] Biological assembly already cached: 5BNH-assembly1.cif
2026-06-01 03:11:44,055 - INFO - [820/2075] Asymmetric unit already cached: 5BT3.cif
2026-06-01 03:11:44,056 - INFO - [820/2075] Biological assembly already cached: 5BT3-assembly1.cif
2026-06-01 03:11:44,256 - INFO - [821/2075] Asymmetric unit already cached: 5C0K.cif
2026-06-01 03:11:44,257 - INFO - [821/2075] Biological assembly already cached: 5C0K-assembly1.cif
2026-06-01 03:11:44,457 - INFO - [822/2075] Asymmetric unit already cached: 5C0L.cif
2026-06-01 03:11:44,457 - INFO - [822/2075] Biological assembly already cached: 5C0L-assembly1.cif
2026-06-01 03:11:44,657 - INFO - [823/2075] Asymmetric unit already cached: 5C1Z.cif
2026-06-01 03:11:44,657 - INFO - [823/2075] Biological assembly already cached: 5C1Z-assembly1.cif
2026-06-01 03:11:44,858 - INFO - [824/2075] Asymmetric unit already cached: 5C23.cif
2026-06-01 03:11:44,858 - INFO - [824/2075] Biological assembly already cached: 5C23-assembly1.cif
2026-06-01 03:11:45,058 - INFO - [825/2075] Asymmetric unit already cached: 5C3H.cif
2026-06-01 03:11:45,058 - INFO - [825/2075] Biological assembly already cached: 5C3H-assembly1.cif
2026-06-01 03:11:45,258 - INFO - [826/2075] Asymmetric unit already cached: 5C3K.cif
2026-06-01 03:11:45,259 - INFO - [826/2075] Biological assembly already cached: 5C3K-assembly1.cif
2026-06-01 03:11:45,459 - INFO - [827/2075] Asymmetric unit already cached: 5C5A.cif
2026-06-01 03:11:45,459 - INFO - [827/2075] Biological assembly already cached: 5C5A-assembly1.cif
2026-06-01 03:11:45,659 - INFO - [828/2075] Asymmetric unit already cached: 5C6D.cif
2026-06-01 03:11:45,660 - INFO - [828/2075] Biological assembly already cached: 5C6D-assembly1.cif
2026-06-01 03:11:45,860 - INFO - [829/2075] Asymmetric unit already cached: 5C6H.cif
2026-06-01 03:11:45,860 - INFO - [829/2075] Biological assembly already cached: 5C6H-assembly1.cif
2026-06-01 03:11:46,060 - INFO - [830/2075] Asymmetric unit already cached: 5C7A.cif
2026-06-01 03:11:46,060 - INFO - [830/2075] Biological assembly already cached: 5C7A-assembly1.cif
2026-06-01 03:11:46,261 - INFO - [831/2075] Asymmetric unit already cached: 5C7B.cif
2026-06-01 03:11:46,261 - INFO - [831/2075] Biological assembly already cached: 5C7B-assembly1.cif
2026-06-01 03:11:46,461 - INFO - [832/2075] Asymmetric unit already cached: 5C7C.cif
2026-06-01 03:11:46,461 - INFO - [832/2075] Biological assembly already cached: 5C7C-assembly1.cif
2026-06-01 03:11:46,661 - INFO - [833/2075] Asymmetric unit already cached: 5C7D.cif
2026-06-01 03:11:46,662 - INFO - [833/2075] Biological assembly already cached: 5C7D-assembly1.cif
2026-06-01 03:11:46,862 - INFO - [834/2075] Asymmetric unit already cached: 5C7J.cif
2026-06-01 03:11:46,862 - INFO - [834/2075] Biological assembly already cached: 5C7J-assembly1.cif
2026-06-01 03:11:47,062 - INFO - [835/2075] Asymmetric unit already cached: 5C7M.cif
2026-06-01 03:11:47,062 - INFO - [835/2075] Biological assembly already cached: 5C7M-assembly1.cif
2026-06-01 03:11:47,263 - INFO - [836/2075] Asymmetric unit already cached: 5C83.cif
2026-06-01 03:11:47,263 - INFO - [836/2075] Biological assembly already cached: 5C83-assembly1.cif
2026-06-01 03:11:47,463 - INFO - [837/2075] Asymmetric unit already cached: 5C84.cif
2026-06-01 03:11:47,463 - INFO - [837/2075] Biological assembly already cached: 5C84-assembly1.cif
2026-06-01 03:11:47,663 - INFO - [838/2075] Asymmetric unit already cached: 5C91.cif
2026-06-01 03:11:47,663 - INFO - [838/2075] Biological assembly already cached: 5C91-assembly1.cif
2026-06-01 03:11:47,864 - INFO - [839/2075] Asymmetric unit already cached: 5C9V.cif
2026-06-01 03:11:47,864 - INFO - [839/2075] Biological assembly already cached: 5C9V-assembly1.cif
2026-06-01 03:11:48,064 - INFO - [840/2075] Asymmetric unit already cached: 5CGP.cif
2026-06-01 03:11:48,064 - INFO - [840/2075] Biological assembly already cached: 5CGP-assembly1.cif
2026-06-01 03:11:48,264 - INFO - [841/2075] Asymmetric unit already cached: 5CQ2.cif
2026-06-01 03:11:48,265 - INFO - [841/2075] Biological assembly already cached: 5CQ2-assembly1.cif
2026-06-01 03:11:48,465 - INFO - [842/2075] Asymmetric unit already cached: 5D0I.cif
2026-06-01 03:11:48,465 - INFO - [842/2075] Biological assembly already cached: 5D0I-assembly1.cif
2026-06-01 03:11:48,665 - INFO - [843/2075] Asymmetric unit already cached: 5D0K.cif
2026-06-01 03:11:48,665 - INFO - [843/2075] Biological assembly already cached: 5D0K-assembly1.cif
2026-06-01 03:11:48,866 - INFO - [844/2075] Asymmetric unit already cached: 5D0M.cif
2026-06-01 03:11:48,866 - INFO - [844/2075] Biological assembly already cached: 5D0M-assembly1.cif
2026-06-01 03:11:49,066 - INFO - [845/2075] Asymmetric unit already cached: 5D1K.cif
2026-06-01 03:11:49,067 - INFO - [845/2075] Biological assembly already cached: 5D1K-assembly1.cif
2026-06-01 03:11:49,267 - INFO - [846/2075] Asymmetric unit already cached: 5D1L.cif
2026-06-01 03:11:49,267 - INFO - [846/2075] Biological assembly already cached: 5D1L-assembly1.cif
2026-06-01 03:11:49,468 - INFO - [847/2075] Asymmetric unit already cached: 5D1M.cif
2026-06-01 03:11:49,468 - INFO - [847/2075] Biological assembly already cached: 5D1M-assembly1.cif
2026-06-01 03:11:49,668 - INFO - [848/2075] Asymmetric unit already cached: 5D2M.cif
2026-06-01 03:11:49,668 - INFO - [848/2075] Biological assembly already cached: 5D2M-assembly1.cif
2026-06-01 03:11:49,869 - INFO - [849/2075] Asymmetric unit already cached: 5DBM.cif
2026-06-01 03:11:49,869 - INFO - [849/2075] Biological assembly already cached: 5DBM-assembly1.cif
2026-06-01 03:11:50,069 - INFO - [850/2075] Asymmetric unit already cached: 5DFL.cif
2026-06-01 03:11:50,069 - INFO - [850/2075] Biological assembly already cached: 5DFL-assembly1.cif
2026-06-01 03:11:50,269 - INFO - [851/2075] Asymmetric unit already cached: 5DIN.cif
2026-06-01 03:11:50,270 - INFO - [851/2075] Biological assembly already cached: 5DIN-assembly1.cif
2026-06-01 03:11:50,470 - INFO - [852/2075] Asymmetric unit already cached: 5DKA.cif
2026-06-01 03:11:50,470 - INFO - [852/2075] Biological assembly already cached: 5DKA-assembly1.cif
2026-06-01 03:11:50,670 - INFO - [853/2075] Asymmetric unit already cached: 5DWS.cif
2026-06-01 03:11:50,670 - INFO - [853/2075] Biological assembly already cached: 5DWS-assembly1.cif
2026-06-01 03:11:50,871 - INFO - [854/2075] Asymmetric unit already cached: 5DZD.cif
2026-06-01 03:11:50,871 - INFO - [854/2075] Biological assembly already cached: 5DZD-assembly1.cif
2026-06-01 03:11:51,071 - INFO - [855/2075] Asymmetric unit already cached: 5E11.cif
2026-06-01 03:11:51,072 - INFO - [855/2075] Biological assembly already cached: 5E11-assembly1.cif
2026-06-01 03:11:51,272 - INFO - [856/2075] Asymmetric unit already cached: 5E1Y.cif
2026-06-01 03:11:51,272 - INFO - [856/2075] Biological assembly already cached: 5E1Y-assembly1.cif
2026-06-01 03:11:51,472 - INFO - [857/2075] Asymmetric unit already cached: 5E21.cif
2026-06-01 03:11:51,472 - INFO - [857/2075] Biological assembly already cached: 5E21-assembly1.cif
2026-06-01 03:11:51,673 - INFO - [858/2075] Asymmetric unit already cached: 5E22.cif
2026-06-01 03:11:51,673 - INFO - [858/2075] Biological assembly already cached: 5E22-assembly1.cif
2026-06-01 03:11:51,873 - INFO - [859/2075] Asymmetric unit already cached: 5EDU.cif
2026-06-01 03:11:51,873 - INFO - [859/2075] Biological assembly already cached: 5EDU-assembly1.cif
2026-06-01 03:11:52,073 - INFO - [860/2075] Asymmetric unit already cached: 5EDV.cif
2026-06-01 03:11:52,074 - INFO - [860/2075] Biological assembly already cached: 5EDV-assembly1.cif
2026-06-01 03:11:52,274 - INFO - [861/2075] Asymmetric unit already cached: 5EGG.cif
2026-06-01 03:11:52,274 - INFO - [861/2075] Biological assembly already cached: 5EGG-assembly1.cif
2026-06-01 03:11:52,474 - INFO - [862/2075] Asymmetric unit already cached: 5EIC.cif
2026-06-01 03:11:52,474 - INFO - [862/2075] Biological assembly already cached: 5EIC-assembly1.cif
2026-06-01 03:11:52,675 - INFO - [863/2075] Asymmetric unit already cached: 5ENG.cif
2026-06-01 03:11:52,675 - INFO - [863/2075] Biological assembly already cached: 5ENG-assembly1.cif
2026-06-01 03:11:52,875 - INFO - [864/2075] Asymmetric unit already cached: 5EP7.cif
2026-06-01 03:11:52,875 - INFO - [864/2075] Biological assembly already cached: 5EP7-assembly1.cif
2026-06-01 03:11:53,076 - INFO - [865/2075] Asymmetric unit already cached: 5EYA.cif
2026-06-01 03:11:53,076 - INFO - [865/2075] Biological assembly already cached: 5EYA-assembly1.cif
2026-06-01 03:11:53,276 - INFO - [866/2075] Asymmetric unit already cached: 5F59.cif
2026-06-01 03:11:53,276 - INFO - [866/2075] Biological assembly already cached: 5F59-assembly1.cif
2026-06-01 03:11:53,476 - INFO - [867/2075] Asymmetric unit already cached: 5F6D.cif
2026-06-01 03:11:53,476 - INFO - [867/2075] Biological assembly already cached: 5F6D-assembly1.cif
2026-06-01 03:11:53,677 - INFO - [868/2075] Asymmetric unit already cached: 5F6E.cif
2026-06-01 03:11:53,677 - INFO - [868/2075] Biological assembly already cached: 5F6E-assembly1.cif
2026-06-01 03:11:53,877 - INFO - [869/2075] Asymmetric unit already cached: 5F6K.cif
2026-06-01 03:11:53,877 - INFO - [869/2075] Biological assembly already cached: 5F6K-assembly1.cif
2026-06-01 03:11:54,078 - INFO - [870/2075] Asymmetric unit already cached: 5F6U.cif
2026-06-01 03:11:54,078 - INFO - [870/2075] Biological assembly already cached: 5F6U-assembly1.cif
2026-06-01 03:11:54,279 - INFO - [871/2075] Asymmetric unit already cached: 5F6V.cif
2026-06-01 03:11:54,279 - INFO - [871/2075] Biological assembly already cached: 5F6V-assembly1.cif
2026-06-01 03:11:54,479 - INFO - [872/2075] Asymmetric unit already cached: 5F6W.cif
2026-06-01 03:11:54,479 - INFO - [872/2075] Biological assembly already cached: 5F6W-assembly1.cif
2026-06-01 03:11:54,679 - INFO - [873/2075] Asymmetric unit already cached: 5F6X.cif
2026-06-01 03:11:54,680 - INFO - [873/2075] Biological assembly already cached: 5F6X-assembly1.cif
2026-06-01 03:11:54,880 - INFO - [874/2075] Asymmetric unit already cached: 5F6Y.cif
2026-06-01 03:11:54,880 - INFO - [874/2075] Biological assembly already cached: 5F6Y-assembly1.cif
2026-06-01 03:11:55,080 - INFO - [875/2075] Asymmetric unit already cached: 5FER.cif
2026-06-01 03:11:55,080 - INFO - [875/2075] Biological assembly already cached: 5FER-assembly1.cif
2026-06-01 03:11:55,281 - INFO - [876/2075] Asymmetric unit already cached: 5FEY.cif
2026-06-01 03:11:55,281 - INFO - [876/2075] Biological assembly already cached: 5FEY-assembly1.cif
2026-06-01 03:11:55,481 - INFO - [877/2075] Asymmetric unit already cached: 5FQ2.cif
2026-06-01 03:11:55,481 - INFO - [877/2075] Biological assembly already cached: 5FQ2-assembly1.cif
2026-06-01 03:11:55,681 - INFO - [878/2075] Asymmetric unit already cached: 5FR6.cif
2026-06-01 03:11:55,682 - INFO - [878/2075] Biological assembly already cached: 5FR6-assembly1.cif
2026-06-01 03:11:55,882 - INFO - [879/2075] Asymmetric unit already cached: 5G04.cif
2026-06-01 03:11:55,882 - INFO - [879/2075] Biological assembly already cached: 5G04-assembly1.cif
2026-06-01 03:11:56,082 - INFO - [880/2075] Asymmetric unit already cached: 5G05.cif
2026-06-01 03:11:56,082 - INFO - [880/2075] Biological assembly already cached: 5G05-assembly1.cif
2026-06-01 03:11:56,283 - INFO - [881/2075] Asymmetric unit already cached: 5GG4.cif
2026-06-01 03:11:56,283 - INFO - [881/2075] Biological assembly already cached: 5GG4-assembly1.cif
2026-06-01 03:11:56,483 - INFO - [882/2075] Asymmetric unit already cached: 5GH9.cif
2026-06-01 03:11:56,483 - INFO - [882/2075] Biological assembly already cached: 5GH9-assembly1.cif
2026-06-01 03:11:56,683 - INFO - [883/2075] Asymmetric unit already cached: 5H1T.cif
2026-06-01 03:11:56,684 - INFO - [883/2075] Biological assembly already cached: 5H1T-assembly1.cif
2026-06-01 03:11:56,884 - INFO - [884/2075] Asymmetric unit already cached: 5H1U.cif
2026-06-01 03:11:56,884 - INFO - [884/2075] Biological assembly already cached: 5H1U-assembly1.cif
2026-06-01 03:11:57,084 - INFO - [885/2075] Asymmetric unit already cached: 5H1V.cif
2026-06-01 03:11:57,084 - INFO - [885/2075] Biological assembly already cached: 5H1V-assembly1.cif
2026-06-01 03:11:57,285 - INFO - [886/2075] Asymmetric unit already cached: 5H7R.cif
2026-06-01 03:11:57,285 - INFO - [886/2075] Biological assembly already cached: 5H7R-assembly1.cif
2026-06-01 03:11:57,485 - INFO - [887/2075] Asymmetric unit already cached: 5H7S.cif
2026-06-01 03:11:57,485 - INFO - [887/2075] Biological assembly already cached: 5H7S-assembly1.cif
2026-06-01 03:11:57,685 - INFO - [888/2075] Asymmetric unit already cached: 5H85.cif
2026-06-01 03:11:57,686 - INFO - [888/2075] Biological assembly already cached: 5H85-assembly1.cif
2026-06-01 03:11:57,886 - INFO - [889/2075] Asymmetric unit already cached: 5H9M.cif
2026-06-01 03:11:57,886 - INFO - [889/2075] Biological assembly already cached: 5H9M-assembly1.cif
2026-06-01 03:11:58,086 - INFO - [890/2075] Asymmetric unit already cached: 5HKW.cif
2026-06-01 03:11:58,086 - INFO - [890/2075] Biological assembly already cached: 5HKW-assembly1.cif
2026-06-01 03:11:58,287 - INFO - [891/2075] Asymmetric unit already cached: 5HKX.cif
2026-06-01 03:11:58,287 - INFO - [891/2075] Biological assembly already cached: 5HKX-assembly1.cif
2026-06-01 03:11:58,487 - INFO - [892/2075] Asymmetric unit already cached: 5HKY.cif
2026-06-01 03:11:58,487 - INFO - [892/2075] Biological assembly already cached: 5HKY-assembly1.cif
2026-06-01 03:11:58,688 - INFO - [893/2075] Asymmetric unit already cached: 5HKZ.cif
2026-06-01 03:11:58,688 - INFO - [893/2075] Biological assembly already cached: 5HKZ-assembly1.cif
2026-06-01 03:11:58,888 - INFO - [894/2075] Asymmetric unit already cached: 5HL0.cif
2026-06-01 03:11:58,888 - INFO - [894/2075] Biological assembly already cached: 5HL0-assembly1.cif
2026-06-01 03:11:59,088 - INFO - [895/2075] Asymmetric unit already cached: 5HMH.cif
2026-06-01 03:11:59,089 - INFO - [895/2075] Biological assembly already cached: 5HMH-assembly1.cif
2026-06-01 03:11:59,290 - INFO - [896/2075] Asymmetric unit already cached: 5HMI.cif
2026-06-01 03:11:59,290 - INFO - [896/2075] Biological assembly already cached: 5HMI-assembly1.cif
2026-06-01 03:11:59,490 - INFO - [897/2075] Asymmetric unit already cached: 5HMK.cif
2026-06-01 03:11:59,490 - INFO - [897/2075] Biological assembly already cached: 5HMK-assembly1.cif
2026-06-01 03:11:59,690 - INFO - [898/2075] Asymmetric unit already cached: 5HPK.cif
2026-06-01 03:11:59,691 - INFO - [898/2075] Biological assembly already cached: 5HPK-assembly1.cif
2026-06-01 03:11:59,891 - INFO - [899/2075] Asymmetric unit already cached: 5HPS.cif
2026-06-01 03:11:59,891 - INFO - [899/2075] Biological assembly already cached: 5HPS-assembly1.cif
2026-06-01 03:12:00,091 - INFO - [900/2075] Asymmetric unit already cached: 5HPT.cif
2026-06-01 03:12:00,091 - INFO - [900/2075] Biological assembly already cached: 5HPT-assembly1.cif
2026-06-01 03:12:00,292 - INFO - [901/2075] Asymmetric unit already cached: 5HQG.cif
2026-06-01 03:12:00,292 - INFO - [901/2075] Biological assembly already cached: 5HQG-assembly1.cif
2026-06-01 03:12:00,492 - INFO - [902/2075] Asymmetric unit already cached: 5HVQ.cif
2026-06-01 03:12:00,492 - INFO - [902/2075] Biological assembly already cached: 5HVQ-assembly1.cif
2026-06-01 03:12:00,693 - INFO - [903/2075] Asymmetric unit already cached: 5I83.cif
2026-06-01 03:12:00,693 - INFO - [903/2075] Biological assembly already cached: 5I83-assembly1.cif
2026-06-01 03:12:00,893 - INFO - [904/2075] Asymmetric unit already cached: 5I86.cif
2026-06-01 03:12:00,893 - INFO - [904/2075] Biological assembly already cached: 5I86-assembly1.cif
2026-06-01 03:12:01,093 - INFO - [905/2075] Asymmetric unit already cached: 5I89.cif
2026-06-01 03:12:01,093 - INFO - [905/2075] Biological assembly already cached: 5I89-assembly1.cif
2026-06-01 03:12:01,294 - INFO - [906/2075] Asymmetric unit already cached: 5I8B.cif
2026-06-01 03:12:01,294 - INFO - [906/2075] Biological assembly already cached: 5I8B-assembly1.cif
2026-06-01 03:12:01,494 - INFO - [907/2075] Asymmetric unit already cached: 5I8G.cif
2026-06-01 03:12:01,494 - INFO - [907/2075] Biological assembly already cached: 5I8G-assembly1.cif
2026-06-01 03:12:01,694 - INFO - [908/2075] Asymmetric unit already cached: 5IAY.cif
2026-06-01 03:12:01,695 - INFO - [908/2075] Biological assembly already cached: 5IAY-assembly1.cif
2026-06-01 03:12:01,895 - INFO - [909/2075] Asymmetric unit already cached: 5IFR.cif
2026-06-01 03:12:01,895 - INFO - [909/2075] Biological assembly already cached: 5IFR-assembly1.cif
2026-06-01 03:12:02,095 - INFO - [910/2075] Asymmetric unit already cached: 5IGQ.cif
2026-06-01 03:12:02,095 - INFO - [910/2075] Biological assembly already cached: 5IGQ-assembly1.cif
2026-06-01 03:12:02,296 - INFO - [911/2075] Asymmetric unit already cached: 5IM8.cif
2026-06-01 03:12:02,296 - INFO - [911/2075] Biological assembly already cached: 5IM8-assembly1.cif
2026-06-01 03:12:02,496 - INFO - [912/2075] Asymmetric unit already cached: 5J0D.cif
2026-06-01 03:12:02,496 - INFO - [912/2075] Biological assembly already cached: 5J0D-assembly1.cif
2026-06-01 03:12:02,697 - INFO - [913/2075] Asymmetric unit already cached: 5J3X.cif
2026-06-01 03:12:02,697 - INFO - [913/2075] Biological assembly already cached: 5J3X-assembly1.cif
2026-06-01 03:12:02,897 - INFO - [914/2075] Asymmetric unit already cached: 5J7F.cif
2026-06-01 03:12:02,897 - INFO - [914/2075] Biological assembly already cached: 5J7F-assembly1.cif
2026-06-01 03:12:03,097 - INFO - [915/2075] Asymmetric unit already cached: 5J7G.cif
2026-06-01 03:12:03,097 - INFO - [915/2075] Biological assembly already cached: 5J7G-assembly1.cif
2026-06-01 03:12:03,298 - INFO - [916/2075] Asymmetric unit already cached: 5JEM.cif
2026-06-01 03:12:03,298 - INFO - [916/2075] Biological assembly already cached: 5JEM-assembly1.cif
2026-06-01 03:12:03,498 - INFO - [917/2075] Asymmetric unit already cached: 5JG6.cif
2026-06-01 03:12:03,498 - INFO - [917/2075] Biological assembly already cached: 5JG6-assembly1.cif
2026-06-01 03:12:03,698 - INFO - [918/2075] Asymmetric unit already cached: 5JH5.cif
2026-06-01 03:12:03,699 - INFO - [918/2075] Biological assembly already cached: 5JH5-assembly1.cif
2026-06-01 03:12:03,899 - INFO - [919/2075] Asymmetric unit already cached: 5JPX.cif
2026-06-01 03:12:03,899 - INFO - [919/2075] Biological assembly already cached: 5JPX-assembly1.cif
2026-06-01 03:12:04,099 - INFO - [920/2075] Asymmetric unit already cached: 5JW7.cif
2026-06-01 03:12:04,100 - INFO - [920/2075] Biological assembly already cached: 5JW7-assembly1.cif
2026-06-01 03:12:04,300 - INFO - [921/2075] Asymmetric unit already cached: 5K5F.cif
2026-06-01 03:12:04,301 - INFO - [921/2075] Biological assembly already cached: 5K5F-assembly1.cif
2026-06-01 03:12:04,501 - INFO - [922/2075] Asymmetric unit already cached: 5KH3.cif
2026-06-01 03:12:04,501 - INFO - [922/2075] Biological assembly already cached: 5KH3-assembly1.cif
2026-06-01 03:12:04,701 - INFO - [923/2075] Asymmetric unit already cached: 5KH7.cif
2026-06-01 03:12:04,701 - INFO - [923/2075] Biological assembly already cached: 5KH7-assembly1.cif
2026-06-01 03:12:04,902 - INFO - [924/2075] Asymmetric unit already cached: 5KH9.cif
2026-06-01 03:12:04,902 - INFO - [924/2075] Biological assembly already cached: 5KH9-assembly1.cif
2026-06-01 03:12:05,102 - INFO - [925/2075] Asymmetric unit already cached: 5KHR.cif
2026-06-01 03:12:05,102 - INFO - [925/2075] Biological assembly already cached: 5KHR-assembly1.cif
2026-06-01 03:12:05,302 - INFO - [926/2075] Asymmetric unit already cached: 5KHU.cif
2026-06-01 03:12:05,303 - INFO - [926/2075] Biological assembly already cached: 5KHU-assembly1.cif
2026-06-01 03:12:05,503 - INFO - [927/2075] Asymmetric unit already cached: 5KJ2.cif
2026-06-01 03:12:05,503 - INFO - [927/2075] Biological assembly already cached: 5KJ2-assembly1.cif
2026-06-01 03:12:05,703 - INFO - [928/2075] Asymmetric unit already cached: 5KTU.cif
2026-06-01 03:12:05,703 - INFO - [928/2075] Biological assembly already cached: 5KTU-assembly1.cif
2026-06-01 03:12:05,904 - INFO - [929/2075] Asymmetric unit already cached: 5KTW.cif
2026-06-01 03:12:05,904 - INFO - [929/2075] Biological assembly already cached: 5KTW-assembly1.cif
2026-06-01 03:12:06,104 - INFO - [930/2075] Asymmetric unit already cached: 5KTX.cif
2026-06-01 03:12:06,104 - INFO - [930/2075] Biological assembly already cached: 5KTX-assembly1.cif
2026-06-01 03:12:06,304 - INFO - [931/2075] Asymmetric unit already cached: 5L9T.cif
2026-06-01 03:12:06,304 - INFO - [931/2075] Biological assembly already cached: 5L9T-assembly1.cif
2026-06-01 03:12:06,505 - INFO - [932/2075] Asymmetric unit already cached: 5L9U.cif
2026-06-01 03:12:06,505 - INFO - [932/2075] Biological assembly already cached: 5L9U-assembly1.cif
2026-06-01 03:12:06,705 - INFO - [933/2075] Asymmetric unit already cached: 5LAV.cif
2026-06-01 03:12:06,705 - INFO - [933/2075] Biological assembly already cached: 5LAV-assembly1.cif
2026-06-01 03:12:06,906 - INFO - [934/2075] Asymmetric unit already cached: 5LAW.cif
2026-06-01 03:12:06,906 - INFO - [934/2075] Biological assembly already cached: 5LAW-assembly1.cif
2026-06-01 03:12:07,106 - INFO - [935/2075] Asymmetric unit already cached: 5LAY.cif
2026-06-01 03:12:07,106 - INFO - [935/2075] Biological assembly already cached: 5LAY-assembly1.cif
2026-06-01 03:12:07,306 - INFO - [936/2075] Asymmetric unit already cached: 5LAZ.cif
2026-06-01 03:12:07,307 - INFO - [936/2075] Biological assembly already cached: 5LAZ-assembly1.cif
2026-06-01 03:12:07,507 - INFO - [937/2075] Asymmetric unit already cached: 5LBN.cif
2026-06-01 03:12:07,507 - INFO - [937/2075] Biological assembly already cached: 5LBN-assembly1.cif
2026-06-01 03:12:07,707 - INFO - [938/2075] Asymmetric unit already cached: 5LCW.cif
2026-06-01 03:12:07,707 - INFO - [938/2075] Biological assembly already cached: 5LCW-assembly1.cif
2026-06-01 03:12:07,908 - INFO - [939/2075] Asymmetric unit already cached: 5LG0.cif
2026-06-01 03:12:07,908 - INFO - [939/2075] Biological assembly already cached: 5LG0-assembly1.cif
2026-06-01 03:12:08,108 - INFO - [940/2075] Asymmetric unit already cached: 5LG7.cif
2026-06-01 03:12:08,108 - INFO - [940/2075] Biological assembly already cached: 5LG7-assembly1.cif
2026-06-01 03:12:08,308 - INFO - [941/2075] Asymmetric unit already cached: 5LJN.cif
2026-06-01 03:12:08,308 - INFO - [941/2075] Biological assembly already cached: 5LJN-assembly1.cif
2026-06-01 03:12:08,509 - INFO - [942/2075] Asymmetric unit already cached: 5LKT.cif
2026-06-01 03:12:08,509 - INFO - [942/2075] Biological assembly already cached: 5LKT-assembly1.cif
2026-06-01 03:12:08,709 - INFO - [943/2075] Asymmetric unit already cached: 5LKU.cif
2026-06-01 03:12:08,709 - INFO - [943/2075] Biological assembly already cached: 5LKU-assembly1.cif
2026-06-01 03:12:08,910 - INFO - [944/2075] Asymmetric unit already cached: 5LKX.cif
2026-06-01 03:12:08,910 - INFO - [944/2075] Biological assembly already cached: 5LKX-assembly1.cif
2026-06-01 03:12:09,110 - INFO - [945/2075] Asymmetric unit already cached: 5LKZ.cif
2026-06-01 03:12:09,111 - INFO - [945/2075] Biological assembly already cached: 5LKZ-assembly1.cif
2026-06-01 03:12:09,311 - INFO - [946/2075] Asymmetric unit already cached: 5LN2.cif
2026-06-01 03:12:09,311 - INFO - [946/2075] Biological assembly already cached: 5LN2-assembly1.cif
2026-06-01 03:12:09,512 - INFO - [947/2075] Asymmetric unit already cached: 5LP8.cif
2026-06-01 03:12:09,512 - INFO - [947/2075] Biological assembly already cached: 5LP8-assembly1.cif
2026-06-01 03:12:09,712 - INFO - [948/2075] Asymmetric unit already cached: 5LPJ.cif
2026-06-01 03:12:09,712 - INFO - [948/2075] Biological assembly already cached: 5LPJ-assembly1.cif
2026-06-01 03:12:09,912 - INFO - [949/2075] Asymmetric unit already cached: 5LPK.cif
2026-06-01 03:12:09,912 - INFO - [949/2075] Biological assembly already cached: 5LPK-assembly1.cif
2026-06-01 03:12:10,113 - INFO - [950/2075] Asymmetric unit already cached: 5LPL.cif
2026-06-01 03:12:10,113 - INFO - [950/2075] Biological assembly already cached: 5LPL-assembly1.cif
2026-06-01 03:12:10,313 - INFO - [951/2075] Asymmetric unit already cached: 5LPM.cif
2026-06-01 03:12:10,313 - INFO - [951/2075] Biological assembly already cached: 5LPM-assembly1.cif
2026-06-01 03:12:10,514 - INFO - [952/2075] Asymmetric unit already cached: 5M6E.cif
2026-06-01 03:12:10,514 - INFO - [952/2075] Biological assembly already cached: 5M6E-assembly1.cif
2026-06-01 03:12:10,714 - INFO - [953/2075] Asymmetric unit already cached: 5M6F.cif
2026-06-01 03:12:10,714 - INFO - [953/2075] Biological assembly already cached: 5M6F-assembly1.cif
2026-06-01 03:12:10,914 - INFO - [954/2075] Asymmetric unit already cached: 5M6H.cif
2026-06-01 03:12:10,914 - INFO - [954/2075] Biological assembly already cached: 5M6H-assembly1.cif
2026-06-01 03:12:11,115 - INFO - [955/2075] Asymmetric unit already cached: 5M6L.cif
2026-06-01 03:12:11,115 - INFO - [955/2075] Biological assembly already cached: 5M6L-assembly1.cif
2026-06-01 03:12:11,315 - INFO - [956/2075] Asymmetric unit already cached: 5M6M.cif
2026-06-01 03:12:11,315 - INFO - [956/2075] Biological assembly already cached: 5M6M-assembly1.cif
2026-06-01 03:12:11,515 - INFO - [957/2075] Asymmetric unit already cached: 5M6N.cif
2026-06-01 03:12:11,516 - INFO - [957/2075] Biological assembly already cached: 5M6N-assembly1.cif
2026-06-01 03:12:11,716 - INFO - [958/2075] Asymmetric unit already cached: 5MME.cif
2026-06-01 03:12:11,716 - INFO - [958/2075] Biological assembly already cached: 5MME-assembly1.cif
2026-06-01 03:12:11,916 - INFO - [959/2075] Asymmetric unit already cached: 5MMG.cif
2026-06-01 03:12:11,916 - INFO - [959/2075] Biological assembly already cached: 5MMG-assembly1.cif
2026-06-01 03:12:12,117 - INFO - [960/2075] Asymmetric unit already cached: 5MNJ.cif
2026-06-01 03:12:12,117 - INFO - [960/2075] Biological assembly already cached: 5MNJ-assembly1.cif
2026-06-01 03:12:12,317 - INFO - [961/2075] Asymmetric unit already cached: 5MPK.cif
2026-06-01 03:12:12,317 - INFO - [961/2075] Biological assembly already cached: 5MPK-assembly1.cif
2026-06-01 03:12:12,518 - INFO - [962/2075] Asymmetric unit already cached: 5MPN.cif
2026-06-01 03:12:12,518 - INFO - [962/2075] Biological assembly already cached: 5MPN-assembly1.cif
2026-06-01 03:12:12,718 - INFO - [963/2075] Asymmetric unit already cached: 5MPZ.cif
2026-06-01 03:12:12,718 - INFO - [963/2075] Biological assembly already cached: 5MPZ-assembly1.cif
2026-06-01 03:12:12,918 - INFO - [964/2075] Asymmetric unit already cached: 5MQE.cif
2026-06-01 03:12:12,918 - INFO - [964/2075] Biological assembly already cached: 5MQE-assembly1.cif
2026-06-01 03:12:13,119 - INFO - [965/2075] Asymmetric unit already cached: 5MQF.cif
2026-06-01 03:12:13,119 - INFO - [965/2075] Biological assembly already cached: 5MQF-assembly1.cif
2026-06-01 03:12:13,319 - INFO - [966/2075] Asymmetric unit already cached: 5MQG.cif
2026-06-01 03:12:13,319 - INFO - [966/2075] Biological assembly already cached: 5MQG-assembly1.cif
2026-06-01 03:12:13,520 - INFO - [967/2075] Asymmetric unit already cached: 5MQK.cif
2026-06-01 03:12:13,520 - INFO - [967/2075] Biological assembly already cached: 5MQK-assembly1.cif
2026-06-01 03:12:13,720 - INFO - [968/2075] Asymmetric unit already cached: 5MR8.cif
2026-06-01 03:12:13,720 - INFO - [968/2075] Biological assembly already cached: 5MR8-assembly1.cif
2026-06-01 03:12:13,920 - INFO - [969/2075] Asymmetric unit already cached: 5N2W.cif
2026-06-01 03:12:13,920 - INFO - [969/2075] Biological assembly already cached: 5N2W-assembly1.cif
2026-06-01 03:12:14,121 - INFO - [970/2075] Asymmetric unit already cached: 5N38.cif
2026-06-01 03:12:14,121 - INFO - [970/2075] Biological assembly already cached: 5N38-assembly1.cif
2026-06-01 03:12:14,322 - INFO - [971/2075] Asymmetric unit already cached: 5N4W.cif
2026-06-01 03:12:14,322 - INFO - [971/2075] Biological assembly already cached: 5N4W-assembly1.cif
2026-06-01 03:12:14,522 - INFO - [972/2075] Asymmetric unit already cached: 5NGZ.cif
2026-06-01 03:12:14,522 - INFO - [972/2075] Biological assembly already cached: 5NGZ-assembly1.cif
2026-06-01 03:12:14,723 - INFO - [973/2075] Asymmetric unit already cached: 5NLK.cif
2026-06-01 03:12:14,723 - INFO - [973/2075] Biological assembly already cached: 5NLK-assembly1.cif
2026-06-01 03:12:14,923 - INFO - [974/2075] Asymmetric unit already cached: 5NRW.cif
2026-06-01 03:12:14,923 - INFO - [974/2075] Biological assembly already cached: 5NRW-assembly1.cif
2026-06-01 03:12:15,123 - INFO - [975/2075] Asymmetric unit already cached: 5NT1.cif
2026-06-01 03:12:15,123 - INFO - [975/2075] Biological assembly already cached: 5NT1-assembly1.cif
2026-06-01 03:12:15,324 - INFO - [976/2075] Asymmetric unit already cached: 5NT2.cif
2026-06-01 03:12:15,324 - INFO - [976/2075] Biological assembly already cached: 5NT2-assembly1.cif
2026-06-01 03:12:15,524 - INFO - [977/2075] Asymmetric unit already cached: 5NU3.cif
2026-06-01 03:12:15,524 - INFO - [977/2075] Biological assembly already cached: 5NU3-assembly1.cif
2026-06-01 03:12:15,725 - INFO - [978/2075] Asymmetric unit already cached: 5NU5.cif
2026-06-01 03:12:15,725 - INFO - [978/2075] Biological assembly already cached: 5NU5-assembly1.cif
2026-06-01 03:12:15,925 - INFO - [979/2075] Asymmetric unit already cached: 5O6C.cif
2026-06-01 03:12:15,925 - INFO - [979/2075] Biological assembly already cached: 5O6C-assembly1.cif
2026-06-01 03:12:16,125 - INFO - [980/2075] Asymmetric unit already cached: 5O6T.cif
2026-06-01 03:12:16,126 - INFO - [980/2075] Biological assembly already cached: 5O6T-assembly1.cif
2026-06-01 03:12:16,326 - INFO - [981/2075] Asymmetric unit already cached: 5O75.cif
2026-06-01 03:12:16,326 - INFO - [981/2075] Biological assembly already cached: 5O75-assembly1.cif
2026-06-01 03:12:16,526 - INFO - [982/2075] Asymmetric unit already cached: 5O76.cif
2026-06-01 03:12:16,526 - INFO - [982/2075] Biological assembly already cached: 5O76-assembly1.cif
2026-06-01 03:12:16,727 - INFO - [983/2075] Asymmetric unit already cached: 5OAI.cif
2026-06-01 03:12:16,727 - INFO - [983/2075] Biological assembly already cached: 5OAI-assembly1.cif
2026-06-01 03:12:16,927 - INFO - [984/2075] Asymmetric unit already cached: 5OC8.cif
2026-06-01 03:12:16,927 - INFO - [984/2075] Biological assembly already cached: 5OC8-assembly1.cif
2026-06-01 03:12:17,128 - INFO - [985/2075] Asymmetric unit already cached: 5OJJ.cif
2026-06-01 03:12:17,128 - INFO - [985/2075] Biological assembly already cached: 5OJJ-assembly1.cif
2026-06-01 03:12:17,328 - INFO - [986/2075] Asymmetric unit already cached: 5OLM.cif
2026-06-01 03:12:17,328 - INFO - [986/2075] Biological assembly already cached: 5OLM-assembly1.cif
2026-06-01 03:12:17,528 - INFO - [987/2075] Asymmetric unit already cached: 5OQW.cif
2026-06-01 03:12:17,529 - INFO - [987/2075] Biological assembly already cached: 5OQW-assembly1.cif
2026-06-01 03:12:17,729 - INFO - [988/2075] Asymmetric unit already cached: 5OWK.cif
2026-06-01 03:12:17,729 - INFO - [988/2075] Biological assembly already cached: 5OWK-assembly1.cif
2026-06-01 03:12:17,929 - INFO - [989/2075] Asymmetric unit already cached: 5SVH.cif
2026-06-01 03:12:17,929 - INFO - [989/2075] Biological assembly already cached: 5SVH-assembly1.cif
2026-06-01 03:12:18,130 - INFO - [990/2075] Asymmetric unit already cached: 5SWK.cif
2026-06-01 03:12:18,130 - INFO - [990/2075] Biological assembly already cached: 5SWK-assembly1.cif
2026-06-01 03:12:18,330 - INFO - [991/2075] Asymmetric unit already cached: 5SXP.cif
2026-06-01 03:12:18,330 - INFO - [991/2075] Biological assembly already cached: 5SXP-assembly1.cif
2026-06-01 03:12:18,530 - INFO - [992/2075] Asymmetric unit already cached: 5TB6.cif
2026-06-01 03:12:18,530 - INFO - [992/2075] Biological assembly already cached: 5TB6-assembly1.cif
2026-06-01 03:12:18,731 - INFO - [993/2075] Asymmetric unit already cached: 5TDA.cif
2026-06-01 03:12:18,731 - INFO - [993/2075] Biological assembly already cached: 5TDA-assembly1.cif
2026-06-01 03:12:18,931 - INFO - [994/2075] Asymmetric unit already cached: 5TDB.cif
2026-06-01 03:12:18,931 - INFO - [994/2075] Biological assembly already cached: 5TDB-assembly1.cif
2026-06-01 03:12:19,131 - INFO - [995/2075] Asymmetric unit already cached: 5TDC.cif
2026-06-01 03:12:19,132 - INFO - [995/2075] Biological assembly already cached: 5TDC-assembly1.cif
2026-06-01 03:12:19,333 - INFO - [996/2075] Asymmetric unit already cached: 5TDD.cif
2026-06-01 03:12:19,333 - INFO - [996/2075] Biological assembly already cached: 5TDD-assembly1.cif
2026-06-01 03:12:19,533 - INFO - [997/2075] Asymmetric unit already cached: 5TJ7.cif
2026-06-01 03:12:19,533 - INFO - [997/2075] Biological assembly already cached: 5TJ7-assembly1.cif
2026-06-01 03:12:19,733 - INFO - [998/2075] Asymmetric unit already cached: 5TJ8.cif
2026-06-01 03:12:19,733 - INFO - [998/2075] Biological assembly already cached: 5TJ8-assembly1.cif
2026-06-01 03:12:19,934 - INFO - [999/2075] Asymmetric unit already cached: 5TJQ.cif
2026-06-01 03:12:19,934 - INFO - [999/2075] Biological assembly already cached: 5TJQ-assembly1.cif
2026-06-01 03:12:20,134 - INFO - [1000/2075] Asymmetric unit already cached: 5TR5.cif
2026-06-01 03:12:20,134 - INFO - [1000/2075] Biological assembly already cached: 5TR5-assembly1.cif
2026-06-01 03:12:20,335 - INFO - [1001/2075] Asymmetric unit already cached: 5TRB.cif
2026-06-01 03:12:20,335 - INFO - [1001/2075] Biological assembly already cached: 5TRB-assembly1.cif
2026-06-01 03:12:20,535 - INFO - [1002/2075] Asymmetric unit already cached: 5TRF.cif
2026-06-01 03:12:20,535 - INFO - [1002/2075] Biological assembly already cached: 5TRF-assembly1.cif
2026-06-01 03:12:20,735 - INFO - [1003/2075] Asymmetric unit already cached: 5TTE.cif
2026-06-01 03:12:20,735 - INFO - [1003/2075] Biological assembly already cached: 5TTE-assembly1.cif
2026-06-01 03:12:20,936 - INFO - [1004/2075] Asymmetric unit already cached: 5TUT.cif
2026-06-01 03:12:20,936 - INFO - [1004/2075] Biological assembly already cached: 5TUT-assembly1.cif
2026-06-01 03:12:21,136 - INFO - [1005/2075] Asymmetric unit already cached: 5UDH.cif
2026-06-01 03:12:21,136 - INFO - [1005/2075] Biological assembly already cached: 5UDH-assembly1.cif
2026-06-01 03:12:21,337 - INFO - [1006/2075] Asymmetric unit already cached: 5ULF.cif
2026-06-01 03:12:21,337 - INFO - [1006/2075] Biological assembly already cached: 5ULF-assembly1.cif
2026-06-01 03:12:21,537 - INFO - [1007/2075] Asymmetric unit already cached: 5ULH.cif
2026-06-01 03:12:21,537 - INFO - [1007/2075] Biological assembly already cached: 5ULH-assembly1.cif
2026-06-01 03:12:21,737 - INFO - [1008/2075] Asymmetric unit already cached: 5ULK.cif
2026-06-01 03:12:21,738 - INFO - [1008/2075] Biological assembly already cached: 5ULK-assembly1.cif
2026-06-01 03:12:21,938 - INFO - [1009/2075] Asymmetric unit already cached: 5UM3.cif
2026-06-01 03:12:21,938 - INFO - [1009/2075] Biological assembly already cached: 5UM3-assembly1.cif
2026-06-01 03:12:22,138 - INFO - [1010/2075] Asymmetric unit already cached: 5UML.cif
2026-06-01 03:12:22,139 - INFO - [1010/2075] Biological assembly already cached: 5UML-assembly1.cif
2026-06-01 03:12:22,339 - INFO - [1011/2075] Asymmetric unit already cached: 5UMM.cif
2026-06-01 03:12:22,339 - INFO - [1011/2075] Biological assembly already cached: 5UMM-assembly1.cif
2026-06-01 03:12:22,539 - INFO - [1012/2075] Asymmetric unit already cached: 5VEY.cif
2026-06-01 03:12:22,539 - INFO - [1012/2075] Biological assembly already cached: 5VEY-assembly1.cif
2026-06-01 03:12:22,740 - INFO - [1013/2075] Asymmetric unit already cached: 5VF0.cif
2026-06-01 03:12:22,740 - INFO - [1013/2075] Biological assembly already cached: 5VF0-assembly1.cif
2026-06-01 03:12:22,940 - INFO - [1014/2075] Asymmetric unit already cached: 5VK0.cif
2026-06-01 03:12:22,940 - INFO - [1014/2075] Biological assembly already cached: 5VK0-assembly1.cif
2026-06-01 03:12:23,141 - INFO - [1015/2075] Asymmetric unit already cached: 5VK1.cif
2026-06-01 03:12:23,141 - INFO - [1015/2075] Biological assembly already cached: 5VK1-assembly1.cif
2026-06-01 03:12:23,341 - INFO - [1016/2075] Asymmetric unit already cached: 5VNZ.cif
2026-06-01 03:12:23,341 - INFO - [1016/2075] Biological assembly already cached: 5VNZ-assembly1.cif
2026-06-01 03:12:23,541 - INFO - [1017/2075] Asymmetric unit already cached: 5VO0.cif
2026-06-01 03:12:23,542 - INFO - [1017/2075] Biological assembly already cached: 5VO0-assembly1.cif
2026-06-01 03:12:23,742 - INFO - [1018/2075] Asymmetric unit already cached: 5VZV.cif
2026-06-01 03:12:23,742 - INFO - [1018/2075] Biological assembly already cached: 5VZV-assembly1.cif
2026-06-01 03:12:23,942 - INFO - [1019/2075] Asymmetric unit already cached: 5VZW.cif
2026-06-01 03:12:23,942 - INFO - [1019/2075] Biological assembly already cached: 5VZW-assembly1.cif
2026-06-01 03:12:24,143 - INFO - [1020/2075] Asymmetric unit already cached: 5W0E.cif
2026-06-01 03:12:24,143 - INFO - [1020/2075] Biological assembly already cached: 5W0E-assembly1.cif
2026-06-01 03:12:24,344 - INFO - [1021/2075] Asymmetric unit already cached: 5W0F.cif
2026-06-01 03:12:24,344 - INFO - [1021/2075] Biological assembly already cached: 5W0F-assembly1.cif
2026-06-01 03:12:24,544 - INFO - [1022/2075] Asymmetric unit already cached: 5W0L.cif
2026-06-01 03:12:24,544 - INFO - [1022/2075] Biological assembly already cached: 5W0L-assembly1.cif
2026-06-01 03:12:24,745 - INFO - [1023/2075] Asymmetric unit already cached: 5W0Q.cif
2026-06-01 03:12:24,745 - INFO - [1023/2075] Biological assembly already cached: 5W0Q-assembly1.cif
2026-06-01 03:12:24,945 - INFO - [1024/2075] Asymmetric unit already cached: 5W87.cif
2026-06-01 03:12:24,945 - INFO - [1024/2075] Biological assembly already cached: 5W87-assembly1.cif
2026-06-01 03:12:25,145 - INFO - [1025/2075] Asymmetric unit already cached: 5WBN.cif
2026-06-01 03:12:25,145 - INFO - [1025/2075] Biological assembly already cached: 5WBN-assembly1.cif
2026-06-01 03:12:25,346 - INFO - [1026/2075] Asymmetric unit already cached: 5WPB.cif
2026-06-01 03:12:25,346 - INFO - [1026/2075] Biological assembly already cached: 5WPB-assembly1.cif
2026-06-01 03:12:25,546 - INFO - [1027/2075] Asymmetric unit already cached: 5WTS.cif
2026-06-01 03:12:25,546 - INFO - [1027/2075] Biological assembly already cached: 5WTS-assembly1.cif
2026-06-01 03:12:25,747 - INFO - [1028/2075] Asymmetric unit already cached: 5WWW.cif
2026-06-01 03:12:25,747 - INFO - [1028/2075] Biological assembly already cached: 5WWW-assembly1.cif
2026-06-01 03:12:25,947 - INFO - [1029/2075] Asymmetric unit already cached: 5WWX.cif
2026-06-01 03:12:25,947 - INFO - [1029/2075] Biological assembly already cached: 5WWX-assembly1.cif
2026-06-01 03:12:26,147 - INFO - [1030/2075] Asymmetric unit already cached: 5WWZ.cif
2026-06-01 03:12:26,148 - INFO - [1030/2075] Biological assembly already cached: 5WWZ-assembly1.cif
2026-06-01 03:12:26,348 - INFO - [1031/2075] Asymmetric unit already cached: 5WY5.cif
2026-06-01 03:12:26,348 - INFO - [1031/2075] Biological assembly already cached: 5WY5-assembly1.cif
2026-06-01 03:12:26,548 - INFO - [1032/2075] Asymmetric unit already cached: 5WZZ.cif
2026-06-01 03:12:26,548 - INFO - [1032/2075] Biological assembly already cached: 5WZZ-assembly1.cif
2026-06-01 03:12:26,749 - INFO - [1033/2075] Asymmetric unit already cached: 5X0W.cif
2026-06-01 03:12:26,749 - INFO - [1033/2075] Biological assembly already cached: 5X0W-assembly1.cif
2026-06-01 03:12:26,949 - INFO - [1034/2075] Asymmetric unit already cached: 5XEK.cif
2026-06-01 03:12:26,949 - INFO - [1034/2075] Biological assembly already cached: 5XEK-assembly1.cif
2026-06-01 03:12:27,149 - INFO - [1035/2075] Asymmetric unit already cached: 5XIS.cif
2026-06-01 03:12:27,150 - INFO - [1035/2075] Biological assembly already cached: 5XIS-assembly1.cif
2026-06-01 03:12:27,350 - INFO - [1036/2075] Asymmetric unit already cached: 5XIT.cif
2026-06-01 03:12:27,350 - INFO - [1036/2075] Biological assembly already cached: 5XIT-assembly1.cif
2026-06-01 03:12:27,550 - INFO - [1037/2075] Asymmetric unit already cached: 5XIU.cif
2026-06-01 03:12:27,550 - INFO - [1037/2075] Biological assembly already cached: 5XIU-assembly1.cif
2026-06-01 03:12:27,751 - INFO - [1038/2075] Asymmetric unit already cached: 5XJC.cif
2026-06-01 03:12:27,751 - INFO - [1038/2075] Biological assembly already cached: 5XJC-assembly1.cif
2026-06-01 03:12:27,951 - INFO - [1039/2075] Asymmetric unit already cached: 5XPI.cif
2026-06-01 03:12:27,951 - INFO - [1039/2075] Biological assembly already cached: 5XPI-assembly1.cif
2026-06-01 03:12:28,151 - INFO - [1040/2075] Asymmetric unit already cached: 5XXH.cif
2026-06-01 03:12:28,152 - INFO - [1040/2075] Biological assembly already cached: 5XXH-assembly1.cif
2026-06-01 03:12:28,352 - INFO - [1041/2075] Asymmetric unit already cached: 5XXK.cif
2026-06-01 03:12:28,352 - INFO - [1041/2075] Biological assembly already cached: 5XXK-assembly1.cif
2026-06-01 03:12:28,552 - INFO - [1042/2075] Asymmetric unit already cached: 5XZC.cif
2026-06-01 03:12:28,553 - INFO - [1042/2075] Biological assembly already cached: 5XZC-assembly1.cif
2026-06-01 03:12:28,753 - INFO - [1043/2075] Asymmetric unit already cached: 5YC1.cif
2026-06-01 03:12:28,753 - INFO - [1043/2075] Biological assembly already cached: 5YC1-assembly1.cif
2026-06-01 03:12:28,953 - INFO - [1044/2075] Asymmetric unit already cached: 5YCO.cif
2026-06-01 03:12:28,953 - INFO - [1044/2075] Biological assembly already cached: 5YCO-assembly1.cif
2026-06-01 03:12:29,154 - INFO - [1045/2075] Asymmetric unit already cached: 5YDK.cif
2026-06-01 03:12:29,154 - INFO - [1045/2075] Biological assembly already cached: 5YDK-assembly1.cif
2026-06-01 03:12:29,355 - INFO - [1046/2075] Asymmetric unit already cached: 5YP7.cif
2026-06-01 03:12:29,355 - INFO - [1046/2075] Biological assembly already cached: 5YP7-assembly1.cif
2026-06-01 03:12:29,555 - INFO - [1047/2075] Asymmetric unit already cached: 5YP8.cif
2026-06-01 03:12:29,555 - INFO - [1047/2075] Biological assembly already cached: 5YP8-assembly1.cif
2026-06-01 03:12:29,756 - INFO - [1048/2075] Asymmetric unit already cached: 5YPA.cif
2026-06-01 03:12:29,756 - INFO - [1048/2075] Biological assembly already cached: 5YPA-assembly1.cif
2026-06-01 03:12:29,956 - INFO - [1049/2075] Asymmetric unit already cached: 5YPB.cif
2026-06-01 03:12:29,956 - INFO - [1049/2075] Biological assembly already cached: 5YPB-assembly1.cif
2026-06-01 03:12:30,157 - INFO - [1050/2075] Asymmetric unit already cached: 5YPC.cif
2026-06-01 03:12:30,157 - INFO - [1050/2075] Biological assembly already cached: 5YPC-assembly1.cif
2026-06-01 03:12:30,357 - INFO - [1051/2075] Asymmetric unit already cached: 5YPE.cif
2026-06-01 03:12:30,357 - INFO - [1051/2075] Biological assembly already cached: 5YPE-assembly1.cif
2026-06-01 03:12:30,557 - INFO - [1052/2075] Asymmetric unit already cached: 5YPF.cif
2026-06-01 03:12:30,558 - INFO - [1052/2075] Biological assembly already cached: 5YPF-assembly1.cif
2026-06-01 03:12:30,758 - INFO - [1053/2075] Asymmetric unit already cached: 5YPG.cif
2026-06-01 03:12:30,758 - INFO - [1053/2075] Biological assembly already cached: 5YPG-assembly1.cif
2026-06-01 03:12:30,958 - INFO - [1054/2075] Asymmetric unit already cached: 5YPH.cif
2026-06-01 03:12:30,958 - INFO - [1054/2075] Biological assembly already cached: 5YPH-assembly1.cif
2026-06-01 03:12:31,159 - INFO - [1055/2075] Asymmetric unit already cached: 5YUF.cif
2026-06-01 03:12:31,159 - INFO - [1055/2075] Biological assembly already cached: 5YUF-assembly1.cif
2026-06-01 03:12:31,359 - INFO - [1056/2075] Asymmetric unit already cached: 5YWR.cif
2026-06-01 03:12:31,359 - INFO - [1056/2075] Biological assembly already cached: 5YWR-assembly1.cif
2026-06-01 03:12:31,560 - INFO - [1057/2075] Asymmetric unit already cached: 5YY9.cif
2026-06-01 03:12:31,560 - INFO - [1057/2075] Biological assembly already cached: 5YY9-assembly1.cif
2026-06-01 03:12:31,760 - INFO - [1058/2075] Asymmetric unit already cached: 5YYA.cif
2026-06-01 03:12:31,760 - INFO - [1058/2075] Biological assembly already cached: 5YYA-assembly1.cif
2026-06-01 03:12:31,960 - INFO - [1059/2075] Asymmetric unit already cached: 5YZG.cif
2026-06-01 03:12:31,961 - INFO - [1059/2075] Biological assembly already cached: 5YZG-assembly1.cif
2026-06-01 03:12:32,161 - INFO - [1060/2075] Asymmetric unit already cached: 5Z02.cif
2026-06-01 03:12:32,161 - INFO - [1060/2075] Biological assembly already cached: 5Z02-assembly1.cif
2026-06-01 03:12:32,362 - INFO - [1061/2075] Asymmetric unit already cached: 5Z56.cif
2026-06-01 03:12:32,362 - INFO - [1061/2075] Biological assembly already cached: 5Z56-assembly1.cif
2026-06-01 03:12:32,562 - INFO - [1062/2075] Asymmetric unit already cached: 5Z57.cif
2026-06-01 03:12:32,562 - INFO - [1062/2075] Biological assembly already cached: 5Z57-assembly1.cif
2026-06-01 03:12:32,762 - INFO - [1063/2075] Asymmetric unit already cached: 5Z58.cif
2026-06-01 03:12:32,762 - INFO - [1063/2075] Biological assembly already cached: 5Z58-assembly1.cif
2026-06-01 03:12:32,963 - INFO - [1064/2075] Asymmetric unit already cached: 5ZBU.cif
2026-06-01 03:12:32,963 - INFO - [1064/2075] Biological assembly already cached: 5ZBU-assembly1.cif
2026-06-01 03:12:33,163 - INFO - [1065/2075] Asymmetric unit already cached: 5ZC4.cif
2026-06-01 03:12:33,163 - INFO - [1065/2075] Biological assembly already cached: 5ZC4-assembly1.cif
2026-06-01 03:12:33,364 - INFO - [1066/2075] Asymmetric unit already cached: 5ZI6.cif
2026-06-01 03:12:33,364 - INFO - [1066/2075] Biological assembly already cached: 5ZI6-assembly1.cif
2026-06-01 03:12:33,564 - INFO - [1067/2075] Asymmetric unit already cached: 5ZUJ.cif
2026-06-01 03:12:33,564 - INFO - [1067/2075] Biological assembly already cached: 5ZUJ-assembly1.cif
2026-06-01 03:12:33,764 - INFO - [1068/2075] Asymmetric unit already cached: 5ZXF.cif
2026-06-01 03:12:33,765 - INFO - [1068/2075] Biological assembly already cached: 5ZXF-assembly1.cif
2026-06-01 03:12:33,965 - INFO - [1069/2075] Asymmetric unit already cached: 6A33.cif
2026-06-01 03:12:33,965 - INFO - [1069/2075] Biological assembly already cached: 6A33-assembly1.cif
2026-06-01 03:12:34,165 - INFO - [1070/2075] Asymmetric unit already cached: 6A3Z.cif
2026-06-01 03:12:34,166 - INFO - [1070/2075] Biological assembly already cached: 6A3Z-assembly1.cif
2026-06-01 03:12:34,366 - INFO - [1071/2075] Asymmetric unit already cached: 6AAW.cif
2026-06-01 03:12:34,367 - INFO - [1071/2075] Biological assembly already cached: 6AAW-assembly1.cif
2026-06-01 03:12:34,567 - INFO - [1072/2075] Asymmetric unit already cached: 6ALB.cif
2026-06-01 03:12:34,567 - INFO - [1072/2075] Biological assembly already cached: 6ALB-assembly1.cif
2026-06-01 03:12:34,767 - INFO - [1073/2075] Asymmetric unit already cached: 6ALC.cif
2026-06-01 03:12:34,767 - INFO - [1073/2075] Biological assembly already cached: 6ALC-assembly1.cif
2026-06-01 03:12:34,968 - INFO - [1074/2075] Asymmetric unit already cached: 6AXQ.cif
2026-06-01 03:12:34,968 - INFO - [1074/2075] Biological assembly already cached: 6AXQ-assembly1.cif
2026-06-01 03:12:35,168 - INFO - [1075/2075] Asymmetric unit already cached: 6AY3.cif
2026-06-01 03:12:35,168 - INFO - [1075/2075] Biological assembly already cached: 6AY3-assembly1.cif
2026-06-01 03:12:35,369 - INFO - [1076/2075] Asymmetric unit already cached: 6AY5.cif
2026-06-01 03:12:35,369 - INFO - [1076/2075] Biological assembly already cached: 6AY5-assembly1.cif
2026-06-01 03:12:35,569 - INFO - [1077/2075] Asymmetric unit already cached: 6B9M.cif
2026-06-01 03:12:35,569 - INFO - [1077/2075] Biological assembly already cached: 6B9M-assembly1.cif
2026-06-01 03:12:35,769 - INFO - [1078/2075] Asymmetric unit already cached: 6CE6.cif
2026-06-01 03:12:35,770 - INFO - [1078/2075] Biological assembly already cached: 6CE6-assembly1.cif
2026-06-01 03:12:35,970 - INFO - [1079/2075] Asymmetric unit already cached: 6CE8.cif
2026-06-01 03:12:35,970 - INFO - [1079/2075] Biological assembly already cached: 6CE8-assembly1.cif
2026-06-01 03:12:36,170 - INFO - [1080/2075] Asymmetric unit already cached: 6CEA.cif
2026-06-01 03:12:36,170 - INFO - [1080/2075] Biological assembly already cached: 6CEA-assembly1.cif
2026-06-01 03:12:36,371 - INFO - [1081/2075] Asymmetric unit already cached: 6CEC.cif
2026-06-01 03:12:36,371 - INFO - [1081/2075] Biological assembly already cached: 6CEC-assembly1.cif
2026-06-01 03:12:36,571 - INFO - [1082/2075] Asymmetric unit already cached: 6CED.cif
2026-06-01 03:12:36,571 - INFO - [1082/2075] Biological assembly already cached: 6CED-assembly1.cif
2026-06-01 03:12:36,772 - INFO - [1083/2075] Asymmetric unit already cached: 6CEE.cif
2026-06-01 03:12:36,772 - INFO - [1083/2075] Biological assembly already cached: 6CEE-assembly1.cif
2026-06-01 03:12:36,972 - INFO - [1084/2075] Asymmetric unit already cached: 6CEF.cif
2026-06-01 03:12:36,972 - INFO - [1084/2075] Biological assembly already cached: 6CEF-assembly1.cif
2026-06-01 03:12:37,173 - INFO - [1085/2075] Asymmetric unit already cached: 6CF6.cif
2026-06-01 03:12:37,173 - INFO - [1085/2075] Biological assembly already cached: 6CF6-assembly1.cif
2026-06-01 03:12:37,373 - INFO - [1086/2075] Asymmetric unit already cached: 6CP0.cif
2026-06-01 03:12:37,373 - INFO - [1086/2075] Biological assembly already cached: 6CP0-assembly1.cif
2026-06-01 03:12:37,574 - INFO - [1087/2075] Asymmetric unit already cached: 6CP2.cif
2026-06-01 03:12:37,574 - INFO - [1087/2075] Biological assembly already cached: 6CP2-assembly1.cif
2026-06-01 03:12:37,774 - INFO - [1088/2075] Asymmetric unit already cached: 6CVZ.cif
2026-06-01 03:12:37,774 - INFO - [1088/2075] Biological assembly already cached: 6CVZ-assembly1.cif
2026-06-01 03:12:37,975 - INFO - [1089/2075] Asymmetric unit already cached: 6CYO.cif
2026-06-01 03:12:37,975 - INFO - [1089/2075] Biological assembly already cached: 6CYO-assembly1.cif
2026-06-01 03:12:38,175 - INFO - [1090/2075] Asymmetric unit already cached: 6CYR.cif
2026-06-01 03:12:38,175 - INFO - [1090/2075] Biological assembly already cached: 6CYR-assembly1.cif
2026-06-01 03:12:38,376 - INFO - [1091/2075] Asymmetric unit already cached: 6D4P.cif
2026-06-01 03:12:38,376 - INFO - [1091/2075] Biological assembly already cached: 6D4P-assembly1.cif
2026-06-01 03:12:38,576 - INFO - [1092/2075] Asymmetric unit already cached: 6D68.cif
2026-06-01 03:12:38,576 - INFO - [1092/2075] Biological assembly already cached: 6D68-assembly1.cif
2026-06-01 03:12:38,776 - INFO - [1093/2075] Asymmetric unit already cached: 6D6I.cif
2026-06-01 03:12:38,776 - INFO - [1093/2075] Biological assembly already cached: 6D6I-assembly1.cif
2026-06-01 03:12:38,977 - INFO - [1094/2075] Asymmetric unit already cached: 6DJW.cif
2026-06-01 03:12:38,977 - INFO - [1094/2075] Biological assembly already cached: 6DJW-assembly1.cif
2026-06-01 03:12:39,177 - INFO - [1095/2075] Asymmetric unit already cached: 6DJX.cif
2026-06-01 03:12:39,178 - INFO - [1095/2075] Biological assembly already cached: 6DJX-assembly1.cif
2026-06-01 03:12:39,378 - INFO - [1096/2075] Asymmetric unit already cached: 6DMK.cif
2026-06-01 03:12:39,378 - INFO - [1096/2075] Biological assembly already cached: 6DMK-assembly1.cif
2026-06-01 03:12:39,579 - INFO - [1097/2075] Asymmetric unit already cached: 6DS6.cif
2026-06-01 03:12:39,579 - INFO - [1097/2075] Biological assembly already cached: 6DS6-assembly1.cif
2026-06-01 03:12:39,779 - INFO - [1098/2075] Asymmetric unit already cached: 6E5X.cif
2026-06-01 03:12:39,779 - INFO - [1098/2075] Biological assembly already cached: 6E5X-assembly1.cif
2026-06-01 03:12:39,980 - INFO - [1099/2075] Asymmetric unit already cached: 6EFK.cif
2026-06-01 03:12:39,980 - INFO - [1099/2075] Biological assembly already cached: 6EFK-assembly1.cif
2026-06-01 03:12:40,180 - INFO - [1100/2075] Asymmetric unit already cached: 6ES5.cif
2026-06-01 03:12:40,180 - INFO - [1100/2075] Biological assembly already cached: 6ES5-assembly1.cif
2026-06-01 03:12:40,380 - INFO - [1101/2075] Asymmetric unit already cached: 6ES6.cif
2026-06-01 03:12:40,381 - INFO - [1101/2075] Biological assembly already cached: 6ES6-assembly1.cif
2026-06-01 03:12:40,581 - INFO - [1102/2075] Asymmetric unit already cached: 6ES7.cif
2026-06-01 03:12:40,581 - INFO - [1102/2075] Biological assembly already cached: 6ES7-assembly1.cif
2026-06-01 03:12:40,781 - INFO - [1103/2075] Asymmetric unit already cached: 6EXW.cif
2026-06-01 03:12:40,781 - INFO - [1103/2075] Biological assembly already cached: 6EXW-assembly1.cif
2026-06-01 03:12:40,982 - INFO - [1104/2075] Asymmetric unit already cached: 6EY2.cif
2026-06-01 03:12:40,982 - INFO - [1104/2075] Biological assembly already cached: 6EY2-assembly1.cif
2026-06-01 03:12:41,182 - INFO - [1105/2075] Asymmetric unit already cached: 6FF4.cif
2026-06-01 03:12:41,182 - INFO - [1105/2075] Biological assembly already cached: 6FF4-assembly1.cif
2026-06-01 03:12:41,383 - INFO - [1106/2075] Asymmetric unit already cached: 6FF7.cif
2026-06-01 03:12:41,383 - INFO - [1106/2075] Biological assembly already cached: 6FF7-assembly1.cif
2026-06-01 03:12:41,583 - INFO - [1107/2075] Asymmetric unit already cached: 6FGA.cif
2026-06-01 03:12:41,583 - INFO - [1107/2075] Biological assembly already cached: 6FGA-assembly1.cif
2026-06-01 03:12:41,783 - INFO - [1108/2075] Asymmetric unit already cached: 6FGN.cif
2026-06-01 03:12:41,784 - INFO - [1108/2075] Biological assembly already cached: 6FGN-assembly1.cif
2026-06-01 03:12:41,984 - INFO - [1109/2075] Asymmetric unit already cached: 6FGS.cif
2026-06-01 03:12:41,984 - INFO - [1109/2075] Biological assembly already cached: 6FGS-assembly1.cif
2026-06-01 03:12:42,184 - INFO - [1110/2075] Asymmetric unit already cached: 6FLM.cif
2026-06-01 03:12:42,185 - INFO - [1110/2075] Biological assembly already cached: 6FLM-assembly1.cif
2026-06-01 03:12:42,385 - INFO - [1111/2075] Asymmetric unit already cached: 6FLN.cif
2026-06-01 03:12:42,385 - INFO - [1111/2075] Biological assembly already cached: 6FLN-assembly1.cif
2026-06-01 03:12:42,585 - INFO - [1112/2075] Asymmetric unit already cached: 6FQO.cif
2026-06-01 03:12:42,585 - INFO - [1112/2075] Biological assembly already cached: 6FQO-assembly1.cif
2026-06-01 03:12:42,786 - INFO - [1113/2075] Asymmetric unit already cached: 6FQT.cif
2026-06-01 03:12:42,786 - INFO - [1113/2075] Biological assembly already cached: 6FQT-assembly1.cif
2026-06-01 03:12:42,986 - INFO - [1114/2075] Asymmetric unit already cached: 6FQU.cif
2026-06-01 03:12:42,986 - INFO - [1114/2075] Biological assembly already cached: 6FQU-assembly1.cif
2026-06-01 03:12:43,187 - INFO - [1115/2075] Asymmetric unit already cached: 6FR0.cif
2026-06-01 03:12:43,187 - INFO - [1115/2075] Biological assembly already cached: 6FR0-assembly1.cif
2026-06-01 03:12:43,387 - INFO - [1116/2075] Asymmetric unit already cached: 6FRF.cif
2026-06-01 03:12:43,387 - INFO - [1116/2075] Biological assembly already cached: 6FRF-assembly1.cif
2026-06-01 03:12:43,587 - INFO - [1117/2075] Asymmetric unit already cached: 6FX4.cif
2026-06-01 03:12:43,587 - INFO - [1117/2075] Biological assembly already cached: 6FX4-assembly1.cif
2026-06-01 03:12:43,788 - INFO - [1118/2075] Asymmetric unit already cached: 6FYH.cif
2026-06-01 03:12:43,788 - INFO - [1118/2075] Biological assembly already cached: 6FYH-assembly1.cif
2026-06-01 03:12:43,988 - INFO - [1119/2075] Asymmetric unit already cached: 6G2I.cif
2026-06-01 03:12:43,988 - INFO - [1119/2075] Biological assembly already cached: 6G2I-assembly1.cif
2026-06-01 03:12:44,189 - INFO - [1120/2075] Asymmetric unit already cached: 6GGN.cif
2026-06-01 03:12:44,189 - INFO - [1120/2075] Biological assembly already cached: 6GGN-assembly1.cif
2026-06-01 03:12:44,389 - INFO - [1121/2075] Asymmetric unit already cached: 6GJW.cif
2026-06-01 03:12:44,390 - INFO - [1121/2075] Biological assembly already cached: 6GJW-assembly1.cif
2026-06-01 03:12:44,590 - INFO - [1122/2075] Asymmetric unit already cached: 6GLC.cif
2026-06-01 03:12:44,590 - INFO - [1122/2075] Biological assembly already cached: 6GLC-assembly1.cif
2026-06-01 03:12:44,790 - INFO - [1123/2075] Asymmetric unit already cached: 6GYR.cif
2026-06-01 03:12:44,790 - INFO - [1123/2075] Biological assembly already cached: 6GYR-assembly1.cif
2026-06-01 03:12:44,991 - INFO - [1124/2075] Asymmetric unit already cached: 6GYT.cif
2026-06-01 03:12:44,991 - INFO - [1124/2075] Biological assembly already cached: 6GYT-assembly1.cif
2026-06-01 03:12:45,191 - INFO - [1125/2075] Asymmetric unit already cached: 6GZY.cif
2026-06-01 03:12:45,191 - INFO - [1125/2075] Biological assembly already cached: 6GZY-assembly1.cif
2026-06-01 03:12:45,391 - INFO - [1126/2075] Asymmetric unit already cached: 6H22.cif
2026-06-01 03:12:45,392 - INFO - [1126/2075] Biological assembly already cached: 6H22-assembly1.cif
2026-06-01 03:12:45,592 - INFO - [1127/2075] Asymmetric unit already cached: 6H3A.cif
2026-06-01 03:12:45,592 - INFO - [1127/2075] Biological assembly already cached: 6H3A-assembly1.cif
2026-06-01 03:12:45,792 - INFO - [1128/2075] Asymmetric unit already cached: 6H6Q.cif
2026-06-01 03:12:45,793 - INFO - [1128/2075] Biological assembly already cached: 6H6Q-assembly1.cif
2026-06-01 03:12:45,993 - INFO - [1129/2075] Asymmetric unit already cached: 6H6R.cif
2026-06-01 03:12:45,993 - INFO - [1129/2075] Biological assembly already cached: 6H6R-assembly1.cif
2026-06-01 03:12:46,193 - INFO - [1130/2075] Asymmetric unit already cached: 6HFA.cif
2026-06-01 03:12:46,193 - INFO - [1130/2075] Biological assembly already cached: 6HFA-assembly1.cif
2026-06-01 03:12:46,394 - INFO - [1131/2075] Asymmetric unit already cached: 6HPR.cif
2026-06-01 03:12:46,394 - INFO - [1131/2075] Biological assembly already cached: 6HPR-assembly1.cif
2026-06-01 03:12:46,594 - INFO - [1132/2075] Asymmetric unit already cached: 6HUE.cif
2026-06-01 03:12:46,594 - INFO - [1132/2075] Biological assembly already cached: 6HUE-assembly1.cif
2026-06-01 03:12:46,794 - INFO - [1133/2075] Asymmetric unit already cached: 6I29.cif
2026-06-01 03:12:46,795 - INFO - [1133/2075] Biological assembly already cached: 6I29-assembly1.cif
2026-06-01 03:12:46,995 - INFO - [1134/2075] Asymmetric unit already cached: 6I3S.cif
2026-06-01 03:12:46,995 - INFO - [1134/2075] Biological assembly already cached: 6I3S-assembly1.cif
2026-06-01 03:12:47,195 - INFO - [1135/2075] Asymmetric unit already cached: 6I9H.cif
2026-06-01 03:12:47,195 - INFO - [1135/2075] Biological assembly already cached: 6I9H-assembly1.cif
2026-06-01 03:12:47,396 - INFO - [1136/2075] Asymmetric unit already cached: 6ICZ.cif
2026-06-01 03:12:47,396 - INFO - [1136/2075] Biological assembly already cached: 6ICZ-assembly1.cif
2026-06-01 03:12:47,596 - INFO - [1137/2075] Asymmetric unit already cached: 6ID0.cif
2026-06-01 03:12:47,596 - INFO - [1137/2075] Biological assembly already cached: 6ID0-assembly1.cif
2026-06-01 03:12:47,797 - INFO - [1138/2075] Asymmetric unit already cached: 6ID1.cif
2026-06-01 03:12:47,797 - INFO - [1138/2075] Biological assembly already cached: 6ID1-assembly1.cif
2026-06-01 03:12:47,997 - INFO - [1139/2075] Asymmetric unit already cached: 6IF1.cif
2026-06-01 03:12:47,997 - INFO - [1139/2075] Biological assembly already cached: 6IF1-assembly1.cif
2026-06-01 03:12:48,197 - INFO - [1140/2075] Asymmetric unit already cached: 6IIW.cif
2026-06-01 03:12:48,198 - INFO - [1140/2075] Biological assembly already cached: 6IIW-assembly1.cif
2026-06-01 03:12:48,398 - INFO - [1141/2075] Asymmetric unit already cached: 6IM9.cif
2026-06-01 03:12:48,398 - INFO - [1141/2075] Biological assembly already cached: 6IM9-assembly1.cif
2026-06-01 03:12:48,598 - INFO - [1142/2075] Asymmetric unit already cached: 6IMQ.cif
2026-06-01 03:12:48,598 - INFO - [1142/2075] Biological assembly already cached: 6IMQ-assembly1.cif
2026-06-01 03:12:48,799 - INFO - [1143/2075] Asymmetric unit already cached: 6IR0.cif
2026-06-01 03:12:48,799 - INFO - [1143/2075] Biological assembly already cached: 6IR0-assembly1.cif
2026-06-01 03:12:48,999 - INFO - [1144/2075] Asymmetric unit already cached: 6J1X.cif
2026-06-01 03:12:48,999 - INFO - [1144/2075] Biological assembly already cached: 6J1X-assembly1.cif
2026-06-01 03:12:49,200 - INFO - [1145/2075] Asymmetric unit already cached: 6J1Y.cif
2026-06-01 03:12:49,200 - INFO - [1145/2075] Biological assembly already cached: 6J1Y-assembly1.cif
2026-06-01 03:12:49,401 - INFO - [1146/2075] Asymmetric unit already cached: 6J1Z.cif
2026-06-01 03:12:49,401 - INFO - [1146/2075] Biological assembly already cached: 6J1Z-assembly1.cif
2026-06-01 03:12:49,601 - INFO - [1147/2075] Asymmetric unit already cached: 6JB6.cif
2026-06-01 03:12:49,601 - INFO - [1147/2075] Biological assembly already cached: 6JB6-assembly1.cif
2026-06-01 03:12:49,801 - INFO - [1148/2075] Asymmetric unit already cached: 6JB7.cif
2026-06-01 03:12:49,801 - INFO - [1148/2075] Biological assembly already cached: 6JB7-assembly1.cif
2026-06-01 03:12:50,002 - INFO - [1149/2075] Asymmetric unit already cached: 6JKY.cif
2026-06-01 03:12:50,002 - INFO - [1149/2075] Biological assembly already cached: 6JKY-assembly1.cif
2026-06-01 03:12:50,202 - INFO - [1150/2075] Asymmetric unit already cached: 6JM4.cif
2026-06-01 03:12:50,202 - INFO - [1150/2075] Biological assembly already cached: 6JM4-assembly1.cif
2026-06-01 03:12:50,403 - INFO - [1151/2075] Asymmetric unit already cached: 6JX5.cif
2026-06-01 03:12:50,403 - INFO - [1151/2075] Biological assembly already cached: 6JX5-assembly1.cif
2026-06-01 03:12:50,603 - INFO - [1152/2075] Asymmetric unit already cached: 6K2C.cif
2026-06-01 03:12:50,603 - INFO - [1152/2075] Biological assembly already cached: 6K2C-assembly1.cif
2026-06-01 03:12:50,803 - INFO - [1153/2075] Asymmetric unit already cached: 6K2K.cif
2026-06-01 03:12:50,804 - INFO - [1153/2075] Biological assembly already cached: 6K2K-assembly1.cif
2026-06-01 03:12:51,004 - INFO - [1154/2075] Asymmetric unit already cached: 6K4N.cif
2026-06-01 03:12:51,004 - INFO - [1154/2075] Biological assembly already cached: 6K4N-assembly1.cif
2026-06-01 03:12:51,204 - INFO - [1155/2075] Asymmetric unit already cached: 6KC5.cif
2026-06-01 03:12:51,204 - INFO - [1155/2075] Biological assembly already cached: 6KC5-assembly1.cif
2026-06-01 03:12:51,405 - INFO - [1156/2075] Asymmetric unit already cached: 6KC6.cif
2026-06-01 03:12:51,405 - INFO - [1156/2075] Biological assembly already cached: 6KC6-assembly1.cif
2026-06-01 03:12:51,605 - INFO - [1157/2075] Asymmetric unit already cached: 6KCS.cif
2026-06-01 03:12:51,605 - INFO - [1157/2075] Biological assembly already cached: 6KCS-assembly1.cif
2026-06-01 03:12:51,806 - INFO - [1158/2075] Asymmetric unit already cached: 6KFP.cif
2026-06-01 03:12:51,806 - INFO - [1158/2075] Biological assembly already cached: 6KFP-assembly1.cif
2026-06-01 03:12:52,006 - INFO - [1159/2075] Asymmetric unit already cached: 6KG6.cif
2026-06-01 03:12:52,006 - INFO - [1159/2075] Biological assembly already cached: 6KG6-assembly1.cif
2026-06-01 03:12:52,206 - INFO - [1160/2075] Asymmetric unit already cached: 6KHZ.cif
2026-06-01 03:12:52,207 - INFO - [1160/2075] Biological assembly already cached: 6KHZ-assembly1.cif
2026-06-01 03:12:52,407 - INFO - [1161/2075] Asymmetric unit already cached: 6KIW.cif
2026-06-01 03:12:52,407 - INFO - [1161/2075] Biological assembly already cached: 6KIW-assembly1.cif
2026-06-01 03:12:52,607 - INFO - [1162/2075] Asymmetric unit already cached: 6KL4.cif
2026-06-01 03:12:52,607 - INFO - [1162/2075] Biological assembly already cached: 6KL4-assembly1.cif
2026-06-01 03:12:52,808 - INFO - [1163/2075] Asymmetric unit already cached: 6KZU.cif
2026-06-01 03:12:52,808 - INFO - [1163/2075] Biological assembly already cached: 6KZU-assembly1.cif
2026-06-01 03:12:53,008 - INFO - [1164/2075] Asymmetric unit already cached: 6L99.cif
2026-06-01 03:12:53,008 - INFO - [1164/2075] Biological assembly already cached: 6L99-assembly1.cif
2026-06-01 03:12:53,209 - INFO - [1165/2075] Asymmetric unit already cached: 6LOH.cif
2026-06-01 03:12:53,209 - INFO - [1165/2075] Biological assembly already cached: 6LOH-assembly1.cif
2026-06-01 03:12:53,409 - INFO - [1166/2075] Asymmetric unit already cached: 6LP2.cif
2026-06-01 03:12:53,409 - INFO - [1166/2075] Biological assembly already cached: 6LP2-assembly1.cif
2026-06-01 03:12:53,609 - INFO - [1167/2075] Asymmetric unit already cached: 6LQX.cif
2026-06-01 03:12:53,610 - INFO - [1167/2075] Biological assembly already cached: 6LQX-assembly1.cif
2026-06-01 03:12:53,810 - INFO - [1168/2075] Asymmetric unit already cached: 6M14.cif
2026-06-01 03:12:53,810 - INFO - [1168/2075] Biological assembly already cached: 6M14-assembly1.cif
2026-06-01 03:12:54,010 - INFO - [1169/2075] Asymmetric unit already cached: 6M2C.cif
2026-06-01 03:12:54,010 - INFO - [1169/2075] Biological assembly already cached: 6M2C-assembly1.cif
2026-06-01 03:12:54,211 - INFO - [1170/2075] Asymmetric unit already cached: 6M2D.cif
2026-06-01 03:12:54,211 - INFO - [1170/2075] Biological assembly already cached: 6M2D-assembly1.cif
2026-06-01 03:12:54,412 - INFO - [1171/2075] Asymmetric unit already cached: 6M64.cif
2026-06-01 03:12:54,412 - INFO - [1171/2075] Biological assembly already cached: 6M64-assembly1.cif
2026-06-01 03:12:54,612 - INFO - [1172/2075] Asymmetric unit already cached: 6MIU.cif
2026-06-01 03:12:54,612 - INFO - [1172/2075] Biological assembly already cached: 6MIU-assembly1.cif
2026-06-01 03:12:54,812 - INFO - [1173/2075] Asymmetric unit already cached: 6MIW.cif
2026-06-01 03:12:54,812 - INFO - [1173/2075] Biological assembly already cached: 6MIW-assembly1.cif
2026-06-01 03:12:55,013 - INFO - [1174/2075] Asymmetric unit already cached: 6MJ7.cif
2026-06-01 03:12:55,013 - INFO - [1174/2075] Biological assembly already cached: 6MJ7-assembly1.cif
2026-06-01 03:12:55,213 - INFO - [1175/2075] Asymmetric unit already cached: 6MLC.cif
2026-06-01 03:12:55,213 - INFO - [1175/2075] Biological assembly already cached: 6MLC-assembly1.cif
2026-06-01 03:12:55,414 - INFO - [1176/2075] Asymmetric unit already cached: 6N13.cif
2026-06-01 03:12:55,414 - INFO - [1176/2075] Biological assembly already cached: 6N13-assembly1.cif
2026-06-01 03:12:55,614 - INFO - [1177/2075] Asymmetric unit already cached: 6NMI.cif
2026-06-01 03:12:55,614 - INFO - [1177/2075] Biological assembly already cached: 6NMI-assembly1.cif
2026-06-01 03:12:55,814 - INFO - [1178/2075] Asymmetric unit already cached: 6NSV.cif
2026-06-01 03:12:55,815 - INFO - [1178/2075] Biological assembly already cached: 6NSV-assembly1.cif
2026-06-01 03:12:56,015 - INFO - [1179/2075] Asymmetric unit already cached: 6NYO.cif
2026-06-01 03:12:56,015 - INFO - [1179/2075] Biological assembly already cached: 6NYO-assembly1.cif
2026-06-01 03:12:56,215 - INFO - [1180/2075] Asymmetric unit already cached: 6O02.cif
2026-06-01 03:12:56,215 - INFO - [1180/2075] Biological assembly already cached: 6O02-assembly1.cif
2026-06-01 03:12:56,416 - INFO - [1181/2075] Asymmetric unit already cached: 6O03.cif
2026-06-01 03:12:56,416 - INFO - [1181/2075] Biological assembly already cached: 6O03-assembly1.cif
2026-06-01 03:12:56,616 - INFO - [1182/2075] Asymmetric unit already cached: 6O7G.cif
2026-06-01 03:12:56,616 - INFO - [1182/2075] Biological assembly already cached: 6O7G-assembly1.cif
2026-06-01 03:12:56,816 - INFO - [1183/2075] Asymmetric unit already cached: 6O9L.cif
2026-06-01 03:12:56,817 - INFO - [1183/2075] Biological assembly already cached: 6O9L-assembly1.cif
2026-06-01 03:12:57,017 - INFO - [1184/2075] Asymmetric unit already cached: 6O9M.cif
2026-06-01 03:12:57,017 - INFO - [1184/2075] Biological assembly already cached: 6O9M-assembly1.cif
2026-06-01 03:12:57,217 - INFO - [1185/2075] Asymmetric unit already cached: 6P5B.cif
2026-06-01 03:12:57,217 - INFO - [1185/2075] Biological assembly already cached: 6P5B-assembly1.cif
2026-06-01 03:12:57,418 - INFO - [1186/2075] Asymmetric unit already cached: 6PF1.cif
2026-06-01 03:12:57,418 - INFO - [1186/2075] Biological assembly already cached: 6PF1-assembly1.cif
2026-06-01 03:12:57,618 - INFO - [1187/2075] Asymmetric unit already cached: 6PFL.cif
2026-06-01 03:12:57,618 - INFO - [1187/2075] Biological assembly already cached: 6PFL-assembly1.cif
2026-06-01 03:12:57,818 - INFO - [1188/2075] Asymmetric unit already cached: 6PGU.cif
2026-06-01 03:12:57,819 - INFO - [1188/2075] Biological assembly already cached: 6PGU-assembly1.cif
2026-06-01 03:12:58,019 - INFO - [1189/2075] Asymmetric unit already cached: 6Q6G.cif
2026-06-01 03:12:58,019 - INFO - [1189/2075] Biological assembly already cached: 6Q6G-assembly1.cif
2026-06-01 03:12:58,219 - INFO - [1190/2075] Asymmetric unit already cached: 6Q6H.cif
2026-06-01 03:12:58,219 - INFO - [1190/2075] Biological assembly already cached: 6Q6H-assembly1.cif
2026-06-01 03:12:58,420 - INFO - [1191/2075] Asymmetric unit already cached: 6Q96.cif
2026-06-01 03:12:58,420 - INFO - [1191/2075] Biological assembly already cached: 6Q96-assembly1.cif
2026-06-01 03:12:58,620 - INFO - [1192/2075] Asymmetric unit already cached: 6Q9H.cif
2026-06-01 03:12:58,620 - INFO - [1192/2075] Biological assembly already cached: 6Q9H-assembly1.cif
2026-06-01 03:12:58,820 - INFO - [1193/2075] Asymmetric unit already cached: 6Q9L.cif
2026-06-01 03:12:58,821 - INFO - [1193/2075] Biological assembly already cached: 6Q9L-assembly1.cif
2026-06-01 03:12:59,021 - INFO - [1194/2075] Asymmetric unit already cached: 6Q9O.cif
2026-06-01 03:12:59,021 - INFO - [1194/2075] Biological assembly already cached: 6Q9O-assembly1.cif
2026-06-01 03:12:59,221 - INFO - [1195/2075] Asymmetric unit already cached: 6Q9Q.cif
2026-06-01 03:12:59,222 - INFO - [1195/2075] Biological assembly already cached: 6Q9Q-assembly1.cif
2026-06-01 03:12:59,422 - INFO - [1196/2075] Asymmetric unit already cached: 6Q9S.cif
2026-06-01 03:12:59,422 - INFO - [1196/2075] Biological assembly already cached: 6Q9S-assembly1.cif
2026-06-01 03:12:59,623 - INFO - [1197/2075] Asymmetric unit already cached: 6Q9U.cif
2026-06-01 03:12:59,623 - INFO - [1197/2075] Biological assembly already cached: 6Q9U-assembly1.cif
2026-06-01 03:12:59,823 - INFO - [1198/2075] Asymmetric unit already cached: 6Q9W.cif
2026-06-01 03:12:59,824 - INFO - [1198/2075] Biological assembly already cached: 6Q9W-assembly1.cif
2026-06-01 03:13:00,024 - INFO - [1199/2075] Asymmetric unit already cached: 6Q9Y.cif
2026-06-01 03:13:00,024 - INFO - [1199/2075] Biological assembly already cached: 6Q9Y-assembly1.cif
2026-06-01 03:13:00,224 - INFO - [1200/2075] Asymmetric unit already cached: 6QAJ.cif
2026-06-01 03:13:00,225 - INFO - [1200/2075] Biological assembly already cached: 6QAJ-assembly1.cif
2026-06-01 03:13:00,425 - INFO - [1201/2075] Asymmetric unit already cached: 6QCI.cif
2026-06-01 03:13:00,425 - INFO - [1201/2075] Biological assembly already cached: 6QCI-assembly1.cif
2026-06-01 03:13:00,625 - INFO - [1202/2075] Asymmetric unit already cached: 6QDV.cif
2026-06-01 03:13:00,626 - INFO - [1202/2075] Biological assembly already cached: 6QDV-assembly1.cif
2026-06-01 03:13:00,826 - INFO - [1203/2075] Asymmetric unit already cached: 6QH3.cif
2026-06-01 03:13:00,826 - INFO - [1203/2075] Biological assembly already cached: 6QH3-assembly1.cif
2026-06-01 03:13:01,026 - INFO - [1204/2075] Asymmetric unit already cached: 6QHK.cif
2026-06-01 03:13:01,026 - INFO - [1204/2075] Biological assembly already cached: 6QHK-assembly1.cif
2026-06-01 03:13:01,227 - INFO - [1205/2075] Asymmetric unit already cached: 6QLY.cif
2026-06-01 03:13:01,227 - INFO - [1205/2075] Biological assembly already cached: 6QLY-assembly1.cif
2026-06-01 03:13:01,427 - INFO - [1206/2075] Asymmetric unit already cached: 6QLZ.cif
2026-06-01 03:13:01,427 - INFO - [1206/2075] Biological assembly already cached: 6QLZ-assembly1.cif
2026-06-01 03:13:01,627 - INFO - [1207/2075] Asymmetric unit already cached: 6QST.cif
2026-06-01 03:13:01,628 - INFO - [1207/2075] Biological assembly already cached: 6QST-assembly1.cif
2026-06-01 03:13:01,828 - INFO - [1208/2075] Asymmetric unit already cached: 6QU1.cif
2026-06-01 03:13:01,828 - INFO - [1208/2075] Biological assembly already cached: 6QU1-assembly1.cif
2026-06-01 03:13:02,028 - INFO - [1209/2075] Asymmetric unit already cached: 6R6H.cif
2026-06-01 03:13:02,028 - INFO - [1209/2075] Biological assembly already cached: 6R6H-assembly1.cif
2026-06-01 03:13:02,229 - INFO - [1210/2075] Asymmetric unit already cached: 6R75.cif
2026-06-01 03:13:02,229 - INFO - [1210/2075] Biological assembly already cached: 6R75-assembly1.cif
2026-06-01 03:13:02,429 - INFO - [1211/2075] Asymmetric unit already cached: 6R7F.cif
2026-06-01 03:13:02,429 - INFO - [1211/2075] Biological assembly already cached: 6R7F-assembly1.cif
2026-06-01 03:13:02,629 - INFO - [1212/2075] Asymmetric unit already cached: 6R7H.cif
2026-06-01 03:13:02,629 - INFO - [1212/2075] Biological assembly already cached: 6R7H-assembly1.cif
2026-06-01 03:13:02,830 - INFO - [1213/2075] Asymmetric unit already cached: 6R7I.cif
2026-06-01 03:13:02,830 - INFO - [1213/2075] Biological assembly already cached: 6R7I-assembly1.cif
2026-06-01 03:13:03,030 - INFO - [1214/2075] Asymmetric unit already cached: 6R7N.cif
2026-06-01 03:13:03,030 - INFO - [1214/2075] Biological assembly already cached: 6R7N-assembly1.cif
2026-06-01 03:13:03,230 - INFO - [1215/2075] Asymmetric unit already cached: 6RSS.cif
2026-06-01 03:13:03,231 - INFO - [1215/2075] Biological assembly already cached: 6RSS-assembly1.cif
2026-06-01 03:13:03,431 - INFO - [1216/2075] Asymmetric unit already cached: 6S53.cif
2026-06-01 03:13:03,431 - INFO - [1216/2075] Biological assembly already cached: 6S53-assembly1.cif
2026-06-01 03:13:03,631 - INFO - [1217/2075] Asymmetric unit already cached: 6S96.cif
2026-06-01 03:13:03,631 - INFO - [1217/2075] Biological assembly already cached: 6S96-assembly1.cif
2026-06-01 03:13:03,832 - INFO - [1218/2075] Asymmetric unit already cached: 6S98.cif
2026-06-01 03:13:03,832 - INFO - [1218/2075] Biological assembly already cached: 6S98-assembly1.cif
2026-06-01 03:13:04,032 - INFO - [1219/2075] Asymmetric unit already cached: 6SC5.cif
2026-06-01 03:13:04,032 - INFO - [1219/2075] Biological assembly already cached: 6SC5-assembly1.cif
2026-06-01 03:13:04,233 - INFO - [1220/2075] Asymmetric unit already cached: 6SC6.cif
2026-06-01 03:13:04,233 - INFO - [1220/2075] Biological assembly already cached: 6SC6-assembly1.cif
2026-06-01 03:13:04,434 - INFO - [1221/2075] Asymmetric unit already cached: 6SC7.cif
2026-06-01 03:13:04,434 - INFO - [1221/2075] Biological assembly already cached: 6SC7-assembly1.cif
2026-06-01 03:13:04,634 - INFO - [1222/2075] Asymmetric unit already cached: 6SC8.cif
2026-06-01 03:13:04,634 - INFO - [1222/2075] Biological assembly already cached: 6SC8-assembly1.cif
2026-06-01 03:13:04,834 - INFO - [1223/2075] Asymmetric unit already cached: 6SC9.cif
2026-06-01 03:13:04,834 - INFO - [1223/2075] Biological assembly already cached: 6SC9-assembly1.cif
2026-06-01 03:13:05,035 - INFO - [1224/2075] Asymmetric unit already cached: 6SJV.cif
2026-06-01 03:13:05,035 - INFO - [1224/2075] Biological assembly already cached: 6SJV-assembly1.cif
2026-06-01 03:13:05,235 - INFO - [1225/2075] Asymmetric unit already cached: 6SLM.cif
2026-06-01 03:13:05,235 - INFO - [1225/2075] Biological assembly already cached: 6SLM-assembly1.cif
2026-06-01 03:13:05,436 - INFO - [1226/2075] Asymmetric unit already cached: 6SQE.cif
2026-06-01 03:13:05,436 - INFO - [1226/2075] Biological assembly already cached: 6SQE-assembly1.cif
2026-06-01 03:13:05,636 - INFO - [1227/2075] Asymmetric unit already cached: 6SQF.cif
2026-06-01 03:13:05,636 - INFO - [1227/2075] Biological assembly already cached: 6SQF-assembly1.cif
2026-06-01 03:13:05,837 - INFO - [1228/2075] Asymmetric unit already cached: 6SQM.cif
2026-06-01 03:13:05,837 - INFO - [1228/2075] Biological assembly already cached: 6SQM-assembly1.cif
2026-06-01 03:13:06,037 - INFO - [1229/2075] Asymmetric unit already cached: 6SQO.cif
2026-06-01 03:13:06,037 - INFO - [1229/2075] Biological assembly already cached: 6SQO-assembly1.cif
2026-06-01 03:13:06,238 - INFO - [1230/2075] Asymmetric unit already cached: 6SQR.cif
2026-06-01 03:13:06,238 - INFO - [1230/2075] Biological assembly already cached: 6SQR-assembly1.cif
2026-06-01 03:13:06,438 - INFO - [1231/2075] Asymmetric unit already cached: 6SQS.cif
2026-06-01 03:13:06,438 - INFO - [1231/2075] Biological assembly already cached: 6SQS-assembly1.cif
2026-06-01 03:13:06,638 - INFO - [1232/2075] Asymmetric unit already cached: 6SXX.cif
2026-06-01 03:13:06,639 - INFO - [1232/2075] Biological assembly already cached: 6SXX-assembly1.cif
2026-06-01 03:13:06,839 - INFO - [1233/2075] Asymmetric unit already cached: 6SYF.cif
2026-06-01 03:13:06,839 - INFO - [1233/2075] Biological assembly already cached: 6SYF-assembly1.cif
2026-06-01 03:13:07,039 - INFO - [1234/2075] Asymmetric unit already cached: 6T2D.cif
2026-06-01 03:13:07,039 - INFO - [1234/2075] Biological assembly already cached: 6T2D-assembly1.cif
2026-06-01 03:13:07,240 - INFO - [1235/2075] Asymmetric unit already cached: 6T2E.cif
2026-06-01 03:13:07,240 - INFO - [1235/2075] Biological assembly already cached: 6T2E-assembly1.cif
2026-06-01 03:13:07,440 - INFO - [1236/2075] Asymmetric unit already cached: 6T2F.cif
2026-06-01 03:13:07,440 - INFO - [1236/2075] Biological assembly already cached: 6T2F-assembly1.cif
2026-06-01 03:13:07,641 - INFO - [1237/2075] Asymmetric unit already cached: 6T7F.cif
2026-06-01 03:13:07,641 - INFO - [1237/2075] Biological assembly already cached: 6T7F-assembly1.cif
2026-06-01 03:13:07,841 - INFO - [1238/2075] Asymmetric unit already cached: 6TGK.cif
2026-06-01 03:13:07,841 - INFO - [1238/2075] Biological assembly already cached: 6TGK-assembly1.cif
2026-06-01 03:13:08,041 - INFO - [1239/2075] Asymmetric unit already cached: 6TGY.cif
2026-06-01 03:13:08,042 - INFO - [1239/2075] Biological assembly already cached: 6TGY-assembly1.cif
2026-06-01 03:13:08,242 - INFO - [1240/2075] Asymmetric unit already cached: 6TH3.cif
2026-06-01 03:13:08,242 - INFO - [1240/2075] Biological assembly already cached: 6TH3-assembly1.cif
2026-06-01 03:13:08,442 - INFO - [1241/2075] Asymmetric unit already cached: 6TLJ.cif
2026-06-01 03:13:08,443 - INFO - [1241/2075] Biological assembly already cached: 6TLJ-assembly1.cif
2026-06-01 03:13:08,643 - INFO - [1242/2075] Asymmetric unit already cached: 6TM5.cif
2026-06-01 03:13:08,643 - INFO - [1242/2075] Biological assembly already cached: 6TM5-assembly1.cif
2026-06-01 03:13:08,843 - INFO - [1243/2075] Asymmetric unit already cached: 6TNT.cif
2026-06-01 03:13:08,843 - INFO - [1243/2075] Biological assembly already cached: 6TNT-assembly1.cif
2026-06-01 03:13:09,044 - INFO - [1244/2075] Asymmetric unit already cached: 6TTU.cif
2026-06-01 03:13:09,044 - INFO - [1244/2075] Biological assembly already cached: 6TTU-assembly1.cif
2026-06-01 03:13:09,244 - INFO - [1245/2075] Asymmetric unit already cached: 6TUN.cif
2026-06-01 03:13:09,244 - INFO - [1245/2075] Biological assembly already cached: 6TUN-assembly1.cif
2026-06-01 03:13:09,445 - INFO - [1246/2075] Asymmetric unit already cached: 6U19.cif
2026-06-01 03:13:09,445 - INFO - [1246/2075] Biological assembly already cached: 6U19-assembly1.cif
2026-06-01 03:13:09,645 - INFO - [1247/2075] Asymmetric unit already cached: 6ULH.cif
2026-06-01 03:13:09,645 - INFO - [1247/2075] Biological assembly already cached: 6ULH-assembly1.cif
2026-06-01 03:13:09,845 - INFO - [1248/2075] Asymmetric unit already cached: 6UMA.cif
2026-06-01 03:13:09,846 - INFO - [1248/2075] Biological assembly already cached: 6UMA-assembly1.cif
2026-06-01 03:13:10,046 - INFO - [1249/2075] Asymmetric unit already cached: 6UMB.cif
2026-06-01 03:13:10,046 - INFO - [1249/2075] Biological assembly already cached: 6UMB-assembly1.cif
2026-06-01 03:13:10,246 - INFO - [1250/2075] Asymmetric unit already cached: 6UMP.cif
2026-06-01 03:13:10,246 - INFO - [1250/2075] Biological assembly already cached: 6UMP-assembly1.cif
2026-06-01 03:13:10,447 - INFO - [1251/2075] Asymmetric unit already cached: 6UMS.cif
2026-06-01 03:13:10,447 - INFO - [1251/2075] Biological assembly already cached: 6UMS-assembly1.cif
2026-06-01 03:13:10,647 - INFO - [1252/2075] Asymmetric unit already cached: 6UYO.cif
2026-06-01 03:13:10,647 - INFO - [1252/2075] Biological assembly already cached: 6UYO-assembly1.cif
2026-06-01 03:13:10,847 - INFO - [1253/2075] Asymmetric unit already cached: 6UYP.cif
2026-06-01 03:13:10,848 - INFO - [1253/2075] Biological assembly already cached: 6UYP-assembly1.cif
2026-06-01 03:13:11,048 - INFO - [1254/2075] Asymmetric unit already cached: 6UYQ.cif
2026-06-01 03:13:11,048 - INFO - [1254/2075] Biological assembly already cached: 6UYQ-assembly1.cif
2026-06-01 03:13:11,248 - INFO - [1255/2075] Asymmetric unit already cached: 6UYR.cif
2026-06-01 03:13:11,248 - INFO - [1255/2075] Biological assembly already cached: 6UYR-assembly1.cif
2026-06-01 03:13:11,449 - INFO - [1256/2075] Asymmetric unit already cached: 6UYS.cif
2026-06-01 03:13:11,449 - INFO - [1256/2075] Biological assembly already cached: 6UYS-assembly1.cif
2026-06-01 03:13:11,649 - INFO - [1257/2075] Asymmetric unit already cached: 6UYT.cif
2026-06-01 03:13:11,649 - INFO - [1257/2075] Biological assembly already cached: 6UYT-assembly1.cif
2026-06-01 03:13:11,849 - INFO - [1258/2075] Asymmetric unit already cached: 6UYU.cif
2026-06-01 03:13:11,850 - INFO - [1258/2075] Biological assembly already cached: 6UYU-assembly1.cif
2026-06-01 03:13:12,050 - INFO - [1259/2075] Asymmetric unit already cached: 6UYV.cif
2026-06-01 03:13:12,050 - INFO - [1259/2075] Biological assembly already cached: 6UYV-assembly1.cif
2026-06-01 03:13:12,250 - INFO - [1260/2075] Asymmetric unit already cached: 6V8B.cif
2026-06-01 03:13:12,250 - INFO - [1260/2075] Biological assembly already cached: 6V8B-assembly1.cif
2026-06-01 03:13:12,451 - INFO - [1261/2075] Asymmetric unit already cached: 6V8K.cif
2026-06-01 03:13:12,451 - INFO - [1261/2075] Biological assembly already cached: 6V8K-assembly1.cif
2026-06-01 03:13:12,651 - INFO - [1262/2075] Asymmetric unit already cached: 6V8N.cif
2026-06-01 03:13:12,651 - INFO - [1262/2075] Biological assembly already cached: 6V8N-assembly1.cif
2026-06-01 03:13:12,852 - INFO - [1263/2075] Asymmetric unit already cached: 6V90.cif
2026-06-01 03:13:12,852 - INFO - [1263/2075] Biological assembly already cached: 6V90-assembly1.cif
2026-06-01 03:13:13,052 - INFO - [1264/2075] Asymmetric unit already cached: 6VCS.cif
2026-06-01 03:13:13,052 - INFO - [1264/2075] Biological assembly already cached: 6VCS-assembly1.cif
2026-06-01 03:13:13,252 - INFO - [1265/2075] Asymmetric unit already cached: 6VED.cif
2026-06-01 03:13:13,253 - INFO - [1265/2075] Biological assembly already cached: 6VED-assembly1.cif
2026-06-01 03:13:13,453 - INFO - [1266/2075] Asymmetric unit already cached: 6VYJ.cif
2026-06-01 03:13:13,453 - INFO - [1266/2075] Biological assembly already cached: 6VYJ-assembly1.cif
2026-06-01 03:13:13,653 - INFO - [1267/2075] Asymmetric unit already cached: 6W74.cif
2026-06-01 03:13:13,653 - INFO - [1267/2075] Biological assembly already cached: 6W74-assembly1.cif
2026-06-01 03:13:13,854 - INFO - [1268/2075] Asymmetric unit already cached: 6W7O.cif
2026-06-01 03:13:13,854 - INFO - [1268/2075] Biological assembly already cached: 6W7O-assembly1.cif
2026-06-01 03:13:14,054 - INFO - [1269/2075] Asymmetric unit already cached: 6W7Z.cif
2026-06-01 03:13:14,054 - INFO - [1269/2075] Biological assembly already cached: 6W7Z-assembly1.cif
2026-06-01 03:13:14,254 - INFO - [1270/2075] Asymmetric unit already cached: 6W8I.cif
2026-06-01 03:13:14,255 - INFO - [1270/2075] Biological assembly already cached: 6W8I-assembly1.cif
2026-06-01 03:13:14,455 - INFO - [1271/2075] Asymmetric unit already cached: 6W92.cif
2026-06-01 03:13:14,455 - INFO - [1271/2075] Biological assembly already cached: 6W92-assembly1.cif
2026-06-01 03:13:14,656 - INFO - [1272/2075] Asymmetric unit already cached: 6W9A.cif
2026-06-01 03:13:14,656 - INFO - [1272/2075] Biological assembly already cached: 6W9A-assembly1.cif
2026-06-01 03:13:14,856 - INFO - [1273/2075] Asymmetric unit already cached: 6W9D.cif
2026-06-01 03:13:14,856 - INFO - [1273/2075] Biological assembly already cached: 6W9D-assembly1.cif
2026-06-01 03:13:15,056 - INFO - [1274/2075] Asymmetric unit already cached: 6WHB.cif
2026-06-01 03:13:15,057 - INFO - [1274/2075] Biological assembly already cached: 6WHB-assembly1.cif
2026-06-01 03:13:15,257 - INFO - [1275/2075] Asymmetric unit already cached: 6WI7.cif
2026-06-01 03:13:15,257 - INFO - [1275/2075] Biological assembly already cached: 6WI7-assembly1.cif
2026-06-01 03:13:15,457 - INFO - [1276/2075] Asymmetric unit already cached: 6WI8.cif
2026-06-01 03:13:15,457 - INFO - [1276/2075] Biological assembly already cached: 6WI8-assembly1.cif
2026-06-01 03:13:15,658 - INFO - [1277/2075] Asymmetric unit already cached: 6WW3.cif
2026-06-01 03:13:15,658 - INFO - [1277/2075] Biological assembly already cached: 6WW3-assembly1.cif
2026-06-01 03:13:15,858 - INFO - [1278/2075] Asymmetric unit already cached: 6WW4.cif
2026-06-01 03:13:15,858 - INFO - [1278/2075] Biological assembly already cached: 6WW4-assembly1.cif
2026-06-01 03:13:16,058 - INFO - [1279/2075] Asymmetric unit already cached: 6XAR.cif
2026-06-01 03:13:16,059 - INFO - [1279/2075] Biological assembly already cached: 6XAR-assembly1.cif
2026-06-01 03:13:16,259 - INFO - [1280/2075] Asymmetric unit already cached: 6XBZ.cif
2026-06-01 03:13:16,259 - INFO - [1280/2075] Biological assembly already cached: 6XBZ-assembly1.cif
2026-06-01 03:13:16,459 - INFO - [1281/2075] Asymmetric unit already cached: 6XD3.cif
2026-06-01 03:13:16,459 - INFO - [1281/2075] Biological assembly already cached: 6XD3-assembly1.cif
2026-06-01 03:13:16,660 - INFO - [1282/2075] Asymmetric unit already cached: 6XXU.cif
2026-06-01 03:13:16,660 - INFO - [1282/2075] Biological assembly already cached: 6XXU-assembly1.cif
2026-06-01 03:13:16,860 - INFO - [1283/2075] Asymmetric unit already cached: 6Y22.cif
2026-06-01 03:13:16,860 - INFO - [1283/2075] Biological assembly already cached: 6Y22-assembly1.cif
2026-06-01 03:13:17,060 - INFO - [1284/2075] Asymmetric unit already cached: 6Y2X.cif
2026-06-01 03:13:17,061 - INFO - [1284/2075] Biological assembly already cached: 6Y2X-assembly1.cif
2026-06-01 03:13:17,261 - INFO - [1285/2075] Asymmetric unit already cached: 6Y3J.cif
2026-06-01 03:13:17,261 - INFO - [1285/2075] Biological assembly already cached: 6Y3J-assembly1.cif
2026-06-01 03:13:17,461 - INFO - [1286/2075] Asymmetric unit already cached: 6Y4Q.cif
2026-06-01 03:13:17,461 - INFO - [1286/2075] Biological assembly already cached: 6Y4Q-assembly1.cif
2026-06-01 03:13:17,662 - INFO - [1287/2075] Asymmetric unit already cached: 6Y5N.cif
2026-06-01 03:13:17,662 - INFO - [1287/2075] Biological assembly already cached: 6Y5N-assembly1.cif
2026-06-01 03:13:17,862 - INFO - [1288/2075] Asymmetric unit already cached: 6Y5P.cif
2026-06-01 03:13:17,862 - INFO - [1288/2075] Biological assembly already cached: 6Y5P-assembly1.cif
2026-06-01 03:13:18,063 - INFO - [1289/2075] Asymmetric unit already cached: 6YIJ.cif
2026-06-01 03:13:18,063 - INFO - [1289/2075] Biological assembly already cached: 6YIJ-assembly1.cif
2026-06-01 03:13:18,263 - INFO - [1290/2075] Asymmetric unit already cached: 6YIK.cif
2026-06-01 03:13:18,263 - INFO - [1290/2075] Biological assembly already cached: 6YIK-assembly1.cif
2026-06-01 03:13:18,463 - INFO - [1291/2075] Asymmetric unit already cached: 6YIL.cif
2026-06-01 03:13:18,463 - INFO - [1291/2075] Biological assembly already cached: 6YIL-assembly1.cif
2026-06-01 03:13:18,664 - INFO - [1292/2075] Asymmetric unit already cached: 6YIM.cif
2026-06-01 03:13:18,664 - INFO - [1292/2075] Biological assembly already cached: 6YIM-assembly1.cif
2026-06-01 03:13:18,864 - INFO - [1293/2075] Asymmetric unit already cached: 6YR5.cif
2026-06-01 03:13:18,864 - INFO - [1293/2075] Biological assembly already cached: 6YR5-assembly1.cif
2026-06-01 03:13:19,065 - INFO - [1294/2075] Asymmetric unit already cached: 6YR6.cif
2026-06-01 03:13:19,065 - INFO - [1294/2075] Biological assembly already cached: 6YR6-assembly1.cif
2026-06-01 03:13:19,265 - INFO - [1295/2075] Asymmetric unit already cached: 6YR7.cif
2026-06-01 03:13:19,265 - INFO - [1295/2075] Biological assembly already cached: 6YR7-assembly1.cif
2026-06-01 03:13:19,466 - INFO - [1296/2075] Asymmetric unit already cached: 6YXE.cif
2026-06-01 03:13:19,466 - INFO - [1296/2075] Biological assembly already cached: 6YXE-assembly1.cif
2026-06-01 03:13:19,666 - INFO - [1297/2075] Asymmetric unit already cached: 6ZBT.cif
2026-06-01 03:13:19,666 - INFO - [1297/2075] Biological assembly already cached: 6ZBT-assembly1.cif
2026-06-01 03:13:19,867 - INFO - [1298/2075] Asymmetric unit already cached: 6ZC9.cif
2026-06-01 03:13:19,867 - INFO - [1298/2075] Biological assembly already cached: 6ZC9-assembly1.cif
2026-06-01 03:13:20,067 - INFO - [1299/2075] Asymmetric unit already cached: 7A5P.cif
2026-06-01 03:13:20,067 - INFO - [1299/2075] Biological assembly already cached: 7A5P-assembly1.cif
2026-06-01 03:13:20,267 - INFO - [1300/2075] Asymmetric unit already cached: 7ABI.cif
2026-06-01 03:13:20,267 - INFO - [1300/2075] Biological assembly already cached: 7ABI-assembly1.cif
2026-06-01 03:13:20,468 - INFO - [1301/2075] Asymmetric unit already cached: 7AD0.cif
2026-06-01 03:13:20,468 - INFO - [1301/2075] Biological assembly already cached: 7AD0-assembly1.cif
2026-06-01 03:13:20,668 - INFO - [1302/2075] Asymmetric unit already cached: 7AHF.cif
2026-06-01 03:13:20,668 - INFO - [1302/2075] Biological assembly already cached: 7AHF-assembly1.cif
2026-06-01 03:13:20,869 - INFO - [1303/2075] Asymmetric unit already cached: 7AI0.cif
2026-06-01 03:13:20,869 - INFO - [1303/2075] Biological assembly already cached: 7AI0-assembly1.cif
2026-06-01 03:13:21,069 - INFO - [1304/2075] Asymmetric unit already cached: 7AI1.cif
2026-06-01 03:13:21,069 - INFO - [1304/2075] Biological assembly already cached: 7AI1-assembly1.cif
2026-06-01 03:13:21,269 - INFO - [1305/2075] Asymmetric unit already cached: 7AYE.cif
2026-06-01 03:13:21,269 - INFO - [1305/2075] Biological assembly already cached: 7AYE-assembly1.cif
2026-06-01 03:13:21,470 - INFO - [1306/2075] Asymmetric unit already cached: 7AZX.cif
2026-06-01 03:13:21,470 - INFO - [1306/2075] Biological assembly already cached: 7AZX-assembly1.cif
2026-06-01 03:13:21,670 - INFO - [1307/2075] Asymmetric unit already cached: 7B2R.cif
2026-06-01 03:13:21,670 - INFO - [1307/2075] Biological assembly already cached: 7B2R-assembly1.cif
2026-06-01 03:13:21,870 - INFO - [1308/2075] Asymmetric unit already cached: 7B2S.cif
2026-06-01 03:13:21,871 - INFO - [1308/2075] Biological assembly already cached: 7B2S-assembly1.cif
2026-06-01 03:13:22,071 - INFO - [1309/2075] Asymmetric unit already cached: 7B5L.cif
2026-06-01 03:13:22,071 - INFO - [1309/2075] Biological assembly already cached: 7B5L-assembly1.cif
2026-06-01 03:13:22,271 - INFO - [1310/2075] Asymmetric unit already cached: 7B5M.cif
2026-06-01 03:13:22,271 - INFO - [1310/2075] Biological assembly already cached: 7B5M-assembly1.cif
2026-06-01 03:13:22,472 - INFO - [1311/2075] Asymmetric unit already cached: 7B5N.cif
2026-06-01 03:13:22,472 - INFO - [1311/2075] Biological assembly already cached: 7B5N-assembly1.cif
2026-06-01 03:13:22,672 - INFO - [1312/2075] Asymmetric unit already cached: 7B5O.cif
2026-06-01 03:13:22,672 - INFO - [1312/2075] Biological assembly already cached: 7B5O-assembly1.cif
2026-06-01 03:13:22,872 - INFO - [1313/2075] Asymmetric unit already cached: 7B5Q.cif
2026-06-01 03:13:22,873 - INFO - [1313/2075] Biological assembly already cached: 7B5Q-assembly1.cif
2026-06-01 03:13:23,073 - INFO - [1314/2075] Asymmetric unit already cached: 7B5S.cif
2026-06-01 03:13:23,073 - INFO - [1314/2075] Biological assembly already cached: 7B5S-assembly1.cif
2026-06-01 03:13:23,273 - INFO - [1315/2075] Asymmetric unit already cached: 7B96.cif
2026-06-01 03:13:23,273 - INFO - [1315/2075] Biological assembly already cached: 7B96-assembly1.cif
2026-06-01 03:13:23,474 - INFO - [1316/2075] Asymmetric unit already cached: 7B9X.cif
2026-06-01 03:13:23,474 - INFO - [1316/2075] Biological assembly already cached: 7B9X-assembly1.cif
2026-06-01 03:13:23,674 - INFO - [1317/2075] Asymmetric unit already cached: 7BBD.cif
2026-06-01 03:13:23,674 - INFO - [1317/2075] Biological assembly already cached: 7BBD-assembly1.cif
2026-06-01 03:13:23,874 - INFO - [1318/2075] Asymmetric unit already cached: 7BBF.cif
2026-06-01 03:13:23,875 - INFO - [1318/2075] Biological assembly already cached: 7BBF-assembly1.cif
2026-06-01 03:13:24,075 - INFO - [1319/2075] Asymmetric unit already cached: 7BIR.cif
2026-06-01 03:13:24,075 - INFO - [1319/2075] Biological assembly already cached: 7BIR-assembly1.cif
2026-06-01 03:13:24,275 - INFO - [1320/2075] Asymmetric unit already cached: 7BIT.cif
2026-06-01 03:13:24,275 - INFO - [1320/2075] Biological assembly already cached: 7BIT-assembly1.cif
2026-06-01 03:13:24,476 - INFO - [1321/2075] Asymmetric unit already cached: 7BIV.cif
2026-06-01 03:13:24,476 - INFO - [1321/2075] Biological assembly already cached: 7BIV-assembly1.cif
2026-06-01 03:13:24,676 - INFO - [1322/2075] Asymmetric unit already cached: 7BJ0.cif
2026-06-01 03:13:24,677 - INFO - [1322/2075] Biological assembly already cached: 7BJ0-assembly1.cif
2026-06-01 03:13:24,877 - INFO - [1323/2075] Asymmetric unit already cached: 7BJ6.cif
2026-06-01 03:13:24,877 - INFO - [1323/2075] Biological assembly already cached: 7BJ6-assembly1.cif
2026-06-01 03:13:25,077 - INFO - [1324/2075] Asymmetric unit already cached: 7BMG.cif
2026-06-01 03:13:25,077 - INFO - [1324/2075] Biological assembly already cached: 7BMG-assembly1.cif
2026-06-01 03:13:25,278 - INFO - [1325/2075] Asymmetric unit already cached: 7BOL.cif
2026-06-01 03:13:25,278 - INFO - [1325/2075] Biological assembly already cached: 7BOL-assembly1.cif
2026-06-01 03:13:25,478 - INFO - [1326/2075] Asymmetric unit already cached: 7BXG.cif
2026-06-01 03:13:25,478 - INFO - [1326/2075] Biological assembly already cached: 7BXG-assembly1.cif
2026-06-01 03:13:25,678 - INFO - [1327/2075] Asymmetric unit already cached: 7C3Q.cif
2026-06-01 03:13:25,678 - INFO - [1327/2075] Biological assembly already cached: 7C3Q-assembly1.cif
2026-06-01 03:13:25,879 - INFO - [1328/2075] Asymmetric unit already cached: 7C3Y.cif
2026-06-01 03:13:25,879 - INFO - [1328/2075] Biological assembly already cached: 7C3Y-assembly1.cif
2026-06-01 03:13:26,079 - INFO - [1329/2075] Asymmetric unit already cached: 7C44.cif
2026-06-01 03:13:26,079 - INFO - [1329/2075] Biological assembly already cached: 7C44-assembly1.cif
2026-06-01 03:13:26,280 - INFO - [1330/2075] Asymmetric unit already cached: 7CO1.cif
2026-06-01 03:13:26,280 - INFO - [1330/2075] Biological assembly already cached: 7CO1-assembly1.cif
2026-06-01 03:13:26,480 - INFO - [1331/2075] Asymmetric unit already cached: 7DVQ.cif
2026-06-01 03:13:26,480 - INFO - [1331/2075] Biological assembly already cached: 7DVQ-assembly1.cif
2026-06-01 03:13:26,680 - INFO - [1332/2075] Asymmetric unit already cached: 7E8I.cif
2026-06-01 03:13:26,680 - INFO - [1332/2075] Biological assembly already cached: 7E8I-assembly1.cif
2026-06-01 03:13:26,881 - INFO - [1333/2075] Asymmetric unit already cached: 7EGB.cif
2026-06-01 03:13:26,881 - INFO - [1333/2075] Biological assembly already cached: 7EGB-assembly1.cif
2026-06-01 03:13:27,081 - INFO - [1334/2075] Asymmetric unit already cached: 7EGC.cif
2026-06-01 03:13:27,081 - INFO - [1334/2075] Biological assembly already cached: 7EGC-assembly1.cif
2026-06-01 03:13:27,282 - INFO - [1335/2075] Asymmetric unit already cached: 7EL4.cif
2026-06-01 03:13:27,282 - INFO - [1335/2075] Biological assembly already cached: 7EL4-assembly1.cif
2026-06-01 03:13:27,482 - INFO - [1336/2075] Asymmetric unit already cached: 7ENA.cif
2026-06-01 03:13:27,482 - INFO - [1336/2075] Biological assembly already cached: 7ENA-assembly1.cif
2026-06-01 03:13:27,682 - INFO - [1337/2075] Asymmetric unit already cached: 7ENC.cif
2026-06-01 03:13:27,682 - INFO - [1337/2075] Biological assembly already cached: 7ENC-assembly1.cif
2026-06-01 03:13:27,883 - INFO - [1338/2075] Asymmetric unit already cached: 7EVJ.cif
2026-06-01 03:13:27,883 - INFO - [1338/2075] Biological assembly already cached: 7EVJ-assembly1.cif
2026-06-01 03:13:28,083 - INFO - [1339/2075] Asymmetric unit already cached: 7FB7.cif
2026-06-01 03:13:28,083 - INFO - [1339/2075] Biological assembly already cached: 7FB7-assembly1.cif
2026-06-01 03:13:28,284 - INFO - [1340/2075] Asymmetric unit already cached: 7JFL.cif
2026-06-01 03:13:28,284 - INFO - [1340/2075] Biological assembly already cached: 7JFL-assembly1.cif
2026-06-01 03:13:28,484 - INFO - [1341/2075] Asymmetric unit already cached: 7JFM.cif
2026-06-01 03:13:28,484 - INFO - [1341/2075] Biological assembly already cached: 7JFM-assembly1.cif
2026-06-01 03:13:28,684 - INFO - [1342/2075] Asymmetric unit already cached: 7JL0.cif
2026-06-01 03:13:28,684 - INFO - [1342/2075] Biological assembly already cached: 7JL0-assembly1.cif
2026-06-01 03:13:28,885 - INFO - [1343/2075] Asymmetric unit already cached: 7JL1.cif
2026-06-01 03:13:28,885 - INFO - [1343/2075] Biological assembly already cached: 7JL1-assembly1.cif
2026-06-01 03:13:29,085 - INFO - [1344/2075] Asymmetric unit already cached: 7JL2.cif
2026-06-01 03:13:29,085 - INFO - [1344/2075] Biological assembly already cached: 7JL2-assembly1.cif
2026-06-01 03:13:29,285 - INFO - [1345/2075] Asymmetric unit already cached: 7JL3.cif
2026-06-01 03:13:29,286 - INFO - [1345/2075] Biological assembly already cached: 7JL3-assembly1.cif
2026-06-01 03:13:29,486 - INFO - [1346/2075] Asymmetric unit already cached: 7JL4.cif
2026-06-01 03:13:29,486 - INFO - [1346/2075] Biological assembly already cached: 7JL4-assembly1.cif
2026-06-01 03:13:29,687 - INFO - [1347/2075] Asymmetric unit already cached: 7JQ9.cif
2026-06-01 03:13:29,687 - INFO - [1347/2075] Biological assembly already cached: 7JQ9-assembly1.cif
2026-06-01 03:13:29,887 - INFO - [1348/2075] Asymmetric unit already cached: 7JUO.cif
2026-06-01 03:13:29,887 - INFO - [1348/2075] Biological assembly already cached: 7JUO-assembly1.cif
2026-06-01 03:13:30,087 - INFO - [1349/2075] Asymmetric unit already cached: 7JZV.cif
2026-06-01 03:13:30,088 - INFO - [1349/2075] Biological assembly already cached: 7JZV-assembly1.cif
2026-06-01 03:13:30,288 - INFO - [1350/2075] Asymmetric unit already cached: 7KJM.cif
2026-06-01 03:13:30,288 - INFO - [1350/2075] Biological assembly already cached: 7KJM-assembly1.cif
2026-06-01 03:13:30,488 - INFO - [1351/2075] Asymmetric unit already cached: 7KJN.cif
2026-06-01 03:13:30,488 - INFO - [1351/2075] Biological assembly already cached: 7KJN-assembly1.cif
2026-06-01 03:13:30,689 - INFO - [1352/2075] Asymmetric unit already cached: 7KPY.cif
2026-06-01 03:13:30,689 - INFO - [1352/2075] Biological assembly already cached: 7KPY-assembly1.cif
2026-06-01 03:13:30,889 - INFO - [1353/2075] Asymmetric unit already cached: 7KZP.cif
2026-06-01 03:13:30,889 - INFO - [1353/2075] Biological assembly already cached: 7KZP-assembly1.cif
2026-06-01 03:13:31,090 - INFO - [1354/2075] Asymmetric unit already cached: 7KZQ.cif
2026-06-01 03:13:31,090 - INFO - [1354/2075] Biological assembly already cached: 7KZQ-assembly1.cif
2026-06-01 03:13:31,290 - INFO - [1355/2075] Asymmetric unit already cached: 7KZR.cif
2026-06-01 03:13:31,290 - INFO - [1355/2075] Biological assembly already cached: 7KZR-assembly1.cif
2026-06-01 03:13:31,490 - INFO - [1356/2075] Asymmetric unit already cached: 7KZS.cif
2026-06-01 03:13:31,491 - INFO - [1356/2075] Biological assembly already cached: 7KZS-assembly1.cif
2026-06-01 03:13:31,691 - INFO - [1357/2075] Asymmetric unit already cached: 7KZT.cif
2026-06-01 03:13:31,691 - INFO - [1357/2075] Biological assembly already cached: 7KZT-assembly1.cif
2026-06-01 03:13:31,891 - INFO - [1358/2075] Asymmetric unit already cached: 7KZV.cif
2026-06-01 03:13:31,891 - INFO - [1358/2075] Biological assembly already cached: 7KZV-assembly1.cif
2026-06-01 03:13:32,092 - INFO - [1359/2075] Asymmetric unit already cached: 7L3L.cif
2026-06-01 03:13:32,092 - INFO - [1359/2075] Biological assembly already cached: 7L3L-assembly1.cif
2026-06-01 03:13:32,292 - INFO - [1360/2075] Asymmetric unit already cached: 7LBM.cif
2026-06-01 03:13:32,292 - INFO - [1360/2075] Biological assembly already cached: 7LBM-assembly1.cif
2026-06-01 03:13:32,492 - INFO - [1361/2075] Asymmetric unit already cached: 7LEW.cif
2026-06-01 03:13:32,493 - INFO - [1361/2075] Biological assembly already cached: 7LEW-assembly1.cif
2026-06-01 03:13:32,693 - INFO - [1362/2075] Asymmetric unit already cached: 7LJE.cif
2026-06-01 03:13:32,693 - INFO - [1362/2075] Biological assembly already cached: 7LJE-assembly1.cif
2026-06-01 03:13:32,893 - INFO - [1363/2075] Asymmetric unit already cached: 7LP1.cif
2026-06-01 03:13:32,893 - INFO - [1363/2075] Biological assembly already cached: 7LP1-assembly1.cif
2026-06-01 03:13:33,094 - INFO - [1364/2075] Asymmetric unit already cached: 7LP2.cif
2026-06-01 03:13:33,094 - INFO - [1364/2075] Biological assembly already cached: 7LP2-assembly1.cif
2026-06-01 03:13:33,294 - INFO - [1365/2075] Asymmetric unit already cached: 7LP3.cif
2026-06-01 03:13:33,294 - INFO - [1365/2075] Biological assembly already cached: 7LP3-assembly1.cif
2026-06-01 03:13:33,494 - INFO - [1366/2075] Asymmetric unit already cached: 7LP4.cif
2026-06-01 03:13:33,495 - INFO - [1366/2075] Biological assembly already cached: 7LP4-assembly1.cif
2026-06-01 03:13:33,695 - INFO - [1367/2075] Asymmetric unit already cached: 7LP5.cif
2026-06-01 03:13:33,695 - INFO - [1367/2075] Biological assembly already cached: 7LP5-assembly1.cif
2026-06-01 03:13:33,895 - INFO - [1368/2075] Asymmetric unit already cached: 7LYB.cif
2026-06-01 03:13:33,895 - INFO - [1368/2075] Biological assembly already cached: 7LYB-assembly1.cif
2026-06-01 03:13:34,096 - INFO - [1369/2075] Asymmetric unit already cached: 7LYC.cif
2026-06-01 03:13:34,096 - INFO - [1369/2075] Biological assembly already cached: 7LYC-assembly1.cif
2026-06-01 03:13:34,296 - INFO - [1370/2075] Asymmetric unit already cached: 7M2K.cif
2026-06-01 03:13:34,296 - INFO - [1370/2075] Biological assembly already cached: 7M2K-assembly1.cif
2026-06-01 03:13:34,497 - INFO - [1371/2075] Asymmetric unit already cached: 7M3Q.cif
2026-06-01 03:13:34,497 - INFO - [1371/2075] Biological assembly already cached: 7M3Q-assembly1.cif
2026-06-01 03:13:34,697 - INFO - [1372/2075] Asymmetric unit already cached: 7M4M.cif
2026-06-01 03:13:34,697 - INFO - [1372/2075] Biological assembly already cached: 7M4M-assembly1.cif
2026-06-01 03:13:34,898 - INFO - [1373/2075] Asymmetric unit already cached: 7M4N.cif
2026-06-01 03:13:34,898 - INFO - [1373/2075] Biological assembly already cached: 7M4N-assembly1.cif
2026-06-01 03:13:35,098 - INFO - [1374/2075] Asymmetric unit already cached: 7M4O.cif
2026-06-01 03:13:35,098 - INFO - [1374/2075] Biological assembly already cached: 7M4O-assembly1.cif
2026-06-01 03:13:35,299 - INFO - [1375/2075] Asymmetric unit already cached: 7MLA.cif
2026-06-01 03:13:35,299 - INFO - [1375/2075] Biological assembly already cached: 7MLA-assembly1.cif
2026-06-01 03:13:35,499 - INFO - [1376/2075] Asymmetric unit already cached: 7MOP.cif
2026-06-01 03:13:35,499 - INFO - [1376/2075] Biological assembly already cached: 7MOP-assembly1.cif
2026-06-01 03:13:35,699 - INFO - [1377/2075] Asymmetric unit already cached: 7MWD.cif
2026-06-01 03:13:35,700 - INFO - [1377/2075] Biological assembly already cached: 7MWD-assembly1.cif
2026-06-01 03:13:35,900 - INFO - [1378/2075] Asymmetric unit already cached: 7MWE.cif
2026-06-01 03:13:35,900 - INFO - [1378/2075] Biological assembly already cached: 7MWE-assembly1.cif
2026-06-01 03:13:36,100 - INFO - [1379/2075] Asymmetric unit already cached: 7MWF.cif
2026-06-01 03:13:36,100 - INFO - [1379/2075] Biological assembly already cached: 7MWF-assembly1.cif
2026-06-01 03:13:36,301 - INFO - [1380/2075] Asymmetric unit already cached: 7MYF.cif
2026-06-01 03:13:36,301 - INFO - [1380/2075] Biological assembly already cached: 7MYF-assembly1.cif
2026-06-01 03:13:36,501 - INFO - [1381/2075] Asymmetric unit already cached: 7MYH.cif
2026-06-01 03:13:36,501 - INFO - [1381/2075] Biological assembly already cached: 7MYH-assembly1.cif
2026-06-01 03:13:36,701 - INFO - [1382/2075] Asymmetric unit already cached: 7NA1.cif
2026-06-01 03:13:36,702 - INFO - [1382/2075] Biological assembly already cached: 7NA1-assembly1.cif
2026-06-01 03:13:36,902 - INFO - [1383/2075] Asymmetric unit already cached: 7NA2.cif
2026-06-01 03:13:36,902 - INFO - [1383/2075] Biological assembly already cached: 7NA2-assembly1.cif
2026-06-01 03:13:37,102 - INFO - [1384/2075] Asymmetric unit already cached: 7NA3.cif
2026-06-01 03:13:37,102 - INFO - [1384/2075] Biological assembly already cached: 7NA3-assembly1.cif
2026-06-01 03:13:37,303 - INFO - [1385/2075] Asymmetric unit already cached: 7NA4.cif
2026-06-01 03:13:37,303 - INFO - [1385/2075] Biological assembly already cached: 7NA4-assembly1.cif
2026-06-01 03:13:37,503 - INFO - [1386/2075] Asymmetric unit already cached: 7ND1.cif
2026-06-01 03:13:37,503 - INFO - [1386/2075] Biological assembly already cached: 7ND1-assembly1.cif
2026-06-01 03:13:37,703 - INFO - [1387/2075] Asymmetric unit already cached: 7NK0.cif
2026-06-01 03:13:37,703 - INFO - [1387/2075] Biological assembly already cached: 7NK0-assembly1.cif
2026-06-01 03:13:37,904 - INFO - [1388/2075] Asymmetric unit already cached: 7NMZ.cif
2026-06-01 03:13:37,904 - INFO - [1388/2075] Biological assembly already cached: 7NMZ-assembly1.cif
2026-06-01 03:13:38,104 - INFO - [1389/2075] Asymmetric unit already cached: 7NUS.cif
2026-06-01 03:13:38,104 - INFO - [1389/2075] Biological assembly already cached: 7NUS-assembly1.cif
2026-06-01 03:13:38,304 - INFO - [1390/2075] Asymmetric unit already cached: 7NVR.cif
2026-06-01 03:13:38,305 - INFO - [1390/2075] Biological assembly already cached: 7NVR-assembly1.cif
2026-06-01 03:13:38,505 - INFO - [1391/2075] Asymmetric unit already cached: 7NVW.cif
2026-06-01 03:13:38,505 - INFO - [1391/2075] Biological assembly already cached: 7NVW-assembly1.cif
2026-06-01 03:13:38,705 - INFO - [1392/2075] Asymmetric unit already cached: 7NVX.cif
2026-06-01 03:13:38,705 - INFO - [1392/2075] Biological assembly already cached: 7NVX-assembly1.cif
2026-06-01 03:13:38,906 - INFO - [1393/2075] Asymmetric unit already cached: 7NVY.cif
2026-06-01 03:13:38,906 - INFO - [1393/2075] Biological assembly already cached: 7NVY-assembly1.cif
2026-06-01 03:13:39,106 - INFO - [1394/2075] Asymmetric unit already cached: 7NVZ.cif
2026-06-01 03:13:39,106 - INFO - [1394/2075] Biological assembly already cached: 7NVZ-assembly1.cif
2026-06-01 03:13:39,306 - INFO - [1395/2075] Asymmetric unit already cached: 7NW0.cif
2026-06-01 03:13:39,307 - INFO - [1395/2075] Biological assembly already cached: 7NW0-assembly1.cif
2026-06-01 03:13:39,507 - INFO - [1396/2075] Asymmetric unit already cached: 7NZC.cif
2026-06-01 03:13:39,508 - INFO - [1396/2075] Biological assembly already cached: 7NZC-assembly1.cif
2026-06-01 03:13:39,708 - INFO - [1397/2075] Asymmetric unit already cached: 7NZD.cif
2026-06-01 03:13:39,708 - INFO - [1397/2075] Biological assembly already cached: 7NZD-assembly1.cif
2026-06-01 03:13:39,908 - INFO - [1398/2075] Asymmetric unit already cached: 7O0B.cif
2026-06-01 03:13:39,908 - INFO - [1398/2075] Biological assembly already cached: 7O0B-assembly1.cif
2026-06-01 03:13:40,109 - INFO - [1399/2075] Asymmetric unit already cached: 7OD1.cif
2026-06-01 03:13:40,109 - INFO - [1399/2075] Biological assembly already cached: 7OD1-assembly1.cif
2026-06-01 03:13:40,309 - INFO - [1400/2075] Asymmetric unit already cached: 7OIK.cif
2026-06-01 03:13:40,309 - INFO - [1400/2075] Biological assembly already cached: 7OIK-assembly1.cif
2026-06-01 03:13:40,509 - INFO - [1401/2075] Asymmetric unit already cached: 7OJX.cif
2026-06-01 03:13:40,510 - INFO - [1401/2075] Biological assembly already cached: 7OJX-assembly1.cif
2026-06-01 03:13:40,710 - INFO - [1402/2075] Asymmetric unit already cached: 7OKQ.cif
2026-06-01 03:13:40,710 - INFO - [1402/2075] Biological assembly already cached: 7OKQ-assembly1.cif
2026-06-01 03:13:40,910 - INFO - [1403/2075] Asymmetric unit already cached: 7ONI.cif
2026-06-01 03:13:40,910 - INFO - [1403/2075] Biological assembly already cached: 7ONI-assembly1.cif
2026-06-01 03:13:41,111 - INFO - [1404/2075] Asymmetric unit already cached: 7OVX.cif
2026-06-01 03:13:41,111 - INFO - [1404/2075] Biological assembly already cached: 7OVX-assembly1.cif
2026-06-01 03:13:41,311 - INFO - [1405/2075] Asymmetric unit already cached: 7OW2.cif
2026-06-01 03:13:41,311 - INFO - [1405/2075] Biological assembly already cached: 7OW2-assembly1.cif
2026-06-01 03:13:41,511 - INFO - [1406/2075] Asymmetric unit already cached: 7P2K.cif
2026-06-01 03:13:41,512 - INFO - [1406/2075] Biological assembly already cached: 7P2K-assembly1.cif
2026-06-01 03:13:41,712 - INFO - [1407/2075] Asymmetric unit already cached: 7PLO.cif
2026-06-01 03:13:41,712 - INFO - [1407/2075] Biological assembly already cached: 7PLO-assembly1.cif
2026-06-01 03:13:41,912 - INFO - [1408/2075] Asymmetric unit already cached: 7Q40.cif
2026-06-01 03:13:41,912 - INFO - [1408/2075] Biological assembly already cached: 7Q40-assembly1.cif
2026-06-01 03:13:42,113 - INFO - [1409/2075] Asymmetric unit already cached: 7Q41.cif
2026-06-01 03:13:42,113 - INFO - [1409/2075] Biological assembly already cached: 7Q41-assembly1.cif
2026-06-01 03:13:42,313 - INFO - [1410/2075] Asymmetric unit already cached: 7Q42.cif
2026-06-01 03:13:42,313 - INFO - [1410/2075] Biological assembly already cached: 7Q42-assembly1.cif
2026-06-01 03:13:42,513 - INFO - [1411/2075] Asymmetric unit already cached: 7Q43.cif
2026-06-01 03:13:42,513 - INFO - [1411/2075] Biological assembly already cached: 7Q43-assembly1.cif
2026-06-01 03:13:42,714 - INFO - [1412/2075] Asymmetric unit already cached: 7Q44.cif
2026-06-01 03:13:42,714 - INFO - [1412/2075] Biological assembly already cached: 7Q44-assembly1.cif
2026-06-01 03:13:42,914 - INFO - [1413/2075] Asymmetric unit already cached: 7Q45.cif
2026-06-01 03:13:42,914 - INFO - [1413/2075] Biological assembly already cached: 7Q45-assembly1.cif
2026-06-01 03:13:43,115 - INFO - [1414/2075] Asymmetric unit already cached: 7Q46.cif
2026-06-01 03:13:43,115 - INFO - [1414/2075] Biological assembly already cached: 7Q46-assembly1.cif
2026-06-01 03:13:43,315 - INFO - [1415/2075] Asymmetric unit already cached: 7QCT.cif
2026-06-01 03:13:43,315 - INFO - [1415/2075] Biological assembly already cached: 7QCT-assembly1.cif
2026-06-01 03:13:43,515 - INFO - [1416/2075] Asymmetric unit already cached: 7QDQ.cif
2026-06-01 03:13:43,516 - INFO - [1416/2075] Biological assembly already cached: 7QDQ-assembly1.cif
2026-06-01 03:13:43,716 - INFO - [1417/2075] Asymmetric unit already cached: 7QGJ.cif
2026-06-01 03:13:43,716 - INFO - [1417/2075] Biological assembly already cached: 7QGJ-assembly1.cif
2026-06-01 03:13:43,916 - INFO - [1418/2075] Asymmetric unit already cached: 7QGS.cif
2026-06-01 03:13:43,916 - INFO - [1418/2075] Biological assembly already cached: 7QGS-assembly1.cif
2026-06-01 03:13:44,117 - INFO - [1419/2075] Asymmetric unit already cached: 7QPB.cif
2026-06-01 03:13:44,117 - INFO - [1419/2075] Biological assembly already cached: 7QPB-assembly1.cif
2026-06-01 03:13:44,317 - INFO - [1420/2075] Asymmetric unit already cached: 7QRV.cif
2026-06-01 03:13:44,317 - INFO - [1420/2075] Biological assembly already cached: 7QRV-assembly1.cif
2026-06-01 03:13:44,518 - INFO - [1421/2075] Asymmetric unit already cached: 7QRW.cif
2026-06-01 03:13:44,518 - INFO - [1421/2075] Biological assembly already cached: 7QRW-assembly1.cif
2026-06-01 03:13:44,718 - INFO - [1422/2075] Asymmetric unit already cached: 7QRX.cif
2026-06-01 03:13:44,718 - INFO - [1422/2075] Biological assembly already cached: 7QRX-assembly1.cif
2026-06-01 03:13:44,919 - INFO - [1423/2075] Asymmetric unit already cached: 7QRY.cif
2026-06-01 03:13:44,919 - INFO - [1423/2075] Biological assembly already cached: 7QRY-assembly1.cif
2026-06-01 03:13:45,119 - INFO - [1424/2075] Asymmetric unit already cached: 7QRZ.cif
2026-06-01 03:13:45,119 - INFO - [1424/2075] Biological assembly already cached: 7QRZ-assembly1.cif
2026-06-01 03:13:45,319 - INFO - [1425/2075] Asymmetric unit already cached: 7QS0.cif
2026-06-01 03:13:45,320 - INFO - [1425/2075] Biological assembly already cached: 7QS0-assembly1.cif
2026-06-01 03:13:45,520 - INFO - [1426/2075] Asymmetric unit already cached: 7QS1.cif
2026-06-01 03:13:45,520 - INFO - [1426/2075] Biological assembly already cached: 7QS1-assembly1.cif
2026-06-01 03:13:45,720 - INFO - [1427/2075] Asymmetric unit already cached: 7QS2.cif
2026-06-01 03:13:45,720 - INFO - [1427/2075] Biological assembly already cached: 7QS2-assembly1.cif
2026-06-01 03:13:45,921 - INFO - [1428/2075] Asymmetric unit already cached: 7QS4.cif
2026-06-01 03:13:45,921 - INFO - [1428/2075] Biological assembly already cached: 7QS4-assembly1.cif
2026-06-01 03:13:46,121 - INFO - [1429/2075] Asymmetric unit already cached: 7QS5.cif
2026-06-01 03:13:46,121 - INFO - [1429/2075] Biological assembly already cached: 7QS5-assembly1.cif
2026-06-01 03:13:46,321 - INFO - [1430/2075] Asymmetric unit already cached: 7QTT.cif
2026-06-01 03:13:46,322 - INFO - [1430/2075] Biological assembly already cached: 7QTT-assembly1.cif
2026-06-01 03:13:46,522 - INFO - [1431/2075] Asymmetric unit already cached: 7R1O.cif
2026-06-01 03:13:46,522 - INFO - [1431/2075] Biological assembly already cached: 7R1O-assembly1.cif
2026-06-01 03:13:46,722 - INFO - [1432/2075] Asymmetric unit already cached: 7R70.cif
2026-06-01 03:13:46,722 - INFO - [1432/2075] Biological assembly already cached: 7R70-assembly1.cif
2026-06-01 03:13:46,923 - INFO - [1433/2075] Asymmetric unit already cached: 7R71.cif
2026-06-01 03:13:46,923 - INFO - [1433/2075] Biological assembly already cached: 7R71-assembly1.cif
2026-06-01 03:13:47,123 - INFO - [1434/2075] Asymmetric unit already cached: 7RGW.cif
2026-06-01 03:13:47,123 - INFO - [1434/2075] Biological assembly already cached: 7RGW-assembly1.cif
2026-06-01 03:13:47,323 - INFO - [1435/2075] Asymmetric unit already cached: 7RLE.cif
2026-06-01 03:13:47,324 - INFO - [1435/2075] Biological assembly already cached: 7RLE-assembly1.cif
2026-06-01 03:13:47,524 - INFO - [1436/2075] Asymmetric unit already cached: 7SIY.cif
2026-06-01 03:13:47,524 - INFO - [1436/2075] Biological assembly already cached: 7SIY-assembly1.cif
2026-06-01 03:13:47,724 - INFO - [1437/2075] Asymmetric unit already cached: 7SS8.cif
2026-06-01 03:13:47,724 - INFO - [1437/2075] Biological assembly already cached: 7SS8-assembly1.cif
2026-06-01 03:13:47,925 - INFO - [1438/2075] Asymmetric unit already cached: 7SSK.cif
2026-06-01 03:13:47,925 - INFO - [1438/2075] Biological assembly already cached: 7SSK-assembly1.cif
2026-06-01 03:13:48,125 - INFO - [1439/2075] Asymmetric unit already cached: 7SZQ.cif
2026-06-01 03:13:48,125 - INFO - [1439/2075] Biological assembly already cached: 7SZQ-assembly1.cif
2026-06-01 03:13:48,326 - INFO - [1440/2075] Asymmetric unit already cached: 7TB1.cif
2026-06-01 03:13:48,326 - INFO - [1440/2075] Biological assembly already cached: 7TB1-assembly1.cif
2026-06-01 03:13:48,526 - INFO - [1441/2075] Asymmetric unit already cached: 7TB3.cif
2026-06-01 03:13:48,526 - INFO - [1441/2075] Biological assembly already cached: 7TB3-assembly1.cif
2026-06-01 03:13:48,726 - INFO - [1442/2075] Asymmetric unit already cached: 7TBH.cif
2026-06-01 03:13:48,726 - INFO - [1442/2075] Biological assembly already cached: 7TBH-assembly1.cif
2026-06-01 03:13:48,927 - INFO - [1443/2075] Asymmetric unit already cached: 7TRL.cif
2026-06-01 03:13:48,927 - INFO - [1443/2075] Biological assembly already cached: 7TRL-assembly1.cif
2026-06-01 03:13:49,127 - INFO - [1444/2075] Asymmetric unit already cached: 7TRM.cif
2026-06-01 03:13:49,127 - INFO - [1444/2075] Biological assembly already cached: 7TRM-assembly1.cif
2026-06-01 03:13:49,327 - INFO - [1445/2075] Asymmetric unit already cached: 7TV4.cif
2026-06-01 03:13:49,328 - INFO - [1445/2075] Biological assembly already cached: 7TV4-assembly1.cif
2026-06-01 03:13:49,528 - INFO - [1446/2075] Asymmetric unit already cached: 7UGE.cif
2026-06-01 03:13:49,529 - INFO - [1446/2075] Biological assembly already cached: 7UGE-assembly1.cif
2026-06-01 03:13:49,729 - INFO - [1447/2075] Asymmetric unit already cached: 7UGI.cif
2026-06-01 03:13:49,729 - INFO - [1447/2075] Biological assembly already cached: 7UGI-assembly1.cif
2026-06-01 03:13:49,929 - INFO - [1448/2075] Asymmetric unit already cached: 7UGL.cif
2026-06-01 03:13:49,929 - INFO - [1448/2075] Biological assembly already cached: 7UGL-assembly1.cif
2026-06-01 03:13:50,129 - INFO - [1449/2075] Asymmetric unit already cached: 7UHY.cif
2026-06-01 03:13:50,130 - INFO - [1449/2075] Biological assembly already cached: 7UHY-assembly1.cif
2026-06-01 03:13:50,330 - INFO - [1450/2075] Asymmetric unit already cached: 7UN3.cif
2026-06-01 03:13:50,330 - INFO - [1450/2075] Biological assembly already cached: 7UN3-assembly1.cif
2026-06-01 03:13:50,530 - INFO - [1451/2075] Asymmetric unit already cached: 7UN6.cif
2026-06-01 03:13:50,531 - INFO - [1451/2075] Biological assembly already cached: 7UN6-assembly1.cif
2026-06-01 03:13:50,731 - INFO - [1452/2075] Asymmetric unit already cached: 7UY2.cif
2026-06-01 03:13:50,731 - INFO - [1452/2075] Biological assembly already cached: 7UY2-assembly1.cif
2026-06-01 03:13:50,931 - INFO - [1453/2075] Asymmetric unit already cached: 7UYJ.cif
2026-06-01 03:13:50,931 - INFO - [1453/2075] Biological assembly already cached: 7UYJ-assembly1.cif
2026-06-01 03:13:51,132 - INFO - [1454/2075] Asymmetric unit already cached: 7UYK.cif
2026-06-01 03:13:51,132 - INFO - [1454/2075] Biological assembly already cached: 7UYK-assembly1.cif
2026-06-01 03:13:51,332 - INFO - [1455/2075] Asymmetric unit already cached: 7V8E.cif
2026-06-01 03:13:51,332 - INFO - [1455/2075] Biological assembly already cached: 7V8E-assembly1.cif
2026-06-01 03:13:51,533 - INFO - [1456/2075] Asymmetric unit already cached: 7V8F.cif
2026-06-01 03:13:51,533 - INFO - [1456/2075] Biological assembly already cached: 7V8F-assembly1.cif
2026-06-01 03:13:51,733 - INFO - [1457/2075] Asymmetric unit already cached: 7V8G.cif
2026-06-01 03:13:51,733 - INFO - [1457/2075] Biological assembly already cached: 7V8G-assembly1.cif
2026-06-01 03:13:51,933 - INFO - [1458/2075] Asymmetric unit already cached: 7VHY.cif
2026-06-01 03:13:51,933 - INFO - [1458/2075] Biological assembly already cached: 7VHY-assembly1.cif
2026-06-01 03:13:52,134 - INFO - [1459/2075] Asymmetric unit already cached: 7VHZ.cif
2026-06-01 03:13:52,134 - INFO - [1459/2075] Biological assembly already cached: 7VHZ-assembly1.cif
2026-06-01 03:13:52,334 - INFO - [1460/2075] Asymmetric unit already cached: 7VI0.cif
2026-06-01 03:13:52,334 - INFO - [1460/2075] Biological assembly already cached: 7VI0-assembly1.cif
2026-06-01 03:13:52,535 - INFO - [1461/2075] Asymmetric unit already cached: 7W0Q.cif
2026-06-01 03:13:52,535 - INFO - [1461/2075] Biological assembly already cached: 7W0Q-assembly1.cif
2026-06-01 03:13:52,735 - INFO - [1462/2075] Asymmetric unit already cached: 7W0S.cif
2026-06-01 03:13:52,735 - INFO - [1462/2075] Biological assembly already cached: 7W0S-assembly1.cif
2026-06-01 03:13:52,935 - INFO - [1463/2075] Asymmetric unit already cached: 7W0T.cif
2026-06-01 03:13:52,935 - INFO - [1463/2075] Biological assembly already cached: 7W0T-assembly1.cif
2026-06-01 03:13:53,136 - INFO - [1464/2075] Asymmetric unit already cached: 7W59.cif
2026-06-01 03:13:53,136 - INFO - [1464/2075] Biological assembly already cached: 7W59-assembly1.cif
2026-06-01 03:13:53,336 - INFO - [1465/2075] Asymmetric unit already cached: 7W5A.cif
2026-06-01 03:13:53,336 - INFO - [1465/2075] Biological assembly already cached: 7W5A-assembly1.cif
2026-06-01 03:13:53,536 - INFO - [1466/2075] Asymmetric unit already cached: 7W5B.cif
2026-06-01 03:13:53,537 - INFO - [1466/2075] Biological assembly already cached: 7W5B-assembly1.cif
2026-06-01 03:13:53,737 - INFO - [1467/2075] Asymmetric unit already cached: 7W6L.cif
2026-06-01 03:13:53,737 - INFO - [1467/2075] Biological assembly already cached: 7W6L-assembly1.cif
2026-06-01 03:13:53,937 - INFO - [1468/2075] Asymmetric unit already cached: 7W9V.cif
2026-06-01 03:13:53,937 - INFO - [1468/2075] Biological assembly already cached: 7W9V-assembly1.cif
2026-06-01 03:13:54,138 - INFO - [1469/2075] Asymmetric unit already cached: 7WX2.cif
2026-06-01 03:13:54,138 - INFO - [1469/2075] Biological assembly already cached: 7WX2-assembly1.cif
2026-06-01 03:13:54,338 - INFO - [1470/2075] Asymmetric unit already cached: 7X6Y.cif
2026-06-01 03:13:54,338 - INFO - [1470/2075] Biological assembly already cached: 7X6Y-assembly1.cif
2026-06-01 03:13:54,539 - INFO - [1471/2075] Asymmetric unit already cached: 7X6Z.cif
2026-06-01 03:13:54,539 - INFO - [1471/2075] Biological assembly already cached: 7X6Z-assembly1.cif
2026-06-01 03:13:54,739 - INFO - [1472/2075] Asymmetric unit already cached: 7X70.cif
2026-06-01 03:13:54,739 - INFO - [1472/2075] Biological assembly already cached: 7X70-assembly1.cif
2026-06-01 03:13:54,940 - INFO - [1473/2075] Asymmetric unit already cached: 7XEZ.cif
2026-06-01 03:13:54,940 - INFO - [1473/2075] Biological assembly already cached: 7XEZ-assembly1.cif
2026-06-01 03:13:55,140 - INFO - [1474/2075] Asymmetric unit already cached: 7XFG.cif
2026-06-01 03:13:55,140 - INFO - [1474/2075] Biological assembly already cached: 7XFG-assembly1.cif
2026-06-01 03:13:55,341 - INFO - [1475/2075] Asymmetric unit already cached: 7XH6.cif
2026-06-01 03:13:55,341 - INFO - [1475/2075] Biological assembly already cached: 7XH6-assembly1.cif
2026-06-01 03:13:55,541 - INFO - [1476/2075] Asymmetric unit already cached: 7XHE.cif
2026-06-01 03:13:55,541 - INFO - [1476/2075] Biological assembly already cached: 7XHE-assembly1.cif
2026-06-01 03:13:55,741 - INFO - [1477/2075] Asymmetric unit already cached: 7XI0.cif
2026-06-01 03:13:55,742 - INFO - [1477/2075] Biological assembly already cached: 7XI0-assembly1.cif
2026-06-01 03:13:55,942 - INFO - [1478/2075] Asymmetric unit already cached: 7XIJ.cif
2026-06-01 03:13:55,942 - INFO - [1478/2075] Biological assembly already cached: 7XIJ-assembly1.cif
2026-06-01 03:13:56,142 - INFO - [1479/2075] Asymmetric unit already cached: 7XM7.cif
2026-06-01 03:13:56,142 - INFO - [1479/2075] Biological assembly already cached: 7XM7-assembly1.cif
2026-06-01 03:13:56,343 - INFO - [1480/2075] Asymmetric unit already cached: 7XNE.cif
2026-06-01 03:13:56,343 - INFO - [1480/2075] Biological assembly already cached: 7XNE-assembly1.cif
2026-06-01 03:13:56,543 - INFO - [1481/2075] Asymmetric unit already cached: 7XNG.cif
2026-06-01 03:13:56,543 - INFO - [1481/2075] Biological assembly already cached: 7XNG-assembly1.cif
2026-06-01 03:13:56,743 - INFO - [1482/2075] Asymmetric unit already cached: 7XT2.cif
2026-06-01 03:13:56,744 - INFO - [1482/2075] Biological assembly already cached: 7XT2-assembly1.cif
2026-06-01 03:13:56,944 - INFO - [1483/2075] Asymmetric unit already cached: 7Y3A.cif
2026-06-01 03:13:56,944 - INFO - [1483/2075] Biological assembly already cached: 7Y3A-assembly1.cif
2026-06-01 03:13:57,144 - INFO - [1484/2075] Asymmetric unit already cached: 7Y3B.cif
2026-06-01 03:13:57,144 - INFO - [1484/2075] Biological assembly already cached: 7Y3B-assembly1.cif
2026-06-01 03:13:57,345 - INFO - [1485/2075] Asymmetric unit already cached: 7Y3C.cif
2026-06-01 03:13:57,345 - INFO - [1485/2075] Biological assembly already cached: 7Y3C-assembly1.cif
2026-06-01 03:13:57,545 - INFO - [1486/2075] Asymmetric unit already cached: 7Y4S.cif
2026-06-01 03:13:57,545 - INFO - [1486/2075] Biological assembly already cached: 7Y4S-assembly1.cif
2026-06-01 03:13:57,745 - INFO - [1487/2075] Asymmetric unit already cached: 7YNX.cif
2026-06-01 03:13:57,746 - INFO - [1487/2075] Biological assembly already cached: 7YNX-assembly1.cif
2026-06-01 03:13:57,946 - INFO - [1488/2075] Asymmetric unit already cached: 7YUI.cif
2026-06-01 03:13:57,946 - INFO - [1488/2075] Biological assembly already cached: 7YUI-assembly1.cif
2026-06-01 03:13:58,146 - INFO - [1489/2075] Asymmetric unit already cached: 7YUJ.cif
2026-06-01 03:13:58,146 - INFO - [1489/2075] Biological assembly already cached: 7YUJ-assembly1.cif
2026-06-01 03:13:58,347 - INFO - [1490/2075] Asymmetric unit already cached: 7Z36.cif
2026-06-01 03:13:58,347 - INFO - [1490/2075] Biological assembly already cached: 7Z36-assembly1.cif
2026-06-01 03:13:58,547 - INFO - [1491/2075] Asymmetric unit already cached: 7Z8B.cif
2026-06-01 03:13:58,547 - INFO - [1491/2075] Biological assembly already cached: 7Z8B-assembly1.cif
2026-06-01 03:13:58,747 - INFO - [1492/2075] Asymmetric unit already cached: 7Z8R.cif
2026-06-01 03:13:58,748 - INFO - [1492/2075] Biological assembly already cached: 7Z8R-assembly1.cif
2026-06-01 03:13:58,948 - INFO - [1493/2075] Asymmetric unit already cached: 7Z8T.cif
2026-06-01 03:13:58,948 - INFO - [1493/2075] Biological assembly already cached: 7Z8T-assembly1.cif
2026-06-01 03:13:59,148 - INFO - [1494/2075] Asymmetric unit already cached: 7Z8V.cif
2026-06-01 03:13:59,149 - INFO - [1494/2075] Biological assembly already cached: 7Z8V-assembly1.cif
2026-06-01 03:13:59,349 - INFO - [1495/2075] Asymmetric unit already cached: 7ZBW.cif
2026-06-01 03:13:59,349 - INFO - [1495/2075] Biological assembly already cached: 7ZBW-assembly1.cif
2026-06-01 03:13:59,550 - INFO - [1496/2075] Asymmetric unit already cached: 7ZBZ.cif
2026-06-01 03:13:59,550 - INFO - [1496/2075] Biological assembly already cached: 7ZBZ-assembly1.cif
2026-06-01 03:13:59,750 - INFO - [1497/2075] Asymmetric unit already cached: 7ZDD.cif
2026-06-01 03:13:59,750 - INFO - [1497/2075] Biological assembly already cached: 7ZDD-assembly1.cif
2026-06-01 03:13:59,951 - INFO - [1498/2075] Asymmetric unit already cached: 7ZJ3.cif
2026-06-01 03:13:59,951 - INFO - [1498/2075] Biological assembly already cached: 7ZJ3-assembly1.cif
2026-06-01 03:14:00,151 - INFO - [1499/2075] Asymmetric unit already cached: 7ZYU.cif
2026-06-01 03:14:00,151 - INFO - [1499/2075] Biological assembly already cached: 7ZYU-assembly1.cif
2026-06-01 03:14:00,351 - INFO - [1500/2075] Asymmetric unit already cached: 8A38.cif
2026-06-01 03:14:00,352 - INFO - [1500/2075] Biological assembly already cached: 8A38-assembly1.cif
2026-06-01 03:14:00,552 - INFO - [1501/2075] Asymmetric unit already cached: 8A58.cif
2026-06-01 03:14:00,552 - INFO - [1501/2075] Biological assembly already cached: 8A58-assembly1.cif
2026-06-01 03:14:00,752 - INFO - [1502/2075] Asymmetric unit already cached: 8A5L.cif
2026-06-01 03:14:00,752 - INFO - [1502/2075] Biological assembly already cached: 8A5L-assembly1.cif
2026-06-01 03:14:00,953 - INFO - [1503/2075] Asymmetric unit already cached: 8A5M.cif
2026-06-01 03:14:00,953 - INFO - [1503/2075] Biological assembly already cached: 8A5M-assembly1.cif
2026-06-01 03:14:01,153 - INFO - [1504/2075] Asymmetric unit already cached: 8A8X.cif
2026-06-01 03:14:01,153 - INFO - [1504/2075] Biological assembly already cached: 8A8X-assembly1.cif
2026-06-01 03:14:01,353 - INFO - [1505/2075] Asymmetric unit already cached: 8AEU.cif
2026-06-01 03:14:01,354 - INFO - [1505/2075] Biological assembly already cached: 8AEU-assembly1.cif
2026-06-01 03:14:01,554 - INFO - [1506/2075] Asymmetric unit already cached: 8AMR.cif
2026-06-01 03:14:01,554 - INFO - [1506/2075] Biological assembly already cached: 8AMR-assembly1.cif
2026-06-01 03:14:01,754 - INFO - [1507/2075] Asymmetric unit already cached: 8AMS.cif
2026-06-01 03:14:01,754 - INFO - [1507/2075] Biological assembly already cached: 8AMS-assembly1.cif
2026-06-01 03:14:01,955 - INFO - [1508/2075] Asymmetric unit already cached: 8ATM.cif
2026-06-01 03:14:01,955 - INFO - [1508/2075] Biological assembly already cached: 8ATM-assembly1.cif
2026-06-01 03:14:02,155 - INFO - [1509/2075] Asymmetric unit already cached: 8ATO.cif
2026-06-01 03:14:02,155 - INFO - [1509/2075] Biological assembly already cached: 8ATO-assembly1.cif
2026-06-01 03:14:02,356 - INFO - [1510/2075] Asymmetric unit already cached: 8ATU.cif
2026-06-01 03:14:02,356 - INFO - [1510/2075] Biological assembly already cached: 8ATU-assembly1.cif
2026-06-01 03:14:02,556 - INFO - [1511/2075] Asymmetric unit already cached: 8ATX.cif
2026-06-01 03:14:02,556 - INFO - [1511/2075] Biological assembly already cached: 8ATX-assembly1.cif
2026-06-01 03:14:02,757 - INFO - [1512/2075] Asymmetric unit already cached: 8AUK.cif
2026-06-01 03:14:02,757 - INFO - [1512/2075] Biological assembly already cached: 8AUK-assembly1.cif
2026-06-01 03:14:02,957 - INFO - [1513/2075] Asymmetric unit already cached: 8AUW.cif
2026-06-01 03:14:02,957 - INFO - [1513/2075] Biological assembly already cached: 8AUW-assembly1.cif
2026-06-01 03:14:03,157 - INFO - [1514/2075] Asymmetric unit already cached: 8AZA.cif
2026-06-01 03:14:03,157 - INFO - [1514/2075] Biological assembly already cached: 8AZA-assembly1.cif
2026-06-01 03:14:03,358 - INFO - [1515/2075] Asymmetric unit already cached: 8B3G.cif
2026-06-01 03:14:03,358 - INFO - [1515/2075] Biological assembly already cached: 8B3G-assembly1.cif
2026-06-01 03:14:03,558 - INFO - [1516/2075] Asymmetric unit already cached: 8B3I.cif
2026-06-01 03:14:03,558 - INFO - [1516/2075] Biological assembly already cached: 8B3I-assembly1.cif
2026-06-01 03:14:03,758 - INFO - [1517/2075] Asymmetric unit already cached: 8B5W.cif
2026-06-01 03:14:03,759 - INFO - [1517/2075] Biological assembly already cached: 8B5W-assembly1.cif
2026-06-01 03:14:03,959 - INFO - [1518/2075] Asymmetric unit already cached: 8BD8.cif
2026-06-01 03:14:03,959 - INFO - [1518/2075] Biological assembly already cached: 8BD8-assembly1.cif
2026-06-01 03:14:04,159 - INFO - [1519/2075] Asymmetric unit already cached: 8BD9.cif
2026-06-01 03:14:04,159 - INFO - [1519/2075] Biological assembly already cached: 8BD9-assembly1.cif
2026-06-01 03:14:04,360 - INFO - [1520/2075] Asymmetric unit already cached: 8BDY.cif
2026-06-01 03:14:04,360 - INFO - [1520/2075] Biological assembly already cached: 8BDY-assembly1.cif
2026-06-01 03:14:04,561 - INFO - [1521/2075] Asymmetric unit already cached: 8BGU.cif
2026-06-01 03:14:04,561 - INFO - [1521/2075] Biological assembly already cached: 8BGU-assembly1.cif
2026-06-01 03:14:04,761 - INFO - [1522/2075] Asymmetric unit already cached: 8BJA.cif
2026-06-01 03:14:04,761 - INFO - [1522/2075] Biological assembly already cached: 8BJA-assembly1.cif
2026-06-01 03:14:04,961 - INFO - [1523/2075] Asymmetric unit already cached: 8BTL.cif
2026-06-01 03:14:04,961 - INFO - [1523/2075] Biological assembly already cached: 8BTL-assembly1.cif
2026-06-01 03:14:05,162 - INFO - [1524/2075] Asymmetric unit already cached: 8BVL.cif
2026-06-01 03:14:05,162 - INFO - [1524/2075] Biological assembly already cached: 8BVL-assembly1.cif
2026-06-01 03:14:05,362 - INFO - [1525/2075] Asymmetric unit already cached: 8BVW.cif
2026-06-01 03:14:05,362 - INFO - [1525/2075] Biological assembly already cached: 8BVW-assembly1.cif
2026-06-01 03:14:05,563 - INFO - [1526/2075] Asymmetric unit already cached: 8BYQ.cif
2026-06-01 03:14:05,563 - INFO - [1526/2075] Biological assembly already cached: 8BYQ-assembly1.cif
2026-06-01 03:14:05,763 - INFO - [1527/2075] Asymmetric unit already cached: 8C06.cif
2026-06-01 03:14:05,763 - INFO - [1527/2075] Biological assembly already cached: 8C06-assembly1.cif
2026-06-01 03:14:05,963 - INFO - [1528/2075] Asymmetric unit already cached: 8C07.cif
2026-06-01 03:14:05,964 - INFO - [1528/2075] Biological assembly already cached: 8C07-assembly1.cif
2026-06-01 03:14:06,164 - INFO - [1529/2075] Asymmetric unit already cached: 8C6J.cif
2026-06-01 03:14:06,164 - INFO - [1529/2075] Biological assembly already cached: 8C6J-assembly1.cif
2026-06-01 03:14:06,364 - INFO - [1530/2075] Asymmetric unit already cached: 8CDJ.cif
2026-06-01 03:14:06,365 - INFO - [1530/2075] Biological assembly already cached: 8CDJ-assembly1.cif
2026-06-01 03:14:06,565 - INFO - [1531/2075] Asymmetric unit already cached: 8CDK.cif
2026-06-01 03:14:06,565 - INFO - [1531/2075] Biological assembly already cached: 8CDK-assembly1.cif
2026-06-01 03:14:06,765 - INFO - [1532/2075] Asymmetric unit already cached: 8CH6.cif
2026-06-01 03:14:06,765 - INFO - [1532/2075] Biological assembly already cached: 8CH6-assembly1.cif
2026-06-01 03:14:06,966 - INFO - [1533/2075] Asymmetric unit already cached: 8D4X.cif
2026-06-01 03:14:06,966 - INFO - [1533/2075] Biological assembly already cached: 8D4X-assembly1.cif
2026-06-01 03:14:07,166 - INFO - [1534/2075] Asymmetric unit already cached: 8DJH.cif
2026-06-01 03:14:07,166 - INFO - [1534/2075] Biological assembly already cached: 8DJH-assembly1.cif
2026-06-01 03:14:07,366 - INFO - [1535/2075] Asymmetric unit already cached: 8DJI.cif
2026-06-01 03:14:07,366 - INFO - [1535/2075] Biological assembly already cached: 8DJI-assembly1.cif
2026-06-01 03:14:07,567 - INFO - [1536/2075] Asymmetric unit already cached: 8DSF.cif
2026-06-01 03:14:07,567 - INFO - [1536/2075] Biological assembly already cached: 8DSF-assembly1.cif
2026-06-01 03:14:07,767 - INFO - [1537/2075] Asymmetric unit already cached: 8DSO.cif
2026-06-01 03:14:07,767 - INFO - [1537/2075] Biological assembly already cached: 8DSO-assembly1.cif
2026-06-01 03:14:07,967 - INFO - [1538/2075] Asymmetric unit already cached: 8E0Q.cif
2026-06-01 03:14:07,968 - INFO - [1538/2075] Biological assembly already cached: 8E0Q-assembly1.cif
2026-06-01 03:14:08,168 - INFO - [1539/2075] Asymmetric unit already cached: 8E1D.cif
2026-06-01 03:14:08,168 - INFO - [1539/2075] Biological assembly already cached: 8E1D-assembly1.cif
2026-06-01 03:14:08,368 - INFO - [1540/2075] Asymmetric unit already cached: 8E2D.cif
2026-06-01 03:14:08,368 - INFO - [1540/2075] Biological assembly already cached: 8E2D-assembly1.cif
2026-06-01 03:14:08,569 - INFO - [1541/2075] Asymmetric unit already cached: 8E2E.cif
2026-06-01 03:14:08,569 - INFO - [1541/2075] Biological assembly already cached: 8E2E-assembly1.cif
2026-06-01 03:14:08,769 - INFO - [1542/2075] Asymmetric unit already cached: 8E2F.cif
2026-06-01 03:14:08,769 - INFO - [1542/2075] Biological assembly already cached: 8E2F-assembly1.cif
2026-06-01 03:14:08,970 - INFO - [1543/2075] Asymmetric unit already cached: 8E2G.cif
2026-06-01 03:14:08,970 - INFO - [1543/2075] Biological assembly already cached: 8E2G-assembly1.cif
2026-06-01 03:14:09,170 - INFO - [1544/2075] Asymmetric unit already cached: 8E2H.cif
2026-06-01 03:14:09,171 - INFO - [1544/2075] Biological assembly already cached: 8E2H-assembly1.cif
2026-06-01 03:14:09,371 - INFO - [1545/2075] Asymmetric unit already cached: 8E2I.cif
2026-06-01 03:14:09,371 - INFO - [1545/2075] Biological assembly already cached: 8E2I-assembly1.cif
2026-06-01 03:14:09,572 - INFO - [1546/2075] Asymmetric unit already cached: 8E2K.cif
2026-06-01 03:14:09,572 - INFO - [1546/2075] Biological assembly already cached: 8E2K-assembly1.cif
2026-06-01 03:14:09,772 - INFO - [1547/2075] Asymmetric unit already cached: 8EAZ.cif
2026-06-01 03:14:09,772 - INFO - [1547/2075] Biological assembly already cached: 8EAZ-assembly1.cif
2026-06-01 03:14:09,973 - INFO - [1548/2075] Asymmetric unit already cached: 8EB0.cif
2026-06-01 03:14:09,973 - INFO - [1548/2075] Biological assembly already cached: 8EB0-assembly1.cif
2026-06-01 03:14:10,173 - INFO - [1549/2075] Asymmetric unit already cached: 8EHZ.cif
2026-06-01 03:14:10,173 - INFO - [1549/2075] Biological assembly already cached: 8EHZ-assembly1.cif
2026-06-01 03:14:10,373 - INFO - [1550/2075] Asymmetric unit already cached: 8EI0.cif
2026-06-01 03:14:10,374 - INFO - [1550/2075] Biological assembly already cached: 8EI0-assembly1.cif
2026-06-01 03:14:10,574 - INFO - [1551/2075] Asymmetric unit already cached: 8EI4.cif
2026-06-01 03:14:10,574 - INFO - [1551/2075] Biological assembly already cached: 8EI4-assembly1.cif
2026-06-01 03:14:10,774 - INFO - [1552/2075] Asymmetric unit already cached: 8EI5.cif
2026-06-01 03:14:10,774 - INFO - [1552/2075] Biological assembly already cached: 8EI5-assembly1.cif
2026-06-01 03:14:10,975 - INFO - [1553/2075] Asymmetric unit already cached: 8EI6.cif
2026-06-01 03:14:10,975 - INFO - [1553/2075] Biological assembly already cached: 8EI6-assembly1.cif
2026-06-01 03:14:11,175 - INFO - [1554/2075] Asymmetric unit already cached: 8EI7.cif
2026-06-01 03:14:11,175 - INFO - [1554/2075] Biological assembly already cached: 8EI7-assembly1.cif
2026-06-01 03:14:11,375 - INFO - [1555/2075] Asymmetric unit already cached: 8EI8.cif
2026-06-01 03:14:11,375 - INFO - [1555/2075] Biological assembly already cached: 8EI8-assembly1.cif
2026-06-01 03:14:11,576 - INFO - [1556/2075] Asymmetric unit already cached: 8EI9.cif
2026-06-01 03:14:11,576 - INFO - [1556/2075] Biological assembly already cached: 8EI9-assembly1.cif
2026-06-01 03:14:11,776 - INFO - [1557/2075] Asymmetric unit already cached: 8EIA.cif
2026-06-01 03:14:11,776 - INFO - [1557/2075] Biological assembly already cached: 8EIA-assembly1.cif
2026-06-01 03:14:11,976 - INFO - [1558/2075] Asymmetric unit already cached: 8EIB.cif
2026-06-01 03:14:11,977 - INFO - [1558/2075] Biological assembly already cached: 8EIB-assembly1.cif
2026-06-01 03:14:12,177 - INFO - [1559/2075] Asymmetric unit already cached: 8EIC.cif
2026-06-01 03:14:12,177 - INFO - [1559/2075] Biological assembly already cached: 8EIC-assembly1.cif
2026-06-01 03:14:12,377 - INFO - [1560/2075] Asymmetric unit already cached: 8ENP.cif
2026-06-01 03:14:12,377 - INFO - [1560/2075] Biological assembly already cached: 8ENP-assembly1.cif
2026-06-01 03:14:12,578 - INFO - [1561/2075] Asymmetric unit already cached: 8EPT.cif
2026-06-01 03:14:12,578 - INFO - [1561/2075] Biological assembly already cached: 8EPT-assembly1.cif
2026-06-01 03:14:12,778 - INFO - [1562/2075] Asymmetric unit already cached: 8EWI.cif
2026-06-01 03:14:12,778 - INFO - [1562/2075] Biological assembly already cached: 8EWI-assembly1.cif
2026-06-01 03:14:12,979 - INFO - [1563/2075] Asymmetric unit already cached: 8F0Z.cif
2026-06-01 03:14:12,979 - INFO - [1563/2075] Biological assembly already cached: 8F0Z-assembly1.cif
2026-06-01 03:14:13,179 - INFO - [1564/2075] Asymmetric unit already cached: 8F10.cif
2026-06-01 03:14:13,179 - INFO - [1564/2075] Biological assembly already cached: 8F10-assembly1.cif
2026-06-01 03:14:13,379 - INFO - [1565/2075] Asymmetric unit already cached: 8F12.cif
2026-06-01 03:14:13,379 - INFO - [1565/2075] Biological assembly already cached: 8F12-assembly1.cif
2026-06-01 03:14:13,580 - INFO - [1566/2075] Asymmetric unit already cached: 8F13.cif
2026-06-01 03:14:13,580 - INFO - [1566/2075] Biological assembly already cached: 8F13-assembly1.cif
2026-06-01 03:14:13,780 - INFO - [1567/2075] Asymmetric unit already cached: 8F14.cif
2026-06-01 03:14:13,780 - INFO - [1567/2075] Biological assembly already cached: 8F14-assembly1.cif
2026-06-01 03:14:13,980 - INFO - [1568/2075] Asymmetric unit already cached: 8F15.cif
2026-06-01 03:14:13,981 - INFO - [1568/2075] Biological assembly already cached: 8F15-assembly1.cif
2026-06-01 03:14:14,181 - INFO - [1569/2075] Asymmetric unit already cached: 8F16.cif
2026-06-01 03:14:14,181 - INFO - [1569/2075] Biological assembly already cached: 8F16-assembly1.cif
2026-06-01 03:14:14,381 - INFO - [1570/2075] Asymmetric unit already cached: 8F17.cif
2026-06-01 03:14:14,381 - INFO - [1570/2075] Biological assembly already cached: 8F17-assembly1.cif
2026-06-01 03:14:14,582 - INFO - [1571/2075] Asymmetric unit already cached: 8FUP.cif
2026-06-01 03:14:14,582 - INFO - [1571/2075] Biological assembly already cached: 8FUP-assembly1.cif
2026-06-01 03:14:14,782 - INFO - [1572/2075] Asymmetric unit already cached: 8FV2.cif
2026-06-01 03:14:14,782 - INFO - [1572/2075] Biological assembly already cached: 8FV2-assembly1.cif
2026-06-01 03:14:14,983 - INFO - [1573/2075] Asymmetric unit already cached: 8FVF.cif
2026-06-01 03:14:14,983 - INFO - [1573/2075] Biological assembly already cached: 8FVF-assembly1.cif
2026-06-01 03:14:15,183 - INFO - [1574/2075] Asymmetric unit already cached: 8FXA.cif
2026-06-01 03:14:15,183 - INFO - [1574/2075] Biological assembly already cached: 8FXA-assembly1.cif
2026-06-01 03:14:15,383 - INFO - [1575/2075] Asymmetric unit already cached: 8FXE.cif
2026-06-01 03:14:15,384 - INFO - [1575/2075] Biological assembly already cached: 8FXE-assembly1.cif
2026-06-01 03:14:15,584 - INFO - [1576/2075] Asymmetric unit already cached: 8FXN.cif
2026-06-01 03:14:15,584 - INFO - [1576/2075] Biological assembly already cached: 8FXN-assembly1.cif
2026-06-01 03:14:15,784 - INFO - [1577/2075] Asymmetric unit already cached: 8FXO.cif
2026-06-01 03:14:15,784 - INFO - [1577/2075] Biological assembly already cached: 8FXO-assembly1.cif
2026-06-01 03:14:15,985 - INFO - [1578/2075] Asymmetric unit already cached: 8FYU.cif
2026-06-01 03:14:15,985 - INFO - [1578/2075] Biological assembly already cached: 8FYU-assembly1.cif
2026-06-01 03:14:16,185 - INFO - [1579/2075] Asymmetric unit already cached: 8G43.cif
2026-06-01 03:14:16,185 - INFO - [1579/2075] Biological assembly already cached: 8G43-assembly1.cif
2026-06-01 03:14:16,385 - INFO - [1580/2075] Asymmetric unit already cached: 8G44.cif
2026-06-01 03:14:16,386 - INFO - [1580/2075] Biological assembly already cached: 8G44-assembly1.cif
2026-06-01 03:14:16,586 - INFO - [1581/2075] Asymmetric unit already cached: 8G45.cif
2026-06-01 03:14:16,586 - INFO - [1581/2075] Biological assembly already cached: 8G45-assembly1.cif
2026-06-01 03:14:16,786 - INFO - [1582/2075] Asymmetric unit already cached: 8G4Y.cif
2026-06-01 03:14:16,786 - INFO - [1582/2075] Biological assembly already cached: 8G4Y-assembly1.cif
2026-06-01 03:14:16,987 - INFO - [1583/2075] Asymmetric unit already cached: 8G6T.cif
2026-06-01 03:14:16,987 - INFO - [1583/2075] Biological assembly already cached: 8G6T-assembly1.cif
2026-06-01 03:14:17,187 - INFO - [1584/2075] Asymmetric unit already cached: 8G7T.cif
2026-06-01 03:14:17,187 - INFO - [1584/2075] Biological assembly already cached: 8G7T-assembly1.cif
2026-06-01 03:14:17,388 - INFO - [1585/2075] Asymmetric unit already cached: 8G7U.cif
2026-06-01 03:14:17,388 - INFO - [1585/2075] Biological assembly already cached: 8G7U-assembly1.cif
2026-06-01 03:14:17,588 - INFO - [1586/2075] Asymmetric unit already cached: 8G7V.cif
2026-06-01 03:14:17,588 - INFO - [1586/2075] Biological assembly already cached: 8G7V-assembly1.cif
2026-06-01 03:14:17,788 - INFO - [1587/2075] Asymmetric unit already cached: 8GA2.cif
2026-06-01 03:14:17,789 - INFO - [1587/2075] Biological assembly already cached: 8GA2-assembly1.cif
2026-06-01 03:14:17,989 - INFO - [1588/2075] Asymmetric unit already cached: 8GBQ.cif
2026-06-01 03:14:17,989 - INFO - [1588/2075] Biological assembly already cached: 8GBQ-assembly1.cif
2026-06-01 03:14:18,189 - INFO - [1589/2075] Asymmetric unit already cached: 8GCB.cif
2026-06-01 03:14:18,189 - INFO - [1589/2075] Biological assembly already cached: 8GCB-assembly1.cif
2026-06-01 03:14:18,390 - INFO - [1590/2075] Asymmetric unit already cached: 8GCG.cif
2026-06-01 03:14:18,390 - INFO - [1590/2075] Biological assembly already cached: 8GCG-assembly1.cif
2026-06-01 03:14:18,590 - INFO - [1591/2075] Asymmetric unit already cached: 8GCK.cif
2026-06-01 03:14:18,590 - INFO - [1591/2075] Biological assembly already cached: 8GCK-assembly1.cif
2026-06-01 03:14:18,790 - INFO - [1592/2075] Asymmetric unit already cached: 8GCR.cif
2026-06-01 03:14:18,790 - INFO - [1592/2075] Biological assembly already cached: 8GCR-assembly1.cif
2026-06-01 03:14:18,991 - INFO - [1593/2075] Asymmetric unit already cached: 8GCY.cif
2026-06-01 03:14:18,991 - INFO - [1593/2075] Biological assembly already cached: 8GCY-assembly1.cif
2026-06-01 03:14:19,191 - INFO - [1594/2075] Asymmetric unit already cached: 8GH7.cif
2026-06-01 03:14:19,191 - INFO - [1594/2075] Biological assembly already cached: 8GH7-assembly1.cif
2026-06-01 03:14:19,392 - INFO - [1595/2075] Asymmetric unit already cached: 8GQ6.cif
2026-06-01 03:14:19,392 - INFO - [1595/2075] Biological assembly already cached: 8GQ6-assembly1.cif
2026-06-01 03:14:19,592 - INFO - [1596/2075] Asymmetric unit already cached: 8GRM.cif
2026-06-01 03:14:19,593 - INFO - [1596/2075] Biological assembly already cached: 8GRM-assembly1.cif
2026-06-01 03:14:19,793 - INFO - [1597/2075] Asymmetric unit already cached: 8GRQ.cif
2026-06-01 03:14:19,793 - INFO - [1597/2075] Biological assembly already cached: 8GRQ-assembly1.cif
2026-06-01 03:14:19,993 - INFO - [1598/2075] Asymmetric unit already cached: 8GUI.cif
2026-06-01 03:14:19,993 - INFO - [1598/2075] Biological assembly already cached: 8GUI-assembly1.cif
2026-06-01 03:14:20,193 - INFO - [1599/2075] Asymmetric unit already cached: 8GUJ.cif
2026-06-01 03:14:20,194 - INFO - [1599/2075] Biological assembly already cached: 8GUJ-assembly1.cif
2026-06-01 03:14:20,394 - INFO - [1600/2075] Asymmetric unit already cached: 8GXQ.cif
2026-06-01 03:14:20,394 - INFO - [1600/2075] Biological assembly already cached: 8GXQ-assembly1.cif
2026-06-01 03:14:20,594 - INFO - [1601/2075] Asymmetric unit already cached: 8GXS.cif
2026-06-01 03:14:20,594 - INFO - [1601/2075] Biological assembly already cached: 8GXS-assembly1.cif
2026-06-01 03:14:20,795 - INFO - [1602/2075] Asymmetric unit already cached: 8GZC.cif
2026-06-01 03:14:20,795 - INFO - [1602/2075] Biological assembly already cached: 8GZC-assembly1.cif
2026-06-01 03:14:20,995 - INFO - [1603/2075] Asymmetric unit already cached: 8H33.cif
2026-06-01 03:14:20,995 - INFO - [1603/2075] Biological assembly already cached: 8H33-assembly1.cif
2026-06-01 03:14:21,195 - INFO - [1604/2075] Asymmetric unit already cached: 8H34.cif
2026-06-01 03:14:21,196 - INFO - [1604/2075] Biological assembly already cached: 8H34-assembly1.cif
2026-06-01 03:14:21,396 - INFO - [1605/2075] Asymmetric unit already cached: 8H35.cif
2026-06-01 03:14:21,396 - INFO - [1605/2075] Biological assembly already cached: 8H35-assembly1.cif
2026-06-01 03:14:21,596 - INFO - [1606/2075] Asymmetric unit already cached: 8H36.cif
2026-06-01 03:14:21,596 - INFO - [1606/2075] Biological assembly already cached: 8H36-assembly1.cif
2026-06-01 03:14:21,797 - INFO - [1607/2075] Asymmetric unit already cached: 8H37.cif
2026-06-01 03:14:21,797 - INFO - [1607/2075] Biological assembly already cached: 8H37-assembly1.cif
2026-06-01 03:14:21,997 - INFO - [1608/2075] Asymmetric unit already cached: 8H38.cif
2026-06-01 03:14:21,997 - INFO - [1608/2075] Biological assembly already cached: 8H38-assembly1.cif
2026-06-01 03:14:22,197 - INFO - [1609/2075] Asymmetric unit already cached: 8H3A.cif
2026-06-01 03:14:22,197 - INFO - [1609/2075] Biological assembly already cached: 8H3A-assembly1.cif
2026-06-01 03:14:22,398 - INFO - [1610/2075] Asymmetric unit already cached: 8H3F.cif
2026-06-01 03:14:22,398 - INFO - [1610/2075] Biological assembly already cached: 8H3F-assembly1.cif
2026-06-01 03:14:22,598 - INFO - [1611/2075] Asymmetric unit already cached: 8H3Q.cif
2026-06-01 03:14:22,598 - INFO - [1611/2075] Biological assembly already cached: 8H3Q-assembly1.cif
2026-06-01 03:14:22,798 - INFO - [1612/2075] Asymmetric unit already cached: 8H3R.cif
2026-06-01 03:14:22,799 - INFO - [1612/2075] Biological assembly already cached: 8H3R-assembly1.cif
2026-06-01 03:14:22,999 - INFO - [1613/2075] Asymmetric unit already cached: 8H8X.cif
2026-06-01 03:14:22,999 - INFO - [1613/2075] Biological assembly already cached: 8H8X-assembly1.cif
2026-06-01 03:14:23,199 - INFO - [1614/2075] Asymmetric unit already cached: 8HAE.cif
2026-06-01 03:14:23,199 - INFO - [1614/2075] Biological assembly already cached: 8HAE-assembly1.cif
2026-06-01 03:14:23,400 - INFO - [1615/2075] Asymmetric unit already cached: 8HAG.cif
2026-06-01 03:14:23,400 - INFO - [1615/2075] Biological assembly already cached: 8HAG-assembly1.cif
2026-06-01 03:14:23,600 - INFO - [1616/2075] Asymmetric unit already cached: 8HAH.cif
2026-06-01 03:14:23,600 - INFO - [1616/2075] Biological assembly already cached: 8HAH-assembly1.cif
2026-06-01 03:14:23,800 - INFO - [1617/2075] Asymmetric unit already cached: 8HAI.cif
2026-06-01 03:14:23,801 - INFO - [1617/2075] Biological assembly already cached: 8HAI-assembly1.cif
2026-06-01 03:14:24,001 - INFO - [1618/2075] Asymmetric unit already cached: 8HAJ.cif
2026-06-01 03:14:24,001 - INFO - [1618/2075] Biological assembly already cached: 8HAJ-assembly1.cif
2026-06-01 03:14:24,201 - INFO - [1619/2075] Asymmetric unit already cached: 8HAK.cif
2026-06-01 03:14:24,202 - INFO - [1619/2075] Biological assembly already cached: 8HAK-assembly1.cif
2026-06-01 03:14:24,402 - INFO - [1620/2075] Asymmetric unit already cached: 8HAL.cif
2026-06-01 03:14:24,402 - INFO - [1620/2075] Biological assembly already cached: 8HAL-assembly1.cif
2026-06-01 03:14:24,603 - INFO - [1621/2075] Asymmetric unit already cached: 8HAM.cif
2026-06-01 03:14:24,603 - INFO - [1621/2075] Biological assembly already cached: 8HAM-assembly1.cif
2026-06-01 03:14:24,803 - INFO - [1622/2075] Asymmetric unit already cached: 8HAN.cif
2026-06-01 03:14:24,803 - INFO - [1622/2075] Biological assembly already cached: 8HAN-assembly1.cif
2026-06-01 03:14:25,003 - INFO - [1623/2075] Asymmetric unit already cached: 8HCU.cif
2026-06-01 03:14:25,004 - INFO - [1623/2075] Biological assembly already cached: 8HCU-assembly1.cif
2026-06-01 03:14:25,204 - INFO - [1624/2075] Asymmetric unit already cached: 8HDG.cif
2026-06-01 03:14:25,204 - INFO - [1624/2075] Biological assembly already cached: 8HDG-assembly1.cif
2026-06-01 03:14:25,404 - INFO - [1625/2075] Asymmetric unit already cached: 8HEO.cif
2026-06-01 03:14:25,404 - INFO - [1625/2075] Biological assembly already cached: 8HEO-assembly1.cif
2026-06-01 03:14:25,605 - INFO - [1626/2075] Asymmetric unit already cached: 8HZ2.cif
2026-06-01 03:14:25,605 - INFO - [1626/2075] Biological assembly already cached: 8HZ2-assembly1.cif
2026-06-01 03:14:25,805 - INFO - [1627/2075] Asymmetric unit already cached: 8I0P.cif
2026-06-01 03:14:25,805 - INFO - [1627/2075] Biological assembly already cached: 8I0P-assembly1.cif
2026-06-01 03:14:26,006 - INFO - [1628/2075] Asymmetric unit already cached: 8I0R.cif
2026-06-01 03:14:26,006 - INFO - [1628/2075] Biological assembly already cached: 8I0R-assembly1.cif
2026-06-01 03:14:26,206 - INFO - [1629/2075] Asymmetric unit already cached: 8I0S.cif
2026-06-01 03:14:26,206 - INFO - [1629/2075] Biological assembly already cached: 8I0S-assembly1.cif
2026-06-01 03:14:26,407 - INFO - [1630/2075] Asymmetric unit already cached: 8I0T.cif
2026-06-01 03:14:26,407 - INFO - [1630/2075] Biological assembly already cached: 8I0T-assembly1.cif
2026-06-01 03:14:26,607 - INFO - [1631/2075] Asymmetric unit already cached: 8I0U.cif
2026-06-01 03:14:26,607 - INFO - [1631/2075] Biological assembly already cached: 8I0U-assembly1.cif
2026-06-01 03:14:26,807 - INFO - [1632/2075] Asymmetric unit already cached: 8I0V.cif
2026-06-01 03:14:26,807 - INFO - [1632/2075] Biological assembly already cached: 8I0V-assembly1.cif
2026-06-01 03:14:27,008 - INFO - [1633/2075] Asymmetric unit already cached: 8I0W.cif
2026-06-01 03:14:27,008 - INFO - [1633/2075] Biological assembly already cached: 8I0W-assembly1.cif
2026-06-01 03:14:27,208 - INFO - [1634/2075] Asymmetric unit already cached: 8IA5.cif
2026-06-01 03:14:27,208 - INFO - [1634/2075] Biological assembly already cached: 8IA5-assembly1.cif
2026-06-01 03:14:27,409 - INFO - [1635/2075] Asymmetric unit already cached: 8IEJ.cif
2026-06-01 03:14:27,409 - INFO - [1635/2075] Biological assembly already cached: 8IEJ-assembly1.cif
2026-06-01 03:14:27,609 - INFO - [1636/2075] Asymmetric unit already cached: 8IJ1.cif
2026-06-01 03:14:27,609 - INFO - [1636/2075] Biological assembly already cached: 8IJ1-assembly1.cif
2026-06-01 03:14:27,809 - INFO - [1637/2075] Asymmetric unit already cached: 8IK6.cif
2026-06-01 03:14:27,810 - INFO - [1637/2075] Biological assembly already cached: 8IK6-assembly1.cif
2026-06-01 03:14:28,010 - INFO - [1638/2075] Asymmetric unit already cached: 8IKM.cif
2026-06-01 03:14:28,010 - INFO - [1638/2075] Biological assembly already cached: 8IKM-assembly1.cif
2026-06-01 03:14:28,210 - INFO - [1639/2075] Asymmetric unit already cached: 8IKT.cif
2026-06-01 03:14:28,210 - INFO - [1639/2075] Biological assembly already cached: 8IKT-assembly1.cif
2026-06-01 03:14:28,411 - INFO - [1640/2075] Asymmetric unit already cached: 8IKV.cif
2026-06-01 03:14:28,411 - INFO - [1640/2075] Biological assembly already cached: 8IKV-assembly1.cif
2026-06-01 03:14:28,611 - INFO - [1641/2075] Asymmetric unit already cached: 8IMS.cif
2026-06-01 03:14:28,611 - INFO - [1641/2075] Biological assembly already cached: 8IMS-assembly1.cif
2026-06-01 03:14:28,812 - INFO - [1642/2075] Asymmetric unit already cached: 8IR2.cif
2026-06-01 03:14:28,812 - INFO - [1642/2075] Biological assembly already cached: 8IR2-assembly1.cif
2026-06-01 03:14:29,012 - INFO - [1643/2075] Asymmetric unit already cached: 8IR4.cif
2026-06-01 03:14:29,012 - INFO - [1643/2075] Biological assembly already cached: 8IR4-assembly1.cif
2026-06-01 03:14:29,213 - INFO - [1644/2075] Asymmetric unit already cached: 8IYA.cif
2026-06-01 03:14:29,213 - INFO - [1644/2075] Biological assembly already cached: 8IYA-assembly1.cif
2026-06-01 03:14:29,413 - INFO - [1645/2075] Asymmetric unit already cached: 8J25.cif
2026-06-01 03:14:29,414 - INFO - [1645/2075] Biological assembly already cached: 8J25-assembly1.cif
2026-06-01 03:14:29,614 - INFO - [1646/2075] Asymmetric unit already cached: 8J2P.cif
2026-06-01 03:14:29,614 - INFO - [1646/2075] Biological assembly already cached: 8J2P-assembly1.cif
2026-06-01 03:14:29,814 - INFO - [1647/2075] Asymmetric unit already cached: 8J81.cif
2026-06-01 03:14:29,815 - INFO - [1647/2075] Biological assembly already cached: 8J81-assembly1.cif
2026-06-01 03:14:30,015 - INFO - [1648/2075] Asymmetric unit already cached: 8J9Q.cif
2026-06-01 03:14:30,015 - INFO - [1648/2075] Biological assembly already cached: 8J9Q-assembly1.cif
2026-06-01 03:14:30,215 - INFO - [1649/2075] Asymmetric unit already cached: 8J9R.cif
2026-06-01 03:14:30,215 - INFO - [1649/2075] Biological assembly already cached: 8J9R-assembly1.cif
2026-06-01 03:14:30,416 - INFO - [1650/2075] Asymmetric unit already cached: 8JAQ.cif
2026-06-01 03:14:30,416 - INFO - [1650/2075] Biological assembly already cached: 8JAQ-assembly1.cif
2026-06-01 03:14:30,616 - INFO - [1651/2075] Asymmetric unit already cached: 8JAS.cif
2026-06-01 03:14:30,616 - INFO - [1651/2075] Biological assembly already cached: 8JAS-assembly1.cif
2026-06-01 03:14:30,816 - INFO - [1652/2075] Asymmetric unit already cached: 8JAV.cif
2026-06-01 03:14:30,816 - INFO - [1652/2075] Biological assembly already cached: 8JAV-assembly1.cif
2026-06-01 03:14:31,017 - INFO - [1653/2075] Asymmetric unit already cached: 8JE1.cif
2026-06-01 03:14:31,017 - INFO - [1653/2075] Biological assembly already cached: 8JE1-assembly1.cif
2026-06-01 03:14:31,217 - INFO - [1654/2075] Asymmetric unit already cached: 8JIG.cif
2026-06-01 03:14:31,217 - INFO - [1654/2075] Biological assembly already cached: 8JIG-assembly1.cif
2026-06-01 03:14:31,417 - INFO - [1655/2075] Asymmetric unit already cached: 8JRN.cif
2026-06-01 03:14:31,418 - INFO - [1655/2075] Biological assembly already cached: 8JRN-assembly1.cif
2026-06-01 03:14:31,618 - INFO - [1656/2075] Asymmetric unit already cached: 8JRO.cif
2026-06-01 03:14:31,618 - INFO - [1656/2075] Biological assembly already cached: 8JRO-assembly1.cif
2026-06-01 03:14:31,818 - INFO - [1657/2075] Asymmetric unit already cached: 8JRP.cif
2026-06-01 03:14:31,819 - INFO - [1657/2075] Biological assembly already cached: 8JRP-assembly1.cif
2026-06-01 03:14:32,019 - INFO - [1658/2075] Asymmetric unit already cached: 8JRQ.cif
2026-06-01 03:14:32,019 - INFO - [1658/2075] Biological assembly already cached: 8JRQ-assembly1.cif
2026-06-01 03:14:32,219 - INFO - [1659/2075] Asymmetric unit already cached: 8JRR.cif
2026-06-01 03:14:32,219 - INFO - [1659/2075] Biological assembly already cached: 8JRR-assembly1.cif
2026-06-01 03:14:32,420 - INFO - [1660/2075] Asymmetric unit already cached: 8JUC.cif
2026-06-01 03:14:32,420 - INFO - [1660/2075] Biological assembly already cached: 8JUC-assembly1.cif
2026-06-01 03:14:32,620 - INFO - [1661/2075] Asymmetric unit already cached: 8JVD.cif
2026-06-01 03:14:32,620 - INFO - [1661/2075] Biological assembly already cached: 8JVD-assembly1.cif
2026-06-01 03:14:32,820 - INFO - [1662/2075] Asymmetric unit already cached: 8JVE.cif
2026-06-01 03:14:32,820 - INFO - [1662/2075] Biological assembly already cached: 8JVE-assembly1.cif
2026-06-01 03:14:33,021 - INFO - [1663/2075] Asymmetric unit already cached: 8JVL.cif
2026-06-01 03:14:33,021 - INFO - [1663/2075] Biological assembly already cached: 8JVL-assembly1.cif
2026-06-01 03:14:33,221 - INFO - [1664/2075] Asymmetric unit already cached: 8JWJ.cif
2026-06-01 03:14:33,221 - INFO - [1664/2075] Biological assembly already cached: 8JWJ-assembly1.cif
2026-06-01 03:14:33,422 - INFO - [1665/2075] Asymmetric unit already cached: 8JWU.cif
2026-06-01 03:14:33,422 - INFO - [1665/2075] Biological assembly already cached: 8JWU-assembly1.cif
2026-06-01 03:14:33,622 - INFO - [1666/2075] Asymmetric unit already cached: 8JWV.cif
2026-06-01 03:14:33,622 - INFO - [1666/2075] Biological assembly already cached: 8JWV-assembly1.cif
2026-06-01 03:14:33,822 - INFO - [1667/2075] Asymmetric unit already cached: 8K6Q.cif
2026-06-01 03:14:33,823 - INFO - [1667/2075] Biological assembly already cached: 8K6Q-assembly1.cif
2026-06-01 03:14:34,023 - INFO - [1668/2075] Asymmetric unit already cached: 8K9I.cif
2026-06-01 03:14:34,023 - INFO - [1668/2075] Biological assembly already cached: 8K9I-assembly1.cif
2026-06-01 03:14:34,223 - INFO - [1669/2075] Asymmetric unit already cached: 8KES.cif
2026-06-01 03:14:34,223 - INFO - [1669/2075] Biological assembly already cached: 8KES-assembly1.cif
2026-06-01 03:14:34,424 - INFO - [1670/2075] Asymmetric unit already cached: 8KET.cif
2026-06-01 03:14:34,424 - INFO - [1670/2075] Biological assembly already cached: 8KET-assembly1.cif
2026-06-01 03:14:34,624 - INFO - [1671/2075] Asymmetric unit already cached: 8KEV.cif
2026-06-01 03:14:34,625 - INFO - [1671/2075] Biological assembly already cached: 8KEV-assembly1.cif
2026-06-01 03:14:34,825 - INFO - [1672/2075] Asymmetric unit already cached: 8KHP.cif
2026-06-01 03:14:34,825 - INFO - [1672/2075] Biological assembly already cached: 8KHP-assembly1.cif
2026-06-01 03:14:35,025 - INFO - [1673/2075] Asymmetric unit already cached: 8ODR.cif
2026-06-01 03:14:35,025 - INFO - [1673/2075] Biological assembly already cached: 8ODR-assembly1.cif
2026-06-01 03:14:35,225 - INFO - [1674/2075] Asymmetric unit already cached: 8OIF.cif
2026-06-01 03:14:35,226 - INFO - [1674/2075] Biological assembly already cached: 8OIF-assembly1.cif
2026-06-01 03:14:35,426 - INFO - [1675/2075] Asymmetric unit already cached: 8OR0.cif
2026-06-01 03:14:35,426 - INFO - [1675/2075] Biological assembly already cached: 8OR0-assembly1.cif
2026-06-01 03:14:35,626 - INFO - [1676/2075] Asymmetric unit already cached: 8OR2.cif
2026-06-01 03:14:35,626 - INFO - [1676/2075] Biological assembly already cached: 8OR2-assembly1.cif
2026-06-01 03:14:35,827 - INFO - [1677/2075] Asymmetric unit already cached: 8OR3.cif
2026-06-01 03:14:35,827 - INFO - [1677/2075] Biological assembly already cached: 8OR3-assembly1.cif
2026-06-01 03:14:36,027 - INFO - [1678/2075] Asymmetric unit already cached: 8OR4.cif
2026-06-01 03:14:36,027 - INFO - [1678/2075] Biological assembly already cached: 8OR4-assembly1.cif
2026-06-01 03:14:36,227 - INFO - [1679/2075] Asymmetric unit already cached: 8ORM.cif
2026-06-01 03:14:36,227 - INFO - [1679/2075] Biological assembly already cached: 8ORM-assembly1.cif
2026-06-01 03:14:36,428 - INFO - [1680/2075] Asymmetric unit already cached: 8P0D.cif
2026-06-01 03:14:36,428 - INFO - [1680/2075] Biological assembly already cached: 8P0D-assembly1.cif
2026-06-01 03:14:36,628 - INFO - [1681/2075] Asymmetric unit already cached: 8P6V.cif
2026-06-01 03:14:36,628 - INFO - [1681/2075] Biological assembly already cached: 8P6V-assembly1.cif
2026-06-01 03:14:36,829 - INFO - [1682/2075] Asymmetric unit already cached: 8P6W.cif
2026-06-01 03:14:36,829 - INFO - [1682/2075] Biological assembly already cached: 8P6W-assembly1.cif
2026-06-01 03:14:37,029 - INFO - [1683/2075] Asymmetric unit already cached: 8P6X.cif
2026-06-01 03:14:37,029 - INFO - [1683/2075] Biological assembly already cached: 8P6X-assembly1.cif
2026-06-01 03:14:37,229 - INFO - [1684/2075] Asymmetric unit already cached: 8P6Y.cif
2026-06-01 03:14:37,229 - INFO - [1684/2075] Biological assembly already cached: 8P6Y-assembly1.cif
2026-06-01 03:14:37,430 - INFO - [1685/2075] Asymmetric unit already cached: 8P6Z.cif
2026-06-01 03:14:37,430 - INFO - [1685/2075] Biological assembly already cached: 8P6Z-assembly1.cif
2026-06-01 03:14:37,630 - INFO - [1686/2075] Asymmetric unit already cached: 8P70.cif
2026-06-01 03:14:37,630 - INFO - [1686/2075] Biological assembly already cached: 8P70-assembly1.cif
2026-06-01 03:14:37,831 - INFO - [1687/2075] Asymmetric unit already cached: 8P71.cif
2026-06-01 03:14:37,831 - INFO - [1687/2075] Biological assembly already cached: 8P71-assembly1.cif
2026-06-01 03:14:38,031 - INFO - [1688/2075] Asymmetric unit already cached: 8P72.cif
2026-06-01 03:14:38,031 - INFO - [1688/2075] Biological assembly already cached: 8P72-assembly1.cif
2026-06-01 03:14:38,231 - INFO - [1689/2075] Asymmetric unit already cached: 8P73.cif
2026-06-01 03:14:38,232 - INFO - [1689/2075] Biological assembly already cached: 8P73-assembly1.cif
2026-06-01 03:14:38,432 - INFO - [1690/2075] Asymmetric unit already cached: 8P74.cif
2026-06-01 03:14:38,432 - INFO - [1690/2075] Biological assembly already cached: 8P74-assembly1.cif
2026-06-01 03:14:38,632 - INFO - [1691/2075] Asymmetric unit already cached: 8P75.cif
2026-06-01 03:14:38,632 - INFO - [1691/2075] Biological assembly already cached: 8P75-assembly1.cif
2026-06-01 03:14:38,833 - INFO - [1692/2075] Asymmetric unit already cached: 8P76.cif
2026-06-01 03:14:38,833 - INFO - [1692/2075] Biological assembly already cached: 8P76-assembly1.cif
2026-06-01 03:14:39,033 - INFO - [1693/2075] Asymmetric unit already cached: 8P77.cif
2026-06-01 03:14:39,033 - INFO - [1693/2075] Biological assembly already cached: 8P77-assembly1.cif
2026-06-01 03:14:39,234 - INFO - [1694/2075] Asymmetric unit already cached: 8P78.cif
2026-06-01 03:14:39,234 - INFO - [1694/2075] Biological assembly already cached: 8P78-assembly1.cif
2026-06-01 03:14:39,434 - INFO - [1695/2075] Asymmetric unit already cached: 8P79.cif
2026-06-01 03:14:39,435 - INFO - [1695/2075] Biological assembly already cached: 8P79-assembly1.cif
2026-06-01 03:14:39,635 - INFO - [1696/2075] Asymmetric unit already cached: 8P7L.cif
2026-06-01 03:14:39,636 - INFO - [1696/2075] Biological assembly already cached: 8P7L-assembly1.cif
2026-06-01 03:14:39,836 - INFO - [1697/2075] Asymmetric unit already cached: 8P82.cif
2026-06-01 03:14:39,836 - INFO - [1697/2075] Biological assembly already cached: 8P82-assembly1.cif
2026-06-01 03:14:40,036 - INFO - [1698/2075] Asymmetric unit already cached: 8P83.cif
2026-06-01 03:14:40,036 - INFO - [1698/2075] Biological assembly already cached: 8P83-assembly1.cif
2026-06-01 03:14:40,237 - INFO - [1699/2075] Asymmetric unit already cached: 8PD4.cif
2026-06-01 03:14:40,237 - INFO - [1699/2075] Biological assembly already cached: 8PD4-assembly1.cif
2026-06-01 03:14:40,437 - INFO - [1700/2075] Asymmetric unit already cached: 8PD6.cif
2026-06-01 03:14:40,437 - INFO - [1700/2075] Biological assembly already cached: 8PD6-assembly1.cif
2026-06-01 03:14:40,637 - INFO - [1701/2075] Asymmetric unit already cached: 8PJN.cif
2026-06-01 03:14:40,637 - INFO - [1701/2075] Biological assembly already cached: 8PJN-assembly1.cif
2026-06-01 03:14:40,838 - INFO - [1702/2075] Asymmetric unit already cached: 8PKP.cif
2026-06-01 03:14:40,838 - INFO - [1702/2075] Biological assembly already cached: 8PKP-assembly1.cif
2026-06-01 03:14:41,038 - INFO - [1703/2075] Asymmetric unit already cached: 8PLZ.cif
2026-06-01 03:14:41,038 - INFO - [1703/2075] Biological assembly already cached: 8PLZ-assembly1.cif
2026-06-01 03:14:41,239 - INFO - [1704/2075] Asymmetric unit already cached: 8PP7.cif
2026-06-01 03:14:41,239 - INFO - [1704/2075] Biological assembly already cached: 8PP7-assembly1.cif
2026-06-01 03:14:41,439 - INFO - [1705/2075] Asymmetric unit already cached: 8PQL.cif
2026-06-01 03:14:41,439 - INFO - [1705/2075] Biological assembly already cached: 8PQL-assembly1.cif
2026-06-01 03:14:41,639 - INFO - [1706/2075] Asymmetric unit already cached: 8PWC.cif
2026-06-01 03:14:41,639 - INFO - [1706/2075] Biological assembly already cached: 8PWC-assembly1.cif
2026-06-01 03:14:41,840 - INFO - [1707/2075] Asymmetric unit already cached: 8PWL.cif
2026-06-01 03:14:41,840 - INFO - [1707/2075] Biological assembly already cached: 8PWL-assembly1.cif
2026-06-01 03:14:42,040 - INFO - [1708/2075] Asymmetric unit already cached: 8PYR.cif
2026-06-01 03:14:42,040 - INFO - [1708/2075] Biological assembly already cached: 8PYR-assembly1.cif
2026-06-01 03:14:42,241 - INFO - [1709/2075] Asymmetric unit already cached: 8Q0N.cif
2026-06-01 03:14:42,241 - INFO - [1709/2075] Biological assembly already cached: 8Q0N-assembly1.cif
2026-06-01 03:14:42,441 - INFO - [1710/2075] Asymmetric unit already cached: 8Q7E.cif
2026-06-01 03:14:42,441 - INFO - [1710/2075] Biological assembly already cached: 8Q7E-assembly1.cif
2026-06-01 03:14:42,641 - INFO - [1711/2075] Asymmetric unit already cached: 8Q7H.cif
2026-06-01 03:14:42,641 - INFO - [1711/2075] Biological assembly already cached: 8Q7H-assembly1.cif
2026-06-01 03:14:42,842 - INFO - [1712/2075] Asymmetric unit already cached: 8Q7R.cif
2026-06-01 03:14:42,842 - INFO - [1712/2075] Biological assembly already cached: 8Q7R-assembly1.cif
2026-06-01 03:14:43,042 - INFO - [1713/2075] Asymmetric unit already cached: 8QNG.cif
2026-06-01 03:14:43,042 - INFO - [1713/2075] Biological assembly already cached: 8QNG-assembly1.cif
2026-06-01 03:14:43,243 - INFO - [1714/2075] Asymmetric unit already cached: 8QNH.cif
2026-06-01 03:14:43,243 - INFO - [1714/2075] Biological assembly already cached: 8QNH-assembly1.cif
2026-06-01 03:14:43,443 - INFO - [1715/2075] Asymmetric unit already cached: 8QNI.cif
2026-06-01 03:14:43,443 - INFO - [1715/2075] Biological assembly already cached: 8QNI-assembly1.cif
2026-06-01 03:14:43,644 - INFO - [1716/2075] Asymmetric unit already cached: 8QTG.cif
2026-06-01 03:14:43,644 - INFO - [1716/2075] Biological assembly already cached: 8QTG-assembly1.cif
2026-06-01 03:14:43,844 - INFO - [1717/2075] Asymmetric unit already cached: 8QTH.cif
2026-06-01 03:14:43,844 - INFO - [1717/2075] Biological assembly already cached: 8QTH-assembly1.cif
2026-06-01 03:14:44,044 - INFO - [1718/2075] Asymmetric unit already cached: 8QTJ.cif
2026-06-01 03:14:44,044 - INFO - [1718/2075] Biological assembly already cached: 8QTJ-assembly1.cif
2026-06-01 03:14:44,245 - INFO - [1719/2075] Asymmetric unit already cached: 8QTK.cif
2026-06-01 03:14:44,245 - INFO - [1719/2075] Biological assembly already cached: 8QTK-assembly1.cif
2026-06-01 03:14:44,445 - INFO - [1720/2075] Asymmetric unit already cached: 8QU8.cif
2026-06-01 03:14:44,446 - INFO - [1720/2075] Biological assembly already cached: 8QU8-assembly1.cif
2026-06-01 03:14:44,646 - INFO - [1721/2075] Asymmetric unit already cached: 8R1F.cif
2026-06-01 03:14:44,647 - INFO - [1721/2075] Biological assembly already cached: 8R1F-assembly1.cif
2026-06-01 03:14:44,847 - INFO - [1722/2075] Asymmetric unit already cached: 8R1G.cif
2026-06-01 03:14:44,847 - INFO - [1722/2075] Biological assembly already cached: 8R1G-assembly1.cif
2026-06-01 03:14:45,047 - INFO - [1723/2075] Asymmetric unit already cached: 8R5B.cif
2026-06-01 03:14:45,047 - INFO - [1723/2075] Biological assembly already cached: 8R5B-assembly1.cif
2026-06-01 03:14:45,248 - INFO - [1724/2075] Asymmetric unit already cached: 8R5C.cif
2026-06-01 03:14:45,248 - INFO - [1724/2075] Biological assembly already cached: 8R5C-assembly1.cif
2026-06-01 03:14:45,448 - INFO - [1725/2075] Asymmetric unit already cached: 8R5D.cif
2026-06-01 03:14:45,448 - INFO - [1725/2075] Biological assembly already cached: 8R5D-assembly1.cif
2026-06-01 03:14:45,649 - INFO - [1726/2075] Asymmetric unit already cached: 8R5H.cif
2026-06-01 03:14:45,649 - INFO - [1726/2075] Biological assembly already cached: 8R5H-assembly1.cif
2026-06-01 03:14:45,849 - INFO - [1727/2075] Asymmetric unit already cached: 8R5N.cif
2026-06-01 03:14:45,849 - INFO - [1727/2075] Biological assembly already cached: 8R5N-assembly1.cif
2026-06-01 03:14:46,050 - INFO - [1728/2075] Asymmetric unit already cached: 8R6A.cif
2026-06-01 03:14:46,050 - INFO - [1728/2075] Biological assembly already cached: 8R6A-assembly1.cif
2026-06-01 03:14:46,250 - INFO - [1729/2075] Asymmetric unit already cached: 8R6B.cif
2026-06-01 03:14:46,250 - INFO - [1729/2075] Biological assembly already cached: 8R6B-assembly1.cif
2026-06-01 03:14:46,450 - INFO - [1730/2075] Asymmetric unit already cached: 8R79.cif
2026-06-01 03:14:46,450 - INFO - [1730/2075] Biological assembly already cached: 8R79-assembly1.cif
2026-06-01 03:14:46,651 - INFO - [1731/2075] Asymmetric unit already cached: 8R7O.cif
2026-06-01 03:14:46,651 - INFO - [1731/2075] Biological assembly already cached: 8R7O-assembly1.cif
2026-06-01 03:14:46,851 - INFO - [1732/2075] Asymmetric unit already cached: 8RD0.cif
2026-06-01 03:14:46,851 - INFO - [1732/2075] Biological assembly already cached: 8RD0-assembly1.cif
2026-06-01 03:14:47,051 - INFO - [1733/2075] Asymmetric unit already cached: 8RD1.cif
2026-06-01 03:14:47,052 - INFO - [1733/2075] Biological assembly already cached: 8RD1-assembly1.cif
2026-06-01 03:14:47,252 - INFO - [1734/2075] Asymmetric unit already cached: 8RD7.cif
2026-06-01 03:14:47,252 - INFO - [1734/2075] Biological assembly already cached: 8RD7-assembly1.cif
2026-06-01 03:14:47,452 - INFO - [1735/2075] Asymmetric unit already cached: 8RHS.cif
2026-06-01 03:14:47,452 - INFO - [1735/2075] Biological assembly already cached: 8RHS-assembly1.cif
2026-06-01 03:14:47,653 - INFO - [1736/2075] Asymmetric unit already cached: 8RHZ.cif
2026-06-01 03:14:47,653 - INFO - [1736/2075] Biological assembly already cached: 8RHZ-assembly1.cif
2026-06-01 03:14:47,853 - INFO - [1737/2075] Asymmetric unit already cached: 8RO2.cif
2026-06-01 03:14:47,853 - INFO - [1737/2075] Biological assembly already cached: 8RO2-assembly1.cif
2026-06-01 03:14:48,053 - INFO - [1738/2075] Asymmetric unit already cached: 8RS8.cif
2026-06-01 03:14:48,054 - INFO - [1738/2075] Biological assembly already cached: 8RS8-assembly1.cif
2026-06-01 03:14:48,254 - INFO - [1739/2075] Asymmetric unit already cached: 8RWZ.cif
2026-06-01 03:14:48,254 - INFO - [1739/2075] Biological assembly already cached: 8RWZ-assembly1.cif
2026-06-01 03:14:48,454 - INFO - [1740/2075] Asymmetric unit already cached: 8RX0.cif
2026-06-01 03:14:48,454 - INFO - [1740/2075] Biological assembly already cached: 8RX0-assembly1.cif
2026-06-01 03:14:48,655 - INFO - [1741/2075] Asymmetric unit already cached: 8S0R.cif
2026-06-01 03:14:48,655 - INFO - [1741/2075] Biological assembly already cached: 8S0R-assembly1.cif
2026-06-01 03:14:48,855 - INFO - [1742/2075] Asymmetric unit already cached: 8S0T.cif
2026-06-01 03:14:48,855 - INFO - [1742/2075] Biological assembly already cached: 8S0T-assembly1.cif
2026-06-01 03:14:49,056 - INFO - [1743/2075] Asymmetric unit already cached: 8S24.cif
2026-06-01 03:14:49,056 - INFO - [1743/2075] Biological assembly already cached: 8S24-assembly1.cif
2026-06-01 03:14:49,256 - INFO - [1744/2075] Asymmetric unit already cached: 8SE9.cif
2026-06-01 03:14:49,256 - INFO - [1744/2075] Biological assembly already cached: 8SE9-assembly1.cif
2026-06-01 03:14:49,456 - INFO - [1745/2075] Asymmetric unit already cached: 8SEA.cif
2026-06-01 03:14:49,457 - INFO - [1745/2075] Biological assembly already cached: 8SEA-assembly1.cif
2026-06-01 03:14:49,658 - INFO - [1746/2075] Asymmetric unit already cached: 8SEB.cif
2026-06-01 03:14:49,658 - INFO - [1746/2075] Biological assembly already cached: 8SEB-assembly1.cif
2026-06-01 03:14:49,858 - INFO - [1747/2075] Asymmetric unit already cached: 8SMW.cif
2026-06-01 03:14:49,858 - INFO - [1747/2075] Biological assembly already cached: 8SMW-assembly1.cif
2026-06-01 03:14:50,058 - INFO - [1748/2075] Asymmetric unit already cached: 8SMX.cif
2026-06-01 03:14:50,059 - INFO - [1748/2075] Biological assembly already cached: 8SMX-assembly1.cif
2026-06-01 03:14:50,259 - INFO - [1749/2075] Asymmetric unit already cached: 8SMY.cif
2026-06-01 03:14:50,259 - INFO - [1749/2075] Biological assembly already cached: 8SMY-assembly1.cif
2026-06-01 03:14:50,459 - INFO - [1750/2075] Asymmetric unit already cached: 8SMZ.cif
2026-06-01 03:14:50,459 - INFO - [1750/2075] Biological assembly already cached: 8SMZ-assembly1.cif
2026-06-01 03:14:50,660 - INFO - [1751/2075] Asymmetric unit already cached: 8SN0.cif
2026-06-01 03:14:50,660 - INFO - [1751/2075] Biological assembly already cached: 8SN0-assembly1.cif
2026-06-01 03:14:50,860 - INFO - [1752/2075] Asymmetric unit already cached: 8SN1.cif
2026-06-01 03:14:50,860 - INFO - [1752/2075] Biological assembly already cached: 8SN1-assembly1.cif
2026-06-01 03:14:51,060 - INFO - [1753/2075] Asymmetric unit already cached: 8SN2.cif
2026-06-01 03:14:51,061 - INFO - [1753/2075] Biological assembly already cached: 8SN2-assembly1.cif
2026-06-01 03:14:51,261 - INFO - [1754/2075] Asymmetric unit already cached: 8SN3.cif
2026-06-01 03:14:51,261 - INFO - [1754/2075] Biological assembly already cached: 8SN3-assembly1.cif
2026-06-01 03:14:51,461 - INFO - [1755/2075] Asymmetric unit already cached: 8SN4.cif
2026-06-01 03:14:51,461 - INFO - [1755/2075] Biological assembly already cached: 8SN4-assembly1.cif
2026-06-01 03:14:51,662 - INFO - [1756/2075] Asymmetric unit already cached: 8SN5.cif
2026-06-01 03:14:51,662 - INFO - [1756/2075] Biological assembly already cached: 8SN5-assembly1.cif
2026-06-01 03:14:51,862 - INFO - [1757/2075] Asymmetric unit already cached: 8SN6.cif
2026-06-01 03:14:51,862 - INFO - [1757/2075] Biological assembly already cached: 8SN6-assembly1.cif
2026-06-01 03:14:52,063 - INFO - [1758/2075] Asymmetric unit already cached: 8SN7.cif
2026-06-01 03:14:52,063 - INFO - [1758/2075] Biological assembly already cached: 8SN7-assembly1.cif
2026-06-01 03:14:52,263 - INFO - [1759/2075] Asymmetric unit already cached: 8SN8.cif
2026-06-01 03:14:52,263 - INFO - [1759/2075] Biological assembly already cached: 8SN8-assembly1.cif
2026-06-01 03:14:52,463 - INFO - [1760/2075] Asymmetric unit already cached: 8SN9.cif
2026-06-01 03:14:52,463 - INFO - [1760/2075] Biological assembly already cached: 8SN9-assembly1.cif
2026-06-01 03:14:52,664 - INFO - [1761/2075] Asymmetric unit already cached: 8SNA.cif
2026-06-01 03:14:52,664 - INFO - [1761/2075] Biological assembly already cached: 8SNA-assembly1.cif
2026-06-01 03:14:52,864 - INFO - [1762/2075] Asymmetric unit already cached: 8SUV.cif
2026-06-01 03:14:52,864 - INFO - [1762/2075] Biological assembly already cached: 8SUV-assembly1.cif
2026-06-01 03:14:53,065 - INFO - [1763/2075] Asymmetric unit already cached: 8SV8.cif
2026-06-01 03:14:53,065 - INFO - [1763/2075] Biological assembly already cached: 8SV8-assembly1.cif
2026-06-01 03:14:53,265 - INFO - [1764/2075] Asymmetric unit already cached: 8T0S.cif
2026-06-01 03:14:53,265 - INFO - [1764/2075] Biological assembly already cached: 8T0S-assembly1.cif
2026-06-01 03:14:53,465 - INFO - [1765/2075] Asymmetric unit already cached: 8T5P.cif
2026-06-01 03:14:53,465 - INFO - [1765/2075] Biological assembly already cached: 8T5P-assembly1.cif
2026-06-01 03:14:53,666 - INFO - [1766/2075] Asymmetric unit already cached: 8T5Q.cif
2026-06-01 03:14:53,666 - INFO - [1766/2075] Biological assembly already cached: 8T5Q-assembly1.cif
2026-06-01 03:14:53,866 - INFO - [1767/2075] Asymmetric unit already cached: 8TAR.cif
2026-06-01 03:14:53,866 - INFO - [1767/2075] Biological assembly already cached: 8TAR-assembly1.cif
2026-06-01 03:14:54,067 - INFO - [1768/2075] Asymmetric unit already cached: 8TAU.cif
2026-06-01 03:14:54,067 - INFO - [1768/2075] Biological assembly already cached: 8TAU-assembly1.cif
2026-06-01 03:14:54,267 - INFO - [1769/2075] Asymmetric unit already cached: 8TXV.cif
2026-06-01 03:14:54,267 - INFO - [1769/2075] Biological assembly already cached: 8TXV-assembly1.cif
2026-06-01 03:14:54,467 - INFO - [1770/2075] Asymmetric unit already cached: 8TXW.cif
2026-06-01 03:14:54,468 - INFO - [1770/2075] Biological assembly already cached: 8TXW-assembly1.cif
2026-06-01 03:14:54,669 - INFO - [1771/2075] Asymmetric unit already cached: 8TXX.cif
2026-06-01 03:14:54,669 - INFO - [1771/2075] Biological assembly already cached: 8TXX-assembly1.cif
2026-06-01 03:14:54,869 - INFO - [1772/2075] Asymmetric unit already cached: 8U13.cif
2026-06-01 03:14:54,869 - INFO - [1772/2075] Biological assembly already cached: 8U13-assembly1.cif
2026-06-01 03:14:55,069 - INFO - [1773/2075] Asymmetric unit already cached: 8U14.cif
2026-06-01 03:14:55,070 - INFO - [1773/2075] Biological assembly already cached: 8U14-assembly1.cif
2026-06-01 03:14:55,270 - INFO - [1774/2075] Asymmetric unit already cached: 8U2Y.cif
2026-06-01 03:14:55,270 - INFO - [1774/2075] Biological assembly already cached: 8U2Y-assembly1.cif
2026-06-01 03:14:55,470 - INFO - [1775/2075] Asymmetric unit already cached: 8UBU.cif
2026-06-01 03:14:55,470 - INFO - [1775/2075] Biological assembly already cached: 8UBU-assembly1.cif
2026-06-01 03:14:55,671 - INFO - [1776/2075] Asymmetric unit already cached: 8UPF.cif
2026-06-01 03:14:55,671 - INFO - [1776/2075] Biological assembly already cached: 8UPF-assembly1.cif
2026-06-01 03:14:55,871 - INFO - [1777/2075] Asymmetric unit already cached: 8UQ8.cif
2026-06-01 03:14:55,871 - INFO - [1777/2075] Biological assembly already cached: 8UQ8-assembly1.cif
2026-06-01 03:14:56,071 - INFO - [1778/2075] Asymmetric unit already cached: 8UQ9.cif
2026-06-01 03:14:56,071 - INFO - [1778/2075] Biological assembly already cached: 8UQ9-assembly1.cif
2026-06-01 03:14:56,272 - INFO - [1779/2075] Asymmetric unit already cached: 8UQA.cif
2026-06-01 03:14:56,272 - INFO - [1779/2075] Biological assembly already cached: 8UQA-assembly1.cif
2026-06-01 03:14:56,472 - INFO - [1780/2075] Asymmetric unit already cached: 8UQB.cif
2026-06-01 03:14:56,472 - INFO - [1780/2075] Biological assembly already cached: 8UQB-assembly1.cif
2026-06-01 03:14:56,672 - INFO - [1781/2075] Asymmetric unit already cached: 8UQC.cif
2026-06-01 03:14:56,673 - INFO - [1781/2075] Biological assembly already cached: 8UQC-assembly1.cif
2026-06-01 03:14:56,873 - INFO - [1782/2075] Asymmetric unit already cached: 8UQD.cif
2026-06-01 03:14:56,873 - INFO - [1782/2075] Biological assembly already cached: 8UQD-assembly1.cif
2026-06-01 03:14:57,073 - INFO - [1783/2075] Asymmetric unit already cached: 8UQE.cif
2026-06-01 03:14:57,073 - INFO - [1783/2075] Biological assembly already cached: 8UQE-assembly1.cif
2026-06-01 03:14:57,274 - INFO - [1784/2075] Asymmetric unit already cached: 8V0D.cif
2026-06-01 03:14:57,274 - INFO - [1784/2075] Biological assembly already cached: 8V0D-assembly1.cif
2026-06-01 03:14:57,474 - INFO - [1785/2075] Asymmetric unit already cached: 8V0E.cif
2026-06-01 03:14:57,474 - INFO - [1785/2075] Biological assembly already cached: 8V0E-assembly1.cif
2026-06-01 03:14:57,675 - INFO - [1786/2075] Asymmetric unit already cached: 8VK8.cif
2026-06-01 03:14:57,675 - INFO - [1786/2075] Biological assembly already cached: 8VK8-assembly1.cif
2026-06-01 03:14:57,875 - INFO - [1787/2075] Asymmetric unit already cached: 8VK9.cif
2026-06-01 03:14:57,875 - INFO - [1787/2075] Biological assembly already cached: 8VK9-assembly1.cif
2026-06-01 03:14:58,075 - INFO - [1788/2075] Asymmetric unit already cached: 8VW4.cif
2026-06-01 03:14:58,076 - INFO - [1788/2075] Biological assembly already cached: 8VW4-assembly1.cif
2026-06-01 03:14:58,276 - INFO - [1789/2075] Asymmetric unit already cached: 8VW5.cif
2026-06-01 03:14:58,276 - INFO - [1789/2075] Biological assembly already cached: 8VW5-assembly1.cif
2026-06-01 03:14:58,476 - INFO - [1790/2075] Asymmetric unit already cached: 8W59.cif
2026-06-01 03:14:58,476 - INFO - [1790/2075] Biological assembly already cached: 8W59-assembly1.cif
2026-06-01 03:14:58,677 - INFO - [1791/2075] Asymmetric unit already cached: 8W5A.cif
2026-06-01 03:14:58,677 - INFO - [1791/2075] Biological assembly already cached: 8W5A-assembly1.cif
2026-06-01 03:14:58,877 - INFO - [1792/2075] Asymmetric unit already cached: 8WAK.cif
2026-06-01 03:14:58,877 - INFO - [1792/2075] Biological assembly already cached: 8WAK-assembly1.cif
2026-06-01 03:14:59,077 - INFO - [1793/2075] Asymmetric unit already cached: 8WAL.cif
2026-06-01 03:14:59,078 - INFO - [1793/2075] Biological assembly already cached: 8WAL-assembly1.cif
2026-06-01 03:14:59,278 - INFO - [1794/2075] Asymmetric unit already cached: 8WAN.cif
2026-06-01 03:14:59,278 - INFO - [1794/2075] Biological assembly already cached: 8WAN-assembly1.cif
2026-06-01 03:14:59,478 - INFO - [1795/2075] Asymmetric unit already cached: 8WAO.cif
2026-06-01 03:14:59,479 - INFO - [1795/2075] Biological assembly already cached: 8WAO-assembly1.cif
2026-06-01 03:14:59,679 - INFO - [1796/2075] Asymmetric unit already cached: 8WAP.cif
2026-06-01 03:14:59,679 - INFO - [1796/2075] Biological assembly already cached: 8WAP-assembly1.cif
2026-06-01 03:14:59,880 - INFO - [1797/2075] Asymmetric unit already cached: 8WAQ.cif
2026-06-01 03:14:59,880 - INFO - [1797/2075] Biological assembly already cached: 8WAQ-assembly1.cif
2026-06-01 03:15:00,080 - INFO - [1798/2075] Asymmetric unit already cached: 8WAR.cif
2026-06-01 03:15:00,080 - INFO - [1798/2075] Biological assembly already cached: 8WAR-assembly1.cif
2026-06-01 03:15:00,281 - INFO - [1799/2075] Asymmetric unit already cached: 8WAS.cif
2026-06-01 03:15:00,281 - INFO - [1799/2075] Biological assembly already cached: 8WAS-assembly1.cif
2026-06-01 03:15:00,481 - INFO - [1800/2075] Asymmetric unit already cached: 8WDK.cif
2026-06-01 03:15:00,481 - INFO - [1800/2075] Biological assembly already cached: 8WDK-assembly1.cif
2026-06-01 03:15:00,682 - INFO - [1801/2075] Asymmetric unit already cached: 8WMS.cif
2026-06-01 03:15:00,682 - INFO - [1801/2075] Biological assembly already cached: 8WMS-assembly1.cif
2026-06-01 03:15:00,882 - INFO - [1802/2075] Asymmetric unit already cached: 8WQA.cif
2026-06-01 03:15:00,883 - INFO - [1802/2075] Biological assembly already cached: 8WQA-assembly1.cif
2026-06-01 03:15:01,083 - INFO - [1803/2075] Asymmetric unit already cached: 8WQB.cif
2026-06-01 03:15:01,083 - INFO - [1803/2075] Biological assembly already cached: 8WQB-assembly1.cif
2026-06-01 03:15:01,283 - INFO - [1804/2075] Asymmetric unit already cached: 8WQC.cif
2026-06-01 03:15:01,283 - INFO - [1804/2075] Biological assembly already cached: 8WQC-assembly1.cif
2026-06-01 03:15:01,484 - INFO - [1805/2075] Asymmetric unit already cached: 8WQE.cif
2026-06-01 03:15:01,484 - INFO - [1805/2075] Biological assembly already cached: 8WQE-assembly1.cif
2026-06-01 03:15:01,684 - INFO - [1806/2075] Asymmetric unit already cached: 8WQF.cif
2026-06-01 03:15:01,684 - INFO - [1806/2075] Biological assembly already cached: 8WQF-assembly1.cif
2026-06-01 03:15:01,884 - INFO - [1807/2075] Asymmetric unit already cached: 8WQG.cif
2026-06-01 03:15:01,885 - INFO - [1807/2075] Biological assembly already cached: 8WQG-assembly1.cif
2026-06-01 03:15:02,085 - INFO - [1808/2075] Asymmetric unit already cached: 8WQH.cif
2026-06-01 03:15:02,085 - INFO - [1808/2075] Biological assembly already cached: 8WQH-assembly1.cif
2026-06-01 03:15:02,285 - INFO - [1809/2075] Asymmetric unit already cached: 8WR5.cif
2026-06-01 03:15:02,285 - INFO - [1809/2075] Biological assembly already cached: 8WR5-assembly1.cif
2026-06-01 03:15:02,486 - INFO - [1810/2075] Asymmetric unit already cached: 8WVU.cif
2026-06-01 03:15:02,486 - INFO - [1810/2075] Biological assembly already cached: 8WVU-assembly1.cif
2026-06-01 03:15:02,686 - INFO - [1811/2075] Asymmetric unit already cached: 8WZN.cif
2026-06-01 03:15:02,686 - INFO - [1811/2075] Biological assembly already cached: 8WZN-assembly1.cif
2026-06-01 03:15:02,887 - INFO - [1812/2075] Asymmetric unit already cached: 8WZO.cif
2026-06-01 03:15:02,887 - INFO - [1812/2075] Biological assembly already cached: 8WZO-assembly1.cif
2026-06-01 03:15:03,087 - INFO - [1813/2075] Asymmetric unit already cached: 8X7I.cif
2026-06-01 03:15:03,087 - INFO - [1813/2075] Biological assembly already cached: 8X7I-assembly1.cif
2026-06-01 03:15:03,287 - INFO - [1814/2075] Asymmetric unit already cached: 8X7J.cif
2026-06-01 03:15:03,288 - INFO - [1814/2075] Biological assembly already cached: 8X7J-assembly1.cif
2026-06-01 03:15:03,488 - INFO - [1815/2075] Asymmetric unit already cached: 8X7K.cif
2026-06-01 03:15:03,488 - INFO - [1815/2075] Biological assembly already cached: 8X7K-assembly1.cif
2026-06-01 03:15:03,688 - INFO - [1816/2075] Asymmetric unit already cached: 8XFP.cif
2026-06-01 03:15:03,689 - INFO - [1816/2075] Biological assembly already cached: 8XFP-assembly1.cif
2026-06-01 03:15:03,889 - INFO - [1817/2075] Asymmetric unit already cached: 8XFS.cif
2026-06-01 03:15:03,889 - INFO - [1817/2075] Biological assembly already cached: 8XFS-assembly1.cif
2026-06-01 03:15:04,090 - INFO - [1818/2075] Asymmetric unit already cached: 8XFT.cif
2026-06-01 03:15:04,090 - INFO - [1818/2075] Biological assembly already cached: 8XFT-assembly1.cif
2026-06-01 03:15:04,290 - INFO - [1819/2075] Asymmetric unit already cached: 8XV4.cif
2026-06-01 03:15:04,290 - INFO - [1819/2075] Biological assembly already cached: 8XV4-assembly1.cif
2026-06-01 03:15:04,490 - INFO - [1820/2075] Asymmetric unit already cached: 8XV6.cif
2026-06-01 03:15:04,491 - INFO - [1820/2075] Biological assembly already cached: 8XV6-assembly1.cif
2026-06-01 03:15:04,691 - INFO - [1821/2075] Asymmetric unit already cached: 8XV7.cif
2026-06-01 03:15:04,692 - INFO - [1821/2075] Biological assembly already cached: 8XV7-assembly1.cif
2026-06-01 03:15:04,892 - INFO - [1822/2075] Asymmetric unit already cached: 8XV8.cif
2026-06-01 03:15:04,892 - INFO - [1822/2075] Biological assembly already cached: 8XV8-assembly1.cif
2026-06-01 03:15:05,092 - INFO - [1823/2075] Asymmetric unit already cached: 8Y4Z.cif
2026-06-01 03:15:05,092 - INFO - [1823/2075] Biological assembly already cached: 8Y4Z-assembly1.cif
2026-06-01 03:15:05,293 - INFO - [1824/2075] Asymmetric unit already cached: 8Y58.cif
2026-06-01 03:15:05,293 - INFO - [1824/2075] Biological assembly already cached: 8Y58-assembly1.cif
2026-06-01 03:15:05,493 - INFO - [1825/2075] Asymmetric unit already cached: 8Y59.cif
2026-06-01 03:15:05,493 - INFO - [1825/2075] Biological assembly already cached: 8Y59-assembly1.cif
2026-06-01 03:15:05,694 - INFO - [1826/2075] Asymmetric unit already cached: 8Y5B.cif
2026-06-01 03:15:05,694 - INFO - [1826/2075] Biological assembly already cached: 8Y5B-assembly1.cif
2026-06-01 03:15:05,894 - INFO - [1827/2075] Asymmetric unit already cached: 8Y69.cif
2026-06-01 03:15:05,894 - INFO - [1827/2075] Biological assembly already cached: 8Y69-assembly1.cif
2026-06-01 03:15:06,094 - INFO - [1828/2075] Asymmetric unit already cached: 8YTC.cif
2026-06-01 03:15:06,094 - INFO - [1828/2075] Biological assembly already cached: 8YTC-assembly1.cif
2026-06-01 03:15:06,295 - INFO - [1829/2075] Asymmetric unit already cached: 8YTF.cif
2026-06-01 03:15:06,295 - INFO - [1829/2075] Biological assembly already cached: 8YTF-assembly1.cif
2026-06-01 03:15:06,495 - INFO - [1830/2075] Asymmetric unit already cached: 8YTG.cif
2026-06-01 03:15:06,495 - INFO - [1830/2075] Biological assembly already cached: 8YTG-assembly1.cif
2026-06-01 03:15:06,695 - INFO - [1831/2075] Asymmetric unit already cached: 8YTH.cif
2026-06-01 03:15:06,696 - INFO - [1831/2075] Biological assembly already cached: 8YTH-assembly1.cif
2026-06-01 03:15:06,896 - INFO - [1832/2075] Asymmetric unit already cached: 8Z30.cif
2026-06-01 03:15:06,896 - INFO - [1832/2075] Biological assembly already cached: 8Z30-assembly1.cif
2026-06-01 03:15:07,096 - INFO - [1833/2075] Asymmetric unit already cached: 8Z36.cif
2026-06-01 03:15:07,097 - INFO - [1833/2075] Biological assembly already cached: 8Z36-assembly1.cif
2026-06-01 03:15:07,297 - INFO - [1834/2075] Asymmetric unit already cached: 8ZUK.cif
2026-06-01 03:15:07,297 - INFO - [1834/2075] Biological assembly already cached: 8ZUK-assembly1.cif
2026-06-01 03:15:07,497 - INFO - [1835/2075] Asymmetric unit already cached: 8ZZM.cif
2026-06-01 03:15:07,497 - INFO - [1835/2075] Downloading biological assembly for 8ZZM
2026-06-01 03:15:07,847 - WARNING - Failed to download https://files.rcsb.org/download/8ZZM-assembly1.cif (status 404)
2026-06-01 03:15:08,047 - INFO - [1836/2075] Asymmetric unit already cached: 8ZZN.cif
2026-06-01 03:15:08,047 - INFO - [1836/2075] Downloading biological assembly for 8ZZN
2026-06-01 03:15:08,248 - WARNING - Failed to download https://files.rcsb.org/download/8ZZN-assembly1.cif (status 404)
2026-06-01 03:15:08,448 - INFO - [1837/2075] Asymmetric unit already cached: 8ZZS.cif
2026-06-01 03:15:08,448 - INFO - [1837/2075] Downloading biological assembly for 8ZZS
2026-06-01 03:15:08,646 - WARNING - Failed to download https://files.rcsb.org/download/8ZZS-assembly1.cif (status 404)
2026-06-01 03:15:08,846 - INFO - [1838/2075] Asymmetric unit already cached: 8ZZT.cif
2026-06-01 03:15:08,850 - INFO - [1838/2075] Downloading biological assembly for 8ZZT
2026-06-01 03:15:09,226 - WARNING - Failed to download https://files.rcsb.org/download/8ZZT-assembly1.cif (status 404)
2026-06-01 03:15:09,426 - INFO - [1839/2075] Asymmetric unit already cached: 9A1I.cif
2026-06-01 03:15:09,426 - INFO - [1839/2075] Downloading biological assembly for 9A1I
2026-06-01 03:15:09,558 - WARNING - Failed to download https://files.rcsb.org/download/9A1I-assembly1.cif (status 404)
2026-06-01 03:15:09,759 - INFO - [1840/2075] Asymmetric unit already cached: 9A1J.cif
2026-06-01 03:15:09,759 - INFO - [1840/2075] Downloading biological assembly for 9A1J
2026-06-01 03:15:09,894 - WARNING - Failed to download https://files.rcsb.org/download/9A1J-assembly1.cif (status 404)
2026-06-01 03:15:10,094 - INFO - [1841/2075] Asymmetric unit already cached: 9A40.cif
2026-06-01 03:15:10,095 - INFO - [1841/2075] Downloading biological assembly for 9A40
2026-06-01 03:15:10,228 - WARNING - Failed to download https://files.rcsb.org/download/9A40-assembly1.cif (status 404)
2026-06-01 03:15:10,428 - INFO - [1842/2075] Asymmetric unit already cached: 9ATN.cif
2026-06-01 03:15:10,429 - INFO - [1842/2075] Biological assembly already cached: 9ATN-assembly1.cif
2026-06-01 03:15:10,629 - INFO - [1843/2075] Asymmetric unit already cached: 9AZJ.cif
2026-06-01 03:15:10,629 - INFO - [1843/2075] Biological assembly already cached: 9AZJ-assembly1.cif
2026-06-01 03:15:10,829 - INFO - [1844/2075] Asymmetric unit already cached: 9B0B.cif
2026-06-01 03:15:10,829 - INFO - [1844/2075] Biological assembly already cached: 9B0B-assembly1.cif
2026-06-01 03:15:11,030 - INFO - [1845/2075] Asymmetric unit already cached: 9B0Z.cif
2026-06-01 03:15:11,030 - INFO - [1845/2075] Biological assembly already cached: 9B0Z-assembly1.cif
2026-06-01 03:15:11,230 - INFO - [1846/2075] Asymmetric unit already cached: 9B12.cif
2026-06-01 03:15:11,230 - INFO - [1846/2075] Biological assembly already cached: 9B12-assembly1.cif
2026-06-01 03:15:11,430 - INFO - [1847/2075] Asymmetric unit already cached: 9B62.cif
2026-06-01 03:15:11,430 - INFO - [1847/2075] Biological assembly already cached: 9B62-assembly1.cif
2026-06-01 03:15:11,631 - INFO - [1848/2075] Asymmetric unit already cached: 9BD3.cif
2026-06-01 03:15:11,631 - INFO - [1848/2075] Biological assembly already cached: 9BD3-assembly1.cif
2026-06-01 03:15:11,831 - INFO - [1849/2075] Asymmetric unit already cached: 9BIV.cif
2026-06-01 03:15:11,831 - INFO - [1849/2075] Biological assembly already cached: 9BIV-assembly1.cif
2026-06-01 03:15:12,031 - INFO - [1850/2075] Asymmetric unit already cached: 9BJ8.cif
2026-06-01 03:15:12,032 - INFO - [1850/2075] Biological assembly already cached: 9BJ8-assembly1.cif
2026-06-01 03:15:12,232 - INFO - [1851/2075] Asymmetric unit already cached: 9BJ9.cif
2026-06-01 03:15:12,232 - INFO - [1851/2075] Biological assembly already cached: 9BJ9-assembly1.cif
2026-06-01 03:15:12,432 - INFO - [1852/2075] Asymmetric unit already cached: 9BJZ.cif
2026-06-01 03:15:12,432 - INFO - [1852/2075] Biological assembly already cached: 9BJZ-assembly1.cif
2026-06-01 03:15:12,633 - INFO - [1853/2075] Asymmetric unit already cached: 9BKR.cif
2026-06-01 03:15:12,633 - INFO - [1853/2075] Biological assembly already cached: 9BKR-assembly1.cif
2026-06-01 03:15:12,833 - INFO - [1854/2075] Asymmetric unit already cached: 9BKS.cif
2026-06-01 03:15:12,833 - INFO - [1854/2075] Biological assembly already cached: 9BKS-assembly1.cif
2026-06-01 03:15:13,033 - INFO - [1855/2075] Asymmetric unit already cached: 9CDW.cif
2026-06-01 03:15:13,034 - INFO - [1855/2075] Biological assembly already cached: 9CDW-assembly1.cif
2026-06-01 03:15:13,234 - INFO - [1856/2075] Asymmetric unit already cached: 9CDZ.cif
2026-06-01 03:15:13,234 - INFO - [1856/2075] Biological assembly already cached: 9CDZ-assembly1.cif
2026-06-01 03:15:13,434 - INFO - [1857/2075] Asymmetric unit already cached: 9CHT.cif
2026-06-01 03:15:13,434 - INFO - [1857/2075] Biological assembly already cached: 9CHT-assembly1.cif
2026-06-01 03:15:13,635 - INFO - [1858/2075] Asymmetric unit already cached: 9D9Z.cif
2026-06-01 03:15:13,635 - INFO - [1858/2075] Biological assembly already cached: 9D9Z-assembly1.cif
2026-06-01 03:15:13,835 - INFO - [1859/2075] Asymmetric unit already cached: 9DBY.cif
2026-06-01 03:15:13,835 - INFO - [1859/2075] Biological assembly already cached: 9DBY-assembly1.cif
2026-06-01 03:15:14,035 - INFO - [1860/2075] Asymmetric unit already cached: 9DDE.cif
2026-06-01 03:15:14,036 - INFO - [1860/2075] Biological assembly already cached: 9DDE-assembly1.cif
2026-06-01 03:15:14,236 - INFO - [1861/2075] Asymmetric unit already cached: 9DGG.cif
2026-06-01 03:15:14,236 - INFO - [1861/2075] Biological assembly already cached: 9DGG-assembly1.cif
2026-06-01 03:15:14,436 - INFO - [1862/2075] Asymmetric unit already cached: 9DNO.cif
2026-06-01 03:15:14,436 - INFO - [1862/2075] Biological assembly already cached: 9DNO-assembly1.cif
2026-06-01 03:15:14,637 - INFO - [1863/2075] Asymmetric unit already cached: 9DNP.cif
2026-06-01 03:15:14,638 - INFO - [1863/2075] Biological assembly already cached: 9DNP-assembly1.cif
2026-06-01 03:15:14,838 - INFO - [1864/2075] Asymmetric unit already cached: 9DNQ.cif
2026-06-01 03:15:14,838 - INFO - [1864/2075] Biological assembly already cached: 9DNQ-assembly1.cif
2026-06-01 03:15:15,038 - INFO - [1865/2075] Asymmetric unit already cached: 9DNR.cif
2026-06-01 03:15:15,038 - INFO - [1865/2075] Biological assembly already cached: 9DNR-assembly1.cif
2026-06-01 03:15:15,239 - INFO - [1866/2075] Asymmetric unit already cached: 9DNS.cif
2026-06-01 03:15:15,239 - INFO - [1866/2075] Biological assembly already cached: 9DNS-assembly1.cif
2026-06-01 03:15:15,439 - INFO - [1867/2075] Asymmetric unit already cached: 9DQB.cif
2026-06-01 03:15:15,439 - INFO - [1867/2075] Biological assembly already cached: 9DQB-assembly1.cif
2026-06-01 03:15:15,640 - INFO - [1868/2075] Asymmetric unit already cached: 9DRJ.cif
2026-06-01 03:15:15,640 - INFO - [1868/2075] Biological assembly already cached: 9DRJ-assembly1.cif
2026-06-01 03:15:15,840 - INFO - [1869/2075] Asymmetric unit already cached: 9DRY.cif
2026-06-01 03:15:15,840 - INFO - [1869/2075] Biological assembly already cached: 9DRY-assembly1.cif
2026-06-01 03:15:16,040 - INFO - [1870/2075] Asymmetric unit already cached: 9DYA.cif
2026-06-01 03:15:16,041 - INFO - [1870/2075] Biological assembly already cached: 9DYA-assembly1.cif
2026-06-01 03:15:16,241 - INFO - [1871/2075] Asymmetric unit already cached: 9DYB.cif
2026-06-01 03:15:16,241 - INFO - [1871/2075] Biological assembly already cached: 9DYB-assembly1.cif
2026-06-01 03:15:16,441 - INFO - [1872/2075] Asymmetric unit already cached: 9EFM.cif
2026-06-01 03:15:16,441 - INFO - [1872/2075] Biological assembly already cached: 9EFM-assembly1.cif
2026-06-01 03:15:16,642 - INFO - [1873/2075] Asymmetric unit already cached: 9EFQ.cif
2026-06-01 03:15:16,642 - INFO - [1873/2075] Biological assembly already cached: 9EFQ-assembly1.cif
2026-06-01 03:15:16,842 - INFO - [1874/2075] Asymmetric unit already cached: 9EFV.cif
2026-06-01 03:15:16,842 - INFO - [1874/2075] Biological assembly already cached: 9EFV-assembly1.cif
2026-06-01 03:15:17,042 - INFO - [1875/2075] Asymmetric unit already cached: 9EG1.cif
2026-06-01 03:15:17,042 - INFO - [1875/2075] Biological assembly already cached: 9EG1-assembly1.cif
2026-06-01 03:15:17,243 - INFO - [1876/2075] Asymmetric unit already cached: 9EG8.cif
2026-06-01 03:15:17,243 - INFO - [1876/2075] Biological assembly already cached: 9EG8-assembly1.cif
2026-06-01 03:15:17,443 - INFO - [1877/2075] Asymmetric unit already cached: 9EGL.cif
2026-06-01 03:15:17,443 - INFO - [1877/2075] Biological assembly already cached: 9EGL-assembly1.cif
2026-06-01 03:15:17,643 - INFO - [1878/2075] Asymmetric unit already cached: 9EGV.cif
2026-06-01 03:15:17,644 - INFO - [1878/2075] Biological assembly already cached: 9EGV-assembly1.cif
2026-06-01 03:15:17,844 - INFO - [1879/2075] Asymmetric unit already cached: 9EGW.cif
2026-06-01 03:15:17,844 - INFO - [1879/2075] Biological assembly already cached: 9EGW-assembly1.cif
2026-06-01 03:15:18,044 - INFO - [1880/2075] Asymmetric unit already cached: 9EK5.cif
2026-06-01 03:15:18,045 - INFO - [1880/2075] Biological assembly already cached: 9EK5-assembly1.cif
2026-06-01 03:15:18,245 - INFO - [1881/2075] Asymmetric unit already cached: 9EQH.cif
2026-06-01 03:15:18,245 - INFO - [1881/2075] Biological assembly already cached: 9EQH-assembly1.cif
2026-06-01 03:15:18,445 - INFO - [1882/2075] Asymmetric unit already cached: 9EQK.cif
2026-06-01 03:15:18,445 - INFO - [1882/2075] Biological assembly already cached: 9EQK-assembly1.cif
2026-06-01 03:15:18,646 - INFO - [1883/2075] Asymmetric unit already cached: 9ERZ.cif
2026-06-01 03:15:18,646 - INFO - [1883/2075] Biological assembly already cached: 9ERZ-assembly1.cif
2026-06-01 03:15:18,846 - INFO - [1884/2075] Asymmetric unit already cached: 9FMD.cif
2026-06-01 03:15:18,846 - INFO - [1884/2075] Biological assembly already cached: 9FMD-assembly1.cif
2026-06-01 03:15:19,046 - INFO - [1885/2075] Asymmetric unit already cached: 9FQH.cif
2026-06-01 03:15:19,047 - INFO - [1885/2075] Biological assembly already cached: 9FQH-assembly1.cif
2026-06-01 03:15:19,247 - INFO - [1886/2075] Asymmetric unit already cached: 9FQI.cif
2026-06-01 03:15:19,247 - INFO - [1886/2075] Biological assembly already cached: 9FQI-assembly1.cif
2026-06-01 03:15:19,447 - INFO - [1887/2075] Asymmetric unit already cached: 9FQJ.cif
2026-06-01 03:15:19,447 - INFO - [1887/2075] Biological assembly already cached: 9FQJ-assembly1.cif
2026-06-01 03:15:19,648 - INFO - [1888/2075] Asymmetric unit already cached: 9FSH.cif
2026-06-01 03:15:19,649 - INFO - [1888/2075] Biological assembly already cached: 9FSH-assembly1.cif
2026-06-01 03:15:19,849 - INFO - [1889/2075] Asymmetric unit already cached: 9FSJ.cif
2026-06-01 03:15:19,849 - INFO - [1889/2075] Biological assembly already cached: 9FSJ-assembly1.cif
2026-06-01 03:15:20,049 - INFO - [1890/2075] Asymmetric unit already cached: 9FSK.cif
2026-06-01 03:15:20,049 - INFO - [1890/2075] Biological assembly already cached: 9FSK-assembly1.cif
2026-06-01 03:15:20,249 - INFO - [1891/2075] Asymmetric unit already cached: 9G08.cif
2026-06-01 03:15:20,250 - INFO - [1891/2075] Biological assembly already cached: 9G08-assembly1.cif
2026-06-01 03:15:20,450 - INFO - [1892/2075] Asymmetric unit already cached: 9G09.cif
2026-06-01 03:15:20,450 - INFO - [1892/2075] Biological assembly already cached: 9G09-assembly1.cif
2026-06-01 03:15:20,650 - INFO - [1893/2075] Asymmetric unit already cached: 9G0L.cif
2026-06-01 03:15:20,650 - INFO - [1893/2075] Biological assembly already cached: 9G0L-assembly1.cif
2026-06-01 03:15:20,851 - INFO - [1894/2075] Asymmetric unit already cached: 9GAW.cif
2026-06-01 03:15:20,851 - INFO - [1894/2075] Biological assembly already cached: 9GAW-assembly1.cif
2026-06-01 03:15:21,051 - INFO - [1895/2075] Asymmetric unit already cached: 9GD5.cif
2026-06-01 03:15:21,051 - INFO - [1895/2075] Biological assembly already cached: 9GD5-assembly1.cif
2026-06-01 03:15:21,252 - INFO - [1896/2075] Asymmetric unit already cached: 9GDG.cif
2026-06-01 03:15:21,252 - INFO - [1896/2075] Biological assembly already cached: 9GDG-assembly1.cif
2026-06-01 03:15:21,452 - INFO - [1897/2075] Asymmetric unit already cached: 9GES.cif
2026-06-01 03:15:21,452 - INFO - [1897/2075] Biological assembly already cached: 9GES-assembly1.cif
2026-06-01 03:15:21,653 - INFO - [1898/2075] Asymmetric unit already cached: 9GET.cif
2026-06-01 03:15:21,653 - INFO - [1898/2075] Biological assembly already cached: 9GET-assembly1.cif
2026-06-01 03:15:21,853 - INFO - [1899/2075] Asymmetric unit already cached: 9GEW.cif
2026-06-01 03:15:21,853 - INFO - [1899/2075] Biological assembly already cached: 9GEW-assembly1.cif
2026-06-01 03:15:22,054 - INFO - [1900/2075] Asymmetric unit already cached: 9GEY.cif
2026-06-01 03:15:22,054 - INFO - [1900/2075] Biological assembly already cached: 9GEY-assembly1.cif
2026-06-01 03:15:22,254 - INFO - [1901/2075] Asymmetric unit already cached: 9GFC.cif
2026-06-01 03:15:22,254 - INFO - [1901/2075] Biological assembly already cached: 9GFC-assembly1.cif
2026-06-01 03:15:22,454 - INFO - [1902/2075] Asymmetric unit already cached: 9GFK.cif
2026-06-01 03:15:22,455 - INFO - [1902/2075] Biological assembly already cached: 9GFK-assembly1.cif
2026-06-01 03:15:22,655 - INFO - [1903/2075] Asymmetric unit already cached: 9GIK.cif
2026-06-01 03:15:22,655 - INFO - [1903/2075] Biological assembly already cached: 9GIK-assembly1.cif
2026-06-01 03:15:22,855 - INFO - [1904/2075] Asymmetric unit already cached: 9GIM.cif
2026-06-01 03:15:22,855 - INFO - [1904/2075] Biological assembly already cached: 9GIM-assembly1.cif
2026-06-01 03:15:23,056 - INFO - [1905/2075] Asymmetric unit already cached: 9GKM.cif
2026-06-01 03:15:23,056 - INFO - [1905/2075] Biological assembly already cached: 9GKM-assembly1.cif
2026-06-01 03:15:23,256 - INFO - [1906/2075] Asymmetric unit already cached: 9GKN.cif
2026-06-01 03:15:23,256 - INFO - [1906/2075] Biological assembly already cached: 9GKN-assembly1.cif
2026-06-01 03:15:23,457 - INFO - [1907/2075] Asymmetric unit already cached: 9GLR.cif
2026-06-01 03:15:23,457 - INFO - [1907/2075] Biological assembly already cached: 9GLR-assembly1.cif
2026-06-01 03:15:23,657 - INFO - [1908/2075] Asymmetric unit already cached: 9GLS.cif
2026-06-01 03:15:23,657 - INFO - [1908/2075] Biological assembly already cached: 9GLS-assembly1.cif
2026-06-01 03:15:23,857 - INFO - [1909/2075] Asymmetric unit already cached: 9GY4.cif
2026-06-01 03:15:23,858 - INFO - [1909/2075] Biological assembly already cached: 9GY4-assembly1.cif
2026-06-01 03:15:24,058 - INFO - [1910/2075] Asymmetric unit already cached: 9H1J.cif
2026-06-01 03:15:24,058 - INFO - [1910/2075] Biological assembly already cached: 9H1J-assembly1.cif
2026-06-01 03:15:24,258 - INFO - [1911/2075] Asymmetric unit already cached: 9H9O.cif
2026-06-01 03:15:24,259 - INFO - [1911/2075] Biological assembly already cached: 9H9O-assembly1.cif
2026-06-01 03:15:24,459 - INFO - [1912/2075] Asymmetric unit already cached: 9H9T.cif
2026-06-01 03:15:24,459 - INFO - [1912/2075] Biological assembly already cached: 9H9T-assembly1.cif
2026-06-01 03:15:24,659 - INFO - [1913/2075] Asymmetric unit already cached: 9HGE.cif
2026-06-01 03:15:24,660 - INFO - [1913/2075] Biological assembly already cached: 9HGE-assembly1.cif
2026-06-01 03:15:24,860 - INFO - [1914/2075] Asymmetric unit already cached: 9HIN.cif
2026-06-01 03:15:24,860 - INFO - [1914/2075] Biological assembly already cached: 9HIN-assembly1.cif
2026-06-01 03:15:25,061 - INFO - [1915/2075] Asymmetric unit already cached: 9HIX.cif
2026-06-01 03:15:25,061 - INFO - [1915/2075] Biological assembly already cached: 9HIX-assembly1.cif
2026-06-01 03:15:25,261 - INFO - [1916/2075] Asymmetric unit already cached: 9HIY.cif
2026-06-01 03:15:25,261 - INFO - [1916/2075] Biological assembly already cached: 9HIY-assembly1.cif
2026-06-01 03:15:25,461 - INFO - [1917/2075] Asymmetric unit already cached: 9HJ0.cif
2026-06-01 03:15:25,462 - INFO - [1917/2075] Biological assembly already cached: 9HJ0-assembly1.cif
2026-06-01 03:15:25,662 - INFO - [1918/2075] Asymmetric unit already cached: 9HXW.cif
2026-06-01 03:15:25,662 - INFO - [1918/2075] Biological assembly already cached: 9HXW-assembly1.cif
2026-06-01 03:15:25,862 - INFO - [1919/2075] Asymmetric unit already cached: 9I0T.cif
2026-06-01 03:15:25,862 - INFO - [1919/2075] Biological assembly already cached: 9I0T-assembly1.cif
2026-06-01 03:15:26,063 - INFO - [1920/2075] Asymmetric unit already cached: 9I1J.cif
2026-06-01 03:15:26,063 - INFO - [1920/2075] Biological assembly already cached: 9I1J-assembly1.cif
2026-06-01 03:15:26,263 - INFO - [1921/2075] Asymmetric unit already cached: 9I9I.cif
2026-06-01 03:15:26,264 - INFO - [1921/2075] Biological assembly already cached: 9I9I-assembly1.cif
2026-06-01 03:15:26,464 - INFO - [1922/2075] Asymmetric unit already cached: 9I9J.cif
2026-06-01 03:15:26,464 - INFO - [1922/2075] Biological assembly already cached: 9I9J-assembly1.cif
2026-06-01 03:15:26,664 - INFO - [1923/2075] Asymmetric unit already cached: 9I9K.cif
2026-06-01 03:15:26,664 - INFO - [1923/2075] Biological assembly already cached: 9I9K-assembly1.cif
2026-06-01 03:15:26,865 - INFO - [1924/2075] Asymmetric unit already cached: 9IF9.cif
2026-06-01 03:15:26,865 - INFO - [1924/2075] Biological assembly already cached: 9IF9-assembly1.cif
2026-06-01 03:15:27,065 - INFO - [1925/2075] Asymmetric unit already cached: 9II5.cif
2026-06-01 03:15:27,065 - INFO - [1925/2075] Biological assembly already cached: 9II5-assembly1.cif
2026-06-01 03:15:27,266 - INFO - [1926/2075] Asymmetric unit already cached: 9IIC.cif
2026-06-01 03:15:27,266 - INFO - [1926/2075] Biological assembly already cached: 9IIC-assembly1.cif
2026-06-01 03:15:27,466 - INFO - [1927/2075] Asymmetric unit already cached: 9IPU.cif
2026-06-01 03:15:27,466 - INFO - [1927/2075] Biological assembly already cached: 9IPU-assembly1.cif
2026-06-01 03:15:27,666 - INFO - [1928/2075] Asymmetric unit already cached: 9IT5.cif
2026-06-01 03:15:27,667 - INFO - [1928/2075] Biological assembly already cached: 9IT5-assembly1.cif
2026-06-01 03:15:27,867 - INFO - [1929/2075] Asymmetric unit already cached: 9IUN.cif
2026-06-01 03:15:27,867 - INFO - [1929/2075] Biological assembly already cached: 9IUN-assembly1.cif
2026-06-01 03:15:28,067 - INFO - [1930/2075] Asymmetric unit already cached: 9IWL.cif
2026-06-01 03:15:28,067 - INFO - [1930/2075] Biological assembly already cached: 9IWL-assembly1.cif
2026-06-01 03:15:28,268 - INFO - [1931/2075] Asymmetric unit already cached: 9J63.cif
2026-06-01 03:15:28,268 - INFO - [1931/2075] Biological assembly already cached: 9J63-assembly1.cif
2026-06-01 03:15:28,468 - INFO - [1932/2075] Asymmetric unit already cached: 9J64.cif
2026-06-01 03:15:28,468 - INFO - [1932/2075] Biological assembly already cached: 9J64-assembly1.cif
2026-06-01 03:15:28,669 - INFO - [1933/2075] Asymmetric unit already cached: 9J6O.cif
2026-06-01 03:15:28,669 - INFO - [1933/2075] Biological assembly already cached: 9J6O-assembly1.cif
2026-06-01 03:15:28,869 - INFO - [1934/2075] Asymmetric unit already cached: 9J77.cif
2026-06-01 03:15:28,869 - INFO - [1934/2075] Biological assembly already cached: 9J77-assembly1.cif
2026-06-01 03:15:29,069 - INFO - [1935/2075] Asymmetric unit already cached: 9J78.cif
2026-06-01 03:15:29,069 - INFO - [1935/2075] Biological assembly already cached: 9J78-assembly1.cif
2026-06-01 03:15:29,270 - INFO - [1936/2075] Asymmetric unit already cached: 9J79.cif
2026-06-01 03:15:29,270 - INFO - [1936/2075] Biological assembly already cached: 9J79-assembly1.cif
2026-06-01 03:15:29,470 - INFO - [1937/2075] Asymmetric unit already cached: 9JEJ.cif
2026-06-01 03:15:29,470 - INFO - [1937/2075] Biological assembly already cached: 9JEJ-assembly1.cif
2026-06-01 03:15:29,670 - INFO - [1938/2075] Asymmetric unit already cached: 9JKB.cif
2026-06-01 03:15:29,671 - INFO - [1938/2075] Biological assembly already cached: 9JKB-assembly1.cif
2026-06-01 03:15:29,871 - INFO - [1939/2075] Asymmetric unit already cached: 9JNI.cif
2026-06-01 03:15:29,871 - INFO - [1939/2075] Biological assembly already cached: 9JNI-assembly1.cif
2026-06-01 03:15:30,072 - INFO - [1940/2075] Asymmetric unit already cached: 9JNL.cif
2026-06-01 03:15:30,072 - INFO - [1940/2075] Biological assembly already cached: 9JNL-assembly1.cif
2026-06-01 03:15:30,272 - INFO - [1941/2075] Asymmetric unit already cached: 9JNM.cif
2026-06-01 03:15:30,272 - INFO - [1941/2075] Biological assembly already cached: 9JNM-assembly1.cif
2026-06-01 03:15:30,472 - INFO - [1942/2075] Asymmetric unit already cached: 9JTA.cif
2026-06-01 03:15:30,473 - INFO - [1942/2075] Biological assembly already cached: 9JTA-assembly1.cif
2026-06-01 03:15:30,673 - INFO - [1943/2075] Asymmetric unit already cached: 9JUR.cif
2026-06-01 03:15:30,673 - INFO - [1943/2075] Biological assembly already cached: 9JUR-assembly1.cif
2026-06-01 03:15:30,873 - INFO - [1944/2075] Asymmetric unit already cached: 9JUT.cif
2026-06-01 03:15:30,873 - INFO - [1944/2075] Biological assembly already cached: 9JUT-assembly1.cif
2026-06-01 03:15:31,074 - INFO - [1945/2075] Asymmetric unit already cached: 9JUU.cif
2026-06-01 03:15:31,074 - INFO - [1945/2075] Biological assembly already cached: 9JUU-assembly1.cif
2026-06-01 03:15:31,274 - INFO - [1946/2075] Asymmetric unit already cached: 9JUY.cif
2026-06-01 03:15:31,274 - INFO - [1946/2075] Biological assembly already cached: 9JUY-assembly1.cif
2026-06-01 03:15:31,475 - INFO - [1947/2075] Asymmetric unit already cached: 9KB8.cif
2026-06-01 03:15:31,475 - INFO - [1947/2075] Biological assembly already cached: 9KB8-assembly1.cif
2026-06-01 03:15:31,675 - INFO - [1948/2075] Asymmetric unit already cached: 9KB9.cif
2026-06-01 03:15:31,675 - INFO - [1948/2075] Biological assembly already cached: 9KB9-assembly1.cif
2026-06-01 03:15:31,875 - INFO - [1949/2075] Asymmetric unit already cached: 9KBD.cif
2026-06-01 03:15:31,876 - INFO - [1949/2075] Biological assembly already cached: 9KBD-assembly1.cif
2026-06-01 03:15:32,076 - INFO - [1950/2075] Asymmetric unit already cached: 9KEN.cif
2026-06-01 03:15:32,076 - INFO - [1950/2075] Biological assembly already cached: 9KEN-assembly1.cif
2026-06-01 03:15:32,276 - INFO - [1951/2075] Asymmetric unit already cached: 9KQ2.cif
2026-06-01 03:15:32,276 - INFO - [1951/2075] Biological assembly already cached: 9KQ2-assembly1.cif
2026-06-01 03:15:32,477 - INFO - [1952/2075] Asymmetric unit already cached: 9KQO.cif
2026-06-01 03:15:32,477 - INFO - [1952/2075] Biological assembly already cached: 9KQO-assembly1.cif
2026-06-01 03:15:32,677 - INFO - [1953/2075] Asymmetric unit already cached: 9L3L.cif
2026-06-01 03:15:32,677 - INFO - [1953/2075] Biological assembly already cached: 9L3L-assembly1.cif
2026-06-01 03:15:32,877 - INFO - [1954/2075] Asymmetric unit already cached: 9L8Y.cif
2026-06-01 03:15:32,878 - INFO - [1954/2075] Biological assembly already cached: 9L8Y-assembly1.cif
2026-06-01 03:15:33,078 - INFO - [1955/2075] Asymmetric unit already cached: 9L93.cif
2026-06-01 03:15:33,078 - INFO - [1955/2075] Biological assembly already cached: 9L93-assembly1.cif
2026-06-01 03:15:33,278 - INFO - [1956/2075] Asymmetric unit already cached: 9LHJ.cif
2026-06-01 03:15:33,278 - INFO - [1956/2075] Biological assembly already cached: 9LHJ-assembly1.cif
2026-06-01 03:15:33,479 - INFO - [1957/2075] Asymmetric unit already cached: 9LKY.cif
2026-06-01 03:15:33,479 - INFO - [1957/2075] Biological assembly already cached: 9LKY-assembly1.cif
2026-06-01 03:15:33,679 - INFO - [1958/2075] Asymmetric unit already cached: 9LN6.cif
2026-06-01 03:15:33,679 - INFO - [1958/2075] Biological assembly already cached: 9LN6-assembly1.cif
2026-06-01 03:15:33,879 - INFO - [1959/2075] Asymmetric unit already cached: 9LPK.cif
2026-06-01 03:15:33,880 - INFO - [1959/2075] Biological assembly already cached: 9LPK-assembly1.cif
2026-06-01 03:15:34,080 - INFO - [1960/2075] Asymmetric unit already cached: 9LTO.cif
2026-06-01 03:15:34,080 - INFO - [1960/2075] Biological assembly already cached: 9LTO-assembly1.cif
2026-06-01 03:15:34,280 - INFO - [1961/2075] Asymmetric unit already cached: 9LTR.cif
2026-06-01 03:15:34,280 - INFO - [1961/2075] Biological assembly already cached: 9LTR-assembly1.cif
2026-06-01 03:15:34,481 - INFO - [1962/2075] Asymmetric unit already cached: 9LTZ.cif
2026-06-01 03:15:34,481 - INFO - [1962/2075] Biological assembly already cached: 9LTZ-assembly1.cif
2026-06-01 03:15:34,681 - INFO - [1963/2075] Asymmetric unit already cached: 9LU1.cif
2026-06-01 03:15:34,682 - INFO - [1963/2075] Biological assembly already cached: 9LU1-assembly1.cif
2026-06-01 03:15:34,882 - INFO - [1964/2075] Asymmetric unit already cached: 9LUL.cif
2026-06-01 03:15:34,882 - INFO - [1964/2075] Biological assembly already cached: 9LUL-assembly1.cif
2026-06-01 03:15:35,083 - INFO - [1965/2075] Asymmetric unit already cached: 9LVJ.cif
2026-06-01 03:15:35,083 - INFO - [1965/2075] Biological assembly already cached: 9LVJ-assembly1.cif
2026-06-01 03:15:35,283 - INFO - [1966/2075] Asymmetric unit already cached: 9LVK.cif
2026-06-01 03:15:35,283 - INFO - [1966/2075] Biological assembly already cached: 9LVK-assembly1.cif
2026-06-01 03:15:35,483 - INFO - [1967/2075] Asymmetric unit already cached: 9LWF.cif
2026-06-01 03:15:35,483 - INFO - [1967/2075] Biological assembly already cached: 9LWF-assembly1.cif
2026-06-01 03:15:35,684 - INFO - [1968/2075] Asymmetric unit already cached: 9LWI.cif
2026-06-01 03:15:35,684 - INFO - [1968/2075] Biological assembly already cached: 9LWI-assembly1.cif
2026-06-01 03:15:35,884 - INFO - [1969/2075] Asymmetric unit already cached: 9LWJ.cif
2026-06-01 03:15:35,884 - INFO - [1969/2075] Biological assembly already cached: 9LWJ-assembly1.cif
2026-06-01 03:15:36,085 - INFO - [1970/2075] Asymmetric unit already cached: 9LWL.cif
2026-06-01 03:15:36,085 - INFO - [1970/2075] Biological assembly already cached: 9LWL-assembly1.cif
2026-06-01 03:15:36,285 - INFO - [1971/2075] Asymmetric unit already cached: 9LWU.cif
2026-06-01 03:15:36,285 - INFO - [1971/2075] Biological assembly already cached: 9LWU-assembly1.cif
2026-06-01 03:15:36,485 - INFO - [1972/2075] Asymmetric unit already cached: 9M0Y.cif
2026-06-01 03:15:36,486 - INFO - [1972/2075] Biological assembly already cached: 9M0Y-assembly1.cif
2026-06-01 03:15:36,686 - INFO - [1973/2075] Asymmetric unit already cached: 9M3N.cif
2026-06-01 03:15:36,686 - INFO - [1973/2075] Biological assembly already cached: 9M3N-assembly1.cif
2026-06-01 03:15:36,886 - INFO - [1974/2075] Asymmetric unit already cached: 9M76.cif
2026-06-01 03:15:36,886 - INFO - [1974/2075] Biological assembly already cached: 9M76-assembly1.cif
2026-06-01 03:15:37,087 - INFO - [1975/2075] Asymmetric unit already cached: 9M77.cif
2026-06-01 03:15:37,087 - INFO - [1975/2075] Biological assembly already cached: 9M77-assembly1.cif
2026-06-01 03:15:37,287 - INFO - [1976/2075] Asymmetric unit already cached: 9MC4.cif
2026-06-01 03:15:37,287 - INFO - [1976/2075] Biological assembly already cached: 9MC4-assembly1.cif
2026-06-01 03:15:37,487 - INFO - [1977/2075] Asymmetric unit already cached: 9MC5.cif
2026-06-01 03:15:37,487 - INFO - [1977/2075] Biological assembly already cached: 9MC5-assembly1.cif
2026-06-01 03:15:37,688 - INFO - [1978/2075] Asymmetric unit already cached: 9MC6.cif
2026-06-01 03:15:37,688 - INFO - [1978/2075] Biological assembly already cached: 9MC6-assembly1.cif
2026-06-01 03:15:37,888 - INFO - [1979/2075] Asymmetric unit already cached: 9MC7.cif
2026-06-01 03:15:37,888 - INFO - [1979/2075] Biological assembly already cached: 9MC7-assembly1.cif
2026-06-01 03:15:38,089 - INFO - [1980/2075] Asymmetric unit already cached: 9MC9.cif
2026-06-01 03:15:38,089 - INFO - [1980/2075] Biological assembly already cached: 9MC9-assembly1.cif
2026-06-01 03:15:38,289 - INFO - [1981/2075] Asymmetric unit already cached: 9MCB.cif
2026-06-01 03:15:38,289 - INFO - [1981/2075] Biological assembly already cached: 9MCB-assembly1.cif
2026-06-01 03:15:38,489 - INFO - [1982/2075] Asymmetric unit already cached: 9MUX.cif
2026-06-01 03:15:38,489 - INFO - [1982/2075] Biological assembly already cached: 9MUX-assembly1.cif
2026-06-01 03:15:38,690 - INFO - [1983/2075] Asymmetric unit already cached: 9MZA.cif
2026-06-01 03:15:38,690 - INFO - [1983/2075] Biological assembly already cached: 9MZA-assembly1.cif
2026-06-01 03:15:38,890 - INFO - [1984/2075] Asymmetric unit already cached: 9N1F.cif
2026-06-01 03:15:38,890 - INFO - [1984/2075] Biological assembly already cached: 9N1F-assembly1.cif
2026-06-01 03:15:39,091 - INFO - [1985/2075] Asymmetric unit already cached: 9N1R.cif
2026-06-01 03:15:39,091 - INFO - [1985/2075] Biological assembly already cached: 9N1R-assembly1.cif
2026-06-01 03:15:39,291 - INFO - [1986/2075] Asymmetric unit already cached: 9N21.cif
2026-06-01 03:15:39,291 - INFO - [1986/2075] Biological assembly already cached: 9N21-assembly1.cif
2026-06-01 03:15:39,491 - INFO - [1987/2075] Asymmetric unit already cached: 9N23.cif
2026-06-01 03:15:39,492 - INFO - [1987/2075] Biological assembly already cached: 9N23-assembly1.cif
2026-06-01 03:15:39,692 - INFO - [1988/2075] Asymmetric unit already cached: 9N9R.cif
2026-06-01 03:15:39,693 - INFO - [1988/2075] Biological assembly already cached: 9N9R-assembly1.cif
2026-06-01 03:15:39,893 - INFO - [1989/2075] Asymmetric unit already cached: 9N9S.cif
2026-06-01 03:15:39,893 - INFO - [1989/2075] Biological assembly already cached: 9N9S-assembly1.cif
2026-06-01 03:15:40,093 - INFO - [1990/2075] Asymmetric unit already cached: 9NWD.cif
2026-06-01 03:15:40,093 - INFO - [1990/2075] Biological assembly already cached: 9NWD-assembly1.cif
2026-06-01 03:15:40,294 - INFO - [1991/2075] Asymmetric unit already cached: 9NWE.cif
2026-06-01 03:15:40,294 - INFO - [1991/2075] Biological assembly already cached: 9NWE-assembly1.cif
2026-06-01 03:15:40,494 - INFO - [1992/2075] Asymmetric unit already cached: 9O7D.cif
2026-06-01 03:15:40,494 - INFO - [1992/2075] Biological assembly already cached: 9O7D-assembly1.cif
2026-06-01 03:15:40,695 - INFO - [1993/2075] Asymmetric unit already cached: 9O7E.cif
2026-06-01 03:15:40,695 - INFO - [1993/2075] Biological assembly already cached: 9O7E-assembly1.cif
2026-06-01 03:15:40,895 - INFO - [1994/2075] Asymmetric unit already cached: 9O7F.cif
2026-06-01 03:15:40,895 - INFO - [1994/2075] Biological assembly already cached: 9O7F-assembly1.cif
2026-06-01 03:15:41,095 - INFO - [1995/2075] Asymmetric unit already cached: 9O7G.cif
2026-06-01 03:15:41,095 - INFO - [1995/2075] Biological assembly already cached: 9O7G-assembly1.cif
2026-06-01 03:15:41,296 - INFO - [1996/2075] Asymmetric unit already cached: 9O7H.cif
2026-06-01 03:15:41,296 - INFO - [1996/2075] Biological assembly already cached: 9O7H-assembly1.cif
2026-06-01 03:15:41,496 - INFO - [1997/2075] Asymmetric unit already cached: 9O7I.cif
2026-06-01 03:15:41,496 - INFO - [1997/2075] Biological assembly already cached: 9O7I-assembly1.cif
2026-06-01 03:15:41,696 - INFO - [1998/2075] Asymmetric unit already cached: 9OG0.cif
2026-06-01 03:15:41,697 - INFO - [1998/2075] Biological assembly already cached: 9OG0-assembly1.cif
2026-06-01 03:15:41,897 - INFO - [1999/2075] Asymmetric unit already cached: 9OGV.cif
2026-06-01 03:15:41,897 - INFO - [1999/2075] Biological assembly already cached: 9OGV-assembly1.cif
2026-06-01 03:15:42,097 - INFO - [2000/2075] Asymmetric unit already cached: 9OGW.cif
2026-06-01 03:15:42,097 - INFO - [2000/2075] Biological assembly already cached: 9OGW-assembly1.cif
2026-06-01 03:15:42,298 - INFO - [2001/2075] Asymmetric unit already cached: 9OLB.cif
2026-06-01 03:15:42,298 - INFO - [2001/2075] Biological assembly already cached: 9OLB-assembly1.cif
2026-06-01 03:15:42,498 - INFO - [2002/2075] Asymmetric unit already cached: 9OMA.cif
2026-06-01 03:15:42,498 - INFO - [2002/2075] Biological assembly already cached: 9OMA-assembly1.cif
2026-06-01 03:15:42,698 - INFO - [2003/2075] Asymmetric unit already cached: 9OSC.cif
2026-06-01 03:15:42,699 - INFO - [2003/2075] Biological assembly already cached: 9OSC-assembly1.cif
2026-06-01 03:15:42,899 - INFO - [2004/2075] Asymmetric unit already cached: 9OTI.cif
2026-06-01 03:15:42,899 - INFO - [2004/2075] Biological assembly already cached: 9OTI-assembly1.cif
2026-06-01 03:15:43,099 - INFO - [2005/2075] Asymmetric unit already cached: 9P1Q.cif
2026-06-01 03:15:43,099 - INFO - [2005/2075] Biological assembly already cached: 9P1Q-assembly1.cif
2026-06-01 03:15:43,300 - INFO - [2006/2075] Asymmetric unit already cached: 9P2Q.cif
2026-06-01 03:15:43,300 - INFO - [2006/2075] Biological assembly already cached: 9P2Q-assembly1.cif
2026-06-01 03:15:43,500 - INFO - [2007/2075] Asymmetric unit already cached: 9PG4.cif
2026-06-01 03:15:43,500 - INFO - [2007/2075] Biological assembly already cached: 9PG4-assembly1.cif
2026-06-01 03:15:43,700 - INFO - [2008/2075] Asymmetric unit already cached: 9PG9.cif
2026-06-01 03:15:43,701 - INFO - [2008/2075] Biological assembly already cached: 9PG9-assembly1.cif
2026-06-01 03:15:43,901 - INFO - [2009/2075] Downloading asymmetric unit for 9PLL
2026-06-01 03:15:44,658 - INFO - Downloaded: 9PLL.cif
2026-06-01 03:15:44,658 - INFO - [2009/2075] Downloading biological assembly for 9PLL
2026-06-01 03:15:45,022 - INFO - Downloaded: 9PLL-assembly1.cif
2026-06-01 03:15:45,226 - INFO - [2010/2075] Downloading asymmetric unit for 9PLM
2026-06-01 03:15:45,638 - INFO - Downloaded: 9PLM.cif
2026-06-01 03:15:45,644 - INFO - [2010/2075] Downloading biological assembly for 9PLM
2026-06-01 03:15:46,032 - INFO - Downloaded: 9PLM-assembly1.cif
2026-06-01 03:15:46,232 - INFO - [2011/2075] Asymmetric unit already cached: 9Q88.cif
2026-06-01 03:15:46,232 - INFO - [2011/2075] Biological assembly already cached: 9Q88-assembly1.cif
2026-06-01 03:15:46,433 - INFO - [2012/2075] Asymmetric unit already cached: 9Q8Y.cif
2026-06-01 03:15:46,433 - INFO - [2012/2075] Biological assembly already cached: 9Q8Y-assembly1.cif
2026-06-01 03:15:46,633 - INFO - [2013/2075] Asymmetric unit already cached: 9Q9O.cif
2026-06-01 03:15:46,633 - INFO - [2013/2075] Biological assembly already cached: 9Q9O-assembly1.cif
2026-06-01 03:15:46,834 - INFO - [2014/2075] Asymmetric unit already cached: 9Q9P.cif
2026-06-01 03:15:46,834 - INFO - [2014/2075] Biological assembly already cached: 9Q9P-assembly1.cif
2026-06-01 03:15:47,034 - INFO - [2015/2075] Asymmetric unit already cached: 9Q9Q.cif
2026-06-01 03:15:47,034 - INFO - [2015/2075] Biological assembly already cached: 9Q9Q-assembly1.cif
2026-06-01 03:15:47,235 - INFO - [2016/2075] Asymmetric unit already cached: 9Q9R.cif
2026-06-01 03:15:47,235 - INFO - [2016/2075] Biological assembly already cached: 9Q9R-assembly1.cif
2026-06-01 03:15:47,435 - INFO - [2017/2075] Asymmetric unit already cached: 9QAL.cif
2026-06-01 03:15:47,435 - INFO - [2017/2075] Biological assembly already cached: 9QAL-assembly1.cif
2026-06-01 03:15:47,635 - INFO - [2018/2075] Asymmetric unit already cached: 9QBA.cif
2026-06-01 03:15:47,635 - INFO - [2018/2075] Biological assembly already cached: 9QBA-assembly1.cif
2026-06-01 03:15:47,836 - INFO - [2019/2075] Asymmetric unit already cached: 9QCV.cif
2026-06-01 03:15:47,836 - INFO - [2019/2075] Biological assembly already cached: 9QCV-assembly1.cif
2026-06-01 03:15:48,036 - INFO - [2020/2075] Asymmetric unit already cached: 9QCX.cif
2026-06-01 03:15:48,036 - INFO - [2020/2075] Biological assembly already cached: 9QCX-assembly1.cif
2026-06-01 03:15:48,237 - INFO - [2021/2075] Asymmetric unit already cached: 9QEU.cif
2026-06-01 03:15:48,237 - INFO - [2021/2075] Biological assembly already cached: 9QEU-assembly1.cif
2026-06-01 03:15:48,437 - INFO - [2022/2075] Asymmetric unit already cached: 9QF1.cif
2026-06-01 03:15:48,437 - INFO - [2022/2075] Biological assembly already cached: 9QF1-assembly1.cif
2026-06-01 03:15:48,637 - INFO - [2023/2075] Asymmetric unit already cached: 9QFS.cif
2026-06-01 03:15:48,637 - INFO - [2023/2075] Biological assembly already cached: 9QFS-assembly1.cif
2026-06-01 03:15:48,838 - INFO - [2024/2075] Asymmetric unit already cached: 9QFY.cif
2026-06-01 03:15:48,838 - INFO - [2024/2075] Biological assembly already cached: 9QFY-assembly1.cif
2026-06-01 03:15:49,038 - INFO - [2025/2075] Asymmetric unit already cached: 9QGW.cif
2026-06-01 03:15:49,038 - INFO - [2025/2075] Biological assembly already cached: 9QGW-assembly1.cif
2026-06-01 03:15:49,239 - INFO - [2026/2075] Asymmetric unit already cached: 9QH5.cif
2026-06-01 03:15:49,239 - INFO - [2026/2075] Biological assembly already cached: 9QH5-assembly1.cif
2026-06-01 03:15:49,439 - INFO - [2027/2075] Asymmetric unit already cached: 9QHI.cif
2026-06-01 03:15:49,439 - INFO - [2027/2075] Biological assembly already cached: 9QHI-assembly1.cif
2026-06-01 03:15:49,639 - INFO - [2028/2075] Asymmetric unit already cached: 9QIA.cif
2026-06-01 03:15:49,639 - INFO - [2028/2075] Biological assembly already cached: 9QIA-assembly1.cif
2026-06-01 03:15:49,840 - INFO - [2029/2075] Asymmetric unit already cached: 9QIM.cif
2026-06-01 03:15:49,840 - INFO - [2029/2075] Biological assembly already cached: 9QIM-assembly1.cif
2026-06-01 03:15:50,040 - INFO - [2030/2075] Asymmetric unit already cached: 9QIO.cif
2026-06-01 03:15:50,041 - INFO - [2030/2075] Biological assembly already cached: 9QIO-assembly1.cif
2026-06-01 03:15:50,241 - INFO - [2031/2075] Asymmetric unit already cached: 9QIP.cif
2026-06-01 03:15:50,241 - INFO - [2031/2075] Biological assembly already cached: 9QIP-assembly1.cif
2026-06-01 03:15:50,442 - INFO - [2032/2075] Asymmetric unit already cached: 9QIV.cif
2026-06-01 03:15:50,442 - INFO - [2032/2075] Biological assembly already cached: 9QIV-assembly1.cif
2026-06-01 03:15:50,642 - INFO - [2033/2075] Asymmetric unit already cached: 9QJN.cif
2026-06-01 03:15:50,642 - INFO - [2033/2075] Biological assembly already cached: 9QJN-assembly1.cif
2026-06-01 03:15:50,842 - INFO - [2034/2075] Asymmetric unit already cached: 9QO1.cif
2026-06-01 03:15:50,842 - INFO - [2034/2075] Biological assembly already cached: 9QO1-assembly1.cif
2026-06-01 03:15:51,043 - INFO - [2035/2075] Asymmetric unit already cached: 9QO2.cif
2026-06-01 03:15:51,043 - INFO - [2035/2075] Biological assembly already cached: 9QO2-assembly1.cif
2026-06-01 03:15:51,243 - INFO - [2036/2075] Asymmetric unit already cached: 9QO4.cif
2026-06-01 03:15:51,243 - INFO - [2036/2075] Biological assembly already cached: 9QO4-assembly1.cif
2026-06-01 03:15:51,444 - INFO - [2037/2075] Asymmetric unit already cached: 9QO5.cif
2026-06-01 03:15:51,444 - INFO - [2037/2075] Biological assembly already cached: 9QO5-assembly1.cif
2026-06-01 03:15:51,644 - INFO - [2038/2075] Asymmetric unit already cached: 9QPX.cif
2026-06-01 03:15:51,644 - INFO - [2038/2075] Biological assembly already cached: 9QPX-assembly1.cif
2026-06-01 03:15:51,844 - INFO - [2039/2075] Downloading asymmetric unit for 9QRU
2026-06-01 03:15:52,205 - INFO - Downloaded: 9QRU.cif
2026-06-01 03:15:52,209 - INFO - [2039/2075] Downloading biological assembly for 9QRU
2026-06-01 03:15:52,610 - INFO - Downloaded: 9QRU-assembly1.cif
2026-06-01 03:15:52,811 - INFO - [2040/2075] Downloading asymmetric unit for 9QS6
2026-06-01 03:15:53,271 - INFO - Downloaded: 9QS6.cif
2026-06-01 03:15:53,271 - INFO - [2040/2075] Downloading biological assembly for 9QS6
2026-06-01 03:15:53,662 - INFO - Downloaded: 9QS6-assembly1.cif
2026-06-01 03:15:53,862 - INFO - [2041/2075] Downloading asymmetric unit for 9QSH
2026-06-01 03:15:54,229 - INFO - Downloaded: 9QSH.cif
2026-06-01 03:15:54,229 - INFO - [2041/2075] Downloading biological assembly for 9QSH
2026-06-01 03:15:55,049 - INFO - Downloaded: 9QSH-assembly1.cif
2026-06-01 03:15:55,252 - INFO - [2042/2075] Asymmetric unit already cached: 9QUG.cif
2026-06-01 03:15:55,252 - INFO - [2042/2075] Biological assembly already cached: 9QUG-assembly1.cif
2026-06-01 03:15:55,453 - INFO - [2043/2075] Asymmetric unit already cached: 9QWS.cif
2026-06-01 03:15:55,453 - INFO - [2043/2075] Biological assembly already cached: 9QWS-assembly1.cif
2026-06-01 03:15:55,653 - INFO - [2044/2075] Asymmetric unit already cached: 9QWU.cif
2026-06-01 03:15:55,653 - INFO - [2044/2075] Biological assembly already cached: 9QWU-assembly1.cif
2026-06-01 03:15:55,853 - INFO - [2045/2075] Asymmetric unit already cached: 9QWX.cif
2026-06-01 03:15:55,853 - INFO - [2045/2075] Biological assembly already cached: 9QWX-assembly1.cif
2026-06-01 03:15:56,054 - INFO - [2046/2075] Asymmetric unit already cached: 9QWZ.cif
2026-06-01 03:15:56,054 - INFO - [2046/2075] Biological assembly already cached: 9QWZ-assembly1.cif
2026-06-01 03:15:56,254 - INFO - [2047/2075] Asymmetric unit already cached: 9QX0.cif
2026-06-01 03:15:56,254 - INFO - [2047/2075] Biological assembly already cached: 9QX0-assembly1.cif
2026-06-01 03:15:56,455 - INFO - [2048/2075] Asymmetric unit already cached: 9R11.cif
2026-06-01 03:15:56,455 - INFO - [2048/2075] Biological assembly already cached: 9R11-assembly1.cif
2026-06-01 03:15:56,655 - INFO - [2049/2075] Asymmetric unit already cached: 9R1P.cif
2026-06-01 03:15:56,655 - INFO - [2049/2075] Biological assembly already cached: 9R1P-assembly1.cif
2026-06-01 03:15:56,855 - INFO - [2050/2075] Asymmetric unit already cached: 9R3D.cif
2026-06-01 03:15:56,855 - INFO - [2050/2075] Biological assembly already cached: 9R3D-assembly1.cif
2026-06-01 03:15:57,056 - INFO - [2051/2075] Asymmetric unit already cached: 9R6V.cif
2026-06-01 03:15:57,056 - INFO - [2051/2075] Biological assembly already cached: 9R6V-assembly1.cif
2026-06-01 03:15:57,256 - INFO - [2052/2075] Asymmetric unit already cached: 9R85.cif
2026-06-01 03:15:57,256 - INFO - [2052/2075] Biological assembly already cached: 9R85-assembly1.cif
2026-06-01 03:15:57,457 - INFO - [2053/2075] Asymmetric unit already cached: 9R8T.cif
2026-06-01 03:15:57,457 - INFO - [2053/2075] Biological assembly already cached: 9R8T-assembly1.cif
2026-06-01 03:15:57,657 - INFO - [2054/2075] Downloading asymmetric unit for 9R8V
2026-06-01 03:15:58,670 - INFO - Downloaded: 9R8V.cif
2026-06-01 03:15:58,674 - INFO - [2054/2075] Downloading biological assembly for 9R8V
2026-06-01 03:15:59,494 - INFO - Downloaded: 9R8V-assembly1.cif
2026-06-01 03:15:59,696 - INFO - [2055/2075] Asymmetric unit already cached: 9R94.cif
2026-06-01 03:15:59,696 - INFO - [2055/2075] Biological assembly already cached: 9R94-assembly1.cif
2026-06-01 03:15:59,896 - INFO - [2056/2075] Asymmetric unit already cached: 9RFB.cif
2026-06-01 03:15:59,896 - INFO - [2056/2075] Biological assembly already cached: 9RFB-assembly1.cif
2026-06-01 03:16:00,097 - INFO - [2057/2075] Asymmetric unit already cached: 9RFF.cif
2026-06-01 03:16:00,097 - INFO - [2057/2075] Biological assembly already cached: 9RFF-assembly1.cif
2026-06-01 03:16:00,297 - INFO - [2058/2075] Asymmetric unit already cached: 9SA1.cif
2026-06-01 03:16:00,297 - INFO - [2058/2075] Biological assembly already cached: 9SA1-assembly1.cif
2026-06-01 03:16:00,497 - INFO - [2059/2075] Asymmetric unit already cached: 9SA2.cif
2026-06-01 03:16:00,498 - INFO - [2059/2075] Biological assembly already cached: 9SA2-assembly1.cif
2026-06-01 03:16:00,698 - INFO - [2060/2075] Asymmetric unit already cached: 9SDX.cif
2026-06-01 03:16:00,698 - INFO - [2060/2075] Biological assembly already cached: 9SDX-assembly1.cif
2026-06-01 03:16:00,898 - INFO - [2061/2075] Asymmetric unit already cached: 9SDY.cif
2026-06-01 03:16:00,898 - INFO - [2061/2075] Biological assembly already cached: 9SDY-assembly1.cif
2026-06-01 03:16:01,099 - INFO - [2062/2075] Asymmetric unit already cached: 9SKQ.cif
2026-06-01 03:16:01,099 - INFO - [2062/2075] Biological assembly already cached: 9SKQ-assembly1.cif
2026-06-01 03:16:01,299 - INFO - [2063/2075] Asymmetric unit already cached: 9T32.cif
2026-06-01 03:16:01,299 - INFO - [2063/2075] Biological assembly already cached: 9T32-assembly1.cif
2026-06-01 03:16:01,499 - INFO - [2064/2075] Asymmetric unit already cached: 9T7V.cif
2026-06-01 03:16:01,500 - INFO - [2064/2075] Biological assembly already cached: 9T7V-assembly1.cif
2026-06-01 03:16:01,700 - INFO - [2065/2075] Asymmetric unit already cached: 9UAV.cif
2026-06-01 03:16:01,700 - INFO - [2065/2075] Biological assembly already cached: 9UAV-assembly1.cif
2026-06-01 03:16:01,900 - INFO - [2066/2075] Asymmetric unit already cached: 9UPZ.cif
2026-06-01 03:16:01,900 - INFO - [2066/2075] Biological assembly already cached: 9UPZ-assembly1.cif
2026-06-01 03:16:02,101 - INFO - [2067/2075] Asymmetric unit already cached: 9UV6.cif
2026-06-01 03:16:02,101 - INFO - [2067/2075] Biological assembly already cached: 9UV6-assembly1.cif
2026-06-01 03:16:02,301 - INFO - [2068/2075] Asymmetric unit already cached: 9V0K.cif
2026-06-01 03:16:02,301 - INFO - [2068/2075] Biological assembly already cached: 9V0K-assembly1.cif
2026-06-01 03:16:02,501 - INFO - [2069/2075] Asymmetric unit already cached: 9VG5.cif
2026-06-01 03:16:02,502 - INFO - [2069/2075] Biological assembly already cached: 9VG5-assembly1.cif
2026-06-01 03:16:02,702 - INFO - [2070/2075] Asymmetric unit already cached: 9W90.cif
2026-06-01 03:16:02,702 - INFO - [2070/2075] Biological assembly already cached: 9W90-assembly1.cif
2026-06-01 03:16:02,902 - INFO - [2071/2075] Asymmetric unit already cached: 9XZJ.cif
2026-06-01 03:16:02,902 - INFO - [2071/2075] Biological assembly already cached: 9XZJ-assembly1.cif
2026-06-01 03:16:03,103 - INFO - [2072/2075] Asymmetric unit already cached: 9XZK.cif
2026-06-01 03:16:03,103 - INFO - [2072/2075] Biological assembly already cached: 9XZK-assembly1.cif
2026-06-01 03:16:03,303 - INFO - [2073/2075] Asymmetric unit already cached: 9YE9.cif
2026-06-01 03:16:03,303 - INFO - [2073/2075] Biological assembly already cached: 9YE9-assembly1.cif
2026-06-01 03:16:03,503 - INFO - [2074/2075] Asymmetric unit already cached: 9YEA.cif
2026-06-01 03:16:03,504 - INFO - [2074/2075] Biological assembly already cached: 9YEA-assembly1.cif
2026-06-01 03:16:03,704 - INFO - [2075/2075] Asymmetric unit already cached: 9Z5Q.cif
2026-06-01 03:16:03,704 - INFO - [2075/2075] Biological assembly already cached: 9Z5Q-assembly1.cif
2026-06-01 03:16:03,904 - INFO - Download complete.
Running download_pdbrenum_files.py...
2026-06-01 03:16:04,361 - INFO - Using CSV: /home/brianna/data/ubiqcore/pdb_updates/pdb_structures_detailed_update_20260601.csv
2026-06-01 03:16:04,371 - INFO - Found 2075 PDB IDs
2026-06-01 03:16:04,453 - INFO - Downloading 34 files using 4 parallel workers...
2026-06-01 03:16:04,484 - INFO - Copied and decompressed: 9PG4.cif
2026-06-01 03:16:04,485 - INFO - Copied and decompressed: 9P1Q-assembly1.cif
2026-06-01 03:16:04,485 - INFO - Copied and decompressed: 9PG4-assembly1.cif
2026-06-01 03:16:04,498 - INFO - Copied and decompressed: 9PG9.cif
2026-06-01 03:16:04,499 - INFO - Copied and decompressed: 9P1Q.cif
2026-06-01 03:16:04,504 - INFO - Copied and decompressed: 9PG9-assembly1.cif
2026-06-01 03:16:04,519 - INFO - Copied and decompressed: 9PLM.cif
2026-06-01 03:16:04,520 - INFO - Copied and decompressed: 9PLL-assembly1.cif
2026-06-01 03:16:04,520 - INFO - Copied and decompressed: 9PLM-assembly1.cif
2026-06-01 03:16:04,524 - INFO - Copied and decompressed: 9PLL.cif
2026-06-01 03:16:04,540 - INFO - Copied and decompressed: 9QS6.cif
2026-06-01 03:16:04,540 - INFO - Copied and decompressed: 9QRU.cif
2026-06-01 03:16:04,549 - INFO - Copied and decompressed: 9QRU-assembly1.cif
2026-06-01 03:16:04,552 - INFO - Copied and decompressed: 9QS6-assembly1.cif
2026-06-01 03:16:04,557 - INFO - Copied and decompressed: 9QSH.cif
2026-06-01 03:16:04,561 - INFO - Copied and decompressed: 9QSH-assembly1.cif
2026-06-01 03:16:04,615 - INFO - Copied and decompressed: 9T7V.cif
2026-06-01 03:16:04,615 - INFO - Copied and decompressed: 9T7V-assembly1.cif
2026-06-01 03:16:04,662 - INFO - Copied and decompressed: 9R8V.cif
2026-06-01 03:16:04,666 - INFO - Copied and decompressed: 9R8V-assembly1.cif
2026-06-01 03:16:04,666 - INFO - PDBrenum download complete. Downloaded: 20, Failed: 14, Total tasks: 34
Update process finished at Mon Jun  1 03:16:04 AM EDT 2026.
