2026-04-27 06:07:36,332 - INFO - Using CSV: /home/runner/work/UbiqCore/UbiqCore/util/data/pdb_updates/pdb_structures_detailed_update_20260427.csv
2026-04-27 06:07:36,339 - INFO - Found 2009 PDB IDs
2026-04-27 06:07:36,340 - INFO - [1/2009] Asymmetric unit already cached: 13RZ.cif
2026-04-27 06:07:36,340 - INFO - [1/2009] Biological assembly already cached: 13RZ-assembly1.cif
2026-04-27 06:07:36,541 - INFO - [2/2009] Asymmetric unit already cached: 13SA.cif
2026-04-27 06:07:36,541 - INFO - [2/2009] Biological assembly already cached: 13SA-assembly1.cif
2026-04-27 06:07:36,741 - INFO - [3/2009] Asymmetric unit already cached: 13SB.cif
2026-04-27 06:07:36,742 - INFO - [3/2009] Biological assembly already cached: 13SB-assembly1.cif
2026-04-27 06:07:36,942 - INFO - [4/2009] Asymmetric unit already cached: 13SC.cif
2026-04-27 06:07:36,942 - INFO - [4/2009] Biological assembly already cached: 13SC-assembly1.cif
2026-04-27 06:07:37,143 - INFO - [5/2009] Asymmetric unit already cached: 13SD.cif
2026-04-27 06:07:37,143 - INFO - [5/2009] Biological assembly already cached: 13SD-assembly1.cif
2026-04-27 06:07:37,343 - INFO - [6/2009] Asymmetric unit already cached: 13SE.cif
2026-04-27 06:07:37,344 - INFO - [6/2009] Biological assembly already cached: 13SE-assembly1.cif
2026-04-27 06:07:37,544 - INFO - [7/2009] Asymmetric unit already cached: 13SF.cif
2026-04-27 06:07:37,544 - INFO - [7/2009] Biological assembly already cached: 13SF-assembly1.cif
2026-04-27 06:07:37,745 - INFO - [8/2009] Asymmetric unit already cached: 13SG.cif
2026-04-27 06:07:37,745 - INFO - [8/2009] Biological assembly already cached: 13SG-assembly1.cif
2026-04-27 06:07:37,945 - INFO - [9/2009] Asymmetric unit already cached: 13SH.cif
2026-04-27 06:07:37,946 - INFO - [9/2009] Biological assembly already cached: 13SH-assembly1.cif
2026-04-27 06:07:38,146 - INFO - [10/2009] Asymmetric unit already cached: 13SI.cif
2026-04-27 06:07:38,146 - INFO - [10/2009] Biological assembly already cached: 13SI-assembly1.cif
2026-04-27 06:07:38,347 - INFO - [11/2009] Asymmetric unit already cached: 13SJ.cif
2026-04-27 06:07:38,347 - INFO - [11/2009] Biological assembly already cached: 13SJ-assembly1.cif
2026-04-27 06:07:38,547 - INFO - [12/2009] Asymmetric unit already cached: 13SK.cif
2026-04-27 06:07:38,548 - INFO - [12/2009] Biological assembly already cached: 13SK-assembly1.cif
2026-04-27 06:07:38,748 - INFO - [13/2009] Asymmetric unit already cached: 13SL.cif
2026-04-27 06:07:38,748 - INFO - [13/2009] Biological assembly already cached: 13SL-assembly1.cif
2026-04-27 06:07:38,949 - INFO - [14/2009] Asymmetric unit already cached: 13SM.cif
2026-04-27 06:07:38,949 - INFO - [14/2009] Biological assembly already cached: 13SM-assembly1.cif
2026-04-27 06:07:39,149 - INFO - [15/2009] Asymmetric unit already cached: 13SN.cif
2026-04-27 06:07:39,149 - INFO - [15/2009] Biological assembly already cached: 13SN-assembly1.cif
2026-04-27 06:07:39,350 - INFO - [16/2009] Asymmetric unit already cached: 13SO.cif
2026-04-27 06:07:39,350 - INFO - [16/2009] Biological assembly already cached: 13SO-assembly1.cif
2026-04-27 06:07:39,551 - INFO - [17/2009] Asymmetric unit already cached: 13SP.cif
2026-04-27 06:07:39,551 - INFO - [17/2009] Biological assembly already cached: 13SP-assembly1.cif
2026-04-27 06:07:39,751 - INFO - [18/2009] Asymmetric unit already cached: 13SQ.cif
2026-04-27 06:07:39,751 - INFO - [18/2009] Biological assembly already cached: 13SQ-assembly1.cif
2026-04-27 06:07:39,952 - INFO - [19/2009] Asymmetric unit already cached: 13SR.cif
2026-04-27 06:07:39,952 - INFO - [19/2009] Biological assembly already cached: 13SR-assembly1.cif
2026-04-27 06:07:40,152 - INFO - [20/2009] Asymmetric unit already cached: 13SS.cif
2026-04-27 06:07:40,153 - INFO - [20/2009] Biological assembly already cached: 13SS-assembly1.cif
2026-04-27 06:07:40,353 - INFO - [21/2009] Asymmetric unit already cached: 13ST.cif
2026-04-27 06:07:40,353 - INFO - [21/2009] Biological assembly already cached: 13ST-assembly1.cif
2026-04-27 06:07:40,554 - INFO - [22/2009] Asymmetric unit already cached: 13SU.cif
2026-04-27 06:07:40,554 - INFO - [22/2009] Biological assembly already cached: 13SU-assembly1.cif
2026-04-27 06:07:40,754 - INFO - [23/2009] Asymmetric unit already cached: 13SV.cif
2026-04-27 06:07:40,755 - INFO - [23/2009] Biological assembly already cached: 13SV-assembly1.cif
2026-04-27 06:07:40,955 - INFO - [24/2009] Asymmetric unit already cached: 13SW.cif
2026-04-27 06:07:40,955 - INFO - [24/2009] Biological assembly already cached: 13SW-assembly1.cif
2026-04-27 06:07:41,156 - INFO - [25/2009] Asymmetric unit already cached: 13SX.cif
2026-04-27 06:07:41,156 - INFO - [25/2009] Biological assembly already cached: 13SX-assembly1.cif
2026-04-27 06:07:41,356 - INFO - [26/2009] Asymmetric unit already cached: 13SY.cif
2026-04-27 06:07:41,356 - INFO - [26/2009] Biological assembly already cached: 13SY-assembly1.cif
2026-04-27 06:07:41,557 - INFO - [27/2009] Asymmetric unit already cached: 13SZ.cif
2026-04-27 06:07:41,557 - INFO - [27/2009] Biological assembly already cached: 13SZ-assembly1.cif
2026-04-27 06:07:41,758 - INFO - [28/2009] Asymmetric unit already cached: 13TA.cif
2026-04-27 06:07:41,758 - INFO - [28/2009] Biological assembly already cached: 13TA-assembly1.cif
2026-04-27 06:07:41,958 - INFO - [29/2009] Asymmetric unit already cached: 13TB.cif
2026-04-27 06:07:41,958 - INFO - [29/2009] Biological assembly already cached: 13TB-assembly1.cif
2026-04-27 06:07:42,159 - INFO - [30/2009] Asymmetric unit already cached: 1A3S.cif
2026-04-27 06:07:42,159 - INFO - [30/2009] Biological assembly already cached: 1A3S-assembly1.cif
2026-04-27 06:07:42,360 - INFO - [31/2009] Asymmetric unit already cached: 1B47.cif
2026-04-27 06:07:42,360 - INFO - [31/2009] Biological assembly already cached: 1B47-assembly1.cif
2026-04-27 06:07:42,560 - INFO - [32/2009] Asymmetric unit already cached: 1BOR.cif
2026-04-27 06:07:42,560 - INFO - [32/2009] Biological assembly already cached: 1BOR-assembly1.cif
2026-04-27 06:07:42,761 - INFO - [33/2009] Asymmetric unit already cached: 1C4Z.cif
2026-04-27 06:07:42,761 - INFO - [33/2009] Biological assembly already cached: 1C4Z-assembly1.cif
2026-04-27 06:07:42,961 - INFO - [34/2009] Asymmetric unit already cached: 1C9Q.cif
2026-04-27 06:07:42,962 - INFO - [34/2009] Biological assembly already cached: 1C9Q-assembly1.cif
2026-04-27 06:07:43,162 - INFO - [35/2009] Asymmetric unit already cached: 1CA4.cif
2026-04-27 06:07:43,162 - INFO - [35/2009] Biological assembly already cached: 1CA4-assembly1.cif
2026-04-27 06:07:43,363 - INFO - [36/2009] Asymmetric unit already cached: 1CA9.cif
2026-04-27 06:07:43,363 - INFO - [36/2009] Biological assembly already cached: 1CA9-assembly1.cif
2026-04-27 06:07:43,563 - INFO - [37/2009] Asymmetric unit already cached: 1CZY.cif
2026-04-27 06:07:43,564 - INFO - [37/2009] Biological assembly already cached: 1CZY-assembly1.cif
2026-04-27 06:07:43,764 - INFO - [38/2009] Asymmetric unit already cached: 1CZZ.cif
2026-04-27 06:07:43,764 - INFO - [38/2009] Biological assembly already cached: 1CZZ-assembly1.cif
2026-04-27 06:07:43,965 - INFO - [39/2009] Asymmetric unit already cached: 1D00.cif
2026-04-27 06:07:43,965 - INFO - [39/2009] Biological assembly already cached: 1D00-assembly1.cif
2026-04-27 06:07:44,165 - INFO - [40/2009] Asymmetric unit already cached: 1D01.cif
2026-04-27 06:07:44,166 - INFO - [40/2009] Biological assembly already cached: 1D01-assembly1.cif
2026-04-27 06:07:44,366 - INFO - [41/2009] Asymmetric unit already cached: 1D0A.cif
2026-04-27 06:07:44,366 - INFO - [41/2009] Biological assembly already cached: 1D0A-assembly1.cif
2026-04-27 06:07:44,567 - INFO - [42/2009] Asymmetric unit already cached: 1D0J.cif
2026-04-27 06:07:44,567 - INFO - [42/2009] Biological assembly already cached: 1D0J-assembly1.cif
2026-04-27 06:07:44,767 - INFO - [43/2009] Asymmetric unit already cached: 1D5F.cif
2026-04-27 06:07:44,767 - INFO - [43/2009] Biological assembly already cached: 1D5F-assembly1.cif
2026-04-27 06:07:44,968 - INFO - [44/2009] Asymmetric unit already cached: 1E4U.cif
2026-04-27 06:07:44,968 - INFO - [44/2009] Biological assembly already cached: 1E4U-assembly1.cif
2026-04-27 06:07:45,168 - INFO - [45/2009] Asymmetric unit already cached: 1EQX.cif
2026-04-27 06:07:45,169 - INFO - [45/2009] Biological assembly already cached: 1EQX-assembly1.cif
2026-04-27 06:07:45,369 - INFO - [46/2009] Asymmetric unit already cached: 1F3V.cif
2026-04-27 06:07:45,369 - INFO - [46/2009] Biological assembly already cached: 1F3V-assembly1.cif
2026-04-27 06:07:45,570 - INFO - [47/2009] Asymmetric unit already cached: 1F9X.cif
2026-04-27 06:07:45,570 - INFO - [47/2009] Biological assembly already cached: 1F9X-assembly1.cif
2026-04-27 06:07:45,770 - INFO - [48/2009] Asymmetric unit already cached: 1FBV.cif
2026-04-27 06:07:45,770 - INFO - [48/2009] Biological assembly already cached: 1FBV-assembly1.cif
2026-04-27 06:07:45,971 - INFO - [49/2009] Asymmetric unit already cached: 1FLK.cif
2026-04-27 06:07:45,971 - INFO - [49/2009] Biological assembly already cached: 1FLK-assembly1.cif
2026-04-27 06:07:46,171 - INFO - [50/2009] Asymmetric unit already cached: 1FLL.cif
2026-04-27 06:07:46,172 - INFO - [50/2009] Biological assembly already cached: 1FLL-assembly1.cif
2026-04-27 06:07:46,372 - INFO - [51/2009] Asymmetric unit already cached: 1FP0.cif
2026-04-27 06:07:46,372 - INFO - [51/2009] Biological assembly already cached: 1FP0-assembly1.cif
2026-04-27 06:07:46,573 - INFO - [52/2009] Asymmetric unit already cached: 1G25.cif
2026-04-27 06:07:46,573 - INFO - [52/2009] Biological assembly already cached: 1G25-assembly1.cif
2026-04-27 06:07:46,773 - INFO - [53/2009] Asymmetric unit already cached: 1G3F.cif
2026-04-27 06:07:46,773 - INFO - [53/2009] Biological assembly already cached: 1G3F-assembly1.cif
2026-04-27 06:07:46,974 - INFO - [54/2009] Asymmetric unit already cached: 1G73.cif
2026-04-27 06:07:46,974 - INFO - [54/2009] Biological assembly already cached: 1G73-assembly1.cif
2026-04-27 06:07:47,174 - INFO - [55/2009] Asymmetric unit already cached: 1I2T.cif
2026-04-27 06:07:47,175 - INFO - [55/2009] Biological assembly already cached: 1I2T-assembly1.cif
2026-04-27 06:07:47,375 - INFO - [56/2009] Asymmetric unit already cached: 1I3O.cif
2026-04-27 06:07:47,375 - INFO - [56/2009] Biological assembly already cached: 1I3O-assembly1.cif
2026-04-27 06:07:47,576 - INFO - [57/2009] Asymmetric unit already cached: 1I4O.cif
2026-04-27 06:07:47,576 - INFO - [57/2009] Biological assembly already cached: 1I4O-assembly1.cif
2026-04-27 06:07:47,776 - INFO - [58/2009] Asymmetric unit already cached: 1I51.cif
2026-04-27 06:07:47,776 - INFO - [58/2009] Biological assembly already cached: 1I51-assembly1.cif
2026-04-27 06:07:47,977 - INFO - [59/2009] Asymmetric unit already cached: 1I7K.cif
2026-04-27 06:07:47,977 - INFO - [59/2009] Biological assembly already cached: 1I7K-assembly1.cif
2026-04-27 06:07:48,177 - INFO - [60/2009] Asymmetric unit already cached: 1IYF.cif
2026-04-27 06:07:48,177 - INFO - [60/2009] Biological assembly already cached: 1IYF-assembly1.cif
2026-04-27 06:07:48,378 - INFO - [61/2009] Asymmetric unit already cached: 1J74.cif
2026-04-27 06:07:48,378 - INFO - [61/2009] Biological assembly already cached: 1J74-assembly1.cif
2026-04-27 06:07:48,578 - INFO - [62/2009] Asymmetric unit already cached: 1J7D.cif
2026-04-27 06:07:48,579 - INFO - [62/2009] Biological assembly already cached: 1J7D-assembly1.cif
2026-04-27 06:07:48,779 - INFO - [63/2009] Asymmetric unit already cached: 1JAS.cif
2026-04-27 06:07:48,779 - INFO - [63/2009] Biological assembly already cached: 1JAS-assembly1.cif
2026-04-27 06:07:48,980 - INFO - [64/2009] Asymmetric unit already cached: 1JM7.cif
2026-04-27 06:07:48,980 - INFO - [64/2009] Biological assembly already cached: 1JM7-assembly1.cif
2026-04-27 06:07:49,180 - INFO - [65/2009] Asymmetric unit already cached: 1JNX.cif
2026-04-27 06:07:49,180 - INFO - [65/2009] Biological assembly already cached: 1JNX-assembly1.cif
2026-04-27 06:07:49,381 - INFO - [66/2009] Asymmetric unit already cached: 1JSP.cif
2026-04-27 06:07:49,381 - INFO - [66/2009] Biological assembly already cached: 1JSP-assembly1.cif
2026-04-27 06:07:49,581 - INFO - [67/2009] Asymmetric unit already cached: 1KMC.cif
2026-04-27 06:07:49,582 - INFO - [67/2009] Biological assembly already cached: 1KMC-assembly1.cif
2026-04-27 06:07:49,782 - INFO - [68/2009] Asymmetric unit already cached: 1KPS.cif
2026-04-27 06:07:49,782 - INFO - [68/2009] Biological assembly already cached: 1KPS-assembly1.cif
2026-04-27 06:07:49,983 - INFO - [69/2009] Asymmetric unit already cached: 1KZZ.cif
2026-04-27 06:07:49,983 - INFO - [69/2009] Biological assembly already cached: 1KZZ-assembly1.cif
2026-04-27 06:07:50,183 - INFO - [70/2009] Asymmetric unit already cached: 1L0A.cif
2026-04-27 06:07:50,184 - INFO - [70/2009] Biological assembly already cached: 1L0A-assembly1.cif
2026-04-27 06:07:50,384 - INFO - [71/2009] Asymmetric unit already cached: 1L3E.cif
2026-04-27 06:07:50,384 - INFO - [71/2009] Biological assembly already cached: 1L3E-assembly1.cif
2026-04-27 06:07:50,585 - INFO - [72/2009] Asymmetric unit already cached: 1LB4.cif
2026-04-27 06:07:50,585 - INFO - [72/2009] Biological assembly already cached: 1LB4-assembly1.cif
2026-04-27 06:07:50,785 - INFO - [73/2009] Asymmetric unit already cached: 1LB5.cif
2026-04-27 06:07:50,785 - INFO - [73/2009] Biological assembly already cached: 1LB5-assembly1.cif
2026-04-27 06:07:50,986 - INFO - [74/2009] Asymmetric unit already cached: 1LB6.cif
2026-04-27 06:07:50,986 - INFO - [74/2009] Biological assembly already cached: 1LB6-assembly1.cif
2026-04-27 06:07:51,187 - INFO - [75/2009] Asymmetric unit already cached: 1LDJ.cif
2026-04-27 06:07:51,187 - INFO - [75/2009] Biological assembly already cached: 1LDJ-assembly1.cif
2026-04-27 06:07:51,387 - INFO - [76/2009] Asymmetric unit already cached: 1LDK.cif
2026-04-27 06:07:51,387 - INFO - [76/2009] Biological assembly already cached: 1LDK-assembly1.cif
2026-04-27 06:07:51,588 - INFO - [77/2009] Asymmetric unit already cached: 1LGP.cif
2026-04-27 06:07:51,588 - INFO - [77/2009] Biological assembly already cached: 1LGP-assembly1.cif
2026-04-27 06:07:51,788 - INFO - [78/2009] Asymmetric unit already cached: 1LGQ.cif
2026-04-27 06:07:51,789 - INFO - [78/2009] Biological assembly already cached: 1LGQ-assembly1.cif
2026-04-27 06:07:51,989 - INFO - [79/2009] Asymmetric unit already cached: 1LIQ.cif
2026-04-27 06:07:51,989 - INFO - [79/2009] Biological assembly already cached: 1LIQ-assembly1.cif
2026-04-27 06:07:52,190 - INFO - [80/2009] Asymmetric unit already cached: 1N5O.cif
2026-04-27 06:07:52,190 - INFO - [80/2009] Biological assembly already cached: 1N5O-assembly1.cif
2026-04-27 06:07:52,390 - INFO - [81/2009] Asymmetric unit already cached: 1ND7.cif
2026-04-27 06:07:52,390 - INFO - [81/2009] Biological assembly already cached: 1ND7-assembly1.cif
2026-04-27 06:07:52,591 - INFO - [82/2009] Asymmetric unit already cached: 1NW9.cif
2026-04-27 06:07:52,591 - INFO - [82/2009] Biological assembly already cached: 1NW9-assembly1.cif
2026-04-27 06:07:52,792 - INFO - [83/2009] Asymmetric unit already cached: 1OQA.cif
2026-04-27 06:07:52,792 - INFO - [83/2009] Biological assembly already cached: 1OQA-assembly1.cif
2026-04-27 06:07:52,992 - INFO - [84/2009] Asymmetric unit already cached: 1OXN.cif
2026-04-27 06:07:52,992 - INFO - [84/2009] Biological assembly already cached: 1OXN-assembly1.cif
2026-04-27 06:07:53,193 - INFO - [85/2009] Asymmetric unit already cached: 1OXQ.cif
2026-04-27 06:07:53,193 - INFO - [85/2009] Biological assembly already cached: 1OXQ-assembly1.cif
2026-04-27 06:07:53,393 - INFO - [86/2009] Asymmetric unit already cached: 1OY7.cif
2026-04-27 06:07:53,393 - INFO - [86/2009] Biological assembly already cached: 1OY7-assembly1.cif
2026-04-27 06:07:53,594 - INFO - [87/2009] Asymmetric unit already cached: 1P4Q.cif
2026-04-27 06:07:53,594 - INFO - [87/2009] Biological assembly already cached: 1P4Q-assembly1.cif
2026-04-27 06:07:53,794 - INFO - [88/2009] Asymmetric unit already cached: 1Q02.cif
2026-04-27 06:07:53,795 - INFO - [88/2009] Biological assembly already cached: 1Q02-assembly1.cif
2026-04-27 06:07:53,995 - INFO - [89/2009] Asymmetric unit already cached: 1QBH.cif
2026-04-27 06:07:53,995 - INFO - [89/2009] Biological assembly already cached: 1QBH-assembly1.cif
2026-04-27 06:07:54,196 - INFO - [90/2009] Asymmetric unit already cached: 1QSC.cif
2026-04-27 06:07:54,196 - INFO - [90/2009] Biological assembly already cached: 1QSC-assembly1.cif
2026-04-27 06:07:54,396 - INFO - [91/2009] Asymmetric unit already cached: 1RDT.cif
2026-04-27 06:07:54,397 - INFO - [91/2009] Biological assembly already cached: 1RDT-assembly1.cif
2026-04-27 06:07:54,597 - INFO - [92/2009] Asymmetric unit already cached: 1RF3.cif
2026-04-27 06:07:54,597 - INFO - [92/2009] Biological assembly already cached: 1RF3-assembly1.cif
2026-04-27 06:07:54,798 - INFO - [93/2009] Asymmetric unit already cached: 1RV1.cif
2026-04-27 06:07:54,798 - INFO - [93/2009] Biological assembly already cached: 1RV1-assembly1.cif
2026-04-27 06:07:54,998 - INFO - [94/2009] Asymmetric unit already cached: 1T15.cif
2026-04-27 06:07:54,998 - INFO - [94/2009] Biological assembly already cached: 1T15-assembly1.cif
2026-04-27 06:07:55,199 - INFO - [95/2009] Asymmetric unit already cached: 1T29.cif
2026-04-27 06:07:55,199 - INFO - [95/2009] Biological assembly already cached: 1T29-assembly1.cif
2026-04-27 06:07:55,399 - INFO - [96/2009] Asymmetric unit already cached: 1T2U.cif
2026-04-27 06:07:55,399 - INFO - [96/2009] Biological assembly already cached: 1T2U-assembly1.cif
2026-04-27 06:07:55,600 - INFO - [97/2009] Asymmetric unit already cached: 1T2V.cif
2026-04-27 06:07:55,600 - INFO - [97/2009] Biological assembly already cached: 1T2V-assembly1.cif
2026-04-27 06:07:55,801 - INFO - [98/2009] Asymmetric unit already cached: 1T4E.cif
2026-04-27 06:07:55,801 - INFO - [98/2009] Biological assembly already cached: 1T4E-assembly1.cif
2026-04-27 06:07:56,001 - INFO - [99/2009] Asymmetric unit already cached: 1T4F.cif
2026-04-27 06:07:56,001 - INFO - [99/2009] Biological assembly already cached: 1T4F-assembly1.cif
2026-04-27 06:07:56,202 - INFO - [100/2009] Asymmetric unit already cached: 1TFQ.cif
2026-04-27 06:07:56,202 - INFO - [100/2009] Biological assembly already cached: 1TFQ-assembly1.cif
2026-04-27 06:07:56,403 - INFO - [101/2009] Asymmetric unit already cached: 1TFT.cif
2026-04-27 06:07:56,403 - INFO - [101/2009] Biological assembly already cached: 1TFT-assembly1.cif
2026-04-27 06:07:56,603 - INFO - [102/2009] Asymmetric unit already cached: 1TT5.cif
2026-04-27 06:07:56,603 - INFO - [102/2009] Biological assembly already cached: 1TT5-assembly1.cif
2026-04-27 06:07:56,804 - INFO - [103/2009] Asymmetric unit already cached: 1TW6.cif
2026-04-27 06:07:56,804 - INFO - [103/2009] Biological assembly already cached: 1TW6-assembly1.cif
2026-04-27 06:07:57,004 - INFO - [104/2009] Asymmetric unit already cached: 1U6G.cif
2026-04-27 06:07:57,005 - INFO - [104/2009] Biological assembly already cached: 1U6G-assembly1.cif
2026-04-27 06:07:57,205 - INFO - [105/2009] Asymmetric unit already cached: 1UHP.cif
2026-04-27 06:07:57,205 - INFO - [105/2009] Biological assembly already cached: 1UHP-assembly1.cif
2026-04-27 06:07:57,406 - INFO - [106/2009] Asymmetric unit already cached: 1UR6.cif
2026-04-27 06:07:57,406 - INFO - [106/2009] Biological assembly already cached: 1UR6-assembly1.cif
2026-04-27 06:07:57,606 - INFO - [107/2009] Asymmetric unit already cached: 1W4U.cif
2026-04-27 06:07:57,607 - INFO - [107/2009] Biological assembly already cached: 1W4U-assembly1.cif
2026-04-27 06:07:57,807 - INFO - [108/2009] Asymmetric unit already cached: 1WD2.cif
2026-04-27 06:07:57,807 - INFO - [108/2009] Biological assembly already cached: 1WD2-assembly1.cif
2026-04-27 06:07:58,008 - INFO - [109/2009] Asymmetric unit already cached: 1WGM.cif
2026-04-27 06:07:58,008 - INFO - [109/2009] Biological assembly already cached: 1WGM-assembly1.cif
2026-04-27 06:07:58,208 - INFO - [110/2009] Asymmetric unit already cached: 1WH1.cif
2026-04-27 06:07:58,209 - INFO - [110/2009] Biological assembly already cached: 1WH1-assembly1.cif
2026-04-27 06:07:58,409 - INFO - [111/2009] Asymmetric unit already cached: 1WIM.cif
2026-04-27 06:07:58,409 - INFO - [111/2009] Biological assembly already cached: 1WIM-assembly1.cif
2026-04-27 06:07:58,610 - INFO - [112/2009] Asymmetric unit already cached: 1WO3.cif
2026-04-27 06:07:58,610 - INFO - [112/2009] Biological assembly already cached: 1WO3-assembly1.cif
2026-04-27 06:07:58,810 - INFO - [113/2009] Asymmetric unit already cached: 1WO4.cif
2026-04-27 06:07:58,811 - INFO - [113/2009] Biological assembly already cached: 1WO4-assembly1.cif
2026-04-27 06:07:59,011 - INFO - [114/2009] Asymmetric unit already cached: 1WO5.cif
2026-04-27 06:07:59,011 - INFO - [114/2009] Biological assembly already cached: 1WO5-assembly1.cif
2026-04-27 06:07:59,212 - INFO - [115/2009] Asymmetric unit already cached: 1WO6.cif
2026-04-27 06:07:59,212 - INFO - [115/2009] Biological assembly already cached: 1WO6-assembly1.cif
2026-04-27 06:07:59,412 - INFO - [116/2009] Asymmetric unit already cached: 1WO7.cif
2026-04-27 06:07:59,413 - INFO - [116/2009] Biological assembly already cached: 1WO7-assembly1.cif
2026-04-27 06:07:59,613 - INFO - [117/2009] Asymmetric unit already cached: 1WY8.cif
2026-04-27 06:07:59,613 - INFO - [117/2009] Biological assembly already cached: 1WY8-assembly1.cif
2026-04-27 06:07:59,814 - INFO - [118/2009] Asymmetric unit already cached: 1WZV.cif
2026-04-27 06:07:59,814 - INFO - [118/2009] Biological assembly already cached: 1WZV-assembly1.cif
2026-04-27 06:08:00,014 - INFO - [119/2009] Asymmetric unit already cached: 1WZW.cif
2026-04-27 06:08:00,014 - INFO - [119/2009] Biological assembly already cached: 1WZW-assembly1.cif
2026-04-27 06:08:00,215 - INFO - [120/2009] Asymmetric unit already cached: 1X23.cif
2026-04-27 06:08:00,215 - INFO - [120/2009] Biological assembly already cached: 1X23-assembly1.cif
2026-04-27 06:08:00,416 - INFO - [121/2009] Asymmetric unit already cached: 1X4J.cif
2026-04-27 06:08:00,416 - INFO - [121/2009] Biological assembly already cached: 1X4J-assembly1.cif
2026-04-27 06:08:00,616 - INFO - [122/2009] Asymmetric unit already cached: 1XB0.cif
2026-04-27 06:08:00,616 - INFO - [122/2009] Biological assembly already cached: 1XB0-assembly1.cif
2026-04-27 06:08:00,817 - INFO - [123/2009] Asymmetric unit already cached: 1XB1.cif
2026-04-27 06:08:00,817 - INFO - [123/2009] Biological assembly already cached: 1XB1-assembly1.cif
2026-04-27 06:08:01,018 - INFO - [124/2009] Asymmetric unit already cached: 1XR9.cif
2026-04-27 06:08:01,018 - INFO - [124/2009] Biological assembly already cached: 1XR9-assembly1.cif
2026-04-27 06:08:01,218 - INFO - [125/2009] Asymmetric unit already cached: 1Y02.cif
2026-04-27 06:08:01,218 - INFO - [125/2009] Biological assembly already cached: 1Y02-assembly1.cif
2026-04-27 06:08:01,419 - INFO - [126/2009] Asymmetric unit already cached: 1Y6L.cif
2026-04-27 06:08:01,419 - INFO - [126/2009] Biological assembly already cached: 1Y6L-assembly1.cif
2026-04-27 06:08:01,619 - INFO - [127/2009] Asymmetric unit already cached: 1Y8X.cif
2026-04-27 06:08:01,620 - INFO - [127/2009] Biological assembly already cached: 1Y8X-assembly1.cif
2026-04-27 06:08:01,820 - INFO - [128/2009] Asymmetric unit already cached: 1Y98.cif
2026-04-27 06:08:01,820 - INFO - [128/2009] Biological assembly already cached: 1Y98-assembly1.cif
2026-04-27 06:08:02,021 - INFO - [129/2009] Asymmetric unit already cached: 1YH2.cif
2026-04-27 06:08:02,021 - INFO - [129/2009] Biological assembly already cached: 1YH2-assembly1.cif
2026-04-27 06:08:02,221 - INFO - [130/2009] Asymmetric unit already cached: 1YLA.cif
2026-04-27 06:08:02,222 - INFO - [130/2009] Biological assembly already cached: 1YLA-assembly1.cif
2026-04-27 06:08:02,422 - INFO - [131/2009] Asymmetric unit already cached: 1YRV.cif
2026-04-27 06:08:02,422 - INFO - [131/2009] Biological assembly already cached: 1YRV-assembly1.cif
2026-04-27 06:08:02,623 - INFO - [132/2009] Asymmetric unit already cached: 1YVH.cif
2026-04-27 06:08:02,623 - INFO - [132/2009] Biological assembly already cached: 1YVH-assembly1.cif
2026-04-27 06:08:02,823 - INFO - [133/2009] Asymmetric unit already cached: 1Z1M.cif
2026-04-27 06:08:02,824 - INFO - [133/2009] Biological assembly already cached: 1Z1M-assembly1.cif
2026-04-27 06:08:03,024 - INFO - [134/2009] Asymmetric unit already cached: 1Z5S.cif
2026-04-27 06:08:03,024 - INFO - [134/2009] Biological assembly already cached: 1Z5S-assembly1.cif
2026-04-27 06:08:03,225 - INFO - [135/2009] Asymmetric unit already cached: 1Z6U.cif
2026-04-27 06:08:03,225 - INFO - [135/2009] Biological assembly already cached: 1Z6U-assembly1.cif
2026-04-27 06:08:03,425 - INFO - [136/2009] Asymmetric unit already cached: 1ZDN.cif
2026-04-27 06:08:03,426 - INFO - [136/2009] Biological assembly already cached: 1ZDN-assembly1.cif
2026-04-27 06:08:03,626 - INFO - [137/2009] Asymmetric unit already cached: 1ZGU.cif
2026-04-27 06:08:03,626 - INFO - [137/2009] Biological assembly already cached: 1ZGU-assembly1.cif
2026-04-27 06:08:03,827 - INFO - [138/2009] Asymmetric unit already cached: 1ZKC.cif
2026-04-27 06:08:03,827 - INFO - [138/2009] Biological assembly already cached: 1ZKC-assembly1.cif
2026-04-27 06:08:04,027 - INFO - [139/2009] Asymmetric unit already cached: 1ZMS.cif
2026-04-27 06:08:04,028 - INFO - [139/2009] Biological assembly already cached: 1ZMS-assembly1.cif
2026-04-27 06:08:04,228 - INFO - [140/2009] Asymmetric unit already cached: 1ZOQ.cif
2026-04-27 06:08:04,228 - INFO - [140/2009] Biological assembly already cached: 1ZOQ-assembly1.cif
2026-04-27 06:08:04,429 - INFO - [141/2009] Asymmetric unit already cached: 1ZUO.cif
2026-04-27 06:08:04,429 - INFO - [141/2009] Biological assembly already cached: 1ZUO-assembly1.cif
2026-04-27 06:08:04,629 - INFO - [142/2009] Asymmetric unit already cached: 1ZVD.cif
2026-04-27 06:08:04,629 - INFO - [142/2009] Biological assembly already cached: 1ZVD-assembly1.cif
2026-04-27 06:08:04,830 - INFO - [143/2009] Asymmetric unit already cached: 2A25.cif
2026-04-27 06:08:04,830 - INFO - [143/2009] Biological assembly already cached: 2A25-assembly1.cif
2026-04-27 06:08:05,031 - INFO - [144/2009] Asymmetric unit already cached: 2A4D.cif
2026-04-27 06:08:05,031 - INFO - [144/2009] Biological assembly already cached: 2A4D-assembly1.cif
2026-04-27 06:08:05,231 - INFO - [145/2009] Asymmetric unit already cached: 2A7L.cif
2026-04-27 06:08:05,232 - INFO - [145/2009] Biological assembly already cached: 2A7L-assembly1.cif
2026-04-27 06:08:05,432 - INFO - [146/2009] Asymmetric unit already cached: 2AK5.cif
2026-04-27 06:08:05,432 - INFO - [146/2009] Biological assembly already cached: 2AK5-assembly1.cif
2026-04-27 06:08:05,633 - INFO - [147/2009] Asymmetric unit already cached: 2ASQ.cif
2026-04-27 06:08:05,633 - INFO - [147/2009] Biological assembly already cached: 2ASQ-assembly1.cif
2026-04-27 06:08:05,833 - INFO - [148/2009] Asymmetric unit already cached: 2AWF.cif
2026-04-27 06:08:05,834 - INFO - [148/2009] Biological assembly already cached: 2AWF-assembly1.cif
2026-04-27 06:08:06,034 - INFO - [149/2009] Asymmetric unit already cached: 2AXI.cif
2026-04-27 06:08:06,034 - INFO - [149/2009] Biological assembly already cached: 2AXI-assembly1.cif
2026-04-27 06:08:06,235 - INFO - [150/2009] Asymmetric unit already cached: 2BZ8.cif
2026-04-27 06:08:06,235 - INFO - [150/2009] Biological assembly already cached: 2BZ8-assembly1.cif
2026-04-27 06:08:06,435 - INFO - [151/2009] Asymmetric unit already cached: 2C2V.cif
2026-04-27 06:08:06,436 - INFO - [151/2009] Biological assembly already cached: 2C2V-assembly1.cif
2026-04-27 06:08:06,636 - INFO - [152/2009] Asymmetric unit already cached: 2C4P.cif
2026-04-27 06:08:06,636 - INFO - [152/2009] Biological assembly already cached: 2C4P-assembly1.cif
2026-04-27 06:08:06,837 - INFO - [153/2009] Asymmetric unit already cached: 2C6A.cif
2026-04-27 06:08:06,837 - INFO - [153/2009] Biological assembly already cached: 2C6A-assembly1.cif
2026-04-27 06:08:07,037 - INFO - [154/2009] Asymmetric unit already cached: 2C6B.cif
2026-04-27 06:08:07,038 - INFO - [154/2009] Biological assembly already cached: 2C6B-assembly1.cif
2026-04-27 06:08:07,238 - INFO - [155/2009] Asymmetric unit already cached: 2C7H.cif
2026-04-27 06:08:07,238 - INFO - [155/2009] Biological assembly already cached: 2C7H-assembly1.cif
2026-04-27 06:08:07,439 - INFO - [156/2009] Asymmetric unit already cached: 2CBL.cif
2026-04-27 06:08:07,439 - INFO - [156/2009] Biological assembly already cached: 2CBL-assembly1.cif
2026-04-27 06:08:07,639 - INFO - [157/2009] Asymmetric unit already cached: 2CLW.cif
2026-04-27 06:08:07,640 - INFO - [157/2009] Biological assembly already cached: 2CLW-assembly1.cif
2026-04-27 06:08:07,840 - INFO - [158/2009] Asymmetric unit already cached: 2CR8.cif
2026-04-27 06:08:07,840 - INFO - [158/2009] Biological assembly already cached: 2CR8-assembly1.cif
2026-04-27 06:08:08,041 - INFO - [159/2009] Asymmetric unit already cached: 2CRC.cif
2026-04-27 06:08:08,041 - INFO - [159/2009] Biological assembly already cached: 2CRC-assembly1.cif
2026-04-27 06:08:08,241 - INFO - [160/2009] Asymmetric unit already cached: 2CS3.cif
2026-04-27 06:08:08,242 - INFO - [160/2009] Biological assembly already cached: 2CS3-assembly1.cif
2026-04-27 06:08:08,442 - INFO - [161/2009] Asymmetric unit already cached: 2CSW.cif
2026-04-27 06:08:08,442 - INFO - [161/2009] Biological assembly already cached: 2CSW-assembly1.cif
2026-04-27 06:08:08,643 - INFO - [162/2009] Asymmetric unit already cached: 2CSY.cif
2026-04-27 06:08:08,643 - INFO - [162/2009] Biological assembly already cached: 2CSY-assembly1.cif
2026-04-27 06:08:08,843 - INFO - [163/2009] Asymmetric unit already cached: 2CT0.cif
2026-04-27 06:08:08,843 - INFO - [163/2009] Biological assembly already cached: 2CT0-assembly1.cif
2026-04-27 06:08:09,044 - INFO - [164/2009] Asymmetric unit already cached: 2CT2.cif
2026-04-27 06:08:09,044 - INFO - [164/2009] Biological assembly already cached: 2CT2-assembly1.cif
2026-04-27 06:08:09,245 - INFO - [165/2009] Asymmetric unit already cached: 2CT7.cif
2026-04-27 06:08:09,245 - INFO - [165/2009] Biological assembly already cached: 2CT7-assembly1.cif
2026-04-27 06:08:09,445 - INFO - [166/2009] Asymmetric unit already cached: 2CYX.cif
2026-04-27 06:08:09,445 - INFO - [166/2009] Biological assembly already cached: 2CYX-assembly1.cif
2026-04-27 06:08:09,646 - INFO - [167/2009] Asymmetric unit already cached: 2D82.cif
2026-04-27 06:08:09,646 - INFO - [167/2009] Biological assembly already cached: 2D82-assembly1.cif
2026-04-27 06:08:09,846 - INFO - [168/2009] Asymmetric unit already cached: 2D8S.cif
2026-04-27 06:08:09,847 - INFO - [168/2009] Biological assembly already cached: 2D8S-assembly1.cif
2026-04-27 06:08:10,047 - INFO - [169/2009] Asymmetric unit already cached: 2D8T.cif
2026-04-27 06:08:10,047 - INFO - [169/2009] Biological assembly already cached: 2D8T-assembly1.cif
2026-04-27 06:08:10,248 - INFO - [170/2009] Asymmetric unit already cached: 2D8U.cif
2026-04-27 06:08:10,248 - INFO - [170/2009] Biological assembly already cached: 2D8U-assembly1.cif
2026-04-27 06:08:10,448 - INFO - [171/2009] Asymmetric unit already cached: 2DAY.cif
2026-04-27 06:08:10,449 - INFO - [171/2009] Biological assembly already cached: 2DAY-assembly1.cif
2026-04-27 06:08:10,649 - INFO - [172/2009] Asymmetric unit already cached: 2DB8.cif
2026-04-27 06:08:10,649 - INFO - [172/2009] Biological assembly already cached: 2DB8-assembly1.cif
2026-04-27 06:08:10,850 - INFO - [173/2009] Asymmetric unit already cached: 2DGR.cif
2026-04-27 06:08:10,850 - INFO - [173/2009] Biological assembly already cached: 2DGR-assembly1.cif
2026-04-27 06:08:11,050 - INFO - [174/2009] Asymmetric unit already cached: 2DID.cif
2026-04-27 06:08:11,051 - INFO - [174/2009] Biological assembly already cached: 2DID-assembly1.cif
2026-04-27 06:08:11,251 - INFO - [175/2009] Asymmetric unit already cached: 2DIF.cif
2026-04-27 06:08:11,251 - INFO - [175/2009] Biological assembly already cached: 2DIF-assembly1.cif
2026-04-27 06:08:11,452 - INFO - [176/2009] Asymmetric unit already cached: 2DIP.cif
2026-04-27 06:08:11,452 - INFO - [176/2009] Biological assembly already cached: 2DIP-assembly1.cif
2026-04-27 06:08:11,652 - INFO - [177/2009] Asymmetric unit already cached: 2DJA.cif
2026-04-27 06:08:11,652 - INFO - [177/2009] Biological assembly already cached: 2DJA-assembly1.cif
2026-04-27 06:08:11,853 - INFO - [178/2009] Asymmetric unit already cached: 2DJB.cif
2026-04-27 06:08:11,853 - INFO - [178/2009] Biological assembly already cached: 2DJB-assembly1.cif
2026-04-27 06:08:12,054 - INFO - [179/2009] Asymmetric unit already cached: 2DJY.cif
2026-04-27 06:08:12,054 - INFO - [179/2009] Biological assembly already cached: 2DJY-assembly1.cif
2026-04-27 06:08:12,254 - INFO - [180/2009] Asymmetric unit already cached: 2DK3.cif
2026-04-27 06:08:12,255 - INFO - [180/2009] Biological assembly already cached: 2DK3-assembly1.cif
2026-04-27 06:08:12,455 - INFO - [181/2009] Asymmetric unit already cached: 2DMF.cif
2026-04-27 06:08:12,455 - INFO - [181/2009] Biological assembly already cached: 2DMF-assembly1.cif
2026-04-27 06:08:12,656 - INFO - [182/2009] Asymmetric unit already cached: 2DMK.cif
2026-04-27 06:08:12,656 - INFO - [182/2009] Biological assembly already cached: 2DMK-assembly1.cif
2026-04-27 06:08:12,856 - INFO - [183/2009] Asymmetric unit already cached: 2DMV.cif
2026-04-27 06:08:12,856 - INFO - [183/2009] Biological assembly already cached: 2DMV-assembly1.cif
2026-04-27 06:08:13,057 - INFO - [184/2009] Asymmetric unit already cached: 2DO6.cif
2026-04-27 06:08:13,057 - INFO - [184/2009] Biological assembly already cached: 2DO6-assembly1.cif
2026-04-27 06:08:13,258 - INFO - [185/2009] Asymmetric unit already cached: 2DQ5.cif
2026-04-27 06:08:13,258 - INFO - [185/2009] Biological assembly already cached: 2DQ5-assembly1.cif
2026-04-27 06:08:13,458 - INFO - [186/2009] Asymmetric unit already cached: 2DS4.cif
2026-04-27 06:08:13,458 - INFO - [186/2009] Biological assembly already cached: 2DS4-assembly1.cif
2026-04-27 06:08:13,659 - INFO - [187/2009] Asymmetric unit already cached: 2E6S.cif
2026-04-27 06:08:13,659 - INFO - [187/2009] Biological assembly already cached: 2E6S-assembly1.cif
2026-04-27 06:08:13,860 - INFO - [188/2009] Asymmetric unit already cached: 2EA5.cif
2026-04-27 06:08:13,860 - INFO - [188/2009] Biological assembly already cached: 2EA5-assembly1.cif
2026-04-27 06:08:14,060 - INFO - [189/2009] Asymmetric unit already cached: 2EA6.cif
2026-04-27 06:08:14,060 - INFO - [189/2009] Biological assembly already cached: 2EA6-assembly1.cif
2026-04-27 06:08:14,261 - INFO - [190/2009] Asymmetric unit already cached: 2ECG.cif
2026-04-27 06:08:14,261 - INFO - [190/2009] Biological assembly already cached: 2ECG-assembly1.cif
2026-04-27 06:08:14,462 - INFO - [191/2009] Asymmetric unit already cached: 2ECI.cif
2026-04-27 06:08:14,462 - INFO - [191/2009] Biological assembly already cached: 2ECI-assembly1.cif
2026-04-27 06:08:14,662 - INFO - [192/2009] Asymmetric unit already cached: 2ECJ.cif
2026-04-27 06:08:14,662 - INFO - [192/2009] Biological assembly already cached: 2ECJ-assembly1.cif
2026-04-27 06:08:14,863 - INFO - [193/2009] Asymmetric unit already cached: 2ECL.cif
2026-04-27 06:08:14,863 - INFO - [193/2009] Biological assembly already cached: 2ECL-assembly1.cif
2026-04-27 06:08:15,064 - INFO - [194/2009] Asymmetric unit already cached: 2ECN.cif
2026-04-27 06:08:15,064 - INFO - [194/2009] Biological assembly already cached: 2ECN-assembly1.cif
2026-04-27 06:08:15,264 - INFO - [195/2009] Asymmetric unit already cached: 2ECV.cif
2026-04-27 06:08:15,264 - INFO - [195/2009] Biological assembly already cached: 2ECV-assembly1.cif
2026-04-27 06:08:15,465 - INFO - [196/2009] Asymmetric unit already cached: 2ECY.cif
2026-04-27 06:08:15,465 - INFO - [196/2009] Biological assembly already cached: 2ECY-assembly1.cif
2026-04-27 06:08:15,666 - INFO - [197/2009] Asymmetric unit already cached: 2EDI.cif
2026-04-27 06:08:15,666 - INFO - [197/2009] Biological assembly already cached: 2EDI-assembly1.cif
2026-04-27 06:08:15,866 - INFO - [198/2009] Asymmetric unit already cached: 2EGM.cif
2026-04-27 06:08:15,866 - INFO - [198/2009] Biological assembly already cached: 2EGM-assembly1.cif
2026-04-27 06:08:16,067 - INFO - [199/2009] Asymmetric unit already cached: 2EGP.cif
2026-04-27 06:08:16,067 - INFO - [199/2009] Biological assembly already cached: 2EGP-assembly1.cif
2026-04-27 06:08:16,268 - INFO - [200/2009] Asymmetric unit already cached: 2EJS.cif
2026-04-27 06:08:16,268 - INFO - [200/2009] Biological assembly already cached: 2EJS-assembly1.cif
2026-04-27 06:08:16,468 - INFO - [201/2009] Asymmetric unit already cached: 2EKK.cif
2026-04-27 06:08:16,468 - INFO - [201/2009] Biological assembly already cached: 2EKK-assembly1.cif
2026-04-27 06:08:16,669 - INFO - [202/2009] Asymmetric unit already cached: 2EOD.cif
2026-04-27 06:08:16,669 - INFO - [202/2009] Biological assembly already cached: 2EOD-assembly1.cif
2026-04-27 06:08:16,870 - INFO - [203/2009] Asymmetric unit already cached: 2EP4.cif
2026-04-27 06:08:16,870 - INFO - [203/2009] Biological assembly already cached: 2EP4-assembly1.cif
2026-04-27 06:08:17,070 - INFO - [204/2009] Asymmetric unit already cached: 2EQK.cif
2026-04-27 06:08:17,070 - INFO - [204/2009] Biological assembly already cached: 2EQK-assembly1.cif
2026-04-27 06:08:17,271 - INFO - [205/2009] Asymmetric unit already cached: 2ESK.cif
2026-04-27 06:08:17,271 - INFO - [205/2009] Biological assembly already cached: 2ESK-assembly1.cif
2026-04-27 06:08:17,472 - INFO - [206/2009] Asymmetric unit already cached: 2ESO.cif
2026-04-27 06:08:17,472 - INFO - [206/2009] Biological assembly already cached: 2ESO-assembly1.cif
2026-04-27 06:08:17,672 - INFO - [207/2009] Asymmetric unit already cached: 2ESP.cif
2026-04-27 06:08:17,672 - INFO - [207/2009] Biological assembly already cached: 2ESP-assembly1.cif
2026-04-27 06:08:17,873 - INFO - [208/2009] Asymmetric unit already cached: 2ESQ.cif
2026-04-27 06:08:17,873 - INFO - [208/2009] Biological assembly already cached: 2ESQ-assembly1.cif
2026-04-27 06:08:18,074 - INFO - [209/2009] Asymmetric unit already cached: 2F4W.cif
2026-04-27 06:08:18,074 - INFO - [209/2009] Biological assembly already cached: 2F4W-assembly1.cif
2026-04-27 06:08:18,274 - INFO - [210/2009] Asymmetric unit already cached: 2FAZ.cif
2026-04-27 06:08:18,274 - INFO - [210/2009] Biological assembly already cached: 2FAZ-assembly1.cif
2026-04-27 06:08:18,475 - INFO - [211/2009] Asymmetric unit already cached: 2FBE.cif
2026-04-27 06:08:18,475 - INFO - [211/2009] Biological assembly already cached: 2FBE-assembly1.cif
2026-04-27 06:08:18,676 - INFO - [212/2009] Asymmetric unit already cached: 2FFW.cif
2026-04-27 06:08:18,676 - INFO - [212/2009] Biological assembly already cached: 2FFW-assembly1.cif
2026-04-27 06:08:18,876 - INFO - [213/2009] Asymmetric unit already cached: 2FUH.cif
2026-04-27 06:08:18,877 - INFO - [213/2009] Biological assembly already cached: 2FUH-assembly1.cif
2026-04-27 06:08:19,077 - INFO - [214/2009] Asymmetric unit already cached: 2FZP.cif
2026-04-27 06:08:19,077 - INFO - [214/2009] Biological assembly already cached: 2FZP-assembly1.cif
2026-04-27 06:08:19,278 - INFO - [215/2009] Asymmetric unit already cached: 2GKW.cif
2026-04-27 06:08:19,278 - INFO - [215/2009] Biological assembly already cached: 2GKW-assembly1.cif
2026-04-27 06:08:19,478 - INFO - [216/2009] Asymmetric unit already cached: 2GRN.cif
2026-04-27 06:08:19,479 - INFO - [216/2009] Biological assembly already cached: 2GRN-assembly1.cif
2026-04-27 06:08:19,679 - INFO - [217/2009] Asymmetric unit already cached: 2GRO.cif
2026-04-27 06:08:19,679 - INFO - [217/2009] Biological assembly already cached: 2GRO-assembly1.cif
2026-04-27 06:08:19,880 - INFO - [218/2009] Asymmetric unit already cached: 2GRP.cif
2026-04-27 06:08:19,880 - INFO - [218/2009] Biological assembly already cached: 2GRP-assembly1.cif
2026-04-27 06:08:20,080 - INFO - [219/2009] Asymmetric unit already cached: 2GRQ.cif
2026-04-27 06:08:20,080 - INFO - [219/2009] Biological assembly already cached: 2GRQ-assembly1.cif
2026-04-27 06:08:20,281 - INFO - [220/2009] Asymmetric unit already cached: 2GRR.cif
2026-04-27 06:08:20,281 - INFO - [220/2009] Biological assembly already cached: 2GRR-assembly1.cif
2026-04-27 06:08:20,482 - INFO - [221/2009] Asymmetric unit already cached: 2GV2.cif
2026-04-27 06:08:20,482 - INFO - [221/2009] Biological assembly already cached: 2GV2-assembly1.cif
2026-04-27 06:08:20,682 - INFO - [222/2009] Asymmetric unit already cached: 2GWF.cif
2026-04-27 06:08:20,682 - INFO - [222/2009] Biological assembly already cached: 2GWF-assembly1.cif
2026-04-27 06:08:20,883 - INFO - [223/2009] Asymmetric unit already cached: 2H0D.cif
2026-04-27 06:08:20,883 - INFO - [223/2009] Biological assembly already cached: 2H0D-assembly1.cif
2026-04-27 06:08:21,084 - INFO - [224/2009] Asymmetric unit already cached: 2HDP.cif
2026-04-27 06:08:21,084 - INFO - [224/2009] Biological assembly already cached: 2HDP-assembly1.cif
2026-04-27 06:08:21,284 - INFO - [225/2009] Asymmetric unit already cached: 2HLW.cif
2026-04-27 06:08:21,284 - INFO - [225/2009] Biological assembly already cached: 2HLW-assembly1.cif
2026-04-27 06:08:21,485 - INFO - [226/2009] Asymmetric unit already cached: 2HYE.cif
2026-04-27 06:08:21,485 - INFO - [226/2009] Biological assembly already cached: 2HYE-assembly1.cif
2026-04-27 06:08:21,686 - INFO - [227/2009] Asymmetric unit already cached: 2I3H.cif
2026-04-27 06:08:21,686 - INFO - [227/2009] Biological assembly already cached: 2I3H-assembly1.cif
2026-04-27 06:08:21,886 - INFO - [228/2009] Asymmetric unit already cached: 2I3I.cif
2026-04-27 06:08:21,886 - INFO - [228/2009] Biological assembly already cached: 2I3I-assembly1.cif
2026-04-27 06:08:22,087 - INFO - [229/2009] Asymmetric unit already cached: 2ING.cif
2026-04-27 06:08:22,087 - INFO - [229/2009] Biological assembly already cached: 2ING-assembly1.cif
2026-04-27 06:08:22,288 - INFO - [230/2009] Asymmetric unit already cached: 2IWG.cif
2026-04-27 06:08:22,288 - INFO - [230/2009] Biological assembly already cached: 2IWG-assembly1.cif
2026-04-27 06:08:22,488 - INFO - [231/2009] Asymmetric unit already cached: 2J6F.cif
2026-04-27 06:08:22,488 - INFO - [231/2009] Biological assembly already cached: 2J6F-assembly1.cif
2026-04-27 06:08:22,689 - INFO - [232/2009] Asymmetric unit already cached: 2JK7.cif
2026-04-27 06:08:22,689 - INFO - [232/2009] Biological assembly already cached: 2JK7-assembly1.cif
2026-04-27 06:08:22,889 - INFO - [233/2009] Asymmetric unit already cached: 2JMD.cif
2026-04-27 06:08:22,890 - INFO - [233/2009] Biological assembly already cached: 2JMD-assembly1.cif
2026-04-27 06:08:23,090 - INFO - [234/2009] Asymmetric unit already cached: 2JMO.cif
2026-04-27 06:08:23,090 - INFO - [234/2009] Biological assembly already cached: 2JMO-assembly1.cif
2026-04-27 06:08:23,291 - INFO - [235/2009] Asymmetric unit already cached: 2JNH.cif
2026-04-27 06:08:23,291 - INFO - [235/2009] Biological assembly already cached: 2JNH-assembly1.cif
2026-04-27 06:08:23,491 - INFO - [236/2009] Asymmetric unit already cached: 2JQZ.cif
2026-04-27 06:08:23,492 - INFO - [236/2009] Biological assembly already cached: 2JQZ-assembly1.cif
2026-04-27 06:08:23,692 - INFO - [237/2009] Asymmetric unit already cached: 2JRJ.cif
2026-04-27 06:08:23,692 - INFO - [237/2009] Biological assembly already cached: 2JRJ-assembly1.cif
2026-04-27 06:08:23,893 - INFO - [238/2009] Asymmetric unit already cached: 2JUF.cif
2026-04-27 06:08:23,893 - INFO - [238/2009] Biological assembly already cached: 2JUF-assembly1.cif
2026-04-27 06:08:24,093 - INFO - [239/2009] Asymmetric unit already cached: 2JUJ.cif
2026-04-27 06:08:24,094 - INFO - [239/2009] Biological assembly already cached: 2JUJ-assembly1.cif
2026-04-27 06:08:24,294 - INFO - [240/2009] Asymmetric unit already cached: 2JUN.cif
2026-04-27 06:08:24,294 - INFO - [240/2009] Biological assembly already cached: 2JUN-assembly1.cif
2026-04-27 06:08:24,495 - INFO - [241/2009] Asymmetric unit already cached: 2JY7.cif
2026-04-27 06:08:24,495 - INFO - [241/2009] Biological assembly already cached: 2JY7-assembly1.cif
2026-04-27 06:08:24,695 - INFO - [242/2009] Asymmetric unit already cached: 2JY8.cif
2026-04-27 06:08:24,695 - INFO - [242/2009] Biological assembly already cached: 2JY8-assembly1.cif
2026-04-27 06:08:24,896 - INFO - [243/2009] Asymmetric unit already cached: 2K0B.cif
2026-04-27 06:08:24,896 - INFO - [243/2009] Biological assembly already cached: 2K0B-assembly1.cif
2026-04-27 06:08:25,097 - INFO - [244/2009] Asymmetric unit already cached: 2K2C.cif
2026-04-27 06:08:25,097 - INFO - [244/2009] Biological assembly already cached: 2K2C-assembly1.cif
2026-04-27 06:08:25,297 - INFO - [245/2009] Asymmetric unit already cached: 2K2D.cif
2026-04-27 06:08:25,297 - INFO - [245/2009] Biological assembly already cached: 2K2D-assembly1.cif
2026-04-27 06:08:25,498 - INFO - [246/2009] Asymmetric unit already cached: 2K4D.cif
2026-04-27 06:08:25,498 - INFO - [246/2009] Biological assembly already cached: 2K4D-assembly1.cif
2026-04-27 06:08:25,699 - INFO - [247/2009] Asymmetric unit already cached: 2K8F.cif
2026-04-27 06:08:25,699 - INFO - [247/2009] Biological assembly already cached: 2K8F-assembly1.cif
2026-04-27 06:08:25,899 - INFO - [248/2009] Asymmetric unit already cached: 2KEO.cif
2026-04-27 06:08:25,899 - INFO - [248/2009] Biological assembly already cached: 2KEO-assembly1.cif
2026-04-27 06:08:26,100 - INFO - [249/2009] Asymmetric unit already cached: 2KIZ.cif
2026-04-27 06:08:26,100 - INFO - [249/2009] Biological assembly already cached: 2KIZ-assembly1.cif
2026-04-27 06:08:26,301 - INFO - [250/2009] Asymmetric unit already cached: 2KJE.cif
2026-04-27 06:08:26,301 - INFO - [250/2009] Biological assembly already cached: 2KJE-assembly1.cif
2026-04-27 06:08:26,501 - INFO - [251/2009] Asymmetric unit already cached: 2KJH.cif
2026-04-27 06:08:26,501 - INFO - [251/2009] Biological assembly already cached: 2KJH-assembly1.cif
2026-04-27 06:08:26,702 - INFO - [252/2009] Asymmetric unit already cached: 2KLY.cif
2026-04-27 06:08:26,702 - INFO - [252/2009] Biological assembly already cached: 2KLY-assembly1.cif
2026-04-27 06:08:26,903 - INFO - [253/2009] Asymmetric unit already cached: 2KNA.cif
2026-04-27 06:08:26,903 - INFO - [253/2009] Biological assembly already cached: 2KNA-assembly1.cif
2026-04-27 06:08:27,103 - INFO - [254/2009] Asymmetric unit already cached: 2KNV.cif
2026-04-27 06:08:27,103 - INFO - [254/2009] Biological assembly already cached: 2KNV-assembly1.cif
2026-04-27 06:08:27,304 - INFO - [255/2009] Asymmetric unit already cached: 2KPZ.cif
2026-04-27 06:08:27,304 - INFO - [255/2009] Biological assembly already cached: 2KPZ-assembly1.cif
2026-04-27 06:08:27,504 - INFO - [256/2009] Asymmetric unit already cached: 2KQ0.cif
2026-04-27 06:08:27,505 - INFO - [256/2009] Biological assembly already cached: 2KQ0-assembly1.cif
2026-04-27 06:08:27,705 - INFO - [257/2009] Asymmetric unit already cached: 2KR1.cif
2026-04-27 06:08:27,705 - INFO - [257/2009] Biological assembly already cached: 2KR1-assembly1.cif
2026-04-27 06:08:27,906 - INFO - [258/2009] Asymmetric unit already cached: 2KRE.cif
2026-04-27 06:08:27,906 - INFO - [258/2009] Biological assembly already cached: 2KRE-assembly1.cif
2026-04-27 06:08:28,106 - INFO - [259/2009] Asymmetric unit already cached: 2KWF.cif
2026-04-27 06:08:28,107 - INFO - [259/2009] Biological assembly already cached: 2KWF-assembly1.cif
2026-04-27 06:08:28,307 - INFO - [260/2009] Asymmetric unit already cached: 2KXQ.cif
2026-04-27 06:08:28,307 - INFO - [260/2009] Biological assembly already cached: 2KXQ-assembly1.cif
2026-04-27 06:08:28,508 - INFO - [261/2009] Asymmetric unit already cached: 2KYK.cif
2026-04-27 06:08:28,508 - INFO - [261/2009] Biological assembly already cached: 2KYK-assembly1.cif
2026-04-27 06:08:28,708 - INFO - [262/2009] Asymmetric unit already cached: 2L0B.cif
2026-04-27 06:08:28,709 - INFO - [262/2009] Biological assembly already cached: 2L0B-assembly1.cif
2026-04-27 06:08:28,909 - INFO - [263/2009] Asymmetric unit already cached: 2L3R.cif
2026-04-27 06:08:28,909 - INFO - [263/2009] Biological assembly already cached: 2L3R-assembly1.cif
2026-04-27 06:08:29,110 - INFO - [264/2009] Asymmetric unit already cached: 2L84.cif
2026-04-27 06:08:29,110 - INFO - [264/2009] Biological assembly already cached: 2L84-assembly1.cif
2026-04-27 06:08:29,310 - INFO - [265/2009] Asymmetric unit already cached: 2L85.cif
2026-04-27 06:08:29,311 - INFO - [265/2009] Biological assembly already cached: 2L85-assembly1.cif
2026-04-27 06:08:29,511 - INFO - [266/2009] Asymmetric unit already cached: 2L9M.cif
2026-04-27 06:08:29,511 - INFO - [266/2009] Biological assembly already cached: 2L9M-assembly1.cif
2026-04-27 06:08:29,712 - INFO - [267/2009] Asymmetric unit already cached: 2LAJ.cif
2026-04-27 06:08:29,712 - INFO - [267/2009] Biological assembly already cached: 2LAJ-assembly1.cif
2026-04-27 06:08:29,912 - INFO - [268/2009] Asymmetric unit already cached: 2LAZ.cif
2026-04-27 06:08:29,913 - INFO - [268/2009] Biological assembly already cached: 2LAZ-assembly1.cif
2026-04-27 06:08:30,113 - INFO - [269/2009] Asymmetric unit already cached: 2LB0.cif
2026-04-27 06:08:30,113 - INFO - [269/2009] Biological assembly already cached: 2LB0-assembly1.cif
2026-04-27 06:08:30,314 - INFO - [270/2009] Asymmetric unit already cached: 2LB1.cif
2026-04-27 06:08:30,314 - INFO - [270/2009] Biological assembly already cached: 2LB1-assembly1.cif
2026-04-27 06:08:30,514 - INFO - [271/2009] Asymmetric unit already cached: 2LB2.cif
2026-04-27 06:08:30,515 - INFO - [271/2009] Biological assembly already cached: 2LB2-assembly1.cif
2026-04-27 06:08:30,715 - INFO - [272/2009] Asymmetric unit already cached: 2LC3.cif
2026-04-27 06:08:30,715 - INFO - [272/2009] Biological assembly already cached: 2LC3-assembly1.cif
2026-04-27 06:08:30,916 - INFO - [273/2009] Asymmetric unit already cached: 2LDR.cif
2026-04-27 06:08:30,916 - INFO - [273/2009] Biological assembly already cached: 2LDR-assembly1.cif
2026-04-27 06:08:31,116 - INFO - [274/2009] Asymmetric unit already cached: 2LFE.cif
2026-04-27 06:08:31,117 - INFO - [274/2009] Biological assembly already cached: 2LFE-assembly1.cif
2026-04-27 06:08:31,317 - INFO - [275/2009] Asymmetric unit already cached: 2LGG.cif
2026-04-27 06:08:31,317 - INFO - [275/2009] Biological assembly already cached: 2LGG-assembly1.cif
2026-04-27 06:08:31,518 - INFO - [276/2009] Asymmetric unit already cached: 2LGK.cif
2026-04-27 06:08:31,518 - INFO - [276/2009] Biological assembly already cached: 2LGK-assembly1.cif
2026-04-27 06:08:31,718 - INFO - [277/2009] Asymmetric unit already cached: 2LGL.cif
2026-04-27 06:08:31,718 - INFO - [277/2009] Biological assembly already cached: 2LGL-assembly1.cif
2026-04-27 06:08:31,919 - INFO - [278/2009] Asymmetric unit already cached: 2LGV.cif
2026-04-27 06:08:31,919 - INFO - [278/2009] Biological assembly already cached: 2LGV-assembly1.cif
2026-04-27 06:08:32,120 - INFO - [279/2009] Asymmetric unit already cached: 2LGY.cif
2026-04-27 06:08:32,120 - INFO - [279/2009] Biological assembly already cached: 2LGY-assembly1.cif
2026-04-27 06:08:32,320 - INFO - [280/2009] Asymmetric unit already cached: 2LTX.cif
2026-04-27 06:08:32,320 - INFO - [280/2009] Biological assembly already cached: 2LTX-assembly1.cif
2026-04-27 06:08:32,521 - INFO - [281/2009] Asymmetric unit already cached: 2LTY.cif
2026-04-27 06:08:32,521 - INFO - [281/2009] Biological assembly already cached: 2LTY-assembly1.cif
2026-04-27 06:08:32,722 - INFO - [282/2009] Asymmetric unit already cached: 2LTZ.cif
2026-04-27 06:08:32,722 - INFO - [282/2009] Biological assembly already cached: 2LTZ-assembly1.cif
2026-04-27 06:08:32,922 - INFO - [283/2009] Asymmetric unit already cached: 2LVN.cif
2026-04-27 06:08:32,922 - INFO - [283/2009] Biological assembly already cached: 2LVN-assembly1.cif
2026-04-27 06:08:33,123 - INFO - [284/2009] Asymmetric unit already cached: 2LVO.cif
2026-04-27 06:08:33,123 - INFO - [284/2009] Biological assembly already cached: 2LVO-assembly1.cif
2026-04-27 06:08:33,323 - INFO - [285/2009] Asymmetric unit already cached: 2LVP.cif
2026-04-27 06:08:33,323 - INFO - [285/2009] Biological assembly already cached: 2LVP-assembly1.cif
2026-04-27 06:08:33,524 - INFO - [286/2009] Asymmetric unit already cached: 2LVQ.cif
2026-04-27 06:08:33,524 - INFO - [286/2009] Biological assembly already cached: 2LVQ-assembly1.cif
2026-04-27 06:08:33,725 - INFO - [287/2009] Asymmetric unit already cached: 2LXH.cif
2026-04-27 06:08:33,725 - INFO - [287/2009] Biological assembly already cached: 2LXH-assembly1.cif
2026-04-27 06:08:33,925 - INFO - [288/2009] Asymmetric unit already cached: 2LXP.cif
2026-04-27 06:08:33,925 - INFO - [288/2009] Biological assembly already cached: 2LXP-assembly1.cif
2026-04-27 06:08:34,126 - INFO - [289/2009] Asymmetric unit already cached: 2LXS.cif
2026-04-27 06:08:34,126 - INFO - [289/2009] Biological assembly already cached: 2LXS-assembly1.cif
2026-04-27 06:08:34,327 - INFO - [290/2009] Asymmetric unit already cached: 2LXT.cif
2026-04-27 06:08:34,327 - INFO - [290/2009] Biological assembly already cached: 2LXT-assembly1.cif
2026-04-27 06:08:34,527 - INFO - [291/2009] Asymmetric unit already cached: 2LZG.cif
2026-04-27 06:08:34,527 - INFO - [291/2009] Biological assembly already cached: 2LZG-assembly1.cif
2026-04-27 06:08:34,728 - INFO - [292/2009] Asymmetric unit already cached: 2M3O.cif
2026-04-27 06:08:34,728 - INFO - [292/2009] Biological assembly already cached: 2M3O-assembly1.cif
2026-04-27 06:08:34,928 - INFO - [293/2009] Asymmetric unit already cached: 2M85.cif
2026-04-27 06:08:34,929 - INFO - [293/2009] Biological assembly already cached: 2M85-assembly1.cif
2026-04-27 06:08:35,129 - INFO - [294/2009] Asymmetric unit already cached: 2M86.cif
2026-04-27 06:08:35,129 - INFO - [294/2009] Biological assembly already cached: 2M86-assembly1.cif
2026-04-27 06:08:35,330 - INFO - [295/2009] Asymmetric unit already cached: 2M9Y.cif
2026-04-27 06:08:35,330 - INFO - [295/2009] Biological assembly already cached: 2M9Y-assembly1.cif
2026-04-27 06:08:35,530 - INFO - [296/2009] Asymmetric unit already cached: 2MA6.cif
2026-04-27 06:08:35,531 - INFO - [296/2009] Biological assembly already cached: 2MA6-assembly1.cif
2026-04-27 06:08:35,731 - INFO - [297/2009] Asymmetric unit already cached: 2MH0.cif
2026-04-27 06:08:35,731 - INFO - [297/2009] Biological assembly already cached: 2MH0-assembly1.cif
2026-04-27 06:08:35,932 - INFO - [298/2009] Asymmetric unit already cached: 2MPT.cif
2026-04-27 06:08:35,932 - INFO - [298/2009] Biological assembly already cached: 2MPT-assembly1.cif
2026-04-27 06:08:36,132 - INFO - [299/2009] Asymmetric unit already cached: 2MRE.cif
2026-04-27 06:08:36,133 - INFO - [299/2009] Biological assembly already cached: 2MRE-assembly1.cif
2026-04-27 06:08:36,333 - INFO - [300/2009] Asymmetric unit already cached: 2MRF.cif
2026-04-27 06:08:36,333 - INFO - [300/2009] Biological assembly already cached: 2MRF-assembly1.cif
2026-04-27 06:08:36,534 - INFO - [301/2009] Asymmetric unit already cached: 2MT5.cif
2026-04-27 06:08:36,534 - INFO - [301/2009] Biological assembly already cached: 2MT5-assembly1.cif
2026-04-27 06:08:36,734 - INFO - [302/2009] Asymmetric unit already cached: 2MT6.cif
2026-04-27 06:08:36,735 - INFO - [302/2009] Biological assembly already cached: 2MT6-assembly1.cif
2026-04-27 06:08:36,935 - INFO - [303/2009] Asymmetric unit already cached: 2MUL.cif
2026-04-27 06:08:36,935 - INFO - [303/2009] Biological assembly already cached: 2MUL-assembly1.cif
2026-04-27 06:08:37,136 - INFO - [304/2009] Asymmetric unit already cached: 2MVW.cif
2026-04-27 06:08:37,136 - INFO - [304/2009] Biological assembly already cached: 2MVW-assembly1.cif
2026-04-27 06:08:37,336 - INFO - [305/2009] Asymmetric unit already cached: 2MWX.cif
2026-04-27 06:08:37,337 - INFO - [305/2009] Biological assembly already cached: 2MWX-assembly1.cif
2026-04-27 06:08:37,537 - INFO - [306/2009] Asymmetric unit already cached: 2MWY.cif
2026-04-27 06:08:37,537 - INFO - [306/2009] Biological assembly already cached: 2MWY-assembly1.cif
2026-04-27 06:08:37,738 - INFO - [307/2009] Asymmetric unit already cached: 2MZD.cif
2026-04-27 06:08:37,738 - INFO - [307/2009] Biological assembly already cached: 2MZD-assembly1.cif
2026-04-27 06:08:37,938 - INFO - [308/2009] Asymmetric unit already cached: 2MZN.cif
2026-04-27 06:08:37,939 - INFO - [308/2009] Biological assembly already cached: 2MZN-assembly1.cif
2026-04-27 06:08:38,139 - INFO - [309/2009] Asymmetric unit already cached: 2N06.cif
2026-04-27 06:08:38,139 - INFO - [309/2009] Biological assembly already cached: 2N06-assembly1.cif
2026-04-27 06:08:38,340 - INFO - [310/2009] Asymmetric unit already cached: 2N0U.cif
2026-04-27 06:08:38,340 - INFO - [310/2009] Biological assembly already cached: 2N0U-assembly1.cif
2026-04-27 06:08:38,540 - INFO - [311/2009] Asymmetric unit already cached: 2N0W.cif
2026-04-27 06:08:38,541 - INFO - [311/2009] Biological assembly already cached: 2N0W-assembly1.cif
2026-04-27 06:08:38,741 - INFO - [312/2009] Asymmetric unit already cached: 2N14.cif
2026-04-27 06:08:38,741 - INFO - [312/2009] Biological assembly already cached: 2N14-assembly1.cif
2026-04-27 06:08:38,942 - INFO - [313/2009] Asymmetric unit already cached: 2N1A.cif
2026-04-27 06:08:38,942 - INFO - [313/2009] Biological assembly already cached: 2N1A-assembly1.cif
2026-04-27 06:08:39,142 - INFO - [314/2009] Asymmetric unit already cached: 2N9O.cif
2026-04-27 06:08:39,142 - INFO - [314/2009] Biological assembly already cached: 2N9O-assembly1.cif
2026-04-27 06:08:39,343 - INFO - [315/2009] Asymmetric unit already cached: 2N9P.cif
2026-04-27 06:08:39,343 - INFO - [315/2009] Biological assembly already cached: 2N9P-assembly1.cif
2026-04-27 06:08:39,544 - INFO - [316/2009] Asymmetric unit already cached: 2NA1.cif
2026-04-27 06:08:39,544 - INFO - [316/2009] Biological assembly already cached: 2NA1-assembly1.cif
2026-04-27 06:08:39,744 - INFO - [317/2009] Asymmetric unit already cached: 2NQ3.cif
2026-04-27 06:08:39,744 - INFO - [317/2009] Biological assembly already cached: 2NQ3-assembly1.cif
2026-04-27 06:08:39,945 - INFO - [318/2009] Asymmetric unit already cached: 2NSQ.cif
2026-04-27 06:08:39,945 - INFO - [318/2009] Biological assembly already cached: 2NSQ-assembly1.cif
2026-04-27 06:08:40,145 - INFO - [319/2009] Asymmetric unit already cached: 2NTE.cif
2026-04-27 06:08:40,146 - INFO - [319/2009] Biological assembly already cached: 2NTE-assembly1.cif
2026-04-27 06:08:40,346 - INFO - [320/2009] Asymmetric unit already cached: 2NVU.cif
2026-04-27 06:08:40,346 - INFO - [320/2009] Biological assembly already cached: 2NVU-assembly1.cif
2026-04-27 06:08:40,547 - INFO - [321/2009] Asymmetric unit already cached: 2O25.cif
2026-04-27 06:08:40,547 - INFO - [321/2009] Biological assembly already cached: 2O25-assembly1.cif
2026-04-27 06:08:40,747 - INFO - [322/2009] Asymmetric unit already cached: 2OB4.cif
2026-04-27 06:08:40,748 - INFO - [322/2009] Biological assembly already cached: 2OB4-assembly1.cif
2026-04-27 06:08:40,948 - INFO - [323/2009] Asymmetric unit already cached: 2ONI.cif
2026-04-27 06:08:40,948 - INFO - [323/2009] Biological assembly already cached: 2ONI-assembly1.cif
2026-04-27 06:08:41,149 - INFO - [324/2009] Asymmetric unit already cached: 2OO9.cif
2026-04-27 06:08:41,149 - INFO - [324/2009] Biological assembly already cached: 2OO9-assembly1.cif
2026-04-27 06:08:41,349 - INFO - [325/2009] Asymmetric unit already cached: 2OOA.cif
2026-04-27 06:08:41,350 - INFO - [325/2009] Biological assembly already cached: 2OOA-assembly1.cif
2026-04-27 06:08:41,550 - INFO - [326/2009] Asymmetric unit already cached: 2OOB.cif
2026-04-27 06:08:41,550 - INFO - [326/2009] Biological assembly already cached: 2OOB-assembly1.cif
2026-04-27 06:08:41,751 - INFO - [327/2009] Asymmetric unit already cached: 2OP7.cif
2026-04-27 06:08:41,751 - INFO - [327/2009] Biological assembly already cached: 2OP7-assembly1.cif
2026-04-27 06:08:41,951 - INFO - [328/2009] Asymmetric unit already cached: 2OPY.cif
2026-04-27 06:08:41,952 - INFO - [328/2009] Biological assembly already cached: 2OPY-assembly1.cif
2026-04-27 06:08:42,152 - INFO - [329/2009] Asymmetric unit already cached: 2OPZ.cif
2026-04-27 06:08:42,152 - INFO - [329/2009] Biological assembly already cached: 2OPZ-assembly1.cif
2026-04-27 06:08:42,353 - INFO - [330/2009] Asymmetric unit already cached: 2P4R.cif
2026-04-27 06:08:42,353 - INFO - [330/2009] Biological assembly already cached: 2P4R-assembly1.cif
2026-04-27 06:08:42,553 - INFO - [331/2009] Asymmetric unit already cached: 2PB7.cif
2026-04-27 06:08:42,553 - INFO - [331/2009] Biological assembly already cached: 2PB7-assembly1.cif
2026-04-27 06:08:42,754 - INFO - [332/2009] Asymmetric unit already cached: 2PE6.cif
2026-04-27 06:08:42,754 - INFO - [332/2009] Biological assembly already cached: 2PE6-assembly1.cif
2026-04-27 06:08:42,954 - INFO - [333/2009] Asymmetric unit already cached: 2PIE.cif
2026-04-27 06:08:42,955 - INFO - [333/2009] Biological assembly already cached: 2PIE-assembly1.cif
2026-04-27 06:08:43,155 - INFO - [334/2009] Asymmetric unit already cached: 2POI.cif
2026-04-27 06:08:43,155 - INFO - [334/2009] Biological assembly already cached: 2POI-assembly1.cif
2026-04-27 06:08:43,356 - INFO - [335/2009] Asymmetric unit already cached: 2POP.cif
2026-04-27 06:08:43,356 - INFO - [335/2009] Biological assembly already cached: 2POP-assembly1.cif
2026-04-27 06:08:43,556 - INFO - [336/2009] Asymmetric unit already cached: 2PX9.cif
2026-04-27 06:08:43,557 - INFO - [336/2009] Biological assembly already cached: 2PX9-assembly1.cif
2026-04-27 06:08:43,757 - INFO - [337/2009] Asymmetric unit already cached: 2QGX.cif
2026-04-27 06:08:43,757 - INFO - [337/2009] Biological assembly already cached: 2QGX-assembly1.cif
2026-04-27 06:08:43,958 - INFO - [338/2009] Asymmetric unit already cached: 2QHO.cif
2026-04-27 06:08:43,958 - INFO - [338/2009] Biological assembly already cached: 2QHO-assembly1.cif
2026-04-27 06:08:44,158 - INFO - [339/2009] Asymmetric unit already cached: 2QRA.cif
2026-04-27 06:08:44,159 - INFO - [339/2009] Biological assembly already cached: 2QRA-assembly1.cif
2026-04-27 06:08:44,359 - INFO - [340/2009] Asymmetric unit already cached: 2R1Z.cif
2026-04-27 06:08:44,359 - INFO - [340/2009] Biological assembly already cached: 2R1Z-assembly1.cif
2026-04-27 06:08:44,560 - INFO - [341/2009] Asymmetric unit already cached: 2RNY.cif
2026-04-27 06:08:44,560 - INFO - [341/2009] Biological assembly already cached: 2RNY-assembly1.cif
2026-04-27 06:08:44,760 - INFO - [342/2009] Asymmetric unit already cached: 2RO1.cif
2026-04-27 06:08:44,760 - INFO - [342/2009] Biological assembly already cached: 2RO1-assembly1.cif
2026-04-27 06:08:44,961 - INFO - [343/2009] Asymmetric unit already cached: 2RUH.cif
2026-04-27 06:08:44,961 - INFO - [343/2009] Biological assembly already cached: 2RUH-assembly1.cif
2026-04-27 06:08:45,161 - INFO - [344/2009] Asymmetric unit already cached: 2UVL.cif
2026-04-27 06:08:45,162 - INFO - [344/2009] Biological assembly already cached: 2UVL-assembly1.cif
2026-04-27 06:08:45,362 - INFO - [345/2009] Asymmetric unit already cached: 2VJE.cif
2026-04-27 06:08:45,362 - INFO - [345/2009] Biological assembly already cached: 2VJE-assembly1.cif
2026-04-27 06:08:45,563 - INFO - [346/2009] Asymmetric unit already cached: 2VJF.cif
2026-04-27 06:08:45,563 - INFO - [346/2009] Biological assembly already cached: 2VJF-assembly1.cif
2026-04-27 06:08:45,763 - INFO - [347/2009] Asymmetric unit already cached: 2VSL.cif
2026-04-27 06:08:45,763 - INFO - [347/2009] Biological assembly already cached: 2VSL-assembly1.cif
2026-04-27 06:08:45,964 - INFO - [348/2009] Asymmetric unit already cached: 2VWR.cif
2026-04-27 06:08:45,964 - INFO - [348/2009] Biological assembly already cached: 2VWR-assembly1.cif
2026-04-27 06:08:46,165 - INFO - [349/2009] Asymmetric unit already cached: 2VYR.cif
2026-04-27 06:08:46,165 - INFO - [349/2009] Biological assembly already cached: 2VYR-assembly1.cif
2026-04-27 06:08:46,365 - INFO - [350/2009] Asymmetric unit already cached: 2XBB.cif
2026-04-27 06:08:46,365 - INFO - [350/2009] Biological assembly already cached: 2XBB-assembly1.cif
2026-04-27 06:08:46,566 - INFO - [351/2009] Asymmetric unit already cached: 2XBF.cif
2026-04-27 06:08:46,566 - INFO - [351/2009] Biological assembly already cached: 2XBF-assembly1.cif
2026-04-27 06:08:46,766 - INFO - [352/2009] Asymmetric unit already cached: 2XEU.cif
2026-04-27 06:08:46,767 - INFO - [352/2009] Biological assembly already cached: 2XEU-assembly1.cif
2026-04-27 06:08:46,967 - INFO - [353/2009] Asymmetric unit already cached: 2XOC.cif
2026-04-27 06:08:46,967 - INFO - [353/2009] Biological assembly already cached: 2XOC-assembly1.cif
2026-04-27 06:08:47,168 - INFO - [354/2009] Asymmetric unit already cached: 2XOY.cif
2026-04-27 06:08:47,168 - INFO - [354/2009] Biological assembly already cached: 2XOY-assembly1.cif
2026-04-27 06:08:47,368 - INFO - [355/2009] Asymmetric unit already cached: 2XOZ.cif
2026-04-27 06:08:47,368 - INFO - [355/2009] Biological assembly already cached: 2XOZ-assembly1.cif
2026-04-27 06:08:47,569 - INFO - [356/2009] Asymmetric unit already cached: 2XP0.cif
2026-04-27 06:08:47,569 - INFO - [356/2009] Biological assembly already cached: 2XP0-assembly1.cif
2026-04-27 06:08:47,770 - INFO - [357/2009] Asymmetric unit already cached: 2XWU.cif
2026-04-27 06:08:47,770 - INFO - [357/2009] Biological assembly already cached: 2XWU-assembly1.cif
2026-04-27 06:08:47,970 - INFO - [358/2009] Asymmetric unit already cached: 2Y1M.cif
2026-04-27 06:08:47,970 - INFO - [358/2009] Biological assembly already cached: 2Y1M-assembly1.cif
2026-04-27 06:08:48,171 - INFO - [359/2009] Asymmetric unit already cached: 2Y1N.cif
2026-04-27 06:08:48,171 - INFO - [359/2009] Biological assembly already cached: 2Y1N-assembly1.cif
2026-04-27 06:08:48,372 - INFO - [360/2009] Asymmetric unit already cached: 2Y43.cif
2026-04-27 06:08:48,372 - INFO - [360/2009] Biological assembly already cached: 2Y43-assembly1.cif
2026-04-27 06:08:48,572 - INFO - [361/2009] Asymmetric unit already cached: 2Y4W.cif
2026-04-27 06:08:48,572 - INFO - [361/2009] Biological assembly already cached: 2Y4W-assembly1.cif
2026-04-27 06:08:48,773 - INFO - [362/2009] Asymmetric unit already cached: 2YB6.cif
2026-04-27 06:08:48,773 - INFO - [362/2009] Biological assembly already cached: 2YB6-assembly1.cif
2026-04-27 06:08:48,973 - INFO - [363/2009] Asymmetric unit already cached: 2YBF.cif
2026-04-27 06:08:48,974 - INFO - [363/2009] Biological assembly already cached: 2YBF-assembly1.cif
2026-04-27 06:08:49,174 - INFO - [364/2009] Asymmetric unit already cached: 2YHN.cif
2026-04-27 06:08:49,174 - INFO - [364/2009] Biological assembly already cached: 2YHN-assembly1.cif
2026-04-27 06:08:49,375 - INFO - [365/2009] Asymmetric unit already cached: 2YHO.cif
2026-04-27 06:08:49,375 - INFO - [365/2009] Biological assembly already cached: 2YHO-assembly1.cif
2026-04-27 06:08:49,575 - INFO - [366/2009] Asymmetric unit already cached: 2YRG.cif
2026-04-27 06:08:49,576 - INFO - [366/2009] Biological assembly already cached: 2YRG-assembly1.cif
2026-04-27 06:08:49,776 - INFO - [367/2009] Asymmetric unit already cached: 2YSA.cif
2026-04-27 06:08:49,776 - INFO - [367/2009] Biological assembly already cached: 2YSA-assembly1.cif
2026-04-27 06:08:49,977 - INFO - [368/2009] Asymmetric unit already cached: 2YSF.cif
2026-04-27 06:08:49,977 - INFO - [368/2009] Biological assembly already cached: 2YSF-assembly1.cif
2026-04-27 06:08:50,177 - INFO - [369/2009] Asymmetric unit already cached: 2YSJ.cif
2026-04-27 06:08:50,177 - INFO - [369/2009] Biological assembly already cached: 2YSJ-assembly1.cif
2026-04-27 06:08:50,378 - INFO - [370/2009] Asymmetric unit already cached: 2YSL.cif
2026-04-27 06:08:50,378 - INFO - [370/2009] Biological assembly already cached: 2YSL-assembly1.cif
2026-04-27 06:08:50,578 - INFO - [371/2009] Asymmetric unit already cached: 2YSM.cif
2026-04-27 06:08:50,578 - INFO - [371/2009] Biological assembly already cached: 2YSM-assembly1.cif
2026-04-27 06:08:50,779 - INFO - [372/2009] Asymmetric unit already cached: 2YU4.cif
2026-04-27 06:08:50,779 - INFO - [372/2009] Biological assembly already cached: 2YU4-assembly1.cif
2026-04-27 06:08:50,979 - INFO - [373/2009] Asymmetric unit already cached: 2YUC.cif
2026-04-27 06:08:50,980 - INFO - [373/2009] Biological assembly already cached: 2YUC-assembly1.cif
2026-04-27 06:08:51,180 - INFO - [374/2009] Asymmetric unit already cached: 2YUK.cif
2026-04-27 06:08:51,180 - INFO - [374/2009] Biological assembly already cached: 2YUK-assembly1.cif
2026-04-27 06:08:51,381 - INFO - [375/2009] Asymmetric unit already cached: 2YUR.cif
2026-04-27 06:08:51,381 - INFO - [375/2009] Biological assembly already cached: 2YUR-assembly1.cif
2026-04-27 06:08:51,581 - INFO - [376/2009] Asymmetric unit already cached: 2YVR.cif
2026-04-27 06:08:51,582 - INFO - [376/2009] Biological assembly already cached: 2YVR-assembly1.cif
2026-04-27 06:08:51,782 - INFO - [377/2009] Asymmetric unit already cached: 2YYN.cif
2026-04-27 06:08:51,782 - INFO - [377/2009] Biological assembly already cached: 2YYN-assembly1.cif
2026-04-27 06:08:51,983 - INFO - [378/2009] Asymmetric unit already cached: 2Z5D.cif
2026-04-27 06:08:51,983 - INFO - [378/2009] Biological assembly already cached: 2Z5D-assembly1.cif
2026-04-27 06:08:52,183 - INFO - [379/2009] Asymmetric unit already cached: 3A33.cif
2026-04-27 06:08:52,183 - INFO - [379/2009] Biological assembly already cached: 3A33-assembly1.cif
2026-04-27 06:08:52,384 - INFO - [380/2009] Asymmetric unit already cached: 3A4S.cif
2026-04-27 06:08:52,384 - INFO - [380/2009] Biological assembly already cached: 3A4S-assembly1.cif
2026-04-27 06:08:52,584 - INFO - [381/2009] Asymmetric unit already cached: 3ASK.cif
2026-04-27 06:08:52,585 - INFO - [381/2009] Biological assembly already cached: 3ASK-assembly1.cif
2026-04-27 06:08:52,785 - INFO - [382/2009] Asymmetric unit already cached: 3ASL.cif
2026-04-27 06:08:52,785 - INFO - [382/2009] Biological assembly already cached: 3ASL-assembly1.cif
2026-04-27 06:08:52,986 - INFO - [383/2009] Asymmetric unit already cached: 3B76.cif
2026-04-27 06:08:52,986 - INFO - [383/2009] Biological assembly already cached: 3B76-assembly1.cif
2026-04-27 06:08:53,186 - INFO - [384/2009] Asymmetric unit already cached: 3B7Y.cif
2026-04-27 06:08:53,187 - INFO - [384/2009] Biological assembly already cached: 3B7Y-assembly1.cif
2026-04-27 06:08:53,387 - INFO - [385/2009] Asymmetric unit already cached: 3BI7.cif
2026-04-27 06:08:53,387 - INFO - [385/2009] Biological assembly already cached: 3BI7-assembly1.cif
2026-04-27 06:08:53,588 - INFO - [386/2009] Asymmetric unit already cached: 3BIY.cif
2026-04-27 06:08:53,588 - INFO - [386/2009] Biological assembly already cached: 3BIY-assembly1.cif
2026-04-27 06:08:53,788 - INFO - [387/2009] Asymmetric unit already cached: 3BUM.cif
2026-04-27 06:08:53,789 - INFO - [387/2009] Biological assembly already cached: 3BUM-assembly1.cif
2026-04-27 06:08:53,989 - INFO - [388/2009] Asymmetric unit already cached: 3BUN.cif
2026-04-27 06:08:53,989 - INFO - [388/2009] Biological assembly already cached: 3BUN-assembly1.cif
2026-04-27 06:08:54,190 - INFO - [389/2009] Asymmetric unit already cached: 3BUO.cif
2026-04-27 06:08:54,190 - INFO - [389/2009] Biological assembly already cached: 3BUO-assembly1.cif
2026-04-27 06:08:54,390 - INFO - [390/2009] Asymmetric unit already cached: 3BUW.cif
2026-04-27 06:08:54,391 - INFO - [390/2009] Biological assembly already cached: 3BUW-assembly1.cif
2026-04-27 06:08:54,591 - INFO - [391/2009] Asymmetric unit already cached: 3BUX.cif
2026-04-27 06:08:54,591 - INFO - [391/2009] Biological assembly already cached: 3BUX-assembly1.cif
2026-04-27 06:08:54,792 - INFO - [392/2009] Asymmetric unit already cached: 3BZH.cif
2026-04-27 06:08:54,792 - INFO - [392/2009] Biological assembly already cached: 3BZH-assembly1.cif
2026-04-27 06:08:54,992 - INFO - [393/2009] Asymmetric unit already cached: 3C5K.cif
2026-04-27 06:08:54,992 - INFO - [393/2009] Biological assembly already cached: 3C5K-assembly1.cif
2026-04-27 06:08:55,193 - INFO - [394/2009] Asymmetric unit already cached: 3C5R.cif
2026-04-27 06:08:55,193 - INFO - [394/2009] Biological assembly already cached: 3C5R-assembly1.cif
2026-04-27 06:08:55,394 - INFO - [395/2009] Asymmetric unit already cached: 3CEG.cif
2026-04-27 06:08:55,394 - INFO - [395/2009] Biological assembly already cached: 3CEG-assembly1.cif
2026-04-27 06:08:55,594 - INFO - [396/2009] Asymmetric unit already cached: 3CLX.cif
2026-04-27 06:08:55,594 - INFO - [396/2009] Biological assembly already cached: 3CLX-assembly1.cif
2026-04-27 06:08:55,795 - INFO - [397/2009] Asymmetric unit already cached: 3CLZ.cif
2026-04-27 06:08:55,795 - INFO - [397/2009] Biological assembly already cached: 3CLZ-assembly1.cif
2026-04-27 06:08:55,996 - INFO - [398/2009] Asymmetric unit already cached: 3CM2.cif
2026-04-27 06:08:55,996 - INFO - [398/2009] Biological assembly already cached: 3CM2-assembly1.cif
2026-04-27 06:08:56,196 - INFO - [399/2009] Asymmetric unit already cached: 3CM7.cif
2026-04-27 06:08:56,196 - INFO - [399/2009] Biological assembly already cached: 3CM7-assembly1.cif
2026-04-27 06:08:56,397 - INFO - [400/2009] Asymmetric unit already cached: 3COJ.cif
2026-04-27 06:08:56,397 - INFO - [400/2009] Biological assembly already cached: 3COJ-assembly1.cif
2026-04-27 06:08:56,597 - INFO - [401/2009] Asymmetric unit already cached: 3D9T.cif
2026-04-27 06:08:56,598 - INFO - [401/2009] Biological assembly already cached: 3D9T-assembly1.cif
2026-04-27 06:08:56,798 - INFO - [402/2009] Asymmetric unit already cached: 3D9U.cif
2026-04-27 06:08:56,798 - INFO - [402/2009] Biological assembly already cached: 3D9U-assembly1.cif
2026-04-27 06:08:56,999 - INFO - [403/2009] Asymmetric unit already cached: 3DAB.cif
2026-04-27 06:08:56,999 - INFO - [403/2009] Biological assembly already cached: 3DAB-assembly1.cif
2026-04-27 06:08:57,199 - INFO - [404/2009] Asymmetric unit already cached: 3DB3.cif
2026-04-27 06:08:57,200 - INFO - [404/2009] Biological assembly already cached: 3DB3-assembly1.cif
2026-04-27 06:08:57,400 - INFO - [405/2009] Asymmetric unit already cached: 3DB4.cif
2026-04-27 06:08:57,400 - INFO - [405/2009] Biological assembly already cached: 3DB4-assembly1.cif
2026-04-27 06:08:57,601 - INFO - [406/2009] Asymmetric unit already cached: 3DDT.cif
2026-04-27 06:08:57,601 - INFO - [406/2009] Biological assembly already cached: 3DDT-assembly1.cif
2026-04-27 06:08:57,801 - INFO - [407/2009] Asymmetric unit already cached: 3DKM.cif
2026-04-27 06:08:57,802 - INFO - [407/2009] Biological assembly already cached: 3DKM-assembly1.cif
2026-04-27 06:08:58,002 - INFO - [408/2009] Asymmetric unit already cached: 3DPL.cif
2026-04-27 06:08:58,002 - INFO - [408/2009] Biological assembly already cached: 3DPL-assembly1.cif
2026-04-27 06:08:58,203 - INFO - [409/2009] Asymmetric unit already cached: 3DQV.cif
2026-04-27 06:08:58,203 - INFO - [409/2009] Biological assembly already cached: 3DQV-assembly1.cif
2026-04-27 06:08:58,403 - INFO - [410/2009] Asymmetric unit already cached: 3DWH.cif
2026-04-27 06:08:58,404 - INFO - [410/2009] Biological assembly already cached: 3DWH-assembly1.cif
2026-04-27 06:08:58,604 - INFO - [411/2009] Asymmetric unit already cached: 3DWY.cif
2026-04-27 06:08:58,604 - INFO - [411/2009] Biological assembly already cached: 3DWY-assembly1.cif
2026-04-27 06:08:58,805 - INFO - [412/2009] Asymmetric unit already cached: 3E46.cif
2026-04-27 06:08:58,805 - INFO - [412/2009] Biological assembly already cached: 3E46-assembly1.cif
2026-04-27 06:08:59,005 - INFO - [413/2009] Asymmetric unit already cached: 3EB5.cif
2026-04-27 06:08:59,006 - INFO - [413/2009] Biological assembly already cached: 3EB5-assembly1.cif
2026-04-27 06:08:59,206 - INFO - [414/2009] Asymmetric unit already cached: 3EB6.cif
2026-04-27 06:08:59,206 - INFO - [414/2009] Biological assembly already cached: 3EB6-assembly1.cif
2026-04-27 06:08:59,407 - INFO - [415/2009] Asymmetric unit already cached: 3EGA.cif
2026-04-27 06:08:59,407 - INFO - [415/2009] Biological assembly already cached: 3EGA-assembly1.cif
2026-04-27 06:08:59,607 - INFO - [416/2009] Asymmetric unit already cached: 3EGB.cif
2026-04-27 06:08:59,608 - INFO - [416/2009] Biological assembly already cached: 3EGB-assembly1.cif
2026-04-27 06:08:59,808 - INFO - [417/2009] Asymmetric unit already cached: 3EQS.cif
2026-04-27 06:08:59,808 - INFO - [417/2009] Biological assembly already cached: 3EQS-assembly1.cif
2026-04-27 06:09:00,009 - INFO - [418/2009] Asymmetric unit already cached: 3EQY.cif
2026-04-27 06:09:00,009 - INFO - [418/2009] Biological assembly already cached: 3EQY-assembly1.cif
2026-04-27 06:09:00,209 - INFO - [419/2009] Asymmetric unit already cached: 3EYL.cif
2026-04-27 06:09:00,210 - INFO - [419/2009] Biological assembly already cached: 3EYL-assembly1.cif
2026-04-27 06:09:00,410 - INFO - [420/2009] Asymmetric unit already cached: 3F7G.cif
2026-04-27 06:09:00,410 - INFO - [420/2009] Biological assembly already cached: 3F7G-assembly1.cif
2026-04-27 06:09:00,611 - INFO - [421/2009] Asymmetric unit already cached: 3F7H.cif
2026-04-27 06:09:00,611 - INFO - [421/2009] Biological assembly already cached: 3F7H-assembly1.cif
2026-04-27 06:09:00,811 - INFO - [422/2009] Asymmetric unit already cached: 3F7I.cif
2026-04-27 06:09:00,812 - INFO - [422/2009] Biological assembly already cached: 3F7I-assembly1.cif
2026-04-27 06:09:01,012 - INFO - [423/2009] Asymmetric unit already cached: 3F92.cif
2026-04-27 06:09:01,012 - INFO - [423/2009] Biological assembly already cached: 3F92-assembly1.cif
2026-04-27 06:09:01,213 - INFO - [424/2009] Asymmetric unit already cached: 3FA2.cif
2026-04-27 06:09:01,213 - INFO - [424/2009] Biological assembly already cached: 3FA2-assembly1.cif
2026-04-27 06:09:01,413 - INFO - [425/2009] Asymmetric unit already cached: 3FDO.cif
2026-04-27 06:09:01,414 - INFO - [425/2009] Biological assembly already cached: 3FDO-assembly1.cif
2026-04-27 06:09:01,614 - INFO - [426/2009] Asymmetric unit already cached: 3FE7.cif
2026-04-27 06:09:01,614 - INFO - [426/2009] Biological assembly already cached: 3FE7-assembly1.cif
2026-04-27 06:09:01,814 - INFO - [427/2009] Asymmetric unit already cached: 3FEA.cif
2026-04-27 06:09:01,815 - INFO - [427/2009] Biological assembly already cached: 3FEA-assembly1.cif
2026-04-27 06:09:02,015 - INFO - [428/2009] Asymmetric unit already cached: 3FL2.cif
2026-04-27 06:09:02,015 - INFO - [428/2009] Biological assembly already cached: 3FL2-assembly1.cif
2026-04-27 06:09:02,216 - INFO - [429/2009] Asymmetric unit already cached: 3FN1.cif
2026-04-27 06:09:02,216 - INFO - [429/2009] Biological assembly already cached: 3FN1-assembly1.cif
2026-04-27 06:09:02,416 - INFO - [430/2009] Asymmetric unit already cached: 3FSH.cif
2026-04-27 06:09:02,417 - INFO - [430/2009] Biological assembly already cached: 3FSH-assembly1.cif
2026-04-27 06:09:02,617 - INFO - [431/2009] Asymmetric unit already cached: 3G03.cif
2026-04-27 06:09:02,617 - INFO - [431/2009] Biological assembly already cached: 3G03-assembly1.cif
2026-04-27 06:09:02,818 - INFO - [432/2009] Asymmetric unit already cached: 3G1N.cif
2026-04-27 06:09:02,818 - INFO - [432/2009] Biological assembly already cached: 3G1N-assembly1.cif
2026-04-27 06:09:03,018 - INFO - [433/2009] Asymmetric unit already cached: 3G76.cif
2026-04-27 06:09:03,019 - INFO - [433/2009] Biological assembly already cached: 3G76-assembly1.cif
2026-04-27 06:09:03,219 - INFO - [434/2009] Asymmetric unit already cached: 3GS2.cif
2026-04-27 06:09:03,219 - INFO - [434/2009] Biological assembly already cached: 3GS2-assembly1.cif
2026-04-27 06:09:03,420 - INFO - [435/2009] Asymmetric unit already cached: 3GT9.cif
2026-04-27 06:09:03,420 - INFO - [435/2009] Biological assembly already cached: 3GT9-assembly1.cif
2026-04-27 06:09:03,620 - INFO - [436/2009] Asymmetric unit already cached: 3GTA.cif
2026-04-27 06:09:03,620 - INFO - [436/2009] Biological assembly already cached: 3GTA-assembly1.cif
2026-04-27 06:09:03,821 - INFO - [437/2009] Asymmetric unit already cached: 3GV4.cif
2026-04-27 06:09:03,821 - INFO - [437/2009] Biological assembly already cached: 3GV4-assembly1.cif
2026-04-27 06:09:04,021 - INFO - [438/2009] Asymmetric unit already cached: 3H1D.cif
2026-04-27 06:09:04,022 - INFO - [438/2009] Biological assembly already cached: 3H1D-assembly1.cif
2026-04-27 06:09:04,222 - INFO - [439/2009] Asymmetric unit already cached: 3H8H.cif
2026-04-27 06:09:04,222 - INFO - [439/2009] Biological assembly already cached: 3H8H-assembly1.cif
2026-04-27 06:09:04,423 - INFO - [440/2009] Asymmetric unit already cached: 3H8K.cif
2026-04-27 06:09:04,423 - INFO - [440/2009] Biological assembly already cached: 3H8K-assembly1.cif
2026-04-27 06:09:04,623 - INFO - [441/2009] Asymmetric unit already cached: 3HCS.cif
2026-04-27 06:09:04,624 - INFO - [441/2009] Biological assembly already cached: 3HCS-assembly1.cif
2026-04-27 06:09:04,824 - INFO - [442/2009] Asymmetric unit already cached: 3HCT.cif
2026-04-27 06:09:04,824 - INFO - [442/2009] Biological assembly already cached: 3HCT-assembly1.cif
2026-04-27 06:09:05,025 - INFO - [443/2009] Asymmetric unit already cached: 3HCU.cif
2026-04-27 06:09:05,025 - INFO - [443/2009] Biological assembly already cached: 3HCU-assembly1.cif
2026-04-27 06:09:05,225 - INFO - [444/2009] Asymmetric unit already cached: 3HL5.cif
2026-04-27 06:09:05,226 - INFO - [444/2009] Biological assembly already cached: 3HL5-assembly1.cif
2026-04-27 06:09:05,426 - INFO - [445/2009] Asymmetric unit already cached: 3I3J.cif
2026-04-27 06:09:05,426 - INFO - [445/2009] Biological assembly already cached: 3I3J-assembly1.cif
2026-04-27 06:09:05,627 - INFO - [446/2009] Asymmetric unit already cached: 3ICU.cif
2026-04-27 06:09:05,627 - INFO - [446/2009] Biological assembly already cached: 3ICU-assembly1.cif
2026-04-27 06:09:05,827 - INFO - [447/2009] Asymmetric unit already cached: 3IO2.cif
2026-04-27 06:09:05,827 - INFO - [447/2009] Biological assembly already cached: 3IO2-assembly1.cif
2026-04-27 06:09:06,028 - INFO - [448/2009] Asymmetric unit already cached: 3IUX.cif
2026-04-27 06:09:06,028 - INFO - [448/2009] Biological assembly already cached: 3IUX-assembly1.cif
2026-04-27 06:09:06,228 - INFO - [449/2009] Asymmetric unit already cached: 3IWY.cif
2026-04-27 06:09:06,229 - INFO - [449/2009] Biological assembly already cached: 3IWY-assembly1.cif
2026-04-27 06:09:06,429 - INFO - [450/2009] Asymmetric unit already cached: 3IXS.cif
2026-04-27 06:09:06,429 - INFO - [450/2009] Biological assembly already cached: 3IXS-assembly1.cif
2026-04-27 06:09:06,630 - INFO - [451/2009] Asymmetric unit already cached: 3J92.cif
2026-04-27 06:09:06,630 - INFO - [451/2009] Biological assembly already cached: 3J92-assembly1.cif
2026-04-27 06:09:06,830 - INFO - [452/2009] Asymmetric unit already cached: 3JVZ.cif
2026-04-27 06:09:06,830 - INFO - [452/2009] Biological assembly already cached: 3JVZ-assembly1.cif
2026-04-27 06:09:07,031 - INFO - [453/2009] Asymmetric unit already cached: 3JW0.cif
2026-04-27 06:09:07,031 - INFO - [453/2009] Biological assembly already cached: 3JW0-assembly1.cif
2026-04-27 06:09:07,231 - INFO - [454/2009] Asymmetric unit already cached: 3JZK.cif
2026-04-27 06:09:07,232 - INFO - [454/2009] Biological assembly already cached: 3JZK-assembly1.cif
2026-04-27 06:09:07,432 - INFO - [455/2009] Asymmetric unit already cached: 3JZO.cif
2026-04-27 06:09:07,432 - INFO - [455/2009] Biological assembly already cached: 3JZO-assembly1.cif
2026-04-27 06:09:07,633 - INFO - [456/2009] Asymmetric unit already cached: 3JZP.cif
2026-04-27 06:09:07,633 - INFO - [456/2009] Biological assembly already cached: 3JZP-assembly1.cif
2026-04-27 06:09:07,834 - INFO - [457/2009] Asymmetric unit already cached: 3JZQ.cif
2026-04-27 06:09:07,834 - INFO - [457/2009] Biological assembly already cached: 3JZQ-assembly1.cif
2026-04-27 06:09:08,034 - INFO - [458/2009] Asymmetric unit already cached: 3JZR.cif
2026-04-27 06:09:08,034 - INFO - [458/2009] Biological assembly already cached: 3JZR-assembly1.cif
2026-04-27 06:09:08,235 - INFO - [459/2009] Asymmetric unit already cached: 3JZS.cif
2026-04-27 06:09:08,235 - INFO - [459/2009] Biological assembly already cached: 3JZS-assembly1.cif
2026-04-27 06:09:08,436 - INFO - [460/2009] Asymmetric unit already cached: 3K0H.cif
2026-04-27 06:09:08,436 - INFO - [460/2009] Biological assembly already cached: 3K0H-assembly1.cif
2026-04-27 06:09:08,636 - INFO - [461/2009] Asymmetric unit already cached: 3K0K.cif
2026-04-27 06:09:08,637 - INFO - [461/2009] Biological assembly already cached: 3K0K-assembly1.cif
2026-04-27 06:09:08,837 - INFO - [462/2009] Asymmetric unit already cached: 3K15.cif
2026-04-27 06:09:08,837 - INFO - [462/2009] Biological assembly already cached: 3K15-assembly1.cif
2026-04-27 06:09:09,038 - INFO - [463/2009] Asymmetric unit already cached: 3K16.cif
2026-04-27 06:09:09,038 - INFO - [463/2009] Biological assembly already cached: 3K16-assembly1.cif
2026-04-27 06:09:09,238 - INFO - [464/2009] Asymmetric unit already cached: 3K9O.cif
2026-04-27 06:09:09,239 - INFO - [464/2009] Biological assembly already cached: 3K9O-assembly1.cif
2026-04-27 06:09:09,439 - INFO - [465/2009] Asymmetric unit already cached: 3K9P.cif
2026-04-27 06:09:09,439 - INFO - [465/2009] Biological assembly already cached: 3K9P-assembly1.cif
2026-04-27 06:09:09,640 - INFO - [466/2009] Asymmetric unit already cached: 3KB5.cif
2026-04-27 06:09:09,640 - INFO - [466/2009] Biological assembly already cached: 3KB5-assembly1.cif
2026-04-27 06:09:09,841 - INFO - [467/2009] Asymmetric unit already cached: 3KCI.cif
2026-04-27 06:09:09,841 - INFO - [467/2009] Biological assembly already cached: 3KCI-assembly1.cif
2026-04-27 06:09:10,041 - INFO - [468/2009] Asymmetric unit already cached: 3KNV.cif
2026-04-27 06:09:10,042 - INFO - [468/2009] Biological assembly already cached: 3KNV-assembly1.cif
2026-04-27 06:09:10,242 - INFO - [469/2009] Asymmetric unit already cached: 3L11.cif
2026-04-27 06:09:10,242 - INFO - [469/2009] Biological assembly already cached: 3L11-assembly1.cif
2026-04-27 06:09:10,443 - INFO - [470/2009] Asymmetric unit already cached: 3L1X.cif
2026-04-27 06:09:10,443 - INFO - [470/2009] Biological assembly already cached: 3L1X-assembly1.cif
2026-04-27 06:09:10,643 - INFO - [471/2009] Asymmetric unit already cached: 3L1Y.cif
2026-04-27 06:09:10,644 - INFO - [471/2009] Biological assembly already cached: 3L1Y-assembly1.cif
2026-04-27 06:09:10,844 - INFO - [472/2009] Asymmetric unit already cached: 3L1Z.cif
2026-04-27 06:09:10,844 - INFO - [472/2009] Biological assembly already cached: 3L1Z-assembly1.cif
2026-04-27 06:09:11,045 - INFO - [473/2009] Asymmetric unit already cached: 3L4H.cif
2026-04-27 06:09:11,045 - INFO - [473/2009] Biological assembly already cached: 3L4H-assembly1.cif
2026-04-27 06:09:11,246 - INFO - [474/2009] Asymmetric unit already cached: 3LBJ.cif
2026-04-27 06:09:11,246 - INFO - [474/2009] Biological assembly already cached: 3LBJ-assembly1.cif
2026-04-27 06:09:11,446 - INFO - [475/2009] Asymmetric unit already cached: 3LBK.cif
2026-04-27 06:09:11,446 - INFO - [475/2009] Biological assembly already cached: 3LBK-assembly1.cif
2026-04-27 06:09:11,647 - INFO - [476/2009] Asymmetric unit already cached: 3LBL.cif
2026-04-27 06:09:11,647 - INFO - [476/2009] Biological assembly already cached: 3LBL-assembly1.cif
2026-04-27 06:09:11,848 - INFO - [477/2009] Asymmetric unit already cached: 3LNJ.cif
2026-04-27 06:09:11,848 - INFO - [477/2009] Biological assembly already cached: 3LNJ-assembly1.cif
2026-04-27 06:09:12,048 - INFO - [478/2009] Asymmetric unit already cached: 3LNZ.cif
2026-04-27 06:09:12,048 - INFO - [478/2009] Biological assembly already cached: 3LNZ-assembly1.cif
2026-04-27 06:09:12,249 - INFO - [479/2009] Asymmetric unit already cached: 3LRQ.cif
2026-04-27 06:09:12,249 - INFO - [479/2009] Biological assembly already cached: 3LRQ-assembly1.cif
2026-04-27 06:09:12,450 - INFO - [480/2009] Asymmetric unit already cached: 3M06.cif
2026-04-27 06:09:12,450 - INFO - [480/2009] Biological assembly already cached: 3M06-assembly1.cif
2026-04-27 06:09:12,650 - INFO - [481/2009] Asymmetric unit already cached: 3M0A.cif
2026-04-27 06:09:12,650 - INFO - [481/2009] Biological assembly already cached: 3M0A-assembly1.cif
2026-04-27 06:09:12,851 - INFO - [482/2009] Asymmetric unit already cached: 3M0D.cif
2026-04-27 06:09:12,851 - INFO - [482/2009] Biological assembly already cached: 3M0D-assembly1.cif
2026-04-27 06:09:13,051 - INFO - [483/2009] Asymmetric unit already cached: 3M1D.cif
2026-04-27 06:09:13,052 - INFO - [483/2009] Biological assembly already cached: 3M1D-assembly1.cif
2026-04-27 06:09:13,252 - INFO - [484/2009] Asymmetric unit already cached: 3MQR.cif
2026-04-27 06:09:13,252 - INFO - [484/2009] Biological assembly already cached: 3MQR-assembly1.cif
2026-04-27 06:09:13,453 - INFO - [485/2009] Asymmetric unit already cached: 3MUP.cif
2026-04-27 06:09:13,453 - INFO - [485/2009] Biological assembly already cached: 3MUP-assembly1.cif
2026-04-27 06:09:13,653 - INFO - [486/2009] Asymmetric unit already cached: 3NY1.cif
2026-04-27 06:09:13,654 - INFO - [486/2009] Biological assembly already cached: 3NY1-assembly1.cif
2026-04-27 06:09:13,854 - INFO - [487/2009] Asymmetric unit already cached: 3NY2.cif
2026-04-27 06:09:13,854 - INFO - [487/2009] Biological assembly already cached: 3NY2-assembly1.cif
2026-04-27 06:09:14,055 - INFO - [488/2009] Asymmetric unit already cached: 3NY3.cif
2026-04-27 06:09:14,055 - INFO - [488/2009] Biological assembly already cached: 3NY3-assembly1.cif
2026-04-27 06:09:14,255 - INFO - [489/2009] Asymmetric unit already cached: 3O33.cif
2026-04-27 06:09:14,256 - INFO - [489/2009] Biological assembly already cached: 3O33-assembly1.cif
2026-04-27 06:09:14,456 - INFO - [490/2009] Asymmetric unit already cached: 3O34.cif
2026-04-27 06:09:14,456 - INFO - [490/2009] Biological assembly already cached: 3O34-assembly1.cif
2026-04-27 06:09:14,657 - INFO - [491/2009] Asymmetric unit already cached: 3O35.cif
2026-04-27 06:09:14,657 - INFO - [491/2009] Biological assembly already cached: 3O35-assembly1.cif
2026-04-27 06:09:14,858 - INFO - [492/2009] Asymmetric unit already cached: 3O36.cif
2026-04-27 06:09:14,858 - INFO - [492/2009] Biological assembly already cached: 3O36-assembly1.cif
2026-04-27 06:09:15,058 - INFO - [493/2009] Asymmetric unit already cached: 3O37.cif
2026-04-27 06:09:15,058 - INFO - [493/2009] Biological assembly already cached: 3O37-assembly1.cif
2026-04-27 06:09:15,259 - INFO - [494/2009] Asymmetric unit already cached: 3OB1.cif
2026-04-27 06:09:15,259 - INFO - [494/2009] Biological assembly already cached: 3OB1-assembly1.cif
2026-04-27 06:09:15,460 - INFO - [495/2009] Asymmetric unit already cached: 3OB2.cif
2026-04-27 06:09:15,460 - INFO - [495/2009] Biological assembly already cached: 3OB2-assembly1.cif
2026-04-27 06:09:15,660 - INFO - [496/2009] Asymmetric unit already cached: 3OJ4.cif
2026-04-27 06:09:15,660 - INFO - [496/2009] Biological assembly already cached: 3OJ4-assembly1.cif
2026-04-27 06:09:15,861 - INFO - [497/2009] Asymmetric unit already cached: 3OLN.cif
2026-04-27 06:09:15,861 - INFO - [497/2009] Biological assembly already cached: 3OLN-assembly1.cif
2026-04-27 06:09:16,062 - INFO - [498/2009] Asymmetric unit already cached: 3OP0.cif
2026-04-27 06:09:16,062 - INFO - [498/2009] Biological assembly already cached: 3OP0-assembly1.cif
2026-04-27 06:09:16,262 - INFO - [499/2009] Asymmetric unit already cached: 3OZ1.cif
2026-04-27 06:09:16,263 - INFO - [499/2009] Biological assembly already cached: 3OZ1-assembly1.cif
2026-04-27 06:09:16,463 - INFO - [500/2009] Asymmetric unit already cached: 3P1C.cif
2026-04-27 06:09:16,463 - INFO - [500/2009] Biological assembly already cached: 3P1C-assembly1.cif
2026-04-27 06:09:16,664 - INFO - [501/2009] Asymmetric unit already cached: 3P1D.cif
2026-04-27 06:09:16,664 - INFO - [501/2009] Biological assembly already cached: 3P1D-assembly1.cif
2026-04-27 06:09:16,864 - INFO - [502/2009] Asymmetric unit already cached: 3P1E.cif
2026-04-27 06:09:16,865 - INFO - [502/2009] Biological assembly already cached: 3P1E-assembly1.cif
2026-04-27 06:09:17,065 - INFO - [503/2009] Asymmetric unit already cached: 3P1F.cif
2026-04-27 06:09:17,065 - INFO - [503/2009] Biological assembly already cached: 3P1F-assembly1.cif
2026-04-27 06:09:17,266 - INFO - [504/2009] Asymmetric unit already cached: 3P57.cif
2026-04-27 06:09:17,266 - INFO - [504/2009] Biological assembly already cached: 3P57-assembly1.cif
2026-04-27 06:09:17,467 - INFO - [505/2009] Asymmetric unit already cached: 3PFV.cif
2026-04-27 06:09:17,467 - INFO - [505/2009] Biological assembly already cached: 3PFV-assembly1.cif
2026-04-27 06:09:17,667 - INFO - [506/2009] Asymmetric unit already cached: 3PG6.cif
2026-04-27 06:09:17,667 - INFO - [506/2009] Biological assembly already cached: 3PG6-assembly1.cif
2026-04-27 06:09:17,868 - INFO - [507/2009] Asymmetric unit already cached: 3PHD.cif
2026-04-27 06:09:17,868 - INFO - [507/2009] Biological assembly already cached: 3PHD-assembly1.cif
2026-04-27 06:09:18,069 - INFO - [508/2009] Asymmetric unit already cached: 3PLF.cif
2026-04-27 06:09:18,069 - INFO - [508/2009] Biological assembly already cached: 3PLF-assembly1.cif
2026-04-27 06:09:18,269 - INFO - [509/2009] Asymmetric unit already cached: 3PT3.cif
2026-04-27 06:09:18,269 - INFO - [509/2009] Biological assembly already cached: 3PT3-assembly1.cif
2026-04-27 06:09:18,470 - INFO - [510/2009] Asymmetric unit already cached: 3PTF.cif
2026-04-27 06:09:18,470 - INFO - [510/2009] Biological assembly already cached: 3PTF-assembly1.cif
2026-04-27 06:09:18,671 - INFO - [511/2009] Asymmetric unit already cached: 3PXA.cif
2026-04-27 06:09:18,671 - INFO - [511/2009] Biological assembly already cached: 3PXA-assembly1.cif
2026-04-27 06:09:18,871 - INFO - [512/2009] Asymmetric unit already cached: 3PXB.cif
2026-04-27 06:09:18,872 - INFO - [512/2009] Biological assembly already cached: 3PXB-assembly1.cif
2026-04-27 06:09:19,072 - INFO - [513/2009] Asymmetric unit already cached: 3PXC.cif
2026-04-27 06:09:19,072 - INFO - [513/2009] Biological assembly already cached: 3PXC-assembly1.cif
2026-04-27 06:09:19,273 - INFO - [514/2009] Asymmetric unit already cached: 3PXD.cif
2026-04-27 06:09:19,273 - INFO - [514/2009] Biological assembly already cached: 3PXD-assembly1.cif
2026-04-27 06:09:19,474 - INFO - [515/2009] Asymmetric unit already cached: 3PXE.cif
2026-04-27 06:09:19,474 - INFO - [515/2009] Biological assembly already cached: 3PXE-assembly1.cif
2026-04-27 06:09:19,674 - INFO - [516/2009] Asymmetric unit already cached: 3PYC.cif
2026-04-27 06:09:19,674 - INFO - [516/2009] Biological assembly already cached: 3PYC-assembly1.cif
2026-04-27 06:09:19,875 - INFO - [517/2009] Asymmetric unit already cached: 3Q1D.cif
2026-04-27 06:09:19,875 - INFO - [517/2009] Biological assembly already cached: 3Q1D-assembly1.cif
2026-04-27 06:09:20,076 - INFO - [518/2009] Asymmetric unit already cached: 3RPG.cif
2026-04-27 06:09:20,076 - INFO - [518/2009] Biological assembly already cached: 3RPG-assembly1.cif
2026-04-27 06:09:20,276 - INFO - [519/2009] Asymmetric unit already cached: 3RTR.cif
2026-04-27 06:09:20,277 - INFO - [519/2009] Biological assembly already cached: 3RTR-assembly1.cif
2026-04-27 06:09:20,477 - INFO - [520/2009] Asymmetric unit already cached: 3RZ3.cif
2026-04-27 06:09:20,477 - INFO - [520/2009] Biological assembly already cached: 3RZ3-assembly1.cif
2026-04-27 06:09:20,678 - INFO - [521/2009] Asymmetric unit already cached: 3SHB.cif
2026-04-27 06:09:20,678 - INFO - [521/2009] Biological assembly already cached: 3SHB-assembly1.cif
2026-04-27 06:09:20,878 - INFO - [522/2009] Asymmetric unit already cached: 3SOU.cif
2026-04-27 06:09:20,879 - INFO - [522/2009] Biological assembly already cached: 3SOU-assembly1.cif
2026-04-27 06:09:21,079 - INFO - [523/2009] Asymmetric unit already cached: 3SOW.cif
2026-04-27 06:09:21,079 - INFO - [523/2009] Biological assembly already cached: 3SOW-assembly1.cif
2026-04-27 06:09:21,280 - INFO - [524/2009] Asymmetric unit already cached: 3SOX.cif
2026-04-27 06:09:21,280 - INFO - [524/2009] Biological assembly already cached: 3SOX-assembly1.cif
2026-04-27 06:09:21,480 - INFO - [525/2009] Asymmetric unit already cached: 3SQV.cif
2026-04-27 06:09:21,481 - INFO - [525/2009] Biological assembly already cached: 3SQV-assembly1.cif
2026-04-27 06:09:21,681 - INFO - [526/2009] Asymmetric unit already cached: 3SVH.cif
2026-04-27 06:09:21,681 - INFO - [526/2009] Biological assembly already cached: 3SVH-assembly1.cif
2026-04-27 06:09:21,882 - INFO - [527/2009] Asymmetric unit already cached: 3SY2.cif
2026-04-27 06:09:21,882 - INFO - [527/2009] Biological assembly already cached: 3SY2-assembly1.cif
2026-04-27 06:09:22,082 - INFO - [528/2009] Asymmetric unit already cached: 3T6P.cif
2026-04-27 06:09:22,082 - INFO - [528/2009] Biological assembly already cached: 3T6P-assembly1.cif
2026-04-27 06:09:22,283 - INFO - [529/2009] Asymmetric unit already cached: 3T6R.cif
2026-04-27 06:09:22,283 - INFO - [529/2009] Biological assembly already cached: 3T6R-assembly1.cif
2026-04-27 06:09:22,484 - INFO - [530/2009] Asymmetric unit already cached: 3T92.cif
2026-04-27 06:09:22,484 - INFO - [530/2009] Biological assembly already cached: 3T92-assembly1.cif
2026-04-27 06:09:22,684 - INFO - [531/2009] Asymmetric unit already cached: 3TDU.cif
2026-04-27 06:09:22,684 - INFO - [531/2009] Biological assembly already cached: 3TDU-assembly1.cif
2026-04-27 06:09:22,885 - INFO - [532/2009] Asymmetric unit already cached: 3TDZ.cif
2026-04-27 06:09:22,885 - INFO - [532/2009] Biological assembly already cached: 3TDZ-assembly1.cif
2026-04-27 06:09:23,086 - INFO - [533/2009] Asymmetric unit already cached: 3TGD.cif
2026-04-27 06:09:23,086 - INFO - [533/2009] Biological assembly already cached: 3TGD-assembly1.cif
2026-04-27 06:09:23,286 - INFO - [534/2009] Asymmetric unit already cached: 3TIW.cif
2026-04-27 06:09:23,286 - INFO - [534/2009] Biological assembly already cached: 3TIW-assembly1.cif
2026-04-27 06:09:23,487 - INFO - [535/2009] Asymmetric unit already cached: 3TJ2.cif
2026-04-27 06:09:23,487 - INFO - [535/2009] Biological assembly already cached: 3TJ2-assembly1.cif
2026-04-27 06:09:23,687 - INFO - [536/2009] Asymmetric unit already cached: 3TPX.cif
2026-04-27 06:09:23,688 - INFO - [536/2009] Biological assembly already cached: 3TPX-assembly1.cif
2026-04-27 06:09:23,888 - INFO - [537/2009] Asymmetric unit already cached: 3TU1.cif
2026-04-27 06:09:23,888 - INFO - [537/2009] Biological assembly already cached: 3TU1-assembly1.cif
2026-04-27 06:09:24,089 - INFO - [538/2009] Asymmetric unit already cached: 3TUG.cif
2026-04-27 06:09:24,089 - INFO - [538/2009] Biological assembly already cached: 3TUG-assembly1.cif
2026-04-27 06:09:24,289 - INFO - [539/2009] Asymmetric unit already cached: 3U15.cif
2026-04-27 06:09:24,289 - INFO - [539/2009] Biological assembly already cached: 3U15-assembly1.cif
2026-04-27 06:09:24,490 - INFO - [540/2009] Asymmetric unit already cached: 3U5M.cif
2026-04-27 06:09:24,490 - INFO - [540/2009] Biological assembly already cached: 3U5M-assembly1.cif
2026-04-27 06:09:24,691 - INFO - [541/2009] Asymmetric unit already cached: 3U5N.cif
2026-04-27 06:09:24,691 - INFO - [541/2009] Biological assembly already cached: 3U5N-assembly1.cif
2026-04-27 06:09:24,891 - INFO - [542/2009] Asymmetric unit already cached: 3U5O.cif
2026-04-27 06:09:24,891 - INFO - [542/2009] Biological assembly already cached: 3U5O-assembly1.cif
2026-04-27 06:09:25,092 - INFO - [543/2009] Asymmetric unit already cached: 3U5P.cif
2026-04-27 06:09:25,092 - INFO - [543/2009] Biological assembly already cached: 3U5P-assembly1.cif
2026-04-27 06:09:25,292 - INFO - [544/2009] Asymmetric unit already cached: 3UGB.cif
2026-04-27 06:09:25,293 - INFO - [544/2009] Biological assembly already cached: 3UGB-assembly1.cif
2026-04-27 06:09:25,493 - INFO - [545/2009] Asymmetric unit already cached: 3UIN.cif
2026-04-27 06:09:25,493 - INFO - [545/2009] Biological assembly already cached: 3UIN-assembly1.cif
2026-04-27 06:09:25,694 - INFO - [546/2009] Asymmetric unit already cached: 3UIO.cif
2026-04-27 06:09:25,694 - INFO - [546/2009] Biological assembly already cached: 3UIO-assembly1.cif
2026-04-27 06:09:25,894 - INFO - [547/2009] Asymmetric unit already cached: 3UIP.cif
2026-04-27 06:09:25,895 - INFO - [547/2009] Biological assembly already cached: 3UIP-assembly1.cif
2026-04-27 06:09:26,095 - INFO - [548/2009] Asymmetric unit already cached: 3UVK.cif
2026-04-27 06:09:26,095 - INFO - [548/2009] Biological assembly already cached: 3UVK-assembly1.cif
2026-04-27 06:09:26,296 - INFO - [549/2009] Asymmetric unit already cached: 3UVL.cif
2026-04-27 06:09:26,296 - INFO - [549/2009] Biological assembly already cached: 3UVL-assembly1.cif
2026-04-27 06:09:26,496 - INFO - [550/2009] Asymmetric unit already cached: 3UW4.cif
2026-04-27 06:09:26,497 - INFO - [550/2009] Biological assembly already cached: 3UW4-assembly1.cif
2026-04-27 06:09:26,697 - INFO - [551/2009] Asymmetric unit already cached: 3UW5.cif
2026-04-27 06:09:26,697 - INFO - [551/2009] Biological assembly already cached: 3UW5-assembly1.cif
2026-04-27 06:09:26,898 - INFO - [552/2009] Asymmetric unit already cached: 3V3B.cif
2026-04-27 06:09:26,898 - INFO - [552/2009] Biological assembly already cached: 3V3B-assembly1.cif
2026-04-27 06:09:27,098 - INFO - [553/2009] Asymmetric unit already cached: 3V3L.cif
2026-04-27 06:09:27,099 - INFO - [553/2009] Biological assembly already cached: 3V3L-assembly1.cif
2026-04-27 06:09:27,299 - INFO - [554/2009] Asymmetric unit already cached: 3VBG.cif
2026-04-27 06:09:27,299 - INFO - [554/2009] Biological assembly already cached: 3VBG-assembly1.cif
2026-04-27 06:09:27,500 - INFO - [555/2009] Asymmetric unit already cached: 3VGO.cif
2026-04-27 06:09:27,500 - INFO - [555/2009] Biological assembly already cached: 3VGO-assembly1.cif
2026-04-27 06:09:27,700 - INFO - [556/2009] Asymmetric unit already cached: 3VON.cif
2026-04-27 06:09:27,700 - INFO - [556/2009] Biological assembly already cached: 3VON-assembly1.cif
2026-04-27 06:09:27,901 - INFO - [557/2009] Asymmetric unit already cached: 3VRN.cif
2026-04-27 06:09:27,901 - INFO - [557/2009] Biological assembly already cached: 3VRN-assembly1.cif
2026-04-27 06:09:28,102 - INFO - [558/2009] Asymmetric unit already cached: 3VRO.cif
2026-04-27 06:09:28,102 - INFO - [558/2009] Biological assembly already cached: 3VRO-assembly1.cif
2026-04-27 06:09:28,302 - INFO - [559/2009] Asymmetric unit already cached: 3VRP.cif
2026-04-27 06:09:28,302 - INFO - [559/2009] Biological assembly already cached: 3VRP-assembly1.cif
2026-04-27 06:09:28,503 - INFO - [560/2009] Asymmetric unit already cached: 3VRQ.cif
2026-04-27 06:09:28,503 - INFO - [560/2009] Biological assembly already cached: 3VRQ-assembly1.cif
2026-04-27 06:09:28,703 - INFO - [561/2009] Asymmetric unit already cached: 3VRR.cif
2026-04-27 06:09:28,704 - INFO - [561/2009] Biological assembly already cached: 3VRR-assembly1.cif
2026-04-27 06:09:28,904 - INFO - [562/2009] Asymmetric unit already cached: 3VZV.cif
2026-04-27 06:09:28,904 - INFO - [562/2009] Biological assembly already cached: 3VZV-assembly1.cif
2026-04-27 06:09:29,105 - INFO - [563/2009] Asymmetric unit already cached: 3W31.cif
2026-04-27 06:09:29,105 - INFO - [563/2009] Biological assembly already cached: 3W31-assembly1.cif
2026-04-27 06:09:29,305 - INFO - [564/2009] Asymmetric unit already cached: 3W69.cif
2026-04-27 06:09:29,305 - INFO - [564/2009] Biological assembly already cached: 3W69-assembly1.cif
2026-04-27 06:09:29,506 - INFO - [565/2009] Asymmetric unit already cached: 3X1O.cif
2026-04-27 06:09:29,506 - INFO - [565/2009] Biological assembly already cached: 3X1O-assembly1.cif
2026-04-27 06:09:29,707 - INFO - [566/2009] Asymmetric unit already cached: 3ZJB.cif
2026-04-27 06:09:29,707 - INFO - [566/2009] Biological assembly already cached: 3ZJB-assembly1.cif
2026-04-27 06:09:29,907 - INFO - [567/2009] Asymmetric unit already cached: 3ZNI.cif
2026-04-27 06:09:29,907 - INFO - [567/2009] Biological assembly already cached: 3ZNI-assembly1.cif
2026-04-27 06:09:30,108 - INFO - [568/2009] Asymmetric unit already cached: 3ZQS.cif
2026-04-27 06:09:30,108 - INFO - [568/2009] Biological assembly already cached: 3ZQS-assembly1.cif
2026-04-27 06:09:30,308 - INFO - [569/2009] Asymmetric unit already cached: 3ZTG.cif
2026-04-27 06:09:30,308 - INFO - [569/2009] Biological assembly already cached: 3ZTG-assembly1.cif
2026-04-27 06:09:30,509 - INFO - [570/2009] Asymmetric unit already cached: 3ZVY.cif
2026-04-27 06:09:30,509 - INFO - [570/2009] Biological assembly already cached: 3ZVY-assembly1.cif
2026-04-27 06:09:30,709 - INFO - [571/2009] Asymmetric unit already cached: 3ZVZ.cif
2026-04-27 06:09:30,710 - INFO - [571/2009] Biological assembly already cached: 3ZVZ-assembly1.cif
2026-04-27 06:09:30,910 - INFO - [572/2009] Asymmetric unit already cached: 4A49.cif
2026-04-27 06:09:30,910 - INFO - [572/2009] Biological assembly already cached: 4A49-assembly1.cif
2026-04-27 06:09:31,111 - INFO - [573/2009] Asymmetric unit already cached: 4A4B.cif
2026-04-27 06:09:31,111 - INFO - [573/2009] Biological assembly already cached: 4A4B-assembly1.cif
2026-04-27 06:09:31,311 - INFO - [574/2009] Asymmetric unit already cached: 4A4C.cif
2026-04-27 06:09:31,311 - INFO - [574/2009] Biological assembly already cached: 4A4C-assembly1.cif
2026-04-27 06:09:31,512 - INFO - [575/2009] Asymmetric unit already cached: 4A9K.cif
2026-04-27 06:09:31,512 - INFO - [575/2009] Biological assembly already cached: 4A9K-assembly1.cif
2026-04-27 06:09:31,712 - INFO - [576/2009] Asymmetric unit already cached: 4AP4.cif
2026-04-27 06:09:31,712 - INFO - [576/2009] Biological assembly already cached: 4AP4-assembly1.cif
2026-04-27 06:09:31,913 - INFO - [577/2009] Asymmetric unit already cached: 4AUQ.cif
2026-04-27 06:09:31,913 - INFO - [577/2009] Biological assembly already cached: 4AUQ-assembly1.cif
2026-04-27 06:09:32,113 - INFO - [578/2009] Asymmetric unit already cached: 4AYC.cif
2026-04-27 06:09:32,113 - INFO - [578/2009] Biological assembly already cached: 4AYC-assembly1.cif
2026-04-27 06:09:32,314 - INFO - [579/2009] Asymmetric unit already cached: 4B7Y.cif
2026-04-27 06:09:32,314 - INFO - [579/2009] Biological assembly already cached: 4B7Y-assembly1.cif
2026-04-27 06:09:32,514 - INFO - [580/2009] Asymmetric unit already cached: 4B86.cif
2026-04-27 06:09:32,515 - INFO - [580/2009] Biological assembly already cached: 4B86-assembly1.cif
2026-04-27 06:09:32,715 - INFO - [581/2009] Asymmetric unit already cached: 4BBN.cif
2026-04-27 06:09:32,715 - INFO - [581/2009] Biological assembly already cached: 4BBN-assembly1.cif
2026-04-27 06:09:32,916 - INFO - [582/2009] Asymmetric unit already cached: 4BE8.cif
2026-04-27 06:09:32,916 - INFO - [582/2009] Biological assembly already cached: 4BE8-assembly1.cif
2026-04-27 06:09:33,116 - INFO - [583/2009] Asymmetric unit already cached: 4BHW.cif
2026-04-27 06:09:33,116 - INFO - [583/2009] Biological assembly already cached: 4BHW-assembly1.cif
2026-04-27 06:09:33,317 - INFO - [584/2009] Asymmetric unit already cached: 4BM9.cif
2026-04-27 06:09:33,317 - INFO - [584/2009] Biological assembly already cached: 4BM9-assembly1.cif
2026-04-27 06:09:33,517 - INFO - [585/2009] Asymmetric unit already cached: 4BVU.cif
2026-04-27 06:09:33,517 - INFO - [585/2009] Biological assembly already cached: 4BVU-assembly1.cif
2026-04-27 06:09:33,718 - INFO - [586/2009] Asymmetric unit already cached: 4C9Z.cif
2026-04-27 06:09:33,718 - INFO - [586/2009] Biological assembly already cached: 4C9Z-assembly1.cif
2026-04-27 06:09:33,918 - INFO - [587/2009] Asymmetric unit already cached: 4CA1.cif
2026-04-27 06:09:33,919 - INFO - [587/2009] Biological assembly already cached: 4CA1-assembly1.cif
2026-04-27 06:09:34,119 - INFO - [588/2009] Asymmetric unit already cached: 4CCG.cif
2026-04-27 06:09:34,119 - INFO - [588/2009] Biological assembly already cached: 4CCG-assembly1.cif
2026-04-27 06:09:34,320 - INFO - [589/2009] Asymmetric unit already cached: 4CFG.cif
2026-04-27 06:09:34,320 - INFO - [589/2009] Biological assembly already cached: 4CFG-assembly1.cif
2026-04-27 06:09:34,520 - INFO - [590/2009] Asymmetric unit already cached: 4DBG.cif
2026-04-27 06:09:34,521 - INFO - [590/2009] Biological assembly already cached: 4DBG-assembly1.cif
2026-04-27 06:09:34,721 - INFO - [591/2009] Asymmetric unit already cached: 4DDG.cif
2026-04-27 06:09:34,721 - INFO - [591/2009] Biological assembly already cached: 4DDG-assembly1.cif
2026-04-27 06:09:34,922 - INFO - [592/2009] Asymmetric unit already cached: 4DDI.cif
2026-04-27 06:09:34,922 - INFO - [592/2009] Biological assembly already cached: 4DDI-assembly1.cif
2026-04-27 06:09:35,122 - INFO - [593/2009] Asymmetric unit already cached: 4DHI.cif
2026-04-27 06:09:35,122 - INFO - [593/2009] Biological assembly already cached: 4DHI-assembly1.cif
2026-04-27 06:09:35,323 - INFO - [594/2009] Asymmetric unit already cached: 4DHJ.cif
2026-04-27 06:09:35,323 - INFO - [594/2009] Biological assembly already cached: 4DHJ-assembly1.cif
2026-04-27 06:09:35,524 - INFO - [595/2009] Asymmetric unit already cached: 4DHZ.cif
2026-04-27 06:09:35,524 - INFO - [595/2009] Biological assembly already cached: 4DHZ-assembly1.cif
2026-04-27 06:09:35,724 - INFO - [596/2009] Asymmetric unit already cached: 4DIJ.cif
2026-04-27 06:09:35,724 - INFO - [596/2009] Biological assembly already cached: 4DIJ-assembly1.cif
2026-04-27 06:09:35,925 - INFO - [597/2009] Asymmetric unit already cached: 4EB9.cif
2026-04-27 06:09:35,925 - INFO - [597/2009] Biological assembly already cached: 4EB9-assembly1.cif
2026-04-27 06:09:36,125 - INFO - [598/2009] Asymmetric unit already cached: 4EC4.cif
2026-04-27 06:09:36,125 - INFO - [598/2009] Biological assembly already cached: 4EC4-assembly1.cif
2026-04-27 06:09:36,326 - INFO - [599/2009] Asymmetric unit already cached: 4ERE.cif
2026-04-27 06:09:36,326 - INFO - [599/2009] Biological assembly already cached: 4ERE-assembly1.cif
2026-04-27 06:09:36,526 - INFO - [600/2009] Asymmetric unit already cached: 4ERF.cif
2026-04-27 06:09:36,527 - INFO - [600/2009] Biological assembly already cached: 4ERF-assembly1.cif
2026-04-27 06:09:36,727 - INFO - [601/2009] Asymmetric unit already cached: 4ERQ.cif
2026-04-27 06:09:36,727 - INFO - [601/2009] Biological assembly already cached: 4ERQ-assembly1.cif
2026-04-27 06:09:36,928 - INFO - [602/2009] Asymmetric unit already cached: 4ERY.cif
2026-04-27 06:09:36,928 - INFO - [602/2009] Biological assembly already cached: 4ERY-assembly1.cif
2026-04-27 06:09:37,128 - INFO - [603/2009] Asymmetric unit already cached: 4F52.cif
2026-04-27 06:09:37,129 - INFO - [603/2009] Biological assembly already cached: 4F52-assembly1.cif
2026-04-27 06:09:37,329 - INFO - [604/2009] Asymmetric unit already cached: 4FO9.cif
2026-04-27 06:09:37,329 - INFO - [604/2009] Biological assembly already cached: 4FO9-assembly1.cif
2026-04-27 06:09:37,530 - INFO - [605/2009] Asymmetric unit already cached: 4G3O.cif
2026-04-27 06:09:37,530 - INFO - [605/2009] Biological assembly already cached: 4G3O-assembly1.cif
2026-04-27 06:09:37,730 - INFO - [606/2009] Asymmetric unit already cached: 4GAO.cif
2026-04-27 06:09:37,730 - INFO - [606/2009] Biological assembly already cached: 4GAO-assembly1.cif
2026-04-27 06:09:37,931 - INFO - [607/2009] Asymmetric unit already cached: 4GB0.cif
2026-04-27 06:09:37,931 - INFO - [607/2009] Biological assembly already cached: 4GB0-assembly1.cif
2026-04-27 06:09:38,131 - INFO - [608/2009] Asymmetric unit already cached: 4GBA.cif
2026-04-27 06:09:38,132 - INFO - [608/2009] Biological assembly already cached: 4GBA-assembly1.cif
2026-04-27 06:09:38,332 - INFO - [609/2009] Asymmetric unit already cached: 4GIZ.cif
2026-04-27 06:09:38,332 - INFO - [609/2009] Biological assembly already cached: 4GIZ-assembly1.cif
2026-04-27 06:09:38,533 - INFO - [610/2009] Asymmetric unit already cached: 4GPL.cif
2026-04-27 06:09:38,533 - INFO - [610/2009] Biological assembly already cached: 4GPL-assembly1.cif
2026-04-27 06:09:38,733 - INFO - [611/2009] Asymmetric unit already cached: 4GY5.cif
2026-04-27 06:09:38,734 - INFO - [611/2009] Biological assembly already cached: 4GY5-assembly1.cif
2026-04-27 06:09:38,934 - INFO - [612/2009] Asymmetric unit already cached: 4HBM.cif
2026-04-27 06:09:38,934 - INFO - [612/2009] Biological assembly already cached: 4HBM-assembly1.cif
2026-04-27 06:09:39,135 - INFO - [613/2009] Asymmetric unit already cached: 4HG7.cif
2026-04-27 06:09:39,135 - INFO - [613/2009] Biological assembly already cached: 4HG7-assembly1.cif
2026-04-27 06:09:39,335 - INFO - [614/2009] Asymmetric unit already cached: 4HPL.cif
2026-04-27 06:09:39,335 - INFO - [614/2009] Biological assembly already cached: 4HPL-assembly1.cif
2026-04-27 06:09:39,536 - INFO - [615/2009] Asymmetric unit already cached: 4HPM.cif
2026-04-27 06:09:39,536 - INFO - [615/2009] Biological assembly already cached: 4HPM-assembly1.cif
2026-04-27 06:09:39,736 - INFO - [616/2009] Asymmetric unit already cached: 4HRE.cif
2026-04-27 06:09:39,736 - INFO - [616/2009] Biological assembly already cached: 4HRE-assembly1.cif
2026-04-27 06:09:39,937 - INFO - [617/2009] Asymmetric unit already cached: 4HRH.cif
2026-04-27 06:09:39,937 - INFO - [617/2009] Biological assembly already cached: 4HRH-assembly1.cif
2026-04-27 06:09:40,138 - INFO - [618/2009] Asymmetric unit already cached: 4HY0.cif
2026-04-27 06:09:40,138 - INFO - [618/2009] Biological assembly already cached: 4HY0-assembly1.cif
2026-04-27 06:09:40,338 - INFO - [619/2009] Asymmetric unit already cached: 4HY4.cif
2026-04-27 06:09:40,338 - INFO - [619/2009] Biological assembly already cached: 4HY4-assembly1.cif
2026-04-27 06:09:40,539 - INFO - [620/2009] Asymmetric unit already cached: 4HY5.cif
2026-04-27 06:09:40,539 - INFO - [620/2009] Biological assembly already cached: 4HY5-assembly1.cif
2026-04-27 06:09:40,739 - INFO - [621/2009] Asymmetric unit already cached: 4I1F.cif
2026-04-27 06:09:40,740 - INFO - [621/2009] Biological assembly already cached: 4I1F-assembly1.cif
2026-04-27 06:09:40,940 - INFO - [622/2009] Asymmetric unit already cached: 4I1H.cif
2026-04-27 06:09:40,940 - INFO - [622/2009] Biological assembly already cached: 4I1H-assembly1.cif
2026-04-27 06:09:41,141 - INFO - [623/2009] Asymmetric unit already cached: 4I7B.cif
2026-04-27 06:09:41,141 - INFO - [623/2009] Biological assembly already cached: 4I7B-assembly1.cif
2026-04-27 06:09:41,341 - INFO - [624/2009] Asymmetric unit already cached: 4I7C.cif
2026-04-27 06:09:41,342 - INFO - [624/2009] Biological assembly already cached: 4I7C-assembly1.cif
2026-04-27 06:09:41,542 - INFO - [625/2009] Asymmetric unit already cached: 4I7D.cif
2026-04-27 06:09:41,542 - INFO - [625/2009] Biological assembly already cached: 4I7D-assembly1.cif
2026-04-27 06:09:41,743 - INFO - [626/2009] Asymmetric unit already cached: 4IC2.cif
2026-04-27 06:09:41,743 - INFO - [626/2009] Biological assembly already cached: 4IC2-assembly1.cif
2026-04-27 06:09:41,943 - INFO - [627/2009] Asymmetric unit already cached: 4IC3.cif
2026-04-27 06:09:41,944 - INFO - [627/2009] Biological assembly already cached: 4IC3-assembly1.cif
2026-04-27 06:09:42,144 - INFO - [628/2009] Asymmetric unit already cached: 4IFI.cif
2026-04-27 06:09:42,144 - INFO - [628/2009] Biological assembly already cached: 4IFI-assembly1.cif
2026-04-27 06:09:42,345 - INFO - [629/2009] Asymmetric unit already cached: 4IGK.cif
2026-04-27 06:09:42,345 - INFO - [629/2009] Biological assembly already cached: 4IGK-assembly1.cif
2026-04-27 06:09:42,545 - INFO - [630/2009] Asymmetric unit already cached: 4IP3.cif
2026-04-27 06:09:42,545 - INFO - [630/2009] Biological assembly already cached: 4IP3-assembly1.cif
2026-04-27 06:09:42,746 - INFO - [631/2009] Asymmetric unit already cached: 4J3Y.cif
2026-04-27 06:09:42,746 - INFO - [631/2009] Biological assembly already cached: 4J3Y-assembly1.cif
2026-04-27 06:09:42,946 - INFO - [632/2009] Asymmetric unit already cached: 4J44.cif
2026-04-27 06:09:42,946 - INFO - [632/2009] Biological assembly already cached: 4J44-assembly1.cif
2026-04-27 06:09:43,147 - INFO - [633/2009] Asymmetric unit already cached: 4J45.cif
2026-04-27 06:09:43,147 - INFO - [633/2009] Biological assembly already cached: 4J45-assembly1.cif
2026-04-27 06:09:43,348 - INFO - [634/2009] Asymmetric unit already cached: 4J46.cif
2026-04-27 06:09:43,348 - INFO - [634/2009] Biological assembly already cached: 4J46-assembly1.cif
2026-04-27 06:09:43,548 - INFO - [635/2009] Asymmetric unit already cached: 4J47.cif
2026-04-27 06:09:43,548 - INFO - [635/2009] Biological assembly already cached: 4J47-assembly1.cif
2026-04-27 06:09:43,749 - INFO - [636/2009] Asymmetric unit already cached: 4J48.cif
2026-04-27 06:09:43,749 - INFO - [636/2009] Biological assembly already cached: 4J48-assembly1.cif
2026-04-27 06:09:43,949 - INFO - [637/2009] Asymmetric unit already cached: 4JJQ.cif
2026-04-27 06:09:43,949 - INFO - [637/2009] Biological assembly already cached: 4JJQ-assembly1.cif
2026-04-27 06:09:44,150 - INFO - [638/2009] Asymmetric unit already cached: 4JLU.cif
2026-04-27 06:09:44,150 - INFO - [638/2009] Biological assembly already cached: 4JLU-assembly1.cif
2026-04-27 06:09:44,350 - INFO - [639/2009] Asymmetric unit already cached: 4JUY.cif
2026-04-27 06:09:44,350 - INFO - [639/2009] Biological assembly already cached: 4JUY-assembly1.cif
2026-04-27 06:09:44,551 - INFO - [640/2009] Asymmetric unit already cached: 4JV7.cif
2026-04-27 06:09:44,551 - INFO - [640/2009] Biological assembly already cached: 4JV7-assembly1.cif
2026-04-27 06:09:44,752 - INFO - [641/2009] Asymmetric unit already cached: 4JV9.cif
2026-04-27 06:09:44,752 - INFO - [641/2009] Biological assembly already cached: 4JV9-assembly1.cif
2026-04-27 06:09:44,952 - INFO - [642/2009] Asymmetric unit already cached: 4JVE.cif
2026-04-27 06:09:44,952 - INFO - [642/2009] Biological assembly already cached: 4JVE-assembly1.cif
2026-04-27 06:09:45,153 - INFO - [643/2009] Asymmetric unit already cached: 4JVR.cif
2026-04-27 06:09:45,153 - INFO - [643/2009] Biological assembly already cached: 4JVR-assembly1.cif
2026-04-27 06:09:45,353 - INFO - [644/2009] Asymmetric unit already cached: 4JWR.cif
2026-04-27 06:09:45,353 - INFO - [644/2009] Biological assembly already cached: 4JWR-assembly1.cif
2026-04-27 06:09:45,554 - INFO - [645/2009] Asymmetric unit already cached: 4K8U.cif
2026-04-27 06:09:45,554 - INFO - [645/2009] Biological assembly already cached: 4K8U-assembly1.cif
2026-04-27 06:09:45,754 - INFO - [646/2009] Asymmetric unit already cached: 4KBL.cif
2026-04-27 06:09:45,755 - INFO - [646/2009] Biological assembly already cached: 4KBL-assembly1.cif
2026-04-27 06:09:45,955 - INFO - [647/2009] Asymmetric unit already cached: 4KBQ.cif
2026-04-27 06:09:45,955 - INFO - [647/2009] Biological assembly already cached: 4KBQ-assembly1.cif
2026-04-27 06:09:46,156 - INFO - [648/2009] Asymmetric unit already cached: 4KC9.cif
2026-04-27 06:09:46,156 - INFO - [648/2009] Biological assembly already cached: 4KC9-assembly1.cif
2026-04-27 06:09:46,356 - INFO - [649/2009] Asymmetric unit already cached: 4KJU.cif
2026-04-27 06:09:46,356 - INFO - [649/2009] Biological assembly already cached: 4KJU-assembly1.cif
2026-04-27 06:09:46,557 - INFO - [650/2009] Asymmetric unit already cached: 4KJV.cif
2026-04-27 06:09:46,557 - INFO - [650/2009] Biological assembly already cached: 4KJV-assembly1.cif
2026-04-27 06:09:46,757 - INFO - [651/2009] Asymmetric unit already cached: 4KMN.cif
2026-04-27 06:09:46,758 - INFO - [651/2009] Biological assembly already cached: 4KMN-assembly1.cif
2026-04-27 06:09:46,958 - INFO - [652/2009] Asymmetric unit already cached: 4KMP.cif
2026-04-27 06:09:46,958 - INFO - [652/2009] Biological assembly already cached: 4KMP-assembly1.cif
2026-04-27 06:09:47,159 - INFO - [653/2009] Asymmetric unit already cached: 4KNG.cif
2026-04-27 06:09:47,159 - INFO - [653/2009] Biological assembly already cached: 4KNG-assembly1.cif
2026-04-27 06:09:47,359 - INFO - [654/2009] Asymmetric unit already cached: 4L1M.cif
2026-04-27 06:09:47,360 - INFO - [654/2009] Biological assembly already cached: 4L1M-assembly1.cif
2026-04-27 06:09:47,560 - INFO - [655/2009] Asymmetric unit already cached: 4LAD.cif
2026-04-27 06:09:47,560 - INFO - [655/2009] Biological assembly already cached: 4LAD-assembly1.cif
2026-04-27 06:09:47,760 - INFO - [656/2009] Asymmetric unit already cached: 4LDT.cif
2026-04-27 06:09:47,761 - INFO - [656/2009] Biological assembly already cached: 4LDT-assembly1.cif
2026-04-27 06:09:47,961 - INFO - [657/2009] Asymmetric unit already cached: 4LG8.cif
2026-04-27 06:09:47,961 - INFO - [657/2009] Biological assembly already cached: 4LG8-assembly1.cif
2026-04-27 06:09:48,162 - INFO - [658/2009] Asymmetric unit already cached: 4LGE.cif
2026-04-27 06:09:48,162 - INFO - [658/2009] Biological assembly already cached: 4LGE-assembly1.cif
2026-04-27 06:09:48,362 - INFO - [659/2009] Asymmetric unit already cached: 4LGU.cif
2026-04-27 06:09:48,362 - INFO - [659/2009] Biological assembly already cached: 4LGU-assembly1.cif
2026-04-27 06:09:48,563 - INFO - [660/2009] Asymmetric unit already cached: 4LJO.cif
2026-04-27 06:09:48,563 - INFO - [660/2009] Biological assembly already cached: 4LJO-assembly1.cif
2026-04-27 06:09:48,763 - INFO - [661/2009] Asymmetric unit already cached: 4LJP.cif
2026-04-27 06:09:48,764 - INFO - [661/2009] Biological assembly already cached: 4LJP-assembly1.cif
2026-04-27 06:09:48,964 - INFO - [662/2009] Asymmetric unit already cached: 4LJQ.cif
2026-04-27 06:09:48,964 - INFO - [662/2009] Biological assembly already cached: 4LJQ-assembly1.cif
2026-04-27 06:09:49,165 - INFO - [663/2009] Asymmetric unit already cached: 4LTB.cif
2026-04-27 06:09:49,165 - INFO - [663/2009] Biological assembly already cached: 4LTB-assembly1.cif
2026-04-27 06:09:49,365 - INFO - [664/2009] Asymmetric unit already cached: 4M3L.cif
2026-04-27 06:09:49,365 - INFO - [664/2009] Biological assembly already cached: 4M3L-assembly1.cif
2026-04-27 06:09:49,566 - INFO - [665/2009] Asymmetric unit already cached: 4M4E.cif
2026-04-27 06:09:49,566 - INFO - [665/2009] Biological assembly already cached: 4M4E-assembly1.cif
2026-04-27 06:09:49,767 - INFO - [666/2009] Asymmetric unit already cached: 4MDK.cif
2026-04-27 06:09:49,767 - INFO - [666/2009] Biological assembly already cached: 4MDK-assembly1.cif
2026-04-27 06:09:49,967 - INFO - [667/2009] Asymmetric unit already cached: 4MDN.cif
2026-04-27 06:09:49,967 - INFO - [667/2009] Biological assembly already cached: 4MDN-assembly1.cif
2026-04-27 06:09:50,168 - INFO - [668/2009] Asymmetric unit already cached: 4MDQ.cif
2026-04-27 06:09:50,168 - INFO - [668/2009] Biological assembly already cached: 4MDQ-assembly1.cif
2026-04-27 06:09:50,368 - INFO - [669/2009] Asymmetric unit already cached: 4MJS.cif
2026-04-27 06:09:50,368 - INFO - [669/2009] Biological assembly already cached: 4MJS-assembly1.cif
2026-04-27 06:09:50,569 - INFO - [670/2009] Asymmetric unit already cached: 4MTI.cif
2026-04-27 06:09:50,569 - INFO - [670/2009] Biological assembly already cached: 4MTI-assembly1.cif
2026-04-27 06:09:50,769 - INFO - [671/2009] Asymmetric unit already cached: 4MTZ.cif
2026-04-27 06:09:50,770 - INFO - [671/2009] Biological assembly already cached: 4MTZ-assembly1.cif
2026-04-27 06:09:50,970 - INFO - [672/2009] Asymmetric unit already cached: 4MU7.cif
2026-04-27 06:09:50,970 - INFO - [672/2009] Biological assembly already cached: 4MU7-assembly1.cif
2026-04-27 06:09:51,171 - INFO - [673/2009] Asymmetric unit already cached: 4N3W.cif
2026-04-27 06:09:51,171 - INFO - [673/2009] Biological assembly already cached: 4N3W-assembly1.cif
2026-04-27 06:09:51,371 - INFO - [674/2009] Asymmetric unit already cached: 4N4F.cif
2026-04-27 06:09:51,371 - INFO - [674/2009] Biological assembly already cached: 4N4F-assembly1.cif
2026-04-27 06:09:51,572 - INFO - [675/2009] Asymmetric unit already cached: 4N7F.cif
2026-04-27 06:09:51,572 - INFO - [675/2009] Biological assembly already cached: 4N7F-assembly1.cif
2026-04-27 06:09:51,772 - INFO - [676/2009] Asymmetric unit already cached: 4N7H.cif
2026-04-27 06:09:51,772 - INFO - [676/2009] Biological assembly already cached: 4N7H-assembly1.cif
2026-04-27 06:09:51,973 - INFO - [677/2009] Asymmetric unit already cached: 4NQJ.cif
2026-04-27 06:09:51,973 - INFO - [677/2009] Biological assembly already cached: 4NQJ-assembly1.cif
2026-04-27 06:09:52,174 - INFO - [678/2009] Asymmetric unit already cached: 4NR3.cif
2026-04-27 06:09:52,174 - INFO - [678/2009] Biological assembly already cached: 4NR3-assembly1.cif
2026-04-27 06:09:52,374 - INFO - [679/2009] Asymmetric unit already cached: 4NR4.cif
2026-04-27 06:09:52,374 - INFO - [679/2009] Biological assembly already cached: 4NR4-assembly1.cif
2026-04-27 06:09:52,575 - INFO - [680/2009] Asymmetric unit already cached: 4NR5.cif
2026-04-27 06:09:52,575 - INFO - [680/2009] Biological assembly already cached: 4NR5-assembly1.cif
2026-04-27 06:09:52,775 - INFO - [681/2009] Asymmetric unit already cached: 4NR6.cif
2026-04-27 06:09:52,776 - INFO - [681/2009] Biological assembly already cached: 4NR6-assembly1.cif
2026-04-27 06:09:52,976 - INFO - [682/2009] Asymmetric unit already cached: 4NR7.cif
2026-04-27 06:09:52,976 - INFO - [682/2009] Biological assembly already cached: 4NR7-assembly1.cif
2026-04-27 06:09:53,177 - INFO - [683/2009] Asymmetric unit already cached: 4NRG.cif
2026-04-27 06:09:53,177 - INFO - [683/2009] Biological assembly already cached: 4NRG-assembly1.cif
2026-04-27 06:09:53,377 - INFO - [684/2009] Asymmetric unit already cached: 4NRI.cif
2026-04-27 06:09:53,377 - INFO - [684/2009] Biological assembly already cached: 4NRI-assembly1.cif
2026-04-27 06:09:53,578 - INFO - [685/2009] Asymmetric unit already cached: 4NYV.cif
2026-04-27 06:09:53,578 - INFO - [685/2009] Biological assembly already cached: 4NYV-assembly1.cif
2026-04-27 06:09:53,778 - INFO - [686/2009] Asymmetric unit already cached: 4NYW.cif
2026-04-27 06:09:53,778 - INFO - [686/2009] Biological assembly already cached: 4NYW-assembly1.cif
2026-04-27 06:09:53,979 - INFO - [687/2009] Asymmetric unit already cached: 4NYX.cif
2026-04-27 06:09:53,979 - INFO - [687/2009] Biological assembly already cached: 4NYX-assembly1.cif
2026-04-27 06:09:54,179 - INFO - [688/2009] Asymmetric unit already cached: 4O2W.cif
2026-04-27 06:09:54,180 - INFO - [688/2009] Biological assembly already cached: 4O2W-assembly1.cif
2026-04-27 06:09:54,380 - INFO - [689/2009] Asymmetric unit already cached: 4OAS.cif
2026-04-27 06:09:54,380 - INFO - [689/2009] Biological assembly already cached: 4OAS-assembly1.cif
2026-04-27 06:09:54,581 - INFO - [690/2009] Asymmetric unit already cached: 4OBA.cif
2026-04-27 06:09:54,581 - INFO - [690/2009] Biological assembly already cached: 4OBA-assembly1.cif
2026-04-27 06:09:54,781 - INFO - [691/2009] Asymmetric unit already cached: 4OCC.cif
2026-04-27 06:09:54,781 - INFO - [691/2009] Biological assembly already cached: 4OCC-assembly1.cif
2026-04-27 06:09:54,982 - INFO - [692/2009] Asymmetric unit already cached: 4ODE.cif
2026-04-27 06:09:54,982 - INFO - [692/2009] Biological assembly already cached: 4ODE-assembly1.cif
2026-04-27 06:09:55,183 - INFO - [693/2009] Asymmetric unit already cached: 4ODF.cif
2026-04-27 06:09:55,183 - INFO - [693/2009] Biological assembly already cached: 4ODF-assembly1.cif
2026-04-27 06:09:55,383 - INFO - [694/2009] Asymmetric unit already cached: 4OFB.cif
2026-04-27 06:09:55,383 - INFO - [694/2009] Biological assembly already cached: 4OFB-assembly1.cif
2026-04-27 06:09:55,584 - INFO - [695/2009] Asymmetric unit already cached: 4OGN.cif
2026-04-27 06:09:55,584 - INFO - [695/2009] Biological assembly already cached: 4OGN-assembly1.cif
2026-04-27 06:09:55,784 - INFO - [696/2009] Asymmetric unit already cached: 4OGT.cif
2026-04-27 06:09:55,785 - INFO - [696/2009] Biological assembly already cached: 4OGT-assembly1.cif
2026-04-27 06:09:55,985 - INFO - [697/2009] Asymmetric unit already cached: 4OGV.cif
2026-04-27 06:09:55,985 - INFO - [697/2009] Biological assembly already cached: 4OGV-assembly1.cif
2026-04-27 06:09:56,186 - INFO - [698/2009] Asymmetric unit already cached: 4ONL.cif
2026-04-27 06:09:56,186 - INFO - [698/2009] Biological assembly already cached: 4ONL-assembly1.cif
2026-04-27 06:09:56,386 - INFO - [699/2009] Asymmetric unit already cached: 4ONM.cif
2026-04-27 06:09:56,386 - INFO - [699/2009] Biological assembly already cached: 4ONM-assembly1.cif
2026-04-27 06:09:56,587 - INFO - [700/2009] Asymmetric unit already cached: 4ONN.cif
2026-04-27 06:09:56,587 - INFO - [700/2009] Biological assembly already cached: 4ONN-assembly1.cif
2026-04-27 06:09:56,787 - INFO - [701/2009] Asymmetric unit already cached: 4OQ3.cif
2026-04-27 06:09:56,788 - INFO - [701/2009] Biological assembly already cached: 4OQ3-assembly1.cif
2026-04-27 06:09:56,988 - INFO - [702/2009] Asymmetric unit already cached: 4ORH.cif
2026-04-27 06:09:56,988 - INFO - [702/2009] Biological assembly already cached: 4ORH-assembly1.cif
2026-04-27 06:09:57,189 - INFO - [703/2009] Asymmetric unit already cached: 4OUF.cif
2026-04-27 06:09:57,189 - INFO - [703/2009] Biological assembly already cached: 4OUF-assembly1.cif
2026-04-27 06:09:57,389 - INFO - [704/2009] Asymmetric unit already cached: 4OWF.cif
2026-04-27 06:09:57,390 - INFO - [704/2009] Biological assembly already cached: 4OWF-assembly1.cif
2026-04-27 06:09:57,590 - INFO - [705/2009] Asymmetric unit already cached: 4OXC.cif
2026-04-27 06:09:57,590 - INFO - [705/2009] Biological assembly already cached: 4OXC-assembly1.cif
2026-04-27 06:09:57,791 - INFO - [706/2009] Asymmetric unit already cached: 4OYJ.cif
2026-04-27 06:09:57,791 - INFO - [706/2009] Biological assembly already cached: 4OYJ-assembly1.cif
2026-04-27 06:09:57,991 - INFO - [707/2009] Asymmetric unit already cached: 4OYK.cif
2026-04-27 06:09:57,991 - INFO - [707/2009] Biological assembly already cached: 4OYK-assembly1.cif
2026-04-27 06:09:58,192 - INFO - [708/2009] Asymmetric unit already cached: 4P09.cif
2026-04-27 06:09:58,192 - INFO - [708/2009] Biological assembly already cached: 4P09-assembly1.cif
2026-04-27 06:09:58,392 - INFO - [709/2009] Asymmetric unit already cached: 4P0A.cif
2026-04-27 06:09:58,392 - INFO - [709/2009] Biological assembly already cached: 4P0A-assembly1.cif
2026-04-27 06:09:58,593 - INFO - [710/2009] Asymmetric unit already cached: 4P0B.cif
2026-04-27 06:09:58,593 - INFO - [710/2009] Biological assembly already cached: 4P0B-assembly1.cif
2026-04-27 06:09:58,794 - INFO - [711/2009] Asymmetric unit already cached: 4P5O.cif
2026-04-27 06:09:58,794 - INFO - [711/2009] Biological assembly already cached: 4P5O-assembly1.cif
2026-04-27 06:09:58,994 - INFO - [712/2009] Asymmetric unit already cached: 4PPE.cif
2026-04-27 06:09:58,994 - INFO - [712/2009] Biological assembly already cached: 4PPE-assembly1.cif
2026-04-27 06:09:59,195 - INFO - [713/2009] Asymmetric unit already cached: 4PW5.cif
2026-04-27 06:09:59,195 - INFO - [713/2009] Biological assembly already cached: 4PW5-assembly1.cif
2026-04-27 06:09:59,395 - INFO - [714/2009] Asymmetric unit already cached: 4PW6.cif
2026-04-27 06:09:59,396 - INFO - [714/2009] Biological assembly already cached: 4PW6-assembly1.cif
2026-04-27 06:09:59,596 - INFO - [715/2009] Asymmetric unit already cached: 4PW7.cif
2026-04-27 06:09:59,596 - INFO - [715/2009] Biological assembly already cached: 4PW7-assembly1.cif
2026-04-27 06:09:59,797 - INFO - [716/2009] Asymmetric unit already cached: 4PZR.cif
2026-04-27 06:09:59,797 - INFO - [716/2009] Biological assembly already cached: 4PZR-assembly1.cif
2026-04-27 06:09:59,997 - INFO - [717/2009] Asymmetric unit already cached: 4PZS.cif
2026-04-27 06:09:59,997 - INFO - [717/2009] Biological assembly already cached: 4PZS-assembly1.cif
2026-04-27 06:10:00,198 - INFO - [718/2009] Asymmetric unit already cached: 4PZT.cif
2026-04-27 06:10:00,198 - INFO - [718/2009] Biological assembly already cached: 4PZT-assembly1.cif
2026-04-27 06:10:00,398 - INFO - [719/2009] Asymmetric unit already cached: 4Q5E.cif
2026-04-27 06:10:00,399 - INFO - [719/2009] Biological assembly already cached: 4Q5E-assembly1.cif
2026-04-27 06:10:00,599 - INFO - [720/2009] Asymmetric unit already cached: 4Q5H.cif
2026-04-27 06:10:00,599 - INFO - [720/2009] Biological assembly already cached: 4Q5H-assembly1.cif
2026-04-27 06:10:00,800 - INFO - [721/2009] Asymmetric unit already cached: 4QIK.cif
2026-04-27 06:10:00,800 - INFO - [721/2009] Biological assembly already cached: 4QIK-assembly1.cif
2026-04-27 06:10:01,000 - INFO - [722/2009] Asymmetric unit already cached: 4QIL.cif
2026-04-27 06:10:01,001 - INFO - [722/2009] Biological assembly already cached: 4QIL-assembly1.cif
2026-04-27 06:10:01,201 - INFO - [723/2009] Asymmetric unit already cached: 4QN1.cif
2026-04-27 06:10:01,201 - INFO - [723/2009] Biological assembly already cached: 4QN1-assembly1.cif
2026-04-27 06:10:01,402 - INFO - [724/2009] Asymmetric unit already cached: 4QO4.cif
2026-04-27 06:10:01,402 - INFO - [724/2009] Biological assembly already cached: 4QO4-assembly1.cif
2026-04-27 06:10:01,602 - INFO - [725/2009] Asymmetric unit already cached: 4QOC.cif
2026-04-27 06:10:01,602 - INFO - [725/2009] Biological assembly already cached: 4QOC-assembly1.cif
2026-04-27 06:10:01,803 - INFO - [726/2009] Asymmetric unit already cached: 4QPL.cif
2026-04-27 06:10:01,803 - INFO - [726/2009] Biological assembly already cached: 4QPL-assembly1.cif
2026-04-27 06:10:02,003 - INFO - [727/2009] Asymmetric unit already cached: 4QQD.cif
2026-04-27 06:10:02,004 - INFO - [727/2009] Biological assembly already cached: 4QQD-assembly1.cif
2026-04-27 06:10:02,204 - INFO - [728/2009] Asymmetric unit already cached: 4QT6.cif
2026-04-27 06:10:02,204 - INFO - [728/2009] Biological assembly already cached: 4QT6-assembly1.cif
2026-04-27 06:10:02,405 - INFO - [729/2009] Asymmetric unit already cached: 4R2Y.cif
2026-04-27 06:10:02,405 - INFO - [729/2009] Biological assembly already cached: 4R2Y-assembly1.cif
2026-04-27 06:10:02,605 - INFO - [730/2009] Asymmetric unit already cached: 4R8P.cif
2026-04-27 06:10:02,605 - INFO - [730/2009] Biological assembly already cached: 4R8P-assembly1.cif
2026-04-27 06:10:02,806 - INFO - [731/2009] Asymmetric unit already cached: 4ROF.cif
2026-04-27 06:10:02,806 - INFO - [731/2009] Biological assembly already cached: 4ROF-assembly1.cif
2026-04-27 06:10:03,007 - INFO - [732/2009] Asymmetric unit already cached: 4RXZ.cif
2026-04-27 06:10:03,007 - INFO - [732/2009] Biological assembly already cached: 4RXZ-assembly1.cif
2026-04-27 06:10:03,207 - INFO - [733/2009] Asymmetric unit already cached: 4S0N.cif
2026-04-27 06:10:03,207 - INFO - [733/2009] Biological assembly already cached: 4S0N-assembly1.cif
2026-04-27 06:10:03,408 - INFO - [734/2009] Asymmetric unit already cached: 4S3O.cif
2026-04-27 06:10:03,408 - INFO - [734/2009] Biological assembly already cached: 4S3O-assembly1.cif
2026-04-27 06:10:03,608 - INFO - [735/2009] Asymmetric unit already cached: 4TKP.cif
2026-04-27 06:10:03,608 - INFO - [735/2009] Biological assembly already cached: 4TKP-assembly1.cif
2026-04-27 06:10:03,809 - INFO - [736/2009] Asymmetric unit already cached: 4TQN.cif
2026-04-27 06:10:03,809 - INFO - [736/2009] Biological assembly already cached: 4TQN-assembly1.cif
2026-04-27 06:10:04,010 - INFO - [737/2009] Asymmetric unit already cached: 4TS8.cif
2026-04-27 06:10:04,010 - INFO - [737/2009] Biological assembly already cached: 4TS8-assembly1.cif
2026-04-27 06:10:04,210 - INFO - [738/2009] Asymmetric unit already cached: 4TSE.cif
2026-04-27 06:10:04,210 - INFO - [738/2009] Biological assembly already cached: 4TSE-assembly1.cif
2026-04-27 06:10:04,411 - INFO - [739/2009] Asymmetric unit already cached: 4TVR.cif
2026-04-27 06:10:04,411 - INFO - [739/2009] Biological assembly already cached: 4TVR-assembly1.cif
2026-04-27 06:10:04,611 - INFO - [740/2009] Asymmetric unit already cached: 4U4A.cif
2026-04-27 06:10:04,612 - INFO - [740/2009] Biological assembly already cached: 4U4A-assembly1.cif
2026-04-27 06:10:04,812 - INFO - [741/2009] Asymmetric unit already cached: 4UD7.cif
2026-04-27 06:10:04,812 - INFO - [741/2009] Biological assembly already cached: 4UD7-assembly1.cif
2026-04-27 06:10:05,013 - INFO - [742/2009] Asymmetric unit already cached: 4UE1.cif
2026-04-27 06:10:05,013 - INFO - [742/2009] Biological assembly already cached: 4UE1-assembly1.cif
2026-04-27 06:10:05,213 - INFO - [743/2009] Asymmetric unit already cached: 4UF8.cif
2026-04-27 06:10:05,213 - INFO - [743/2009] Biological assembly already cached: 4UF8-assembly1.cif
2026-04-27 06:10:05,414 - INFO - [744/2009] Asymmetric unit already cached: 4UF9.cif
2026-04-27 06:10:05,414 - INFO - [744/2009] Biological assembly already cached: 4UF9-assembly1.cif
2026-04-27 06:10:05,614 - INFO - [745/2009] Asymmetric unit already cached: 4UFS.cif
2026-04-27 06:10:05,615 - INFO - [745/2009] Biological assembly already cached: 4UFS-assembly1.cif
2026-04-27 06:10:05,815 - INFO - [746/2009] Asymmetric unit already cached: 4UI9.cif
2026-04-27 06:10:05,815 - INFO - [746/2009] Biological assembly already cached: 4UI9-assembly1.cif
2026-04-27 06:10:06,016 - INFO - [747/2009] Asymmetric unit already cached: 4ULW.cif
2026-04-27 06:10:06,016 - INFO - [747/2009] Biological assembly already cached: 4ULW-assembly1.cif
2026-04-27 06:10:06,216 - INFO - [748/2009] Asymmetric unit already cached: 4UMN.cif
2026-04-27 06:10:06,216 - INFO - [748/2009] Biological assembly already cached: 4UMN-assembly1.cif
2026-04-27 06:10:06,417 - INFO - [749/2009] Asymmetric unit already cached: 4V3K.cif
2026-04-27 06:10:06,417 - INFO - [749/2009] Biological assembly already cached: 4V3K-assembly1.cif
2026-04-27 06:10:06,617 - INFO - [750/2009] Asymmetric unit already cached: 4V3L.cif
2026-04-27 06:10:06,618 - INFO - [750/2009] Biological assembly already cached: 4V3L-assembly1.cif
2026-04-27 06:10:06,818 - INFO - [751/2009] Asymmetric unit already cached: 4W5V.cif
2026-04-27 06:10:06,818 - INFO - [751/2009] Biological assembly already cached: 4W5V-assembly1.cif
2026-04-27 06:10:07,019 - INFO - [752/2009] Asymmetric unit already cached: 4WHU.cif
2026-04-27 06:10:07,019 - INFO - [752/2009] Biological assembly already cached: 4WHU-assembly1.cif
2026-04-27 06:10:07,219 - INFO - [753/2009] Asymmetric unit already cached: 4WHV.cif
2026-04-27 06:10:07,219 - INFO - [753/2009] Biological assembly already cached: 4WHV-assembly1.cif
2026-04-27 06:10:07,420 - INFO - [754/2009] Asymmetric unit already cached: 4WJN.cif
2026-04-27 06:10:07,420 - INFO - [754/2009] Biological assembly already cached: 4WJN-assembly1.cif
2026-04-27 06:10:07,621 - INFO - [755/2009] Asymmetric unit already cached: 4WJO.cif
2026-04-27 06:10:07,621 - INFO - [755/2009] Biological assembly already cached: 4WJO-assembly1.cif
2026-04-27 06:10:07,821 - INFO - [756/2009] Asymmetric unit already cached: 4WT2.cif
2026-04-27 06:10:07,821 - INFO - [756/2009] Biological assembly already cached: 4WT2-assembly1.cif
2026-04-27 06:10:08,022 - INFO - [757/2009] Asymmetric unit already cached: 4WVS.cif
2026-04-27 06:10:08,022 - INFO - [757/2009] Biological assembly already cached: 4WVS-assembly1.cif
2026-04-27 06:10:08,223 - INFO - [758/2009] Asymmetric unit already cached: 4WVT.cif
2026-04-27 06:10:08,223 - INFO - [758/2009] Biological assembly already cached: 4WVT-assembly1.cif
2026-04-27 06:10:08,423 - INFO - [759/2009] Asymmetric unit already cached: 4WVU.cif
2026-04-27 06:10:08,423 - INFO - [759/2009] Biological assembly already cached: 4WVU-assembly1.cif
2026-04-27 06:10:08,624 - INFO - [760/2009] Asymmetric unit already cached: 4WZ3.cif
2026-04-27 06:10:08,624 - INFO - [760/2009] Biological assembly already cached: 4WZ3-assembly1.cif
2026-04-27 06:10:08,824 - INFO - [761/2009] Asymmetric unit already cached: 4X3G.cif
2026-04-27 06:10:08,824 - INFO - [761/2009] Biological assembly already cached: 4X3G-assembly1.cif
2026-04-27 06:10:09,025 - INFO - [762/2009] Asymmetric unit already cached: 4XI6.cif
2026-04-27 06:10:09,025 - INFO - [762/2009] Biological assembly already cached: 4XI6-assembly1.cif
2026-04-27 06:10:09,226 - INFO - [763/2009] Asymmetric unit already cached: 4XI7.cif
2026-04-27 06:10:09,226 - INFO - [763/2009] Biological assembly already cached: 4XI7-assembly1.cif
2026-04-27 06:10:09,426 - INFO - [764/2009] Asymmetric unit already cached: 4XIB.cif
2026-04-27 06:10:09,426 - INFO - [764/2009] Biological assembly already cached: 4XIB-assembly1.cif
2026-04-27 06:10:09,627 - INFO - [765/2009] Asymmetric unit already cached: 4XR8.cif
2026-04-27 06:10:09,627 - INFO - [765/2009] Biological assembly already cached: 4XR8-assembly1.cif
2026-04-27 06:10:09,827 - INFO - [766/2009] Asymmetric unit already cached: 4XZF.cif
2026-04-27 06:10:09,828 - INFO - [766/2009] Biological assembly already cached: 4XZF-assembly1.cif
2026-04-27 06:10:10,028 - INFO - [767/2009] Asymmetric unit already cached: 4XZG.cif
2026-04-27 06:10:10,028 - INFO - [767/2009] Biological assembly already cached: 4XZG-assembly1.cif
2026-04-27 06:10:10,229 - INFO - [768/2009] Asymmetric unit already cached: 4Y07.cif
2026-04-27 06:10:10,229 - INFO - [768/2009] Biological assembly already cached: 4Y07-assembly1.cif
2026-04-27 06:10:10,429 - INFO - [769/2009] Asymmetric unit already cached: 4Y18.cif
2026-04-27 06:10:10,429 - INFO - [769/2009] Biological assembly already cached: 4Y18-assembly1.cif
2026-04-27 06:10:10,630 - INFO - [770/2009] Asymmetric unit already cached: 4Y1L.cif
2026-04-27 06:10:10,630 - INFO - [770/2009] Biological assembly already cached: 4Y1L-assembly1.cif
2026-04-27 06:10:10,830 - INFO - [771/2009] Asymmetric unit already cached: 4Y2G.cif
2026-04-27 06:10:10,831 - INFO - [771/2009] Biological assembly already cached: 4Y2G-assembly1.cif
2026-04-27 06:10:11,031 - INFO - [772/2009] Asymmetric unit already cached: 4YAB.cif
2026-04-27 06:10:11,031 - INFO - [772/2009] Biological assembly already cached: 4YAB-assembly1.cif
2026-04-27 06:10:11,232 - INFO - [773/2009] Asymmetric unit already cached: 4YAD.cif
2026-04-27 06:10:11,232 - INFO - [773/2009] Biological assembly already cached: 4YAD-assembly1.cif
2026-04-27 06:10:11,432 - INFO - [774/2009] Asymmetric unit already cached: 4YAT.cif
2026-04-27 06:10:11,432 - INFO - [774/2009] Biological assembly already cached: 4YAT-assembly1.cif
2026-04-27 06:10:11,633 - INFO - [775/2009] Asymmetric unit already cached: 4YAX.cif
2026-04-27 06:10:11,633 - INFO - [775/2009] Biological assembly already cached: 4YAX-assembly1.cif
2026-04-27 06:10:11,834 - INFO - [776/2009] Asymmetric unit already cached: 4YBM.cif
2026-04-27 06:10:11,834 - INFO - [776/2009] Biological assembly already cached: 4YBM-assembly1.cif
2026-04-27 06:10:12,034 - INFO - [777/2009] Asymmetric unit already cached: 4YBS.cif
2026-04-27 06:10:12,034 - INFO - [777/2009] Biological assembly already cached: 4YBS-assembly1.cif
2026-04-27 06:10:12,235 - INFO - [778/2009] Asymmetric unit already cached: 4YBT.cif
2026-04-27 06:10:12,235 - INFO - [778/2009] Biological assembly already cached: 4YBT-assembly1.cif
2026-04-27 06:10:12,435 - INFO - [779/2009] Asymmetric unit already cached: 4YC9.cif
2026-04-27 06:10:12,435 - INFO - [779/2009] Biological assembly already cached: 4YC9-assembly1.cif
2026-04-27 06:10:12,636 - INFO - [780/2009] Asymmetric unit already cached: 4YII.cif
2026-04-27 06:10:12,636 - INFO - [780/2009] Biological assembly already cached: 4YII-assembly1.cif
2026-04-27 06:10:12,837 - INFO - [781/2009] Asymmetric unit already cached: 4YK0.cif
2026-04-27 06:10:12,837 - INFO - [781/2009] Biological assembly already cached: 4YK0-assembly1.cif
2026-04-27 06:10:13,037 - INFO - [782/2009] Asymmetric unit already cached: 4YWQ.cif
2026-04-27 06:10:13,037 - INFO - [782/2009] Biological assembly already cached: 4YWQ-assembly1.cif
2026-04-27 06:10:13,238 - INFO - [783/2009] Asymmetric unit already cached: 4Z30.cif
2026-04-27 06:10:13,238 - INFO - [783/2009] Biological assembly already cached: 4Z30-assembly1.cif
2026-04-27 06:10:13,438 - INFO - [784/2009] Asymmetric unit already cached: 4Z31.cif
2026-04-27 06:10:13,438 - INFO - [784/2009] Biological assembly already cached: 4Z31-assembly1.cif
2026-04-27 06:10:13,639 - INFO - [785/2009] Asymmetric unit already cached: 4Z4P.cif
2026-04-27 06:10:13,639 - INFO - [785/2009] Biological assembly already cached: 4Z4P-assembly1.cif
2026-04-27 06:10:13,839 - INFO - [786/2009] Asymmetric unit already cached: 4Z8M.cif
2026-04-27 06:10:13,840 - INFO - [786/2009] Biological assembly already cached: 4Z8M-assembly1.cif
2026-04-27 06:10:14,040 - INFO - [787/2009] Asymmetric unit already cached: 4ZFI.cif
2026-04-27 06:10:14,040 - INFO - [787/2009] Biological assembly already cached: 4ZFI-assembly1.cif
2026-04-27 06:10:14,241 - INFO - [788/2009] Asymmetric unit already cached: 4ZGK.cif
2026-04-27 06:10:14,241 - INFO - [788/2009] Biological assembly already cached: 4ZGK-assembly1.cif
2026-04-27 06:10:14,441 - INFO - [789/2009] Asymmetric unit already cached: 4ZLC.cif
2026-04-27 06:10:14,441 - INFO - [789/2009] Biological assembly already cached: 4ZLC-assembly1.cif
2026-04-27 06:10:14,642 - INFO - [790/2009] Asymmetric unit already cached: 4ZLD.cif
2026-04-27 06:10:14,642 - INFO - [790/2009] Biological assembly already cached: 4ZLD-assembly1.cif
2026-04-27 06:10:14,843 - INFO - [791/2009] Asymmetric unit already cached: 4ZQL.cif
2026-04-27 06:10:14,843 - INFO - [791/2009] Biological assembly already cached: 4ZQL-assembly1.cif
2026-04-27 06:10:15,043 - INFO - [792/2009] Asymmetric unit already cached: 4ZTD.cif
2026-04-27 06:10:15,043 - INFO - [792/2009] Biological assembly already cached: 4ZTD-assembly1.cif
2026-04-27 06:10:15,244 - INFO - [793/2009] Asymmetric unit already cached: 4ZYC.cif
2026-04-27 06:10:15,244 - INFO - [793/2009] Biological assembly already cached: 4ZYC-assembly1.cif
2026-04-27 06:10:15,444 - INFO - [794/2009] Asymmetric unit already cached: 4ZYF.cif
2026-04-27 06:10:15,444 - INFO - [794/2009] Biological assembly already cached: 4ZYF-assembly1.cif
2026-04-27 06:10:15,645 - INFO - [795/2009] Asymmetric unit already cached: 4ZYI.cif
2026-04-27 06:10:15,645 - INFO - [795/2009] Biological assembly already cached: 4ZYI-assembly1.cif
2026-04-27 06:10:15,845 - INFO - [796/2009] Asymmetric unit already cached: 5A31.cif
2026-04-27 06:10:15,846 - INFO - [796/2009] Biological assembly already cached: 5A31-assembly1.cif
2026-04-27 06:10:16,046 - INFO - [797/2009] Asymmetric unit already cached: 5A4P.cif
2026-04-27 06:10:16,046 - INFO - [797/2009] Biological assembly already cached: 5A4P-assembly1.cif
2026-04-27 06:10:16,247 - INFO - [798/2009] Asymmetric unit already cached: 5AFG.cif
2026-04-27 06:10:16,247 - INFO - [798/2009] Biological assembly already cached: 5AFG-assembly1.cif
2026-04-27 06:10:16,447 - INFO - [799/2009] Asymmetric unit already cached: 5AHT.cif
2026-04-27 06:10:16,448 - INFO - [799/2009] Biological assembly already cached: 5AHT-assembly1.cif
2026-04-27 06:10:16,648 - INFO - [800/2009] Asymmetric unit already cached: 5AIT.cif
2026-04-27 06:10:16,648 - INFO - [800/2009] Biological assembly already cached: 5AIT-assembly1.cif
2026-04-27 06:10:16,849 - INFO - [801/2009] Asymmetric unit already cached: 5AIU.cif
2026-04-27 06:10:16,849 - INFO - [801/2009] Biological assembly already cached: 5AIU-assembly1.cif
2026-04-27 06:10:17,049 - INFO - [802/2009] Asymmetric unit already cached: 5AIZ.cif
2026-04-27 06:10:17,050 - INFO - [802/2009] Biological assembly already cached: 5AIZ-assembly1.cif
2026-04-27 06:10:17,250 - INFO - [803/2009] Asymmetric unit already cached: 5B8D.cif
2026-04-27 06:10:17,250 - INFO - [803/2009] Biological assembly already cached: 5B8D-assembly1.cif
2026-04-27 06:10:17,451 - INFO - [804/2009] Asymmetric unit already cached: 5BNB.cif
2026-04-27 06:10:17,451 - INFO - [804/2009] Biological assembly already cached: 5BNB-assembly1.cif
2026-04-27 06:10:17,651 - INFO - [805/2009] Asymmetric unit already cached: 5BNH.cif
2026-04-27 06:10:17,652 - INFO - [805/2009] Biological assembly already cached: 5BNH-assembly1.cif
2026-04-27 06:10:17,852 - INFO - [806/2009] Asymmetric unit already cached: 5BT3.cif
2026-04-27 06:10:17,852 - INFO - [806/2009] Biological assembly already cached: 5BT3-assembly1.cif
2026-04-27 06:10:18,053 - INFO - [807/2009] Asymmetric unit already cached: 5C0K.cif
2026-04-27 06:10:18,053 - INFO - [807/2009] Biological assembly already cached: 5C0K-assembly1.cif
2026-04-27 06:10:18,253 - INFO - [808/2009] Asymmetric unit already cached: 5C0L.cif
2026-04-27 06:10:18,254 - INFO - [808/2009] Biological assembly already cached: 5C0L-assembly1.cif
2026-04-27 06:10:18,454 - INFO - [809/2009] Asymmetric unit already cached: 5C1Z.cif
2026-04-27 06:10:18,454 - INFO - [809/2009] Biological assembly already cached: 5C1Z-assembly1.cif
2026-04-27 06:10:18,655 - INFO - [810/2009] Asymmetric unit already cached: 5C23.cif
2026-04-27 06:10:18,655 - INFO - [810/2009] Biological assembly already cached: 5C23-assembly1.cif
2026-04-27 06:10:18,855 - INFO - [811/2009] Asymmetric unit already cached: 5C3H.cif
2026-04-27 06:10:18,856 - INFO - [811/2009] Biological assembly already cached: 5C3H-assembly1.cif
2026-04-27 06:10:19,056 - INFO - [812/2009] Asymmetric unit already cached: 5C3K.cif
2026-04-27 06:10:19,056 - INFO - [812/2009] Biological assembly already cached: 5C3K-assembly1.cif
2026-04-27 06:10:19,257 - INFO - [813/2009] Asymmetric unit already cached: 5C5A.cif
2026-04-27 06:10:19,257 - INFO - [813/2009] Biological assembly already cached: 5C5A-assembly1.cif
2026-04-27 06:10:19,457 - INFO - [814/2009] Asymmetric unit already cached: 5C6D.cif
2026-04-27 06:10:19,458 - INFO - [814/2009] Biological assembly already cached: 5C6D-assembly1.cif
2026-04-27 06:10:19,658 - INFO - [815/2009] Asymmetric unit already cached: 5C6H.cif
2026-04-27 06:10:19,658 - INFO - [815/2009] Biological assembly already cached: 5C6H-assembly1.cif
2026-04-27 06:10:19,859 - INFO - [816/2009] Asymmetric unit already cached: 5C7A.cif
2026-04-27 06:10:19,859 - INFO - [816/2009] Biological assembly already cached: 5C7A-assembly1.cif
2026-04-27 06:10:20,059 - INFO - [817/2009] Asymmetric unit already cached: 5C7B.cif
2026-04-27 06:10:20,059 - INFO - [817/2009] Biological assembly already cached: 5C7B-assembly1.cif
2026-04-27 06:10:20,260 - INFO - [818/2009] Asymmetric unit already cached: 5C7C.cif
2026-04-27 06:10:20,260 - INFO - [818/2009] Biological assembly already cached: 5C7C-assembly1.cif
2026-04-27 06:10:20,460 - INFO - [819/2009] Asymmetric unit already cached: 5C7D.cif
2026-04-27 06:10:20,461 - INFO - [819/2009] Biological assembly already cached: 5C7D-assembly1.cif
2026-04-27 06:10:20,661 - INFO - [820/2009] Asymmetric unit already cached: 5C7J.cif
2026-04-27 06:10:20,661 - INFO - [820/2009] Biological assembly already cached: 5C7J-assembly1.cif
2026-04-27 06:10:20,862 - INFO - [821/2009] Asymmetric unit already cached: 5C7M.cif
2026-04-27 06:10:20,862 - INFO - [821/2009] Biological assembly already cached: 5C7M-assembly1.cif
2026-04-27 06:10:21,062 - INFO - [822/2009] Asymmetric unit already cached: 5C83.cif
2026-04-27 06:10:21,063 - INFO - [822/2009] Biological assembly already cached: 5C83-assembly1.cif
2026-04-27 06:10:21,263 - INFO - [823/2009] Asymmetric unit already cached: 5C84.cif
2026-04-27 06:10:21,263 - INFO - [823/2009] Biological assembly already cached: 5C84-assembly1.cif
2026-04-27 06:10:21,464 - INFO - [824/2009] Asymmetric unit already cached: 5C91.cif
2026-04-27 06:10:21,464 - INFO - [824/2009] Biological assembly already cached: 5C91-assembly1.cif
2026-04-27 06:10:21,664 - INFO - [825/2009] Asymmetric unit already cached: 5C9V.cif
2026-04-27 06:10:21,665 - INFO - [825/2009] Biological assembly already cached: 5C9V-assembly1.cif
2026-04-27 06:10:21,865 - INFO - [826/2009] Asymmetric unit already cached: 5CGP.cif
2026-04-27 06:10:21,865 - INFO - [826/2009] Biological assembly already cached: 5CGP-assembly1.cif
2026-04-27 06:10:22,066 - INFO - [827/2009] Asymmetric unit already cached: 5CQ2.cif
2026-04-27 06:10:22,066 - INFO - [827/2009] Biological assembly already cached: 5CQ2-assembly1.cif
2026-04-27 06:10:22,266 - INFO - [828/2009] Asymmetric unit already cached: 5D0I.cif
2026-04-27 06:10:22,267 - INFO - [828/2009] Biological assembly already cached: 5D0I-assembly1.cif
2026-04-27 06:10:22,467 - INFO - [829/2009] Asymmetric unit already cached: 5D0K.cif
2026-04-27 06:10:22,467 - INFO - [829/2009] Biological assembly already cached: 5D0K-assembly1.cif
2026-04-27 06:10:22,668 - INFO - [830/2009] Asymmetric unit already cached: 5D0M.cif
2026-04-27 06:10:22,668 - INFO - [830/2009] Biological assembly already cached: 5D0M-assembly1.cif
2026-04-27 06:10:22,868 - INFO - [831/2009] Asymmetric unit already cached: 5D1K.cif
2026-04-27 06:10:22,869 - INFO - [831/2009] Biological assembly already cached: 5D1K-assembly1.cif
2026-04-27 06:10:23,069 - INFO - [832/2009] Asymmetric unit already cached: 5D1L.cif
2026-04-27 06:10:23,069 - INFO - [832/2009] Biological assembly already cached: 5D1L-assembly1.cif
2026-04-27 06:10:23,270 - INFO - [833/2009] Asymmetric unit already cached: 5D1M.cif
2026-04-27 06:10:23,270 - INFO - [833/2009] Biological assembly already cached: 5D1M-assembly1.cif
2026-04-27 06:10:23,470 - INFO - [834/2009] Asymmetric unit already cached: 5D2M.cif
2026-04-27 06:10:23,471 - INFO - [834/2009] Biological assembly already cached: 5D2M-assembly1.cif
2026-04-27 06:10:23,671 - INFO - [835/2009] Asymmetric unit already cached: 5DBM.cif
2026-04-27 06:10:23,671 - INFO - [835/2009] Biological assembly already cached: 5DBM-assembly1.cif
2026-04-27 06:10:23,872 - INFO - [836/2009] Asymmetric unit already cached: 5DFL.cif
2026-04-27 06:10:23,872 - INFO - [836/2009] Biological assembly already cached: 5DFL-assembly1.cif
2026-04-27 06:10:24,072 - INFO - [837/2009] Asymmetric unit already cached: 5DIN.cif
2026-04-27 06:10:24,073 - INFO - [837/2009] Biological assembly already cached: 5DIN-assembly1.cif
2026-04-27 06:10:24,273 - INFO - [838/2009] Asymmetric unit already cached: 5DKA.cif
2026-04-27 06:10:24,273 - INFO - [838/2009] Biological assembly already cached: 5DKA-assembly1.cif
2026-04-27 06:10:24,474 - INFO - [839/2009] Asymmetric unit already cached: 5DWS.cif
2026-04-27 06:10:24,474 - INFO - [839/2009] Biological assembly already cached: 5DWS-assembly1.cif
2026-04-27 06:10:24,675 - INFO - [840/2009] Asymmetric unit already cached: 5DZD.cif
2026-04-27 06:10:24,675 - INFO - [840/2009] Biological assembly already cached: 5DZD-assembly1.cif
2026-04-27 06:10:24,875 - INFO - [841/2009] Asymmetric unit already cached: 5E11.cif
2026-04-27 06:10:24,875 - INFO - [841/2009] Biological assembly already cached: 5E11-assembly1.cif
2026-04-27 06:10:25,076 - INFO - [842/2009] Asymmetric unit already cached: 5E1Y.cif
2026-04-27 06:10:25,076 - INFO - [842/2009] Biological assembly already cached: 5E1Y-assembly1.cif
2026-04-27 06:10:25,277 - INFO - [843/2009] Asymmetric unit already cached: 5E21.cif
2026-04-27 06:10:25,277 - INFO - [843/2009] Biological assembly already cached: 5E21-assembly1.cif
2026-04-27 06:10:25,477 - INFO - [844/2009] Asymmetric unit already cached: 5E22.cif
2026-04-27 06:10:25,477 - INFO - [844/2009] Biological assembly already cached: 5E22-assembly1.cif
2026-04-27 06:10:25,678 - INFO - [845/2009] Asymmetric unit already cached: 5EDU.cif
2026-04-27 06:10:25,678 - INFO - [845/2009] Biological assembly already cached: 5EDU-assembly1.cif
2026-04-27 06:10:25,879 - INFO - [846/2009] Asymmetric unit already cached: 5EDV.cif
2026-04-27 06:10:25,879 - INFO - [846/2009] Biological assembly already cached: 5EDV-assembly1.cif
2026-04-27 06:10:26,079 - INFO - [847/2009] Asymmetric unit already cached: 5EGG.cif
2026-04-27 06:10:26,079 - INFO - [847/2009] Biological assembly already cached: 5EGG-assembly1.cif
2026-04-27 06:10:26,280 - INFO - [848/2009] Asymmetric unit already cached: 5EIC.cif
2026-04-27 06:10:26,280 - INFO - [848/2009] Biological assembly already cached: 5EIC-assembly1.cif
2026-04-27 06:10:26,480 - INFO - [849/2009] Asymmetric unit already cached: 5ENG.cif
2026-04-27 06:10:26,481 - INFO - [849/2009] Biological assembly already cached: 5ENG-assembly1.cif
2026-04-27 06:10:26,681 - INFO - [850/2009] Asymmetric unit already cached: 5EP7.cif
2026-04-27 06:10:26,681 - INFO - [850/2009] Biological assembly already cached: 5EP7-assembly1.cif
2026-04-27 06:10:26,882 - INFO - [851/2009] Asymmetric unit already cached: 5EYA.cif
2026-04-27 06:10:26,882 - INFO - [851/2009] Biological assembly already cached: 5EYA-assembly1.cif
2026-04-27 06:10:27,082 - INFO - [852/2009] Asymmetric unit already cached: 5F59.cif
2026-04-27 06:10:27,083 - INFO - [852/2009] Biological assembly already cached: 5F59-assembly1.cif
2026-04-27 06:10:27,283 - INFO - [853/2009] Asymmetric unit already cached: 5F6D.cif
2026-04-27 06:10:27,283 - INFO - [853/2009] Biological assembly already cached: 5F6D-assembly1.cif
2026-04-27 06:10:27,484 - INFO - [854/2009] Asymmetric unit already cached: 5F6E.cif
2026-04-27 06:10:27,484 - INFO - [854/2009] Biological assembly already cached: 5F6E-assembly1.cif
2026-04-27 06:10:27,684 - INFO - [855/2009] Asymmetric unit already cached: 5F6K.cif
2026-04-27 06:10:27,685 - INFO - [855/2009] Biological assembly already cached: 5F6K-assembly1.cif
2026-04-27 06:10:27,885 - INFO - [856/2009] Asymmetric unit already cached: 5F6U.cif
2026-04-27 06:10:27,885 - INFO - [856/2009] Biological assembly already cached: 5F6U-assembly1.cif
2026-04-27 06:10:28,086 - INFO - [857/2009] Asymmetric unit already cached: 5F6V.cif
2026-04-27 06:10:28,086 - INFO - [857/2009] Biological assembly already cached: 5F6V-assembly1.cif
2026-04-27 06:10:28,287 - INFO - [858/2009] Asymmetric unit already cached: 5F6W.cif
2026-04-27 06:10:28,287 - INFO - [858/2009] Biological assembly already cached: 5F6W-assembly1.cif
2026-04-27 06:10:28,487 - INFO - [859/2009] Asymmetric unit already cached: 5F6X.cif
2026-04-27 06:10:28,487 - INFO - [859/2009] Biological assembly already cached: 5F6X-assembly1.cif
2026-04-27 06:10:28,688 - INFO - [860/2009] Asymmetric unit already cached: 5F6Y.cif
2026-04-27 06:10:28,688 - INFO - [860/2009] Biological assembly already cached: 5F6Y-assembly1.cif
2026-04-27 06:10:28,889 - INFO - [861/2009] Asymmetric unit already cached: 5FER.cif
2026-04-27 06:10:28,889 - INFO - [861/2009] Biological assembly already cached: 5FER-assembly1.cif
2026-04-27 06:10:29,089 - INFO - [862/2009] Asymmetric unit already cached: 5FEY.cif
2026-04-27 06:10:29,089 - INFO - [862/2009] Biological assembly already cached: 5FEY-assembly1.cif
2026-04-27 06:10:29,290 - INFO - [863/2009] Asymmetric unit already cached: 5FQ2.cif
2026-04-27 06:10:29,290 - INFO - [863/2009] Biological assembly already cached: 5FQ2-assembly1.cif
2026-04-27 06:10:29,490 - INFO - [864/2009] Asymmetric unit already cached: 5FR6.cif
2026-04-27 06:10:29,491 - INFO - [864/2009] Biological assembly already cached: 5FR6-assembly1.cif
2026-04-27 06:10:29,691 - INFO - [865/2009] Asymmetric unit already cached: 5G04.cif
2026-04-27 06:10:29,691 - INFO - [865/2009] Biological assembly already cached: 5G04-assembly1.cif
2026-04-27 06:10:29,892 - INFO - [866/2009] Asymmetric unit already cached: 5G05.cif
2026-04-27 06:10:29,892 - INFO - [866/2009] Biological assembly already cached: 5G05-assembly1.cif
2026-04-27 06:10:30,092 - INFO - [867/2009] Asymmetric unit already cached: 5GG4.cif
2026-04-27 06:10:30,093 - INFO - [867/2009] Biological assembly already cached: 5GG4-assembly1.cif
2026-04-27 06:10:30,293 - INFO - [868/2009] Asymmetric unit already cached: 5GH9.cif
2026-04-27 06:10:30,293 - INFO - [868/2009] Biological assembly already cached: 5GH9-assembly1.cif
2026-04-27 06:10:30,494 - INFO - [869/2009] Asymmetric unit already cached: 5H1T.cif
2026-04-27 06:10:30,494 - INFO - [869/2009] Biological assembly already cached: 5H1T-assembly1.cif
2026-04-27 06:10:30,695 - INFO - [870/2009] Asymmetric unit already cached: 5H1U.cif
2026-04-27 06:10:30,695 - INFO - [870/2009] Biological assembly already cached: 5H1U-assembly1.cif
2026-04-27 06:10:30,895 - INFO - [871/2009] Asymmetric unit already cached: 5H1V.cif
2026-04-27 06:10:30,895 - INFO - [871/2009] Biological assembly already cached: 5H1V-assembly1.cif
2026-04-27 06:10:31,096 - INFO - [872/2009] Asymmetric unit already cached: 5H7R.cif
2026-04-27 06:10:31,096 - INFO - [872/2009] Biological assembly already cached: 5H7R-assembly1.cif
2026-04-27 06:10:31,296 - INFO - [873/2009] Asymmetric unit already cached: 5H7S.cif
2026-04-27 06:10:31,297 - INFO - [873/2009] Biological assembly already cached: 5H7S-assembly1.cif
2026-04-27 06:10:31,497 - INFO - [874/2009] Asymmetric unit already cached: 5H85.cif
2026-04-27 06:10:31,497 - INFO - [874/2009] Biological assembly already cached: 5H85-assembly1.cif
2026-04-27 06:10:31,698 - INFO - [875/2009] Asymmetric unit already cached: 5H9M.cif
2026-04-27 06:10:31,698 - INFO - [875/2009] Biological assembly already cached: 5H9M-assembly1.cif
2026-04-27 06:10:31,898 - INFO - [876/2009] Asymmetric unit already cached: 5HKW.cif
2026-04-27 06:10:31,899 - INFO - [876/2009] Biological assembly already cached: 5HKW-assembly1.cif
2026-04-27 06:10:32,099 - INFO - [877/2009] Asymmetric unit already cached: 5HKX.cif
2026-04-27 06:10:32,099 - INFO - [877/2009] Biological assembly already cached: 5HKX-assembly1.cif
2026-04-27 06:10:32,300 - INFO - [878/2009] Asymmetric unit already cached: 5HKY.cif
2026-04-27 06:10:32,300 - INFO - [878/2009] Biological assembly already cached: 5HKY-assembly1.cif
2026-04-27 06:10:32,500 - INFO - [879/2009] Asymmetric unit already cached: 5HKZ.cif
2026-04-27 06:10:32,501 - INFO - [879/2009] Biological assembly already cached: 5HKZ-assembly1.cif
2026-04-27 06:10:32,701 - INFO - [880/2009] Asymmetric unit already cached: 5HL0.cif
2026-04-27 06:10:32,701 - INFO - [880/2009] Biological assembly already cached: 5HL0-assembly1.cif
2026-04-27 06:10:32,902 - INFO - [881/2009] Asymmetric unit already cached: 5HMH.cif
2026-04-27 06:10:32,902 - INFO - [881/2009] Biological assembly already cached: 5HMH-assembly1.cif
2026-04-27 06:10:33,102 - INFO - [882/2009] Asymmetric unit already cached: 5HMI.cif
2026-04-27 06:10:33,103 - INFO - [882/2009] Biological assembly already cached: 5HMI-assembly1.cif
2026-04-27 06:10:33,303 - INFO - [883/2009] Asymmetric unit already cached: 5HMK.cif
2026-04-27 06:10:33,303 - INFO - [883/2009] Biological assembly already cached: 5HMK-assembly1.cif
2026-04-27 06:10:33,504 - INFO - [884/2009] Asymmetric unit already cached: 5HPK.cif
2026-04-27 06:10:33,504 - INFO - [884/2009] Biological assembly already cached: 5HPK-assembly1.cif
2026-04-27 06:10:33,704 - INFO - [885/2009] Asymmetric unit already cached: 5HPS.cif
2026-04-27 06:10:33,704 - INFO - [885/2009] Biological assembly already cached: 5HPS-assembly1.cif
2026-04-27 06:10:33,905 - INFO - [886/2009] Asymmetric unit already cached: 5HPT.cif
2026-04-27 06:10:33,905 - INFO - [886/2009] Biological assembly already cached: 5HPT-assembly1.cif
2026-04-27 06:10:34,105 - INFO - [887/2009] Asymmetric unit already cached: 5HQG.cif
2026-04-27 06:10:34,106 - INFO - [887/2009] Biological assembly already cached: 5HQG-assembly1.cif
2026-04-27 06:10:34,306 - INFO - [888/2009] Asymmetric unit already cached: 5HVQ.cif
2026-04-27 06:10:34,306 - INFO - [888/2009] Biological assembly already cached: 5HVQ-assembly1.cif
2026-04-27 06:10:34,507 - INFO - [889/2009] Asymmetric unit already cached: 5I83.cif
2026-04-27 06:10:34,507 - INFO - [889/2009] Biological assembly already cached: 5I83-assembly1.cif
2026-04-27 06:10:34,707 - INFO - [890/2009] Asymmetric unit already cached: 5I86.cif
2026-04-27 06:10:34,708 - INFO - [890/2009] Biological assembly already cached: 5I86-assembly1.cif
2026-04-27 06:10:34,908 - INFO - [891/2009] Asymmetric unit already cached: 5I89.cif
2026-04-27 06:10:34,908 - INFO - [891/2009] Biological assembly already cached: 5I89-assembly1.cif
2026-04-27 06:10:35,109 - INFO - [892/2009] Asymmetric unit already cached: 5I8B.cif
2026-04-27 06:10:35,109 - INFO - [892/2009] Biological assembly already cached: 5I8B-assembly1.cif
2026-04-27 06:10:35,309 - INFO - [893/2009] Asymmetric unit already cached: 5I8G.cif
2026-04-27 06:10:35,310 - INFO - [893/2009] Biological assembly already cached: 5I8G-assembly1.cif
2026-04-27 06:10:35,510 - INFO - [894/2009] Asymmetric unit already cached: 5IAY.cif
2026-04-27 06:10:35,510 - INFO - [894/2009] Biological assembly already cached: 5IAY-assembly1.cif
2026-04-27 06:10:35,711 - INFO - [895/2009] Asymmetric unit already cached: 5IFR.cif
2026-04-27 06:10:35,711 - INFO - [895/2009] Biological assembly already cached: 5IFR-assembly1.cif
2026-04-27 06:10:35,911 - INFO - [896/2009] Asymmetric unit already cached: 5IGQ.cif
2026-04-27 06:10:35,911 - INFO - [896/2009] Biological assembly already cached: 5IGQ-assembly1.cif
2026-04-27 06:10:36,112 - INFO - [897/2009] Asymmetric unit already cached: 5IM8.cif
2026-04-27 06:10:36,112 - INFO - [897/2009] Biological assembly already cached: 5IM8-assembly1.cif
2026-04-27 06:10:36,313 - INFO - [898/2009] Asymmetric unit already cached: 5J0D.cif
2026-04-27 06:10:36,313 - INFO - [898/2009] Biological assembly already cached: 5J0D-assembly1.cif
2026-04-27 06:10:36,513 - INFO - [899/2009] Asymmetric unit already cached: 5J3X.cif
2026-04-27 06:10:36,513 - INFO - [899/2009] Biological assembly already cached: 5J3X-assembly1.cif
2026-04-27 06:10:36,714 - INFO - [900/2009] Asymmetric unit already cached: 5J7F.cif
2026-04-27 06:10:36,714 - INFO - [900/2009] Biological assembly already cached: 5J7F-assembly1.cif
2026-04-27 06:10:36,914 - INFO - [901/2009] Asymmetric unit already cached: 5J7G.cif
2026-04-27 06:10:36,915 - INFO - [901/2009] Biological assembly already cached: 5J7G-assembly1.cif
2026-04-27 06:10:37,115 - INFO - [902/2009] Asymmetric unit already cached: 5JEM.cif
2026-04-27 06:10:37,115 - INFO - [902/2009] Biological assembly already cached: 5JEM-assembly1.cif
2026-04-27 06:10:37,316 - INFO - [903/2009] Asymmetric unit already cached: 5JG6.cif
2026-04-27 06:10:37,316 - INFO - [903/2009] Biological assembly already cached: 5JG6-assembly1.cif
2026-04-27 06:10:37,516 - INFO - [904/2009] Asymmetric unit already cached: 5JH5.cif
2026-04-27 06:10:37,517 - INFO - [904/2009] Biological assembly already cached: 5JH5-assembly1.cif
2026-04-27 06:10:37,717 - INFO - [905/2009] Asymmetric unit already cached: 5JPX.cif
2026-04-27 06:10:37,717 - INFO - [905/2009] Biological assembly already cached: 5JPX-assembly1.cif
2026-04-27 06:10:37,918 - INFO - [906/2009] Asymmetric unit already cached: 5JW7.cif
2026-04-27 06:10:37,918 - INFO - [906/2009] Biological assembly already cached: 5JW7-assembly1.cif
2026-04-27 06:10:38,118 - INFO - [907/2009] Asymmetric unit already cached: 5K5F.cif
2026-04-27 06:10:38,118 - INFO - [907/2009] Biological assembly already cached: 5K5F-assembly1.cif
2026-04-27 06:10:38,319 - INFO - [908/2009] Asymmetric unit already cached: 5KH3.cif
2026-04-27 06:10:38,319 - INFO - [908/2009] Biological assembly already cached: 5KH3-assembly1.cif
2026-04-27 06:10:38,520 - INFO - [909/2009] Asymmetric unit already cached: 5KH7.cif
2026-04-27 06:10:38,520 - INFO - [909/2009] Biological assembly already cached: 5KH7-assembly1.cif
2026-04-27 06:10:38,720 - INFO - [910/2009] Asymmetric unit already cached: 5KH9.cif
2026-04-27 06:10:38,720 - INFO - [910/2009] Biological assembly already cached: 5KH9-assembly1.cif
2026-04-27 06:10:38,921 - INFO - [911/2009] Asymmetric unit already cached: 5KHR.cif
2026-04-27 06:10:38,921 - INFO - [911/2009] Biological assembly already cached: 5KHR-assembly1.cif
2026-04-27 06:10:39,121 - INFO - [912/2009] Asymmetric unit already cached: 5KHU.cif
2026-04-27 06:10:39,122 - INFO - [912/2009] Biological assembly already cached: 5KHU-assembly1.cif
2026-04-27 06:10:39,322 - INFO - [913/2009] Asymmetric unit already cached: 5KJ2.cif
2026-04-27 06:10:39,322 - INFO - [913/2009] Biological assembly already cached: 5KJ2-assembly1.cif
2026-04-27 06:10:39,523 - INFO - [914/2009] Asymmetric unit already cached: 5KTU.cif
2026-04-27 06:10:39,523 - INFO - [914/2009] Biological assembly already cached: 5KTU-assembly1.cif
2026-04-27 06:10:39,723 - INFO - [915/2009] Asymmetric unit already cached: 5KTW.cif
2026-04-27 06:10:39,723 - INFO - [915/2009] Biological assembly already cached: 5KTW-assembly1.cif
2026-04-27 06:10:39,924 - INFO - [916/2009] Asymmetric unit already cached: 5KTX.cif
2026-04-27 06:10:39,924 - INFO - [916/2009] Biological assembly already cached: 5KTX-assembly1.cif
2026-04-27 06:10:40,125 - INFO - [917/2009] Asymmetric unit already cached: 5L9T.cif
2026-04-27 06:10:40,125 - INFO - [917/2009] Biological assembly already cached: 5L9T-assembly1.cif
2026-04-27 06:10:40,325 - INFO - [918/2009] Asymmetric unit already cached: 5L9U.cif
2026-04-27 06:10:40,325 - INFO - [918/2009] Biological assembly already cached: 5L9U-assembly1.cif
2026-04-27 06:10:40,526 - INFO - [919/2009] Asymmetric unit already cached: 5LAV.cif
2026-04-27 06:10:40,526 - INFO - [919/2009] Biological assembly already cached: 5LAV-assembly1.cif
2026-04-27 06:10:40,726 - INFO - [920/2009] Asymmetric unit already cached: 5LAW.cif
2026-04-27 06:10:40,727 - INFO - [920/2009] Biological assembly already cached: 5LAW-assembly1.cif
2026-04-27 06:10:40,927 - INFO - [921/2009] Asymmetric unit already cached: 5LAY.cif
2026-04-27 06:10:40,927 - INFO - [921/2009] Biological assembly already cached: 5LAY-assembly1.cif
2026-04-27 06:10:41,128 - INFO - [922/2009] Asymmetric unit already cached: 5LAZ.cif
2026-04-27 06:10:41,128 - INFO - [922/2009] Biological assembly already cached: 5LAZ-assembly1.cif
2026-04-27 06:10:41,328 - INFO - [923/2009] Asymmetric unit already cached: 5LBN.cif
2026-04-27 06:10:41,328 - INFO - [923/2009] Biological assembly already cached: 5LBN-assembly1.cif
2026-04-27 06:10:41,529 - INFO - [924/2009] Asymmetric unit already cached: 5LCW.cif
2026-04-27 06:10:41,529 - INFO - [924/2009] Biological assembly already cached: 5LCW-assembly1.cif
2026-04-27 06:10:41,729 - INFO - [925/2009] Asymmetric unit already cached: 5LG0.cif
2026-04-27 06:10:41,729 - INFO - [925/2009] Biological assembly already cached: 5LG0-assembly1.cif
2026-04-27 06:10:41,930 - INFO - [926/2009] Asymmetric unit already cached: 5LG7.cif
2026-04-27 06:10:41,930 - INFO - [926/2009] Biological assembly already cached: 5LG7-assembly1.cif
2026-04-27 06:10:42,130 - INFO - [927/2009] Asymmetric unit already cached: 5LJN.cif
2026-04-27 06:10:42,131 - INFO - [927/2009] Biological assembly already cached: 5LJN-assembly1.cif
2026-04-27 06:10:42,331 - INFO - [928/2009] Asymmetric unit already cached: 5LKT.cif
2026-04-27 06:10:42,331 - INFO - [928/2009] Biological assembly already cached: 5LKT-assembly1.cif
2026-04-27 06:10:42,532 - INFO - [929/2009] Asymmetric unit already cached: 5LKU.cif
2026-04-27 06:10:42,532 - INFO - [929/2009] Biological assembly already cached: 5LKU-assembly1.cif
2026-04-27 06:10:42,732 - INFO - [930/2009] Asymmetric unit already cached: 5LKX.cif
2026-04-27 06:10:42,733 - INFO - [930/2009] Biological assembly already cached: 5LKX-assembly1.cif
2026-04-27 06:10:42,933 - INFO - [931/2009] Asymmetric unit already cached: 5LKZ.cif
2026-04-27 06:10:42,933 - INFO - [931/2009] Biological assembly already cached: 5LKZ-assembly1.cif
2026-04-27 06:10:43,134 - INFO - [932/2009] Asymmetric unit already cached: 5LN2.cif
2026-04-27 06:10:43,134 - INFO - [932/2009] Biological assembly already cached: 5LN2-assembly1.cif
2026-04-27 06:10:43,334 - INFO - [933/2009] Asymmetric unit already cached: 5LP8.cif
2026-04-27 06:10:43,335 - INFO - [933/2009] Biological assembly already cached: 5LP8-assembly1.cif
2026-04-27 06:10:43,535 - INFO - [934/2009] Asymmetric unit already cached: 5LPJ.cif
2026-04-27 06:10:43,535 - INFO - [934/2009] Biological assembly already cached: 5LPJ-assembly1.cif
2026-04-27 06:10:43,736 - INFO - [935/2009] Asymmetric unit already cached: 5LPK.cif
2026-04-27 06:10:43,736 - INFO - [935/2009] Biological assembly already cached: 5LPK-assembly1.cif
2026-04-27 06:10:43,936 - INFO - [936/2009] Asymmetric unit already cached: 5LPL.cif
2026-04-27 06:10:43,937 - INFO - [936/2009] Biological assembly already cached: 5LPL-assembly1.cif
2026-04-27 06:10:44,137 - INFO - [937/2009] Asymmetric unit already cached: 5LPM.cif
2026-04-27 06:10:44,137 - INFO - [937/2009] Biological assembly already cached: 5LPM-assembly1.cif
2026-04-27 06:10:44,338 - INFO - [938/2009] Asymmetric unit already cached: 5M6E.cif
2026-04-27 06:10:44,338 - INFO - [938/2009] Biological assembly already cached: 5M6E-assembly1.cif
2026-04-27 06:10:44,538 - INFO - [939/2009] Asymmetric unit already cached: 5M6F.cif
2026-04-27 06:10:44,539 - INFO - [939/2009] Biological assembly already cached: 5M6F-assembly1.cif
2026-04-27 06:10:44,739 - INFO - [940/2009] Asymmetric unit already cached: 5M6H.cif
2026-04-27 06:10:44,739 - INFO - [940/2009] Biological assembly already cached: 5M6H-assembly1.cif
2026-04-27 06:10:44,940 - INFO - [941/2009] Asymmetric unit already cached: 5M6L.cif
2026-04-27 06:10:44,940 - INFO - [941/2009] Biological assembly already cached: 5M6L-assembly1.cif
2026-04-27 06:10:45,140 - INFO - [942/2009] Asymmetric unit already cached: 5M6M.cif
2026-04-27 06:10:45,140 - INFO - [942/2009] Biological assembly already cached: 5M6M-assembly1.cif
2026-04-27 06:10:45,341 - INFO - [943/2009] Asymmetric unit already cached: 5M6N.cif
2026-04-27 06:10:45,341 - INFO - [943/2009] Biological assembly already cached: 5M6N-assembly1.cif
2026-04-27 06:10:45,542 - INFO - [944/2009] Asymmetric unit already cached: 5MME.cif
2026-04-27 06:10:45,542 - INFO - [944/2009] Biological assembly already cached: 5MME-assembly1.cif
2026-04-27 06:10:45,742 - INFO - [945/2009] Asymmetric unit already cached: 5MMG.cif
2026-04-27 06:10:45,742 - INFO - [945/2009] Biological assembly already cached: 5MMG-assembly1.cif
2026-04-27 06:10:45,943 - INFO - [946/2009] Asymmetric unit already cached: 5MNJ.cif
2026-04-27 06:10:45,943 - INFO - [946/2009] Biological assembly already cached: 5MNJ-assembly1.cif
2026-04-27 06:10:46,144 - INFO - [947/2009] Asymmetric unit already cached: 5MPK.cif
2026-04-27 06:10:46,144 - INFO - [947/2009] Biological assembly already cached: 5MPK-assembly1.cif
2026-04-27 06:10:46,344 - INFO - [948/2009] Asymmetric unit already cached: 5MPN.cif
2026-04-27 06:10:46,344 - INFO - [948/2009] Biological assembly already cached: 5MPN-assembly1.cif
2026-04-27 06:10:46,545 - INFO - [949/2009] Asymmetric unit already cached: 5MPZ.cif
2026-04-27 06:10:46,545 - INFO - [949/2009] Biological assembly already cached: 5MPZ-assembly1.cif
2026-04-27 06:10:46,746 - INFO - [950/2009] Asymmetric unit already cached: 5MQE.cif
2026-04-27 06:10:46,746 - INFO - [950/2009] Biological assembly already cached: 5MQE-assembly1.cif
2026-04-27 06:10:46,946 - INFO - [951/2009] Asymmetric unit already cached: 5MQF.cif
2026-04-27 06:10:46,946 - INFO - [951/2009] Biological assembly already cached: 5MQF-assembly1.cif
2026-04-27 06:10:47,147 - INFO - [952/2009] Asymmetric unit already cached: 5MQG.cif
2026-04-27 06:10:47,147 - INFO - [952/2009] Biological assembly already cached: 5MQG-assembly1.cif
2026-04-27 06:10:47,348 - INFO - [953/2009] Asymmetric unit already cached: 5MQK.cif
2026-04-27 06:10:47,348 - INFO - [953/2009] Biological assembly already cached: 5MQK-assembly1.cif
2026-04-27 06:10:47,548 - INFO - [954/2009] Asymmetric unit already cached: 5MR8.cif
2026-04-27 06:10:47,548 - INFO - [954/2009] Biological assembly already cached: 5MR8-assembly1.cif
2026-04-27 06:10:47,749 - INFO - [955/2009] Asymmetric unit already cached: 5N2W.cif
2026-04-27 06:10:47,749 - INFO - [955/2009] Biological assembly already cached: 5N2W-assembly1.cif
2026-04-27 06:10:47,949 - INFO - [956/2009] Asymmetric unit already cached: 5N38.cif
2026-04-27 06:10:47,950 - INFO - [956/2009] Biological assembly already cached: 5N38-assembly1.cif
2026-04-27 06:10:48,150 - INFO - [957/2009] Asymmetric unit already cached: 5N4W.cif
2026-04-27 06:10:48,150 - INFO - [957/2009] Biological assembly already cached: 5N4W-assembly1.cif
2026-04-27 06:10:48,351 - INFO - [958/2009] Asymmetric unit already cached: 5NGZ.cif
2026-04-27 06:10:48,351 - INFO - [958/2009] Biological assembly already cached: 5NGZ-assembly1.cif
2026-04-27 06:10:48,551 - INFO - [959/2009] Asymmetric unit already cached: 5NLK.cif
2026-04-27 06:10:48,552 - INFO - [959/2009] Biological assembly already cached: 5NLK-assembly1.cif
2026-04-27 06:10:48,752 - INFO - [960/2009] Asymmetric unit already cached: 5NRW.cif
2026-04-27 06:10:48,752 - INFO - [960/2009] Biological assembly already cached: 5NRW-assembly1.cif
2026-04-27 06:10:48,953 - INFO - [961/2009] Asymmetric unit already cached: 5NT1.cif
2026-04-27 06:10:48,953 - INFO - [961/2009] Biological assembly already cached: 5NT1-assembly1.cif
2026-04-27 06:10:49,153 - INFO - [962/2009] Asymmetric unit already cached: 5NT2.cif
2026-04-27 06:10:49,153 - INFO - [962/2009] Biological assembly already cached: 5NT2-assembly1.cif
2026-04-27 06:10:49,354 - INFO - [963/2009] Asymmetric unit already cached: 5NU3.cif
2026-04-27 06:10:49,354 - INFO - [963/2009] Biological assembly already cached: 5NU3-assembly1.cif
2026-04-27 06:10:49,554 - INFO - [964/2009] Asymmetric unit already cached: 5NU5.cif
2026-04-27 06:10:49,555 - INFO - [964/2009] Biological assembly already cached: 5NU5-assembly1.cif
2026-04-27 06:10:49,755 - INFO - [965/2009] Asymmetric unit already cached: 5O6C.cif
2026-04-27 06:10:49,755 - INFO - [965/2009] Biological assembly already cached: 5O6C-assembly1.cif
2026-04-27 06:10:49,956 - INFO - [966/2009] Asymmetric unit already cached: 5O6T.cif
2026-04-27 06:10:49,956 - INFO - [966/2009] Biological assembly already cached: 5O6T-assembly1.cif
2026-04-27 06:10:50,156 - INFO - [967/2009] Asymmetric unit already cached: 5O75.cif
2026-04-27 06:10:50,156 - INFO - [967/2009] Biological assembly already cached: 5O75-assembly1.cif
2026-04-27 06:10:50,357 - INFO - [968/2009] Asymmetric unit already cached: 5O76.cif
2026-04-27 06:10:50,357 - INFO - [968/2009] Biological assembly already cached: 5O76-assembly1.cif
2026-04-27 06:10:50,558 - INFO - [969/2009] Asymmetric unit already cached: 5OAI.cif
2026-04-27 06:10:50,558 - INFO - [969/2009] Biological assembly already cached: 5OAI-assembly1.cif
2026-04-27 06:10:50,758 - INFO - [970/2009] Asymmetric unit already cached: 5OC8.cif
2026-04-27 06:10:50,758 - INFO - [970/2009] Biological assembly already cached: 5OC8-assembly1.cif
2026-04-27 06:10:50,959 - INFO - [971/2009] Asymmetric unit already cached: 5OJJ.cif
2026-04-27 06:10:50,959 - INFO - [971/2009] Biological assembly already cached: 5OJJ-assembly1.cif
2026-04-27 06:10:51,159 - INFO - [972/2009] Asymmetric unit already cached: 5OLM.cif
2026-04-27 06:10:51,160 - INFO - [972/2009] Biological assembly already cached: 5OLM-assembly1.cif
2026-04-27 06:10:51,360 - INFO - [973/2009] Asymmetric unit already cached: 5OQW.cif
2026-04-27 06:10:51,360 - INFO - [973/2009] Biological assembly already cached: 5OQW-assembly1.cif
2026-04-27 06:10:51,561 - INFO - [974/2009] Asymmetric unit already cached: 5OWK.cif
2026-04-27 06:10:51,561 - INFO - [974/2009] Biological assembly already cached: 5OWK-assembly1.cif
2026-04-27 06:10:51,761 - INFO - [975/2009] Asymmetric unit already cached: 5SVH.cif
2026-04-27 06:10:51,762 - INFO - [975/2009] Biological assembly already cached: 5SVH-assembly1.cif
2026-04-27 06:10:51,962 - INFO - [976/2009] Asymmetric unit already cached: 5SWK.cif
2026-04-27 06:10:51,962 - INFO - [976/2009] Biological assembly already cached: 5SWK-assembly1.cif
2026-04-27 06:10:52,163 - INFO - [977/2009] Asymmetric unit already cached: 5SXP.cif
2026-04-27 06:10:52,163 - INFO - [977/2009] Biological assembly already cached: 5SXP-assembly1.cif
2026-04-27 06:10:52,363 - INFO - [978/2009] Asymmetric unit already cached: 5TB6.cif
2026-04-27 06:10:52,364 - INFO - [978/2009] Biological assembly already cached: 5TB6-assembly1.cif
2026-04-27 06:10:52,564 - INFO - [979/2009] Asymmetric unit already cached: 5TDA.cif
2026-04-27 06:10:52,564 - INFO - [979/2009] Biological assembly already cached: 5TDA-assembly1.cif
2026-04-27 06:10:52,765 - INFO - [980/2009] Asymmetric unit already cached: 5TDB.cif
2026-04-27 06:10:52,765 - INFO - [980/2009] Biological assembly already cached: 5TDB-assembly1.cif
2026-04-27 06:10:52,965 - INFO - [981/2009] Asymmetric unit already cached: 5TDC.cif
2026-04-27 06:10:52,966 - INFO - [981/2009] Biological assembly already cached: 5TDC-assembly1.cif
2026-04-27 06:10:53,166 - INFO - [982/2009] Asymmetric unit already cached: 5TDD.cif
2026-04-27 06:10:53,166 - INFO - [982/2009] Biological assembly already cached: 5TDD-assembly1.cif
2026-04-27 06:10:53,367 - INFO - [983/2009] Asymmetric unit already cached: 5TJ7.cif
2026-04-27 06:10:53,367 - INFO - [983/2009] Biological assembly already cached: 5TJ7-assembly1.cif
2026-04-27 06:10:53,567 - INFO - [984/2009] Asymmetric unit already cached: 5TJ8.cif
2026-04-27 06:10:53,568 - INFO - [984/2009] Biological assembly already cached: 5TJ8-assembly1.cif
2026-04-27 06:10:53,768 - INFO - [985/2009] Asymmetric unit already cached: 5TJQ.cif
2026-04-27 06:10:53,768 - INFO - [985/2009] Biological assembly already cached: 5TJQ-assembly1.cif
2026-04-27 06:10:53,969 - INFO - [986/2009] Asymmetric unit already cached: 5TR5.cif
2026-04-27 06:10:53,969 - INFO - [986/2009] Biological assembly already cached: 5TR5-assembly1.cif
2026-04-27 06:10:54,169 - INFO - [987/2009] Asymmetric unit already cached: 5TRB.cif
2026-04-27 06:10:54,170 - INFO - [987/2009] Biological assembly already cached: 5TRB-assembly1.cif
2026-04-27 06:10:54,370 - INFO - [988/2009] Asymmetric unit already cached: 5TTE.cif
2026-04-27 06:10:54,370 - INFO - [988/2009] Biological assembly already cached: 5TTE-assembly1.cif
2026-04-27 06:10:54,571 - INFO - [989/2009] Asymmetric unit already cached: 5TUT.cif
2026-04-27 06:10:54,571 - INFO - [989/2009] Biological assembly already cached: 5TUT-assembly1.cif
2026-04-27 06:10:54,771 - INFO - [990/2009] Asymmetric unit already cached: 5UDH.cif
2026-04-27 06:10:54,772 - INFO - [990/2009] Biological assembly already cached: 5UDH-assembly1.cif
2026-04-27 06:10:54,972 - INFO - [991/2009] Asymmetric unit already cached: 5ULF.cif
2026-04-27 06:10:54,972 - INFO - [991/2009] Biological assembly already cached: 5ULF-assembly1.cif
2026-04-27 06:10:55,173 - INFO - [992/2009] Asymmetric unit already cached: 5ULH.cif
2026-04-27 06:10:55,173 - INFO - [992/2009] Biological assembly already cached: 5ULH-assembly1.cif
2026-04-27 06:10:55,373 - INFO - [993/2009] Asymmetric unit already cached: 5ULK.cif
2026-04-27 06:10:55,373 - INFO - [993/2009] Biological assembly already cached: 5ULK-assembly1.cif
2026-04-27 06:10:55,574 - INFO - [994/2009] Asymmetric unit already cached: 5UM3.cif
2026-04-27 06:10:55,574 - INFO - [994/2009] Biological assembly already cached: 5UM3-assembly1.cif
2026-04-27 06:10:55,775 - INFO - [995/2009] Asymmetric unit already cached: 5UML.cif
2026-04-27 06:10:55,775 - INFO - [995/2009] Biological assembly already cached: 5UML-assembly1.cif
2026-04-27 06:10:55,975 - INFO - [996/2009] Asymmetric unit already cached: 5UMM.cif
2026-04-27 06:10:55,976 - INFO - [996/2009] Biological assembly already cached: 5UMM-assembly1.cif
2026-04-27 06:10:56,176 - INFO - [997/2009] Asymmetric unit already cached: 5VEY.cif
2026-04-27 06:10:56,176 - INFO - [997/2009] Biological assembly already cached: 5VEY-assembly1.cif
2026-04-27 06:10:56,377 - INFO - [998/2009] Asymmetric unit already cached: 5VF0.cif
2026-04-27 06:10:56,377 - INFO - [998/2009] Biological assembly already cached: 5VF0-assembly1.cif
2026-04-27 06:10:56,577 - INFO - [999/2009] Asymmetric unit already cached: 5VK1.cif
2026-04-27 06:10:56,577 - INFO - [999/2009] Biological assembly already cached: 5VK1-assembly1.cif
2026-04-27 06:10:56,778 - INFO - [1000/2009] Asymmetric unit already cached: 5VNZ.cif
2026-04-27 06:10:56,778 - INFO - [1000/2009] Biological assembly already cached: 5VNZ-assembly1.cif
2026-04-27 06:10:56,979 - INFO - [1001/2009] Asymmetric unit already cached: 5VO0.cif
2026-04-27 06:10:56,979 - INFO - [1001/2009] Biological assembly already cached: 5VO0-assembly1.cif
2026-04-27 06:10:57,179 - INFO - [1002/2009] Asymmetric unit already cached: 5VZV.cif
2026-04-27 06:10:57,180 - INFO - [1002/2009] Biological assembly already cached: 5VZV-assembly1.cif
2026-04-27 06:10:57,380 - INFO - [1003/2009] Asymmetric unit already cached: 5VZW.cif
2026-04-27 06:10:57,380 - INFO - [1003/2009] Biological assembly already cached: 5VZW-assembly1.cif
2026-04-27 06:10:57,581 - INFO - [1004/2009] Asymmetric unit already cached: 5W0E.cif
2026-04-27 06:10:57,581 - INFO - [1004/2009] Biological assembly already cached: 5W0E-assembly1.cif
2026-04-27 06:10:57,781 - INFO - [1005/2009] Asymmetric unit already cached: 5W0F.cif
2026-04-27 06:10:57,782 - INFO - [1005/2009] Biological assembly already cached: 5W0F-assembly1.cif
2026-04-27 06:10:57,982 - INFO - [1006/2009] Asymmetric unit already cached: 5W0L.cif
2026-04-27 06:10:57,982 - INFO - [1006/2009] Biological assembly already cached: 5W0L-assembly1.cif
2026-04-27 06:10:58,183 - INFO - [1007/2009] Asymmetric unit already cached: 5W0Q.cif
2026-04-27 06:10:58,183 - INFO - [1007/2009] Biological assembly already cached: 5W0Q-assembly1.cif
2026-04-27 06:10:58,383 - INFO - [1008/2009] Asymmetric unit already cached: 5W87.cif
2026-04-27 06:10:58,384 - INFO - [1008/2009] Biological assembly already cached: 5W87-assembly1.cif
2026-04-27 06:10:58,584 - INFO - [1009/2009] Asymmetric unit already cached: 5WBN.cif
2026-04-27 06:10:58,584 - INFO - [1009/2009] Biological assembly already cached: 5WBN-assembly1.cif
2026-04-27 06:10:58,785 - INFO - [1010/2009] Asymmetric unit already cached: 5WPB.cif
2026-04-27 06:10:58,785 - INFO - [1010/2009] Biological assembly already cached: 5WPB-assembly1.cif
2026-04-27 06:10:58,985 - INFO - [1011/2009] Asymmetric unit already cached: 5WWW.cif
2026-04-27 06:10:58,986 - INFO - [1011/2009] Biological assembly already cached: 5WWW-assembly1.cif
2026-04-27 06:10:59,186 - INFO - [1012/2009] Asymmetric unit already cached: 5WWX.cif
2026-04-27 06:10:59,186 - INFO - [1012/2009] Biological assembly already cached: 5WWX-assembly1.cif
2026-04-27 06:10:59,387 - INFO - [1013/2009] Asymmetric unit already cached: 5WWZ.cif
2026-04-27 06:10:59,387 - INFO - [1013/2009] Biological assembly already cached: 5WWZ-assembly1.cif
2026-04-27 06:10:59,587 - INFO - [1014/2009] Asymmetric unit already cached: 5WY5.cif
2026-04-27 06:10:59,588 - INFO - [1014/2009] Biological assembly already cached: 5WY5-assembly1.cif
2026-04-27 06:10:59,788 - INFO - [1015/2009] Asymmetric unit already cached: 5WZZ.cif
2026-04-27 06:10:59,788 - INFO - [1015/2009] Biological assembly already cached: 5WZZ-assembly1.cif
2026-04-27 06:10:59,989 - INFO - [1016/2009] Asymmetric unit already cached: 5X0W.cif
2026-04-27 06:10:59,989 - INFO - [1016/2009] Biological assembly already cached: 5X0W-assembly1.cif
2026-04-27 06:11:00,189 - INFO - [1017/2009] Asymmetric unit already cached: 5XEK.cif
2026-04-27 06:11:00,189 - INFO - [1017/2009] Biological assembly already cached: 5XEK-assembly1.cif
2026-04-27 06:11:00,390 - INFO - [1018/2009] Asymmetric unit already cached: 5XIS.cif
2026-04-27 06:11:00,390 - INFO - [1018/2009] Biological assembly already cached: 5XIS-assembly1.cif
2026-04-27 06:11:00,591 - INFO - [1019/2009] Asymmetric unit already cached: 5XIT.cif
2026-04-27 06:11:00,591 - INFO - [1019/2009] Biological assembly already cached: 5XIT-assembly1.cif
2026-04-27 06:11:00,791 - INFO - [1020/2009] Asymmetric unit already cached: 5XIU.cif
2026-04-27 06:11:00,792 - INFO - [1020/2009] Biological assembly already cached: 5XIU-assembly1.cif
2026-04-27 06:11:00,992 - INFO - [1021/2009] Asymmetric unit already cached: 5XJC.cif
2026-04-27 06:11:00,992 - INFO - [1021/2009] Biological assembly already cached: 5XJC-assembly1.cif
2026-04-27 06:11:01,193 - INFO - [1022/2009] Asymmetric unit already cached: 5XPI.cif
2026-04-27 06:11:01,193 - INFO - [1022/2009] Biological assembly already cached: 5XPI-assembly1.cif
2026-04-27 06:11:01,393 - INFO - [1023/2009] Asymmetric unit already cached: 5XXH.cif
2026-04-27 06:11:01,394 - INFO - [1023/2009] Biological assembly already cached: 5XXH-assembly1.cif
2026-04-27 06:11:01,594 - INFO - [1024/2009] Asymmetric unit already cached: 5XXK.cif
2026-04-27 06:11:01,594 - INFO - [1024/2009] Biological assembly already cached: 5XXK-assembly1.cif
2026-04-27 06:11:01,795 - INFO - [1025/2009] Asymmetric unit already cached: 5XZC.cif
2026-04-27 06:11:01,795 - INFO - [1025/2009] Biological assembly already cached: 5XZC-assembly1.cif
2026-04-27 06:11:01,995 - INFO - [1026/2009] Asymmetric unit already cached: 5YC1.cif
2026-04-27 06:11:01,995 - INFO - [1026/2009] Biological assembly already cached: 5YC1-assembly1.cif
2026-04-27 06:11:02,196 - INFO - [1027/2009] Asymmetric unit already cached: 5YCO.cif
2026-04-27 06:11:02,196 - INFO - [1027/2009] Biological assembly already cached: 5YCO-assembly1.cif
2026-04-27 06:11:02,397 - INFO - [1028/2009] Asymmetric unit already cached: 5YDK.cif
2026-04-27 06:11:02,397 - INFO - [1028/2009] Biological assembly already cached: 5YDK-assembly1.cif
2026-04-27 06:11:02,597 - INFO - [1029/2009] Asymmetric unit already cached: 5YP7.cif
2026-04-27 06:11:02,597 - INFO - [1029/2009] Biological assembly already cached: 5YP7-assembly1.cif
2026-04-27 06:11:02,798 - INFO - [1030/2009] Asymmetric unit already cached: 5YP8.cif
2026-04-27 06:11:02,798 - INFO - [1030/2009] Biological assembly already cached: 5YP8-assembly1.cif
2026-04-27 06:11:02,998 - INFO - [1031/2009] Asymmetric unit already cached: 5YPA.cif
2026-04-27 06:11:02,999 - INFO - [1031/2009] Biological assembly already cached: 5YPA-assembly1.cif
2026-04-27 06:11:03,199 - INFO - [1032/2009] Asymmetric unit already cached: 5YPB.cif
2026-04-27 06:11:03,199 - INFO - [1032/2009] Biological assembly already cached: 5YPB-assembly1.cif
2026-04-27 06:11:03,400 - INFO - [1033/2009] Asymmetric unit already cached: 5YPC.cif
2026-04-27 06:11:03,400 - INFO - [1033/2009] Biological assembly already cached: 5YPC-assembly1.cif
2026-04-27 06:11:03,600 - INFO - [1034/2009] Asymmetric unit already cached: 5YPE.cif
2026-04-27 06:11:03,600 - INFO - [1034/2009] Biological assembly already cached: 5YPE-assembly1.cif
2026-04-27 06:11:03,801 - INFO - [1035/2009] Asymmetric unit already cached: 5YPF.cif
2026-04-27 06:11:03,801 - INFO - [1035/2009] Biological assembly already cached: 5YPF-assembly1.cif
2026-04-27 06:11:04,002 - INFO - [1036/2009] Asymmetric unit already cached: 5YPG.cif
2026-04-27 06:11:04,002 - INFO - [1036/2009] Biological assembly already cached: 5YPG-assembly1.cif
2026-04-27 06:11:04,202 - INFO - [1037/2009] Asymmetric unit already cached: 5YPH.cif
2026-04-27 06:11:04,202 - INFO - [1037/2009] Biological assembly already cached: 5YPH-assembly1.cif
2026-04-27 06:11:04,403 - INFO - [1038/2009] Asymmetric unit already cached: 5YUF.cif
2026-04-27 06:11:04,403 - INFO - [1038/2009] Biological assembly already cached: 5YUF-assembly1.cif
2026-04-27 06:11:04,603 - INFO - [1039/2009] Asymmetric unit already cached: 5YWR.cif
2026-04-27 06:11:04,604 - INFO - [1039/2009] Biological assembly already cached: 5YWR-assembly1.cif
2026-04-27 06:11:04,804 - INFO - [1040/2009] Asymmetric unit already cached: 5YY9.cif
2026-04-27 06:11:04,804 - INFO - [1040/2009] Biological assembly already cached: 5YY9-assembly1.cif
2026-04-27 06:11:05,005 - INFO - [1041/2009] Asymmetric unit already cached: 5YYA.cif
2026-04-27 06:11:05,005 - INFO - [1041/2009] Biological assembly already cached: 5YYA-assembly1.cif
2026-04-27 06:11:05,205 - INFO - [1042/2009] Asymmetric unit already cached: 5YZG.cif
2026-04-27 06:11:05,205 - INFO - [1042/2009] Biological assembly already cached: 5YZG-assembly1.cif
2026-04-27 06:11:05,406 - INFO - [1043/2009] Asymmetric unit already cached: 5Z02.cif
2026-04-27 06:11:05,406 - INFO - [1043/2009] Biological assembly already cached: 5Z02-assembly1.cif
2026-04-27 06:11:05,606 - INFO - [1044/2009] Asymmetric unit already cached: 5Z56.cif
2026-04-27 06:11:05,606 - INFO - [1044/2009] Biological assembly already cached: 5Z56-assembly1.cif
2026-04-27 06:11:05,807 - INFO - [1045/2009] Asymmetric unit already cached: 5Z57.cif
2026-04-27 06:11:05,807 - INFO - [1045/2009] Biological assembly already cached: 5Z57-assembly1.cif
2026-04-27 06:11:06,008 - INFO - [1046/2009] Asymmetric unit already cached: 5Z58.cif
2026-04-27 06:11:06,008 - INFO - [1046/2009] Biological assembly already cached: 5Z58-assembly1.cif
2026-04-27 06:11:06,208 - INFO - [1047/2009] Asymmetric unit already cached: 5ZBU.cif
2026-04-27 06:11:06,208 - INFO - [1047/2009] Biological assembly already cached: 5ZBU-assembly1.cif
2026-04-27 06:11:06,409 - INFO - [1048/2009] Asymmetric unit already cached: 5ZC4.cif
2026-04-27 06:11:06,409 - INFO - [1048/2009] Biological assembly already cached: 5ZC4-assembly1.cif
2026-04-27 06:11:06,610 - INFO - [1049/2009] Asymmetric unit already cached: 5ZI6.cif
2026-04-27 06:11:06,610 - INFO - [1049/2009] Biological assembly already cached: 5ZI6-assembly1.cif
2026-04-27 06:11:06,810 - INFO - [1050/2009] Asymmetric unit already cached: 5ZUJ.cif
2026-04-27 06:11:06,810 - INFO - [1050/2009] Biological assembly already cached: 5ZUJ-assembly1.cif
2026-04-27 06:11:07,011 - INFO - [1051/2009] Asymmetric unit already cached: 5ZXF.cif
2026-04-27 06:11:07,011 - INFO - [1051/2009] Biological assembly already cached: 5ZXF-assembly1.cif
2026-04-27 06:11:07,211 - INFO - [1052/2009] Asymmetric unit already cached: 6A33.cif
2026-04-27 06:11:07,212 - INFO - [1052/2009] Biological assembly already cached: 6A33-assembly1.cif
2026-04-27 06:11:07,412 - INFO - [1053/2009] Asymmetric unit already cached: 6A3Z.cif
2026-04-27 06:11:07,412 - INFO - [1053/2009] Biological assembly already cached: 6A3Z-assembly1.cif
2026-04-27 06:11:07,613 - INFO - [1054/2009] Asymmetric unit already cached: 6AAW.cif
2026-04-27 06:11:07,613 - INFO - [1054/2009] Biological assembly already cached: 6AAW-assembly1.cif
2026-04-27 06:11:07,813 - INFO - [1055/2009] Asymmetric unit already cached: 6ALB.cif
2026-04-27 06:11:07,814 - INFO - [1055/2009] Biological assembly already cached: 6ALB-assembly1.cif
2026-04-27 06:11:08,014 - INFO - [1056/2009] Asymmetric unit already cached: 6ALC.cif
2026-04-27 06:11:08,014 - INFO - [1056/2009] Biological assembly already cached: 6ALC-assembly1.cif
2026-04-27 06:11:08,215 - INFO - [1057/2009] Asymmetric unit already cached: 6AXQ.cif
2026-04-27 06:11:08,215 - INFO - [1057/2009] Biological assembly already cached: 6AXQ-assembly1.cif
2026-04-27 06:11:08,415 - INFO - [1058/2009] Asymmetric unit already cached: 6AY3.cif
2026-04-27 06:11:08,416 - INFO - [1058/2009] Biological assembly already cached: 6AY3-assembly1.cif
2026-04-27 06:11:08,616 - INFO - [1059/2009] Asymmetric unit already cached: 6AY5.cif
2026-04-27 06:11:08,616 - INFO - [1059/2009] Biological assembly already cached: 6AY5-assembly1.cif
2026-04-27 06:11:08,817 - INFO - [1060/2009] Asymmetric unit already cached: 6B9M.cif
2026-04-27 06:11:08,817 - INFO - [1060/2009] Biological assembly already cached: 6B9M-assembly1.cif
2026-04-27 06:11:09,017 - INFO - [1061/2009] Asymmetric unit already cached: 6CE6.cif
2026-04-27 06:11:09,018 - INFO - [1061/2009] Biological assembly already cached: 6CE6-assembly1.cif
2026-04-27 06:11:09,218 - INFO - [1062/2009] Asymmetric unit already cached: 6CE8.cif
2026-04-27 06:11:09,218 - INFO - [1062/2009] Biological assembly already cached: 6CE8-assembly1.cif
2026-04-27 06:11:09,419 - INFO - [1063/2009] Asymmetric unit already cached: 6CEA.cif
2026-04-27 06:11:09,419 - INFO - [1063/2009] Biological assembly already cached: 6CEA-assembly1.cif
2026-04-27 06:11:09,619 - INFO - [1064/2009] Asymmetric unit already cached: 6CEC.cif
2026-04-27 06:11:09,620 - INFO - [1064/2009] Biological assembly already cached: 6CEC-assembly1.cif
2026-04-27 06:11:09,820 - INFO - [1065/2009] Asymmetric unit already cached: 6CED.cif
2026-04-27 06:11:09,820 - INFO - [1065/2009] Biological assembly already cached: 6CED-assembly1.cif
2026-04-27 06:11:10,021 - INFO - [1066/2009] Asymmetric unit already cached: 6CEE.cif
2026-04-27 06:11:10,021 - INFO - [1066/2009] Biological assembly already cached: 6CEE-assembly1.cif
2026-04-27 06:11:10,221 - INFO - [1067/2009] Asymmetric unit already cached: 6CEF.cif
2026-04-27 06:11:10,222 - INFO - [1067/2009] Biological assembly already cached: 6CEF-assembly1.cif
2026-04-27 06:11:10,422 - INFO - [1068/2009] Asymmetric unit already cached: 6CF6.cif
2026-04-27 06:11:10,422 - INFO - [1068/2009] Biological assembly already cached: 6CF6-assembly1.cif
2026-04-27 06:11:10,623 - INFO - [1069/2009] Asymmetric unit already cached: 6CP0.cif
2026-04-27 06:11:10,623 - INFO - [1069/2009] Biological assembly already cached: 6CP0-assembly1.cif
2026-04-27 06:11:10,823 - INFO - [1070/2009] Asymmetric unit already cached: 6CP2.cif
2026-04-27 06:11:10,824 - INFO - [1070/2009] Biological assembly already cached: 6CP2-assembly1.cif
2026-04-27 06:11:11,024 - INFO - [1071/2009] Asymmetric unit already cached: 6CVZ.cif
2026-04-27 06:11:11,024 - INFO - [1071/2009] Biological assembly already cached: 6CVZ-assembly1.cif
2026-04-27 06:11:11,225 - INFO - [1072/2009] Asymmetric unit already cached: 6CYO.cif
2026-04-27 06:11:11,225 - INFO - [1072/2009] Biological assembly already cached: 6CYO-assembly1.cif
2026-04-27 06:11:11,425 - INFO - [1073/2009] Asymmetric unit already cached: 6CYR.cif
2026-04-27 06:11:11,425 - INFO - [1073/2009] Biological assembly already cached: 6CYR-assembly1.cif
2026-04-27 06:11:11,626 - INFO - [1074/2009] Asymmetric unit already cached: 6D4P.cif
2026-04-27 06:11:11,626 - INFO - [1074/2009] Biological assembly already cached: 6D4P-assembly1.cif
2026-04-27 06:11:11,827 - INFO - [1075/2009] Asymmetric unit already cached: 6D68.cif
2026-04-27 06:11:11,827 - INFO - [1075/2009] Biological assembly already cached: 6D68-assembly1.cif
2026-04-27 06:11:12,027 - INFO - [1076/2009] Asymmetric unit already cached: 6D6I.cif
2026-04-27 06:11:12,027 - INFO - [1076/2009] Biological assembly already cached: 6D6I-assembly1.cif
2026-04-27 06:11:12,228 - INFO - [1077/2009] Asymmetric unit already cached: 6DJW.cif
2026-04-27 06:11:12,228 - INFO - [1077/2009] Biological assembly already cached: 6DJW-assembly1.cif
2026-04-27 06:11:12,428 - INFO - [1078/2009] Asymmetric unit already cached: 6DJX.cif
2026-04-27 06:11:12,429 - INFO - [1078/2009] Biological assembly already cached: 6DJX-assembly1.cif
2026-04-27 06:11:12,629 - INFO - [1079/2009] Asymmetric unit already cached: 6DMK.cif
2026-04-27 06:11:12,629 - INFO - [1079/2009] Biological assembly already cached: 6DMK-assembly1.cif
2026-04-27 06:11:12,830 - INFO - [1080/2009] Asymmetric unit already cached: 6DS6.cif
2026-04-27 06:11:12,830 - INFO - [1080/2009] Biological assembly already cached: 6DS6-assembly1.cif
2026-04-27 06:11:13,030 - INFO - [1081/2009] Asymmetric unit already cached: 6E5X.cif
2026-04-27 06:11:13,030 - INFO - [1081/2009] Biological assembly already cached: 6E5X-assembly1.cif
2026-04-27 06:11:13,231 - INFO - [1082/2009] Asymmetric unit already cached: 6EFK.cif
2026-04-27 06:11:13,231 - INFO - [1082/2009] Biological assembly already cached: 6EFK-assembly1.cif
2026-04-27 06:11:13,432 - INFO - [1083/2009] Asymmetric unit already cached: 6ES5.cif
2026-04-27 06:11:13,432 - INFO - [1083/2009] Biological assembly already cached: 6ES5-assembly1.cif
2026-04-27 06:11:13,632 - INFO - [1084/2009] Asymmetric unit already cached: 6ES6.cif
2026-04-27 06:11:13,632 - INFO - [1084/2009] Biological assembly already cached: 6ES6-assembly1.cif
2026-04-27 06:11:13,833 - INFO - [1085/2009] Asymmetric unit already cached: 6ES7.cif
2026-04-27 06:11:13,833 - INFO - [1085/2009] Biological assembly already cached: 6ES7-assembly1.cif
2026-04-27 06:11:14,033 - INFO - [1086/2009] Asymmetric unit already cached: 6EXW.cif
2026-04-27 06:11:14,034 - INFO - [1086/2009] Biological assembly already cached: 6EXW-assembly1.cif
2026-04-27 06:11:14,234 - INFO - [1087/2009] Asymmetric unit already cached: 6EY2.cif
2026-04-27 06:11:14,234 - INFO - [1087/2009] Biological assembly already cached: 6EY2-assembly1.cif
2026-04-27 06:11:14,435 - INFO - [1088/2009] Asymmetric unit already cached: 6FF4.cif
2026-04-27 06:11:14,435 - INFO - [1088/2009] Biological assembly already cached: 6FF4-assembly1.cif
2026-04-27 06:11:14,635 - INFO - [1089/2009] Asymmetric unit already cached: 6FF7.cif
2026-04-27 06:11:14,635 - INFO - [1089/2009] Biological assembly already cached: 6FF7-assembly1.cif
2026-04-27 06:11:14,836 - INFO - [1090/2009] Asymmetric unit already cached: 6FGA.cif
2026-04-27 06:11:14,836 - INFO - [1090/2009] Biological assembly already cached: 6FGA-assembly1.cif
2026-04-27 06:11:15,036 - INFO - [1091/2009] Asymmetric unit already cached: 6FGN.cif
2026-04-27 06:11:15,037 - INFO - [1091/2009] Biological assembly already cached: 6FGN-assembly1.cif
2026-04-27 06:11:15,237 - INFO - [1092/2009] Asymmetric unit already cached: 6FGS.cif
2026-04-27 06:11:15,237 - INFO - [1092/2009] Biological assembly already cached: 6FGS-assembly1.cif
2026-04-27 06:11:15,438 - INFO - [1093/2009] Asymmetric unit already cached: 6FLM.cif
2026-04-27 06:11:15,438 - INFO - [1093/2009] Biological assembly already cached: 6FLM-assembly1.cif
2026-04-27 06:11:15,638 - INFO - [1094/2009] Asymmetric unit already cached: 6FLN.cif
2026-04-27 06:11:15,639 - INFO - [1094/2009] Biological assembly already cached: 6FLN-assembly1.cif
2026-04-27 06:11:15,839 - INFO - [1095/2009] Asymmetric unit already cached: 6FQO.cif
2026-04-27 06:11:15,839 - INFO - [1095/2009] Biological assembly already cached: 6FQO-assembly1.cif
2026-04-27 06:11:16,040 - INFO - [1096/2009] Asymmetric unit already cached: 6FQT.cif
2026-04-27 06:11:16,040 - INFO - [1096/2009] Biological assembly already cached: 6FQT-assembly1.cif
2026-04-27 06:11:16,240 - INFO - [1097/2009] Asymmetric unit already cached: 6FQU.cif
2026-04-27 06:11:16,240 - INFO - [1097/2009] Biological assembly already cached: 6FQU-assembly1.cif
2026-04-27 06:11:16,441 - INFO - [1098/2009] Asymmetric unit already cached: 6FR0.cif
2026-04-27 06:11:16,441 - INFO - [1098/2009] Biological assembly already cached: 6FR0-assembly1.cif
2026-04-27 06:11:16,641 - INFO - [1099/2009] Asymmetric unit already cached: 6FRF.cif
2026-04-27 06:11:16,642 - INFO - [1099/2009] Biological assembly already cached: 6FRF-assembly1.cif
2026-04-27 06:11:16,842 - INFO - [1100/2009] Asymmetric unit already cached: 6FX4.cif
2026-04-27 06:11:16,842 - INFO - [1100/2009] Biological assembly already cached: 6FX4-assembly1.cif
2026-04-27 06:11:17,043 - INFO - [1101/2009] Asymmetric unit already cached: 6FYH.cif
2026-04-27 06:11:17,043 - INFO - [1101/2009] Biological assembly already cached: 6FYH-assembly1.cif
2026-04-27 06:11:17,243 - INFO - [1102/2009] Asymmetric unit already cached: 6G2I.cif
2026-04-27 06:11:17,243 - INFO - [1102/2009] Biological assembly already cached: 6G2I-assembly1.cif
2026-04-27 06:11:17,444 - INFO - [1103/2009] Asymmetric unit already cached: 6GGN.cif
2026-04-27 06:11:17,444 - INFO - [1103/2009] Biological assembly already cached: 6GGN-assembly1.cif
2026-04-27 06:11:17,644 - INFO - [1104/2009] Asymmetric unit already cached: 6GJW.cif
2026-04-27 06:11:17,644 - INFO - [1104/2009] Biological assembly already cached: 6GJW-assembly1.cif
2026-04-27 06:11:17,845 - INFO - [1105/2009] Asymmetric unit already cached: 6GLC.cif
2026-04-27 06:11:17,845 - INFO - [1105/2009] Biological assembly already cached: 6GLC-assembly1.cif
2026-04-27 06:11:18,046 - INFO - [1106/2009] Asymmetric unit already cached: 6GYR.cif
2026-04-27 06:11:18,046 - INFO - [1106/2009] Biological assembly already cached: 6GYR-assembly1.cif
2026-04-27 06:11:18,246 - INFO - [1107/2009] Asymmetric unit already cached: 6GYT.cif
2026-04-27 06:11:18,246 - INFO - [1107/2009] Biological assembly already cached: 6GYT-assembly1.cif
2026-04-27 06:11:18,447 - INFO - [1108/2009] Asymmetric unit already cached: 6GZY.cif
2026-04-27 06:11:18,447 - INFO - [1108/2009] Biological assembly already cached: 6GZY-assembly1.cif
2026-04-27 06:11:18,647 - INFO - [1109/2009] Asymmetric unit already cached: 6H3A.cif
2026-04-27 06:11:18,648 - INFO - [1109/2009] Biological assembly already cached: 6H3A-assembly1.cif
2026-04-27 06:11:18,848 - INFO - [1110/2009] Asymmetric unit already cached: 6H6Q.cif
2026-04-27 06:11:18,848 - INFO - [1110/2009] Biological assembly already cached: 6H6Q-assembly1.cif
2026-04-27 06:11:19,049 - INFO - [1111/2009] Asymmetric unit already cached: 6H6R.cif
2026-04-27 06:11:19,049 - INFO - [1111/2009] Biological assembly already cached: 6H6R-assembly1.cif
2026-04-27 06:11:19,249 - INFO - [1112/2009] Asymmetric unit already cached: 6HFA.cif
2026-04-27 06:11:19,250 - INFO - [1112/2009] Biological assembly already cached: 6HFA-assembly1.cif
2026-04-27 06:11:19,450 - INFO - [1113/2009] Asymmetric unit already cached: 6HPR.cif
2026-04-27 06:11:19,450 - INFO - [1113/2009] Biological assembly already cached: 6HPR-assembly1.cif
2026-04-27 06:11:19,651 - INFO - [1114/2009] Asymmetric unit already cached: 6HUE.cif
2026-04-27 06:11:19,651 - INFO - [1114/2009] Biological assembly already cached: 6HUE-assembly1.cif
2026-04-27 06:11:19,851 - INFO - [1115/2009] Asymmetric unit already cached: 6I29.cif
2026-04-27 06:11:19,851 - INFO - [1115/2009] Biological assembly already cached: 6I29-assembly1.cif
2026-04-27 06:11:20,052 - INFO - [1116/2009] Asymmetric unit already cached: 6I9H.cif
2026-04-27 06:11:20,052 - INFO - [1116/2009] Biological assembly already cached: 6I9H-assembly1.cif
2026-04-27 06:11:20,252 - INFO - [1117/2009] Asymmetric unit already cached: 6ICZ.cif
2026-04-27 06:11:20,253 - INFO - [1117/2009] Biological assembly already cached: 6ICZ-assembly1.cif
2026-04-27 06:11:20,453 - INFO - [1118/2009] Asymmetric unit already cached: 6ID0.cif
2026-04-27 06:11:20,453 - INFO - [1118/2009] Biological assembly already cached: 6ID0-assembly1.cif
2026-04-27 06:11:20,654 - INFO - [1119/2009] Asymmetric unit already cached: 6ID1.cif
2026-04-27 06:11:20,654 - INFO - [1119/2009] Biological assembly already cached: 6ID1-assembly1.cif
2026-04-27 06:11:20,854 - INFO - [1120/2009] Asymmetric unit already cached: 6IF1.cif
2026-04-27 06:11:20,854 - INFO - [1120/2009] Biological assembly already cached: 6IF1-assembly1.cif
2026-04-27 06:11:21,055 - INFO - [1121/2009] Asymmetric unit already cached: 6IIW.cif
2026-04-27 06:11:21,055 - INFO - [1121/2009] Biological assembly already cached: 6IIW-assembly1.cif
2026-04-27 06:11:21,255 - INFO - [1122/2009] Asymmetric unit already cached: 6IMQ.cif
2026-04-27 06:11:21,255 - INFO - [1122/2009] Biological assembly already cached: 6IMQ-assembly1.cif
2026-04-27 06:11:21,456 - INFO - [1123/2009] Asymmetric unit already cached: 6IR0.cif
2026-04-27 06:11:21,456 - INFO - [1123/2009] Biological assembly already cached: 6IR0-assembly1.cif
2026-04-27 06:11:21,656 - INFO - [1124/2009] Asymmetric unit already cached: 6J1X.cif
2026-04-27 06:11:21,657 - INFO - [1124/2009] Biological assembly already cached: 6J1X-assembly1.cif
2026-04-27 06:11:21,857 - INFO - [1125/2009] Asymmetric unit already cached: 6J1Y.cif
2026-04-27 06:11:21,857 - INFO - [1125/2009] Biological assembly already cached: 6J1Y-assembly1.cif
2026-04-27 06:11:22,058 - INFO - [1126/2009] Asymmetric unit already cached: 6J1Z.cif
2026-04-27 06:11:22,058 - INFO - [1126/2009] Biological assembly already cached: 6J1Z-assembly1.cif
2026-04-27 06:11:22,258 - INFO - [1127/2009] Asymmetric unit already cached: 6JB6.cif
2026-04-27 06:11:22,258 - INFO - [1127/2009] Biological assembly already cached: 6JB6-assembly1.cif
2026-04-27 06:11:22,459 - INFO - [1128/2009] Asymmetric unit already cached: 6JB7.cif
2026-04-27 06:11:22,459 - INFO - [1128/2009] Biological assembly already cached: 6JB7-assembly1.cif
2026-04-27 06:11:22,660 - INFO - [1129/2009] Asymmetric unit already cached: 6JKY.cif
2026-04-27 06:11:22,660 - INFO - [1129/2009] Biological assembly already cached: 6JKY-assembly1.cif
2026-04-27 06:11:22,860 - INFO - [1130/2009] Asymmetric unit already cached: 6JM4.cif
2026-04-27 06:11:22,860 - INFO - [1130/2009] Biological assembly already cached: 6JM4-assembly1.cif
2026-04-27 06:11:23,061 - INFO - [1131/2009] Asymmetric unit already cached: 6JX5.cif
2026-04-27 06:11:23,061 - INFO - [1131/2009] Biological assembly already cached: 6JX5-assembly1.cif
2026-04-27 06:11:23,261 - INFO - [1132/2009] Asymmetric unit already cached: 6K2C.cif
2026-04-27 06:11:23,261 - INFO - [1132/2009] Biological assembly already cached: 6K2C-assembly1.cif
2026-04-27 06:11:23,462 - INFO - [1133/2009] Asymmetric unit already cached: 6K2K.cif
2026-04-27 06:11:23,462 - INFO - [1133/2009] Biological assembly already cached: 6K2K-assembly1.cif
2026-04-27 06:11:23,662 - INFO - [1134/2009] Asymmetric unit already cached: 6K4N.cif
2026-04-27 06:11:23,663 - INFO - [1134/2009] Biological assembly already cached: 6K4N-assembly1.cif
2026-04-27 06:11:23,863 - INFO - [1135/2009] Asymmetric unit already cached: 6KC5.cif
2026-04-27 06:11:23,863 - INFO - [1135/2009] Biological assembly already cached: 6KC5-assembly1.cif
2026-04-27 06:11:24,064 - INFO - [1136/2009] Asymmetric unit already cached: 6KC6.cif
2026-04-27 06:11:24,064 - INFO - [1136/2009] Biological assembly already cached: 6KC6-assembly1.cif
2026-04-27 06:11:24,264 - INFO - [1137/2009] Asymmetric unit already cached: 6KCS.cif
2026-04-27 06:11:24,264 - INFO - [1137/2009] Biological assembly already cached: 6KCS-assembly1.cif
2026-04-27 06:11:24,465 - INFO - [1138/2009] Asymmetric unit already cached: 6KFP.cif
2026-04-27 06:11:24,465 - INFO - [1138/2009] Biological assembly already cached: 6KFP-assembly1.cif
2026-04-27 06:11:24,665 - INFO - [1139/2009] Asymmetric unit already cached: 6KG6.cif
2026-04-27 06:11:24,666 - INFO - [1139/2009] Biological assembly already cached: 6KG6-assembly1.cif
2026-04-27 06:11:24,866 - INFO - [1140/2009] Asymmetric unit already cached: 6KHZ.cif
2026-04-27 06:11:24,866 - INFO - [1140/2009] Biological assembly already cached: 6KHZ-assembly1.cif
2026-04-27 06:11:25,067 - INFO - [1141/2009] Asymmetric unit already cached: 6KIW.cif
2026-04-27 06:11:25,067 - INFO - [1141/2009] Biological assembly already cached: 6KIW-assembly1.cif
2026-04-27 06:11:25,267 - INFO - [1142/2009] Asymmetric unit already cached: 6KL4.cif
2026-04-27 06:11:25,267 - INFO - [1142/2009] Biological assembly already cached: 6KL4-assembly1.cif
2026-04-27 06:11:25,468 - INFO - [1143/2009] Asymmetric unit already cached: 6KZU.cif
2026-04-27 06:11:25,468 - INFO - [1143/2009] Biological assembly already cached: 6KZU-assembly1.cif
2026-04-27 06:11:25,668 - INFO - [1144/2009] Asymmetric unit already cached: 6L99.cif
2026-04-27 06:11:25,668 - INFO - [1144/2009] Biological assembly already cached: 6L99-assembly1.cif
2026-04-27 06:11:25,869 - INFO - [1145/2009] Asymmetric unit already cached: 6LOH.cif
2026-04-27 06:11:25,869 - INFO - [1145/2009] Biological assembly already cached: 6LOH-assembly1.cif
2026-04-27 06:11:26,070 - INFO - [1146/2009] Asymmetric unit already cached: 6LP2.cif
2026-04-27 06:11:26,070 - INFO - [1146/2009] Biological assembly already cached: 6LP2-assembly1.cif
2026-04-27 06:11:26,270 - INFO - [1147/2009] Asymmetric unit already cached: 6LQX.cif
2026-04-27 06:11:26,270 - INFO - [1147/2009] Biological assembly already cached: 6LQX-assembly1.cif
2026-04-27 06:11:26,471 - INFO - [1148/2009] Asymmetric unit already cached: 6M14.cif
2026-04-27 06:11:26,471 - INFO - [1148/2009] Biological assembly already cached: 6M14-assembly1.cif
2026-04-27 06:11:26,671 - INFO - [1149/2009] Asymmetric unit already cached: 6M2C.cif
2026-04-27 06:11:26,672 - INFO - [1149/2009] Biological assembly already cached: 6M2C-assembly1.cif
2026-04-27 06:11:26,872 - INFO - [1150/2009] Asymmetric unit already cached: 6M2D.cif
2026-04-27 06:11:26,872 - INFO - [1150/2009] Biological assembly already cached: 6M2D-assembly1.cif
2026-04-27 06:11:27,073 - INFO - [1151/2009] Asymmetric unit already cached: 6M64.cif
2026-04-27 06:11:27,073 - INFO - [1151/2009] Biological assembly already cached: 6M64-assembly1.cif
2026-04-27 06:11:27,273 - INFO - [1152/2009] Asymmetric unit already cached: 6MIU.cif
2026-04-27 06:11:27,273 - INFO - [1152/2009] Biological assembly already cached: 6MIU-assembly1.cif
2026-04-27 06:11:27,474 - INFO - [1153/2009] Asymmetric unit already cached: 6MIW.cif
2026-04-27 06:11:27,474 - INFO - [1153/2009] Biological assembly already cached: 6MIW-assembly1.cif
2026-04-27 06:11:27,674 - INFO - [1154/2009] Asymmetric unit already cached: 6MJ7.cif
2026-04-27 06:11:27,675 - INFO - [1154/2009] Biological assembly already cached: 6MJ7-assembly1.cif
2026-04-27 06:11:27,875 - INFO - [1155/2009] Asymmetric unit already cached: 6MLC.cif
2026-04-27 06:11:27,875 - INFO - [1155/2009] Biological assembly already cached: 6MLC-assembly1.cif
2026-04-27 06:11:28,076 - INFO - [1156/2009] Asymmetric unit already cached: 6N13.cif
2026-04-27 06:11:28,076 - INFO - [1156/2009] Biological assembly already cached: 6N13-assembly1.cif
2026-04-27 06:11:28,276 - INFO - [1157/2009] Asymmetric unit already cached: 6NMI.cif
2026-04-27 06:11:28,276 - INFO - [1157/2009] Biological assembly already cached: 6NMI-assembly1.cif
2026-04-27 06:11:28,477 - INFO - [1158/2009] Asymmetric unit already cached: 6NSV.cif
2026-04-27 06:11:28,477 - INFO - [1158/2009] Biological assembly already cached: 6NSV-assembly1.cif
2026-04-27 06:11:28,677 - INFO - [1159/2009] Asymmetric unit already cached: 6NYO.cif
2026-04-27 06:11:28,678 - INFO - [1159/2009] Biological assembly already cached: 6NYO-assembly1.cif
2026-04-27 06:11:28,878 - INFO - [1160/2009] Asymmetric unit already cached: 6O02.cif
2026-04-27 06:11:28,878 - INFO - [1160/2009] Biological assembly already cached: 6O02-assembly1.cif
2026-04-27 06:11:29,079 - INFO - [1161/2009] Asymmetric unit already cached: 6O03.cif
2026-04-27 06:11:29,079 - INFO - [1161/2009] Biological assembly already cached: 6O03-assembly1.cif
2026-04-27 06:11:29,279 - INFO - [1162/2009] Asymmetric unit already cached: 6O7G.cif
2026-04-27 06:11:29,280 - INFO - [1162/2009] Biological assembly already cached: 6O7G-assembly1.cif
2026-04-27 06:11:29,480 - INFO - [1163/2009] Asymmetric unit already cached: 6O9L.cif
2026-04-27 06:11:29,480 - INFO - [1163/2009] Biological assembly already cached: 6O9L-assembly1.cif
2026-04-27 06:11:29,681 - INFO - [1164/2009] Asymmetric unit already cached: 6O9M.cif
2026-04-27 06:11:29,681 - INFO - [1164/2009] Biological assembly already cached: 6O9M-assembly1.cif
2026-04-27 06:11:29,881 - INFO - [1165/2009] Asymmetric unit already cached: 6P5B.cif
2026-04-27 06:11:29,881 - INFO - [1165/2009] Biological assembly already cached: 6P5B-assembly1.cif
2026-04-27 06:11:30,082 - INFO - [1166/2009] Asymmetric unit already cached: 6PF1.cif
2026-04-27 06:11:30,082 - INFO - [1166/2009] Biological assembly already cached: 6PF1-assembly1.cif
2026-04-27 06:11:30,283 - INFO - [1167/2009] Asymmetric unit already cached: 6PFL.cif
2026-04-27 06:11:30,283 - INFO - [1167/2009] Biological assembly already cached: 6PFL-assembly1.cif
2026-04-27 06:11:30,483 - INFO - [1168/2009] Asymmetric unit already cached: 6PGU.cif
2026-04-27 06:11:30,483 - INFO - [1168/2009] Biological assembly already cached: 6PGU-assembly1.cif
2026-04-27 06:11:30,684 - INFO - [1169/2009] Asymmetric unit already cached: 6Q6G.cif
2026-04-27 06:11:30,684 - INFO - [1169/2009] Biological assembly already cached: 6Q6G-assembly1.cif
2026-04-27 06:11:30,885 - INFO - [1170/2009] Asymmetric unit already cached: 6Q6H.cif
2026-04-27 06:11:30,885 - INFO - [1170/2009] Biological assembly already cached: 6Q6H-assembly1.cif
2026-04-27 06:11:31,085 - INFO - [1171/2009] Asymmetric unit already cached: 6Q9H.cif
2026-04-27 06:11:31,085 - INFO - [1171/2009] Biological assembly already cached: 6Q9H-assembly1.cif
2026-04-27 06:11:31,286 - INFO - [1172/2009] Asymmetric unit already cached: 6Q9O.cif
2026-04-27 06:11:31,286 - INFO - [1172/2009] Biological assembly already cached: 6Q9O-assembly1.cif
2026-04-27 06:11:31,486 - INFO - [1173/2009] Asymmetric unit already cached: 6Q9Q.cif
2026-04-27 06:11:31,487 - INFO - [1173/2009] Biological assembly already cached: 6Q9Q-assembly1.cif
2026-04-27 06:11:31,687 - INFO - [1174/2009] Asymmetric unit already cached: 6Q9S.cif
2026-04-27 06:11:31,687 - INFO - [1174/2009] Biological assembly already cached: 6Q9S-assembly1.cif
2026-04-27 06:11:31,888 - INFO - [1175/2009] Asymmetric unit already cached: 6Q9U.cif
2026-04-27 06:11:31,888 - INFO - [1175/2009] Biological assembly already cached: 6Q9U-assembly1.cif
2026-04-27 06:11:32,088 - INFO - [1176/2009] Asymmetric unit already cached: 6Q9W.cif
2026-04-27 06:11:32,088 - INFO - [1176/2009] Biological assembly already cached: 6Q9W-assembly1.cif
2026-04-27 06:11:32,289 - INFO - [1177/2009] Asymmetric unit already cached: 6Q9Y.cif
2026-04-27 06:11:32,289 - INFO - [1177/2009] Biological assembly already cached: 6Q9Y-assembly1.cif
2026-04-27 06:11:32,490 - INFO - [1178/2009] Asymmetric unit already cached: 6QAJ.cif
2026-04-27 06:11:32,490 - INFO - [1178/2009] Biological assembly already cached: 6QAJ-assembly1.cif
2026-04-27 06:11:32,690 - INFO - [1179/2009] Asymmetric unit already cached: 6QCI.cif
2026-04-27 06:11:32,690 - INFO - [1179/2009] Biological assembly already cached: 6QCI-assembly1.cif
2026-04-27 06:11:32,891 - INFO - [1180/2009] Asymmetric unit already cached: 6QDV.cif
2026-04-27 06:11:32,891 - INFO - [1180/2009] Biological assembly already cached: 6QDV-assembly1.cif
2026-04-27 06:11:33,091 - INFO - [1181/2009] Asymmetric unit already cached: 6QH3.cif
2026-04-27 06:11:33,092 - INFO - [1181/2009] Biological assembly already cached: 6QH3-assembly1.cif
2026-04-27 06:11:33,292 - INFO - [1182/2009] Asymmetric unit already cached: 6QHK.cif
2026-04-27 06:11:33,292 - INFO - [1182/2009] Biological assembly already cached: 6QHK-assembly1.cif
2026-04-27 06:11:33,493 - INFO - [1183/2009] Asymmetric unit already cached: 6QLY.cif
2026-04-27 06:11:33,493 - INFO - [1183/2009] Biological assembly already cached: 6QLY-assembly1.cif
2026-04-27 06:11:33,693 - INFO - [1184/2009] Asymmetric unit already cached: 6QLZ.cif
2026-04-27 06:11:33,694 - INFO - [1184/2009] Biological assembly already cached: 6QLZ-assembly1.cif
2026-04-27 06:11:33,894 - INFO - [1185/2009] Asymmetric unit already cached: 6QST.cif
2026-04-27 06:11:33,894 - INFO - [1185/2009] Biological assembly already cached: 6QST-assembly1.cif
2026-04-27 06:11:34,095 - INFO - [1186/2009] Asymmetric unit already cached: 6QU1.cif
2026-04-27 06:11:34,095 - INFO - [1186/2009] Biological assembly already cached: 6QU1-assembly1.cif
2026-04-27 06:11:34,295 - INFO - [1187/2009] Asymmetric unit already cached: 6R6H.cif
2026-04-27 06:11:34,296 - INFO - [1187/2009] Biological assembly already cached: 6R6H-assembly1.cif
2026-04-27 06:11:34,496 - INFO - [1188/2009] Asymmetric unit already cached: 6R75.cif
2026-04-27 06:11:34,496 - INFO - [1188/2009] Biological assembly already cached: 6R75-assembly1.cif
2026-04-27 06:11:34,697 - INFO - [1189/2009] Asymmetric unit already cached: 6R7F.cif
2026-04-27 06:11:34,697 - INFO - [1189/2009] Biological assembly already cached: 6R7F-assembly1.cif
2026-04-27 06:11:34,897 - INFO - [1190/2009] Asymmetric unit already cached: 6R7H.cif
2026-04-27 06:11:34,898 - INFO - [1190/2009] Biological assembly already cached: 6R7H-assembly1.cif
2026-04-27 06:11:35,098 - INFO - [1191/2009] Asymmetric unit already cached: 6R7I.cif
2026-04-27 06:11:35,098 - INFO - [1191/2009] Biological assembly already cached: 6R7I-assembly1.cif
2026-04-27 06:11:35,299 - INFO - [1192/2009] Asymmetric unit already cached: 6R7N.cif
2026-04-27 06:11:35,299 - INFO - [1192/2009] Biological assembly already cached: 6R7N-assembly1.cif
2026-04-27 06:11:35,499 - INFO - [1193/2009] Asymmetric unit already cached: 6RSS.cif
2026-04-27 06:11:35,499 - INFO - [1193/2009] Biological assembly already cached: 6RSS-assembly1.cif
2026-04-27 06:11:35,700 - INFO - [1194/2009] Asymmetric unit already cached: 6S53.cif
2026-04-27 06:11:35,700 - INFO - [1194/2009] Biological assembly already cached: 6S53-assembly1.cif
2026-04-27 06:11:35,901 - INFO - [1195/2009] Asymmetric unit already cached: 6S96.cif
2026-04-27 06:11:35,901 - INFO - [1195/2009] Biological assembly already cached: 6S96-assembly1.cif
2026-04-27 06:11:36,101 - INFO - [1196/2009] Asymmetric unit already cached: 6S98.cif
2026-04-27 06:11:36,101 - INFO - [1196/2009] Biological assembly already cached: 6S98-assembly1.cif
2026-04-27 06:11:36,302 - INFO - [1197/2009] Asymmetric unit already cached: 6SC5.cif
2026-04-27 06:11:36,302 - INFO - [1197/2009] Biological assembly already cached: 6SC5-assembly1.cif
2026-04-27 06:11:36,502 - INFO - [1198/2009] Asymmetric unit already cached: 6SC6.cif
2026-04-27 06:11:36,503 - INFO - [1198/2009] Biological assembly already cached: 6SC6-assembly1.cif
2026-04-27 06:11:36,703 - INFO - [1199/2009] Asymmetric unit already cached: 6SC7.cif
2026-04-27 06:11:36,703 - INFO - [1199/2009] Biological assembly already cached: 6SC7-assembly1.cif
2026-04-27 06:11:36,904 - INFO - [1200/2009] Asymmetric unit already cached: 6SC8.cif
2026-04-27 06:11:36,904 - INFO - [1200/2009] Biological assembly already cached: 6SC8-assembly1.cif
2026-04-27 06:11:37,104 - INFO - [1201/2009] Asymmetric unit already cached: 6SC9.cif
2026-04-27 06:11:37,104 - INFO - [1201/2009] Biological assembly already cached: 6SC9-assembly1.cif
2026-04-27 06:11:37,305 - INFO - [1202/2009] Asymmetric unit already cached: 6SJV.cif
2026-04-27 06:11:37,305 - INFO - [1202/2009] Biological assembly already cached: 6SJV-assembly1.cif
2026-04-27 06:11:37,506 - INFO - [1203/2009] Asymmetric unit already cached: 6SLM.cif
2026-04-27 06:11:37,506 - INFO - [1203/2009] Biological assembly already cached: 6SLM-assembly1.cif
2026-04-27 06:11:37,706 - INFO - [1204/2009] Asymmetric unit already cached: 6SQE.cif
2026-04-27 06:11:37,706 - INFO - [1204/2009] Biological assembly already cached: 6SQE-assembly1.cif
2026-04-27 06:11:37,907 - INFO - [1205/2009] Asymmetric unit already cached: 6SQF.cif
2026-04-27 06:11:37,907 - INFO - [1205/2009] Biological assembly already cached: 6SQF-assembly1.cif
2026-04-27 06:11:38,108 - INFO - [1206/2009] Asymmetric unit already cached: 6SQM.cif
2026-04-27 06:11:38,108 - INFO - [1206/2009] Biological assembly already cached: 6SQM-assembly1.cif
2026-04-27 06:11:38,308 - INFO - [1207/2009] Asymmetric unit already cached: 6SQO.cif
2026-04-27 06:11:38,308 - INFO - [1207/2009] Biological assembly already cached: 6SQO-assembly1.cif
2026-04-27 06:11:38,509 - INFO - [1208/2009] Asymmetric unit already cached: 6SQR.cif
2026-04-27 06:11:38,509 - INFO - [1208/2009] Biological assembly already cached: 6SQR-assembly1.cif
2026-04-27 06:11:38,710 - INFO - [1209/2009] Asymmetric unit already cached: 6SQS.cif
2026-04-27 06:11:38,710 - INFO - [1209/2009] Biological assembly already cached: 6SQS-assembly1.cif
2026-04-27 06:11:38,910 - INFO - [1210/2009] Asymmetric unit already cached: 6SXX.cif
2026-04-27 06:11:38,910 - INFO - [1210/2009] Biological assembly already cached: 6SXX-assembly1.cif
2026-04-27 06:11:39,111 - INFO - [1211/2009] Asymmetric unit already cached: 6SYF.cif
2026-04-27 06:11:39,111 - INFO - [1211/2009] Biological assembly already cached: 6SYF-assembly1.cif
2026-04-27 06:11:39,311 - INFO - [1212/2009] Asymmetric unit already cached: 6T2E.cif
2026-04-27 06:11:39,312 - INFO - [1212/2009] Biological assembly already cached: 6T2E-assembly1.cif
2026-04-27 06:11:39,512 - INFO - [1213/2009] Asymmetric unit already cached: 6T2F.cif
2026-04-27 06:11:39,512 - INFO - [1213/2009] Biological assembly already cached: 6T2F-assembly1.cif
2026-04-27 06:11:39,713 - INFO - [1214/2009] Asymmetric unit already cached: 6T7F.cif
2026-04-27 06:11:39,713 - INFO - [1214/2009] Biological assembly already cached: 6T7F-assembly1.cif
2026-04-27 06:11:39,913 - INFO - [1215/2009] Asymmetric unit already cached: 6TGK.cif
2026-04-27 06:11:39,914 - INFO - [1215/2009] Biological assembly already cached: 6TGK-assembly1.cif
2026-04-27 06:11:40,114 - INFO - [1216/2009] Asymmetric unit already cached: 6TGY.cif
2026-04-27 06:11:40,114 - INFO - [1216/2009] Biological assembly already cached: 6TGY-assembly1.cif
2026-04-27 06:11:40,315 - INFO - [1217/2009] Asymmetric unit already cached: 6TH3.cif
2026-04-27 06:11:40,315 - INFO - [1217/2009] Biological assembly already cached: 6TH3-assembly1.cif
2026-04-27 06:11:40,515 - INFO - [1218/2009] Asymmetric unit already cached: 6TLJ.cif
2026-04-27 06:11:40,515 - INFO - [1218/2009] Biological assembly already cached: 6TLJ-assembly1.cif
2026-04-27 06:11:40,716 - INFO - [1219/2009] Asymmetric unit already cached: 6TM5.cif
2026-04-27 06:11:40,716 - INFO - [1219/2009] Biological assembly already cached: 6TM5-assembly1.cif
2026-04-27 06:11:40,917 - INFO - [1220/2009] Asymmetric unit already cached: 6TNT.cif
2026-04-27 06:11:40,917 - INFO - [1220/2009] Biological assembly already cached: 6TNT-assembly1.cif
2026-04-27 06:11:41,117 - INFO - [1221/2009] Asymmetric unit already cached: 6TTU.cif
2026-04-27 06:11:41,117 - INFO - [1221/2009] Biological assembly already cached: 6TTU-assembly1.cif
2026-04-27 06:11:41,318 - INFO - [1222/2009] Asymmetric unit already cached: 6TUN.cif
2026-04-27 06:11:41,318 - INFO - [1222/2009] Biological assembly already cached: 6TUN-assembly1.cif
2026-04-27 06:11:41,518 - INFO - [1223/2009] Asymmetric unit already cached: 6U19.cif
2026-04-27 06:11:41,519 - INFO - [1223/2009] Biological assembly already cached: 6U19-assembly1.cif
2026-04-27 06:11:41,719 - INFO - [1224/2009] Asymmetric unit already cached: 6ULH.cif
2026-04-27 06:11:41,719 - INFO - [1224/2009] Biological assembly already cached: 6ULH-assembly1.cif
2026-04-27 06:11:41,920 - INFO - [1225/2009] Asymmetric unit already cached: 6UMA.cif
2026-04-27 06:11:41,920 - INFO - [1225/2009] Biological assembly already cached: 6UMA-assembly1.cif
2026-04-27 06:11:42,120 - INFO - [1226/2009] Asymmetric unit already cached: 6UMB.cif
2026-04-27 06:11:42,120 - INFO - [1226/2009] Biological assembly already cached: 6UMB-assembly1.cif
2026-04-27 06:11:42,321 - INFO - [1227/2009] Asymmetric unit already cached: 6UMP.cif
2026-04-27 06:11:42,321 - INFO - [1227/2009] Biological assembly already cached: 6UMP-assembly1.cif
2026-04-27 06:11:42,522 - INFO - [1228/2009] Asymmetric unit already cached: 6UMS.cif
2026-04-27 06:11:42,522 - INFO - [1228/2009] Biological assembly already cached: 6UMS-assembly1.cif
2026-04-27 06:11:42,722 - INFO - [1229/2009] Asymmetric unit already cached: 6UYO.cif
2026-04-27 06:11:42,722 - INFO - [1229/2009] Biological assembly already cached: 6UYO-assembly1.cif
2026-04-27 06:11:42,923 - INFO - [1230/2009] Asymmetric unit already cached: 6UYP.cif
2026-04-27 06:11:42,923 - INFO - [1230/2009] Biological assembly already cached: 6UYP-assembly1.cif
2026-04-27 06:11:43,123 - INFO - [1231/2009] Asymmetric unit already cached: 6UYQ.cif
2026-04-27 06:11:43,124 - INFO - [1231/2009] Biological assembly already cached: 6UYQ-assembly1.cif
2026-04-27 06:11:43,324 - INFO - [1232/2009] Asymmetric unit already cached: 6UYR.cif
2026-04-27 06:11:43,324 - INFO - [1232/2009] Biological assembly already cached: 6UYR-assembly1.cif
2026-04-27 06:11:43,525 - INFO - [1233/2009] Asymmetric unit already cached: 6UYS.cif
2026-04-27 06:11:43,525 - INFO - [1233/2009] Biological assembly already cached: 6UYS-assembly1.cif
2026-04-27 06:11:43,725 - INFO - [1234/2009] Asymmetric unit already cached: 6UYT.cif
2026-04-27 06:11:43,726 - INFO - [1234/2009] Biological assembly already cached: 6UYT-assembly1.cif
2026-04-27 06:11:43,926 - INFO - [1235/2009] Asymmetric unit already cached: 6UYU.cif
2026-04-27 06:11:43,926 - INFO - [1235/2009] Biological assembly already cached: 6UYU-assembly1.cif
2026-04-27 06:11:44,127 - INFO - [1236/2009] Asymmetric unit already cached: 6UYV.cif
2026-04-27 06:11:44,127 - INFO - [1236/2009] Biological assembly already cached: 6UYV-assembly1.cif
2026-04-27 06:11:44,327 - INFO - [1237/2009] Asymmetric unit already cached: 6V8B.cif
2026-04-27 06:11:44,327 - INFO - [1237/2009] Biological assembly already cached: 6V8B-assembly1.cif
2026-04-27 06:11:44,528 - INFO - [1238/2009] Asymmetric unit already cached: 6V8K.cif
2026-04-27 06:11:44,528 - INFO - [1238/2009] Biological assembly already cached: 6V8K-assembly1.cif
2026-04-27 06:11:44,729 - INFO - [1239/2009] Asymmetric unit already cached: 6V8N.cif
2026-04-27 06:11:44,729 - INFO - [1239/2009] Biological assembly already cached: 6V8N-assembly1.cif
2026-04-27 06:11:44,929 - INFO - [1240/2009] Asymmetric unit already cached: 6V90.cif
2026-04-27 06:11:44,929 - INFO - [1240/2009] Biological assembly already cached: 6V90-assembly1.cif
2026-04-27 06:11:45,130 - INFO - [1241/2009] Asymmetric unit already cached: 6VCS.cif
2026-04-27 06:11:45,130 - INFO - [1241/2009] Biological assembly already cached: 6VCS-assembly1.cif
2026-04-27 06:11:45,330 - INFO - [1242/2009] Asymmetric unit already cached: 6VED.cif
2026-04-27 06:11:45,331 - INFO - [1242/2009] Biological assembly already cached: 6VED-assembly1.cif
2026-04-27 06:11:45,531 - INFO - [1243/2009] Asymmetric unit already cached: 6VYJ.cif
2026-04-27 06:11:45,531 - INFO - [1243/2009] Biological assembly already cached: 6VYJ-assembly1.cif
2026-04-27 06:11:45,732 - INFO - [1244/2009] Asymmetric unit already cached: 6W74.cif
2026-04-27 06:11:45,732 - INFO - [1244/2009] Biological assembly already cached: 6W74-assembly1.cif
2026-04-27 06:11:45,932 - INFO - [1245/2009] Asymmetric unit already cached: 6W7O.cif
2026-04-27 06:11:45,933 - INFO - [1245/2009] Biological assembly already cached: 6W7O-assembly1.cif
2026-04-27 06:11:46,133 - INFO - [1246/2009] Asymmetric unit already cached: 6W7Z.cif
2026-04-27 06:11:46,133 - INFO - [1246/2009] Biological assembly already cached: 6W7Z-assembly1.cif
2026-04-27 06:11:46,334 - INFO - [1247/2009] Asymmetric unit already cached: 6W8I.cif
2026-04-27 06:11:46,334 - INFO - [1247/2009] Biological assembly already cached: 6W8I-assembly1.cif
2026-04-27 06:11:46,534 - INFO - [1248/2009] Asymmetric unit already cached: 6W92.cif
2026-04-27 06:11:46,534 - INFO - [1248/2009] Biological assembly already cached: 6W92-assembly1.cif
2026-04-27 06:11:46,735 - INFO - [1249/2009] Asymmetric unit already cached: 6W9A.cif
2026-04-27 06:11:46,735 - INFO - [1249/2009] Biological assembly already cached: 6W9A-assembly1.cif
2026-04-27 06:11:46,936 - INFO - [1250/2009] Asymmetric unit already cached: 6W9D.cif
2026-04-27 06:11:46,936 - INFO - [1250/2009] Biological assembly already cached: 6W9D-assembly1.cif
2026-04-27 06:11:47,136 - INFO - [1251/2009] Asymmetric unit already cached: 6WHB.cif
2026-04-27 06:11:47,136 - INFO - [1251/2009] Biological assembly already cached: 6WHB-assembly1.cif
2026-04-27 06:11:47,337 - INFO - [1252/2009] Asymmetric unit already cached: 6WI7.cif
2026-04-27 06:11:47,337 - INFO - [1252/2009] Biological assembly already cached: 6WI7-assembly1.cif
2026-04-27 06:11:47,537 - INFO - [1253/2009] Asymmetric unit already cached: 6WI8.cif
2026-04-27 06:11:47,538 - INFO - [1253/2009] Biological assembly already cached: 6WI8-assembly1.cif
2026-04-27 06:11:47,738 - INFO - [1254/2009] Asymmetric unit already cached: 6WW3.cif
2026-04-27 06:11:47,738 - INFO - [1254/2009] Biological assembly already cached: 6WW3-assembly1.cif
2026-04-27 06:11:47,939 - INFO - [1255/2009] Asymmetric unit already cached: 6WW4.cif
2026-04-27 06:11:47,939 - INFO - [1255/2009] Biological assembly already cached: 6WW4-assembly1.cif
2026-04-27 06:11:48,139 - INFO - [1256/2009] Asymmetric unit already cached: 6XAR.cif
2026-04-27 06:11:48,139 - INFO - [1256/2009] Biological assembly already cached: 6XAR-assembly1.cif
2026-04-27 06:11:48,340 - INFO - [1257/2009] Asymmetric unit already cached: 6XBZ.cif
2026-04-27 06:11:48,340 - INFO - [1257/2009] Biological assembly already cached: 6XBZ-assembly1.cif
2026-04-27 06:11:48,541 - INFO - [1258/2009] Asymmetric unit already cached: 6XD3.cif
2026-04-27 06:11:48,541 - INFO - [1258/2009] Biological assembly already cached: 6XD3-assembly1.cif
2026-04-27 06:11:48,741 - INFO - [1259/2009] Asymmetric unit already cached: 6XXU.cif
2026-04-27 06:11:48,741 - INFO - [1259/2009] Biological assembly already cached: 6XXU-assembly1.cif
2026-04-27 06:11:48,942 - INFO - [1260/2009] Asymmetric unit already cached: 6Y22.cif
2026-04-27 06:11:48,942 - INFO - [1260/2009] Biological assembly already cached: 6Y22-assembly1.cif
2026-04-27 06:11:49,142 - INFO - [1261/2009] Asymmetric unit already cached: 6Y2X.cif
2026-04-27 06:11:49,143 - INFO - [1261/2009] Biological assembly already cached: 6Y2X-assembly1.cif
2026-04-27 06:11:49,343 - INFO - [1262/2009] Asymmetric unit already cached: 6Y3J.cif
2026-04-27 06:11:49,343 - INFO - [1262/2009] Biological assembly already cached: 6Y3J-assembly1.cif
2026-04-27 06:11:49,544 - INFO - [1263/2009] Asymmetric unit already cached: 6Y5N.cif
2026-04-27 06:11:49,544 - INFO - [1263/2009] Biological assembly already cached: 6Y5N-assembly1.cif
2026-04-27 06:11:49,744 - INFO - [1264/2009] Asymmetric unit already cached: 6Y5P.cif
2026-04-27 06:11:49,744 - INFO - [1264/2009] Biological assembly already cached: 6Y5P-assembly1.cif
2026-04-27 06:11:49,945 - INFO - [1265/2009] Asymmetric unit already cached: 6YIJ.cif
2026-04-27 06:11:49,945 - INFO - [1265/2009] Biological assembly already cached: 6YIJ-assembly1.cif
2026-04-27 06:11:50,145 - INFO - [1266/2009] Asymmetric unit already cached: 6YIK.cif
2026-04-27 06:11:50,146 - INFO - [1266/2009] Biological assembly already cached: 6YIK-assembly1.cif
2026-04-27 06:11:50,346 - INFO - [1267/2009] Asymmetric unit already cached: 6YIL.cif
2026-04-27 06:11:50,346 - INFO - [1267/2009] Biological assembly already cached: 6YIL-assembly1.cif
2026-04-27 06:11:50,547 - INFO - [1268/2009] Asymmetric unit already cached: 6YIM.cif
2026-04-27 06:11:50,547 - INFO - [1268/2009] Biological assembly already cached: 6YIM-assembly1.cif
2026-04-27 06:11:50,747 - INFO - [1269/2009] Asymmetric unit already cached: 6YR5.cif
2026-04-27 06:11:50,747 - INFO - [1269/2009] Biological assembly already cached: 6YR5-assembly1.cif
2026-04-27 06:11:50,948 - INFO - [1270/2009] Asymmetric unit already cached: 6YR7.cif
2026-04-27 06:11:50,948 - INFO - [1270/2009] Biological assembly already cached: 6YR7-assembly1.cif
2026-04-27 06:11:51,148 - INFO - [1271/2009] Asymmetric unit already cached: 6YXE.cif
2026-04-27 06:11:51,149 - INFO - [1271/2009] Biological assembly already cached: 6YXE-assembly1.cif
2026-04-27 06:11:51,349 - INFO - [1272/2009] Asymmetric unit already cached: 6ZBT.cif
2026-04-27 06:11:51,349 - INFO - [1272/2009] Biological assembly already cached: 6ZBT-assembly1.cif
2026-04-27 06:11:51,550 - INFO - [1273/2009] Asymmetric unit already cached: 6ZC9.cif
2026-04-27 06:11:51,550 - INFO - [1273/2009] Biological assembly already cached: 6ZC9-assembly1.cif
2026-04-27 06:11:51,750 - INFO - [1274/2009] Asymmetric unit already cached: 7A5P.cif
2026-04-27 06:11:51,750 - INFO - [1274/2009] Biological assembly already cached: 7A5P-assembly1.cif
2026-04-27 06:11:51,951 - INFO - [1275/2009] Asymmetric unit already cached: 7ABI.cif
2026-04-27 06:11:51,951 - INFO - [1275/2009] Biological assembly already cached: 7ABI-assembly1.cif
2026-04-27 06:11:52,151 - INFO - [1276/2009] Asymmetric unit already cached: 7AHF.cif
2026-04-27 06:11:52,152 - INFO - [1276/2009] Biological assembly already cached: 7AHF-assembly1.cif
2026-04-27 06:11:52,352 - INFO - [1277/2009] Asymmetric unit already cached: 7AI0.cif
2026-04-27 06:11:52,352 - INFO - [1277/2009] Biological assembly already cached: 7AI0-assembly1.cif
2026-04-27 06:11:52,553 - INFO - [1278/2009] Asymmetric unit already cached: 7AI1.cif
2026-04-27 06:11:52,553 - INFO - [1278/2009] Biological assembly already cached: 7AI1-assembly1.cif
2026-04-27 06:11:52,753 - INFO - [1279/2009] Asymmetric unit already cached: 7AZX.cif
2026-04-27 06:11:52,753 - INFO - [1279/2009] Biological assembly already cached: 7AZX-assembly1.cif
2026-04-27 06:11:52,954 - INFO - [1280/2009] Asymmetric unit already cached: 7B2R.cif
2026-04-27 06:11:52,954 - INFO - [1280/2009] Biological assembly already cached: 7B2R-assembly1.cif
2026-04-27 06:11:53,155 - INFO - [1281/2009] Asymmetric unit already cached: 7B2S.cif
2026-04-27 06:11:53,155 - INFO - [1281/2009] Biological assembly already cached: 7B2S-assembly1.cif
2026-04-27 06:11:53,355 - INFO - [1282/2009] Asymmetric unit already cached: 7B5L.cif
2026-04-27 06:11:53,355 - INFO - [1282/2009] Biological assembly already cached: 7B5L-assembly1.cif
2026-04-27 06:11:53,556 - INFO - [1283/2009] Asymmetric unit already cached: 7B5M.cif
2026-04-27 06:11:53,556 - INFO - [1283/2009] Biological assembly already cached: 7B5M-assembly1.cif
2026-04-27 06:11:53,756 - INFO - [1284/2009] Asymmetric unit already cached: 7B5N.cif
2026-04-27 06:11:53,757 - INFO - [1284/2009] Biological assembly already cached: 7B5N-assembly1.cif
2026-04-27 06:11:53,957 - INFO - [1285/2009] Asymmetric unit already cached: 7B5O.cif
2026-04-27 06:11:53,957 - INFO - [1285/2009] Biological assembly already cached: 7B5O-assembly1.cif
2026-04-27 06:11:54,158 - INFO - [1286/2009] Asymmetric unit already cached: 7B5Q.cif
2026-04-27 06:11:54,158 - INFO - [1286/2009] Biological assembly already cached: 7B5Q-assembly1.cif
2026-04-27 06:11:54,358 - INFO - [1287/2009] Asymmetric unit already cached: 7B5S.cif
2026-04-27 06:11:54,359 - INFO - [1287/2009] Biological assembly already cached: 7B5S-assembly1.cif
2026-04-27 06:11:54,559 - INFO - [1288/2009] Asymmetric unit already cached: 7B96.cif
2026-04-27 06:11:54,559 - INFO - [1288/2009] Biological assembly already cached: 7B96-assembly1.cif
2026-04-27 06:11:54,760 - INFO - [1289/2009] Asymmetric unit already cached: 7B9X.cif
2026-04-27 06:11:54,760 - INFO - [1289/2009] Biological assembly already cached: 7B9X-assembly1.cif
2026-04-27 06:11:54,960 - INFO - [1290/2009] Asymmetric unit already cached: 7BBD.cif
2026-04-27 06:11:54,960 - INFO - [1290/2009] Biological assembly already cached: 7BBD-assembly1.cif
2026-04-27 06:11:55,161 - INFO - [1291/2009] Asymmetric unit already cached: 7BBF.cif
2026-04-27 06:11:55,161 - INFO - [1291/2009] Biological assembly already cached: 7BBF-assembly1.cif
2026-04-27 06:11:55,361 - INFO - [1292/2009] Asymmetric unit already cached: 7BJ0.cif
2026-04-27 06:11:55,362 - INFO - [1292/2009] Biological assembly already cached: 7BJ0-assembly1.cif
2026-04-27 06:11:55,562 - INFO - [1293/2009] Asymmetric unit already cached: 7BMG.cif
2026-04-27 06:11:55,562 - INFO - [1293/2009] Biological assembly already cached: 7BMG-assembly1.cif
2026-04-27 06:11:55,763 - INFO - [1294/2009] Asymmetric unit already cached: 7BOL.cif
2026-04-27 06:11:55,763 - INFO - [1294/2009] Biological assembly already cached: 7BOL-assembly1.cif
2026-04-27 06:11:55,963 - INFO - [1295/2009] Asymmetric unit already cached: 7BXG.cif
2026-04-27 06:11:55,964 - INFO - [1295/2009] Biological assembly already cached: 7BXG-assembly1.cif
2026-04-27 06:11:56,164 - INFO - [1296/2009] Asymmetric unit already cached: 7C3Q.cif
2026-04-27 06:11:56,164 - INFO - [1296/2009] Biological assembly already cached: 7C3Q-assembly1.cif
2026-04-27 06:11:56,365 - INFO - [1297/2009] Asymmetric unit already cached: 7C3Y.cif
2026-04-27 06:11:56,365 - INFO - [1297/2009] Biological assembly already cached: 7C3Y-assembly1.cif
2026-04-27 06:11:56,566 - INFO - [1298/2009] Asymmetric unit already cached: 7C44.cif
2026-04-27 06:11:56,566 - INFO - [1298/2009] Biological assembly already cached: 7C44-assembly1.cif
2026-04-27 06:11:56,766 - INFO - [1299/2009] Asymmetric unit already cached: 7CO1.cif
2026-04-27 06:11:56,766 - INFO - [1299/2009] Biological assembly already cached: 7CO1-assembly1.cif
2026-04-27 06:11:56,967 - INFO - [1300/2009] Asymmetric unit already cached: 7DVQ.cif
2026-04-27 06:11:56,967 - INFO - [1300/2009] Biological assembly already cached: 7DVQ-assembly1.cif
2026-04-27 06:11:57,167 - INFO - [1301/2009] Asymmetric unit already cached: 7E8I.cif
2026-04-27 06:11:57,168 - INFO - [1301/2009] Biological assembly already cached: 7E8I-assembly1.cif
2026-04-27 06:11:57,368 - INFO - [1302/2009] Asymmetric unit already cached: 7EGB.cif
2026-04-27 06:11:57,368 - INFO - [1302/2009] Biological assembly already cached: 7EGB-assembly1.cif
2026-04-27 06:11:57,569 - INFO - [1303/2009] Asymmetric unit already cached: 7EGC.cif
2026-04-27 06:11:57,569 - INFO - [1303/2009] Biological assembly already cached: 7EGC-assembly1.cif
2026-04-27 06:11:57,769 - INFO - [1304/2009] Asymmetric unit already cached: 7EL4.cif
2026-04-27 06:11:57,770 - INFO - [1304/2009] Biological assembly already cached: 7EL4-assembly1.cif
2026-04-27 06:11:57,970 - INFO - [1305/2009] Asymmetric unit already cached: 7ENA.cif
2026-04-27 06:11:57,970 - INFO - [1305/2009] Biological assembly already cached: 7ENA-assembly1.cif
2026-04-27 06:11:58,171 - INFO - [1306/2009] Asymmetric unit already cached: 7ENC.cif
2026-04-27 06:11:58,171 - INFO - [1306/2009] Biological assembly already cached: 7ENC-assembly1.cif
2026-04-27 06:11:58,371 - INFO - [1307/2009] Asymmetric unit already cached: 7EVJ.cif
2026-04-27 06:11:58,372 - INFO - [1307/2009] Biological assembly already cached: 7EVJ-assembly1.cif
2026-04-27 06:11:58,572 - INFO - [1308/2009] Asymmetric unit already cached: 7FB7.cif
2026-04-27 06:11:58,572 - INFO - [1308/2009] Biological assembly already cached: 7FB7-assembly1.cif
2026-04-27 06:11:58,773 - INFO - [1309/2009] Asymmetric unit already cached: 7JFL.cif
2026-04-27 06:11:58,773 - INFO - [1309/2009] Biological assembly already cached: 7JFL-assembly1.cif
2026-04-27 06:11:58,973 - INFO - [1310/2009] Asymmetric unit already cached: 7JFM.cif
2026-04-27 06:11:58,974 - INFO - [1310/2009] Biological assembly already cached: 7JFM-assembly1.cif
2026-04-27 06:11:59,174 - INFO - [1311/2009] Asymmetric unit already cached: 7JL0.cif
2026-04-27 06:11:59,174 - INFO - [1311/2009] Biological assembly already cached: 7JL0-assembly1.cif
2026-04-27 06:11:59,375 - INFO - [1312/2009] Asymmetric unit already cached: 7JL1.cif
2026-04-27 06:11:59,375 - INFO - [1312/2009] Biological assembly already cached: 7JL1-assembly1.cif
2026-04-27 06:11:59,575 - INFO - [1313/2009] Asymmetric unit already cached: 7JL2.cif
2026-04-27 06:11:59,576 - INFO - [1313/2009] Biological assembly already cached: 7JL2-assembly1.cif
2026-04-27 06:11:59,776 - INFO - [1314/2009] Asymmetric unit already cached: 7JL3.cif
2026-04-27 06:11:59,776 - INFO - [1314/2009] Biological assembly already cached: 7JL3-assembly1.cif
2026-04-27 06:11:59,977 - INFO - [1315/2009] Asymmetric unit already cached: 7JL4.cif
2026-04-27 06:11:59,977 - INFO - [1315/2009] Biological assembly already cached: 7JL4-assembly1.cif
2026-04-27 06:12:00,177 - INFO - [1316/2009] Asymmetric unit already cached: 7JQ9.cif
2026-04-27 06:12:00,178 - INFO - [1316/2009] Biological assembly already cached: 7JQ9-assembly1.cif
2026-04-27 06:12:00,378 - INFO - [1317/2009] Asymmetric unit already cached: 7JUO.cif
2026-04-27 06:12:00,378 - INFO - [1317/2009] Biological assembly already cached: 7JUO-assembly1.cif
2026-04-27 06:12:00,579 - INFO - [1318/2009] Asymmetric unit already cached: 7JZV.cif
2026-04-27 06:12:00,579 - INFO - [1318/2009] Biological assembly already cached: 7JZV-assembly1.cif
2026-04-27 06:12:00,779 - INFO - [1319/2009] Asymmetric unit already cached: 7KJM.cif
2026-04-27 06:12:00,779 - INFO - [1319/2009] Biological assembly already cached: 7KJM-assembly1.cif
2026-04-27 06:12:00,980 - INFO - [1320/2009] Asymmetric unit already cached: 7KJN.cif
2026-04-27 06:12:00,980 - INFO - [1320/2009] Biological assembly already cached: 7KJN-assembly1.cif
2026-04-27 06:12:01,181 - INFO - [1321/2009] Asymmetric unit already cached: 7KPY.cif
2026-04-27 06:12:01,181 - INFO - [1321/2009] Biological assembly already cached: 7KPY-assembly1.cif
2026-04-27 06:12:01,381 - INFO - [1322/2009] Asymmetric unit already cached: 7KZP.cif
2026-04-27 06:12:01,381 - INFO - [1322/2009] Biological assembly already cached: 7KZP-assembly1.cif
2026-04-27 06:12:01,582 - INFO - [1323/2009] Asymmetric unit already cached: 7KZQ.cif
2026-04-27 06:12:01,582 - INFO - [1323/2009] Biological assembly already cached: 7KZQ-assembly1.cif
2026-04-27 06:12:01,783 - INFO - [1324/2009] Asymmetric unit already cached: 7KZR.cif
2026-04-27 06:12:01,783 - INFO - [1324/2009] Biological assembly already cached: 7KZR-assembly1.cif
2026-04-27 06:12:01,983 - INFO - [1325/2009] Asymmetric unit already cached: 7KZS.cif
2026-04-27 06:12:01,983 - INFO - [1325/2009] Biological assembly already cached: 7KZS-assembly1.cif
2026-04-27 06:12:02,184 - INFO - [1326/2009] Asymmetric unit already cached: 7KZT.cif
2026-04-27 06:12:02,184 - INFO - [1326/2009] Biological assembly already cached: 7KZT-assembly1.cif
2026-04-27 06:12:02,385 - INFO - [1327/2009] Asymmetric unit already cached: 7KZV.cif
2026-04-27 06:12:02,385 - INFO - [1327/2009] Biological assembly already cached: 7KZV-assembly1.cif
2026-04-27 06:12:02,585 - INFO - [1328/2009] Asymmetric unit already cached: 7L3L.cif
2026-04-27 06:12:02,585 - INFO - [1328/2009] Biological assembly already cached: 7L3L-assembly1.cif
2026-04-27 06:12:02,786 - INFO - [1329/2009] Asymmetric unit already cached: 7LBM.cif
2026-04-27 06:12:02,786 - INFO - [1329/2009] Biological assembly already cached: 7LBM-assembly1.cif
2026-04-27 06:12:02,986 - INFO - [1330/2009] Asymmetric unit already cached: 7LEW.cif
2026-04-27 06:12:02,987 - INFO - [1330/2009] Biological assembly already cached: 7LEW-assembly1.cif
2026-04-27 06:12:03,187 - INFO - [1331/2009] Asymmetric unit already cached: 7LJE.cif
2026-04-27 06:12:03,187 - INFO - [1331/2009] Biological assembly already cached: 7LJE-assembly1.cif
2026-04-27 06:12:03,388 - INFO - [1332/2009] Asymmetric unit already cached: 7LP1.cif
2026-04-27 06:12:03,388 - INFO - [1332/2009] Biological assembly already cached: 7LP1-assembly1.cif
2026-04-27 06:12:03,588 - INFO - [1333/2009] Asymmetric unit already cached: 7LP2.cif
2026-04-27 06:12:03,589 - INFO - [1333/2009] Biological assembly already cached: 7LP2-assembly1.cif
2026-04-27 06:12:03,789 - INFO - [1334/2009] Asymmetric unit already cached: 7LP3.cif
2026-04-27 06:12:03,789 - INFO - [1334/2009] Biological assembly already cached: 7LP3-assembly1.cif
2026-04-27 06:12:03,990 - INFO - [1335/2009] Asymmetric unit already cached: 7LP4.cif
2026-04-27 06:12:03,990 - INFO - [1335/2009] Biological assembly already cached: 7LP4-assembly1.cif
2026-04-27 06:12:04,190 - INFO - [1336/2009] Asymmetric unit already cached: 7LP5.cif
2026-04-27 06:12:04,191 - INFO - [1336/2009] Biological assembly already cached: 7LP5-assembly1.cif
2026-04-27 06:12:04,391 - INFO - [1337/2009] Asymmetric unit already cached: 7LYB.cif
2026-04-27 06:12:04,391 - INFO - [1337/2009] Biological assembly already cached: 7LYB-assembly1.cif
2026-04-27 06:12:04,592 - INFO - [1338/2009] Asymmetric unit already cached: 7LYC.cif
2026-04-27 06:12:04,592 - INFO - [1338/2009] Biological assembly already cached: 7LYC-assembly1.cif
2026-04-27 06:12:04,792 - INFO - [1339/2009] Asymmetric unit already cached: 7M2K.cif
2026-04-27 06:12:04,793 - INFO - [1339/2009] Biological assembly already cached: 7M2K-assembly1.cif
2026-04-27 06:12:04,993 - INFO - [1340/2009] Asymmetric unit already cached: 7M3Q.cif
2026-04-27 06:12:04,993 - INFO - [1340/2009] Biological assembly already cached: 7M3Q-assembly1.cif
2026-04-27 06:12:05,194 - INFO - [1341/2009] Asymmetric unit already cached: 7M4M.cif
2026-04-27 06:12:05,194 - INFO - [1341/2009] Biological assembly already cached: 7M4M-assembly1.cif
2026-04-27 06:12:05,395 - INFO - [1342/2009] Asymmetric unit already cached: 7M4N.cif
2026-04-27 06:12:05,395 - INFO - [1342/2009] Biological assembly already cached: 7M4N-assembly1.cif
2026-04-27 06:12:05,595 - INFO - [1343/2009] Asymmetric unit already cached: 7M4O.cif
2026-04-27 06:12:05,596 - INFO - [1343/2009] Biological assembly already cached: 7M4O-assembly1.cif
2026-04-27 06:12:05,796 - INFO - [1344/2009] Asymmetric unit already cached: 7MLA.cif
2026-04-27 06:12:05,796 - INFO - [1344/2009] Biological assembly already cached: 7MLA-assembly1.cif
2026-04-27 06:12:05,997 - INFO - [1345/2009] Asymmetric unit already cached: 7MOP.cif
2026-04-27 06:12:05,997 - INFO - [1345/2009] Biological assembly already cached: 7MOP-assembly1.cif
2026-04-27 06:12:06,198 - INFO - [1346/2009] Asymmetric unit already cached: 7MWD.cif
2026-04-27 06:12:06,198 - INFO - [1346/2009] Biological assembly already cached: 7MWD-assembly1.cif
2026-04-27 06:12:06,398 - INFO - [1347/2009] Asymmetric unit already cached: 7MWE.cif
2026-04-27 06:12:06,398 - INFO - [1347/2009] Biological assembly already cached: 7MWE-assembly1.cif
2026-04-27 06:12:06,599 - INFO - [1348/2009] Asymmetric unit already cached: 7MWF.cif
2026-04-27 06:12:06,599 - INFO - [1348/2009] Biological assembly already cached: 7MWF-assembly1.cif
2026-04-27 06:12:06,800 - INFO - [1349/2009] Asymmetric unit already cached: 7MYF.cif
2026-04-27 06:12:06,800 - INFO - [1349/2009] Biological assembly already cached: 7MYF-assembly1.cif
2026-04-27 06:12:07,000 - INFO - [1350/2009] Asymmetric unit already cached: 7MYH.cif
2026-04-27 06:12:07,000 - INFO - [1350/2009] Biological assembly already cached: 7MYH-assembly1.cif
2026-04-27 06:12:07,201 - INFO - [1351/2009] Asymmetric unit already cached: 7ND1.cif
2026-04-27 06:12:07,201 - INFO - [1351/2009] Biological assembly already cached: 7ND1-assembly1.cif
2026-04-27 06:12:07,401 - INFO - [1352/2009] Asymmetric unit already cached: 7NK0.cif
2026-04-27 06:12:07,402 - INFO - [1352/2009] Biological assembly already cached: 7NK0-assembly1.cif
2026-04-27 06:12:07,602 - INFO - [1353/2009] Asymmetric unit already cached: 7NMZ.cif
2026-04-27 06:12:07,602 - INFO - [1353/2009] Biological assembly already cached: 7NMZ-assembly1.cif
2026-04-27 06:12:07,803 - INFO - [1354/2009] Asymmetric unit already cached: 7NVR.cif
2026-04-27 06:12:07,803 - INFO - [1354/2009] Biological assembly already cached: 7NVR-assembly1.cif
2026-04-27 06:12:08,003 - INFO - [1355/2009] Asymmetric unit already cached: 7NVW.cif
2026-04-27 06:12:08,003 - INFO - [1355/2009] Biological assembly already cached: 7NVW-assembly1.cif
2026-04-27 06:12:08,204 - INFO - [1356/2009] Asymmetric unit already cached: 7NVX.cif
2026-04-27 06:12:08,204 - INFO - [1356/2009] Biological assembly already cached: 7NVX-assembly1.cif
2026-04-27 06:12:08,405 - INFO - [1357/2009] Asymmetric unit already cached: 7NVY.cif
2026-04-27 06:12:08,405 - INFO - [1357/2009] Biological assembly already cached: 7NVY-assembly1.cif
2026-04-27 06:12:08,605 - INFO - [1358/2009] Asymmetric unit already cached: 7NVZ.cif
2026-04-27 06:12:08,605 - INFO - [1358/2009] Biological assembly already cached: 7NVZ-assembly1.cif
2026-04-27 06:12:08,806 - INFO - [1359/2009] Asymmetric unit already cached: 7NW0.cif
2026-04-27 06:12:08,806 - INFO - [1359/2009] Biological assembly already cached: 7NW0-assembly1.cif
2026-04-27 06:12:09,006 - INFO - [1360/2009] Asymmetric unit already cached: 7NZC.cif
2026-04-27 06:12:09,007 - INFO - [1360/2009] Biological assembly already cached: 7NZC-assembly1.cif
2026-04-27 06:12:09,207 - INFO - [1361/2009] Asymmetric unit already cached: 7NZD.cif
2026-04-27 06:12:09,207 - INFO - [1361/2009] Biological assembly already cached: 7NZD-assembly1.cif
2026-04-27 06:12:09,408 - INFO - [1362/2009] Asymmetric unit already cached: 7O0B.cif
2026-04-27 06:12:09,408 - INFO - [1362/2009] Biological assembly already cached: 7O0B-assembly1.cif
2026-04-27 06:12:09,609 - INFO - [1363/2009] Asymmetric unit already cached: 7OD1.cif
2026-04-27 06:12:09,609 - INFO - [1363/2009] Biological assembly already cached: 7OD1-assembly1.cif
2026-04-27 06:12:09,809 - INFO - [1364/2009] Asymmetric unit already cached: 7OIK.cif
2026-04-27 06:12:09,809 - INFO - [1364/2009] Biological assembly already cached: 7OIK-assembly1.cif
2026-04-27 06:12:10,010 - INFO - [1365/2009] Asymmetric unit already cached: 7OJX.cif
2026-04-27 06:12:10,010 - INFO - [1365/2009] Biological assembly already cached: 7OJX-assembly1.cif
2026-04-27 06:12:10,211 - INFO - [1366/2009] Asymmetric unit already cached: 7OKQ.cif
2026-04-27 06:12:10,211 - INFO - [1366/2009] Biological assembly already cached: 7OKQ-assembly1.cif
2026-04-27 06:12:10,411 - INFO - [1367/2009] Asymmetric unit already cached: 7ONI.cif
2026-04-27 06:12:10,412 - INFO - [1367/2009] Biological assembly already cached: 7ONI-assembly1.cif
2026-04-27 06:12:10,612 - INFO - [1368/2009] Asymmetric unit already cached: 7OVX.cif
2026-04-27 06:12:10,612 - INFO - [1368/2009] Biological assembly already cached: 7OVX-assembly1.cif
2026-04-27 06:12:10,813 - INFO - [1369/2009] Asymmetric unit already cached: 7OW2.cif
2026-04-27 06:12:10,813 - INFO - [1369/2009] Biological assembly already cached: 7OW2-assembly1.cif
2026-04-27 06:12:11,013 - INFO - [1370/2009] Asymmetric unit already cached: 7P2K.cif
2026-04-27 06:12:11,014 - INFO - [1370/2009] Biological assembly already cached: 7P2K-assembly1.cif
2026-04-27 06:12:11,214 - INFO - [1371/2009] Asymmetric unit already cached: 7PLO.cif
2026-04-27 06:12:11,214 - INFO - [1371/2009] Biological assembly already cached: 7PLO-assembly1.cif
2026-04-27 06:12:11,415 - INFO - [1372/2009] Asymmetric unit already cached: 7Q40.cif
2026-04-27 06:12:11,415 - INFO - [1372/2009] Biological assembly already cached: 7Q40-assembly1.cif
2026-04-27 06:12:11,615 - INFO - [1373/2009] Asymmetric unit already cached: 7Q41.cif
2026-04-27 06:12:11,616 - INFO - [1373/2009] Biological assembly already cached: 7Q41-assembly1.cif
2026-04-27 06:12:11,816 - INFO - [1374/2009] Asymmetric unit already cached: 7Q42.cif
2026-04-27 06:12:11,816 - INFO - [1374/2009] Biological assembly already cached: 7Q42-assembly1.cif
2026-04-27 06:12:12,017 - INFO - [1375/2009] Asymmetric unit already cached: 7Q43.cif
2026-04-27 06:12:12,017 - INFO - [1375/2009] Biological assembly already cached: 7Q43-assembly1.cif
2026-04-27 06:12:12,217 - INFO - [1376/2009] Asymmetric unit already cached: 7Q44.cif
2026-04-27 06:12:12,217 - INFO - [1376/2009] Biological assembly already cached: 7Q44-assembly1.cif
2026-04-27 06:12:12,418 - INFO - [1377/2009] Asymmetric unit already cached: 7Q45.cif
2026-04-27 06:12:12,418 - INFO - [1377/2009] Biological assembly already cached: 7Q45-assembly1.cif
2026-04-27 06:12:12,619 - INFO - [1378/2009] Asymmetric unit already cached: 7Q46.cif
2026-04-27 06:12:12,619 - INFO - [1378/2009] Biological assembly already cached: 7Q46-assembly1.cif
2026-04-27 06:12:12,819 - INFO - [1379/2009] Asymmetric unit already cached: 7QCT.cif
2026-04-27 06:12:12,819 - INFO - [1379/2009] Biological assembly already cached: 7QCT-assembly1.cif
2026-04-27 06:12:13,020 - INFO - [1380/2009] Asymmetric unit already cached: 7QGJ.cif
2026-04-27 06:12:13,020 - INFO - [1380/2009] Biological assembly already cached: 7QGJ-assembly1.cif
2026-04-27 06:12:13,221 - INFO - [1381/2009] Asymmetric unit already cached: 7QGS.cif
2026-04-27 06:12:13,221 - INFO - [1381/2009] Biological assembly already cached: 7QGS-assembly1.cif
2026-04-27 06:12:13,421 - INFO - [1382/2009] Asymmetric unit already cached: 7QPB.cif
2026-04-27 06:12:13,421 - INFO - [1382/2009] Biological assembly already cached: 7QPB-assembly1.cif
2026-04-27 06:12:13,622 - INFO - [1383/2009] Asymmetric unit already cached: 7QRV.cif
2026-04-27 06:12:13,622 - INFO - [1383/2009] Biological assembly already cached: 7QRV-assembly1.cif
2026-04-27 06:12:13,822 - INFO - [1384/2009] Asymmetric unit already cached: 7QRW.cif
2026-04-27 06:12:13,823 - INFO - [1384/2009] Biological assembly already cached: 7QRW-assembly1.cif
2026-04-27 06:12:14,023 - INFO - [1385/2009] Asymmetric unit already cached: 7QRX.cif
2026-04-27 06:12:14,023 - INFO - [1385/2009] Biological assembly already cached: 7QRX-assembly1.cif
2026-04-27 06:12:14,224 - INFO - [1386/2009] Asymmetric unit already cached: 7QRY.cif
2026-04-27 06:12:14,224 - INFO - [1386/2009] Biological assembly already cached: 7QRY-assembly1.cif
2026-04-27 06:12:14,424 - INFO - [1387/2009] Asymmetric unit already cached: 7QRZ.cif
2026-04-27 06:12:14,424 - INFO - [1387/2009] Biological assembly already cached: 7QRZ-assembly1.cif
2026-04-27 06:12:14,625 - INFO - [1388/2009] Asymmetric unit already cached: 7QS0.cif
2026-04-27 06:12:14,625 - INFO - [1388/2009] Biological assembly already cached: 7QS0-assembly1.cif
2026-04-27 06:12:14,826 - INFO - [1389/2009] Asymmetric unit already cached: 7QS1.cif
2026-04-27 06:12:14,826 - INFO - [1389/2009] Biological assembly already cached: 7QS1-assembly1.cif
2026-04-27 06:12:15,026 - INFO - [1390/2009] Asymmetric unit already cached: 7QS2.cif
2026-04-27 06:12:15,026 - INFO - [1390/2009] Biological assembly already cached: 7QS2-assembly1.cif
2026-04-27 06:12:15,227 - INFO - [1391/2009] Asymmetric unit already cached: 7QS4.cif
2026-04-27 06:12:15,227 - INFO - [1391/2009] Biological assembly already cached: 7QS4-assembly1.cif
2026-04-27 06:12:15,427 - INFO - [1392/2009] Asymmetric unit already cached: 7QS5.cif
2026-04-27 06:12:15,428 - INFO - [1392/2009] Biological assembly already cached: 7QS5-assembly1.cif
2026-04-27 06:12:15,628 - INFO - [1393/2009] Asymmetric unit already cached: 7QTT.cif
2026-04-27 06:12:15,628 - INFO - [1393/2009] Biological assembly already cached: 7QTT-assembly1.cif
2026-04-27 06:12:15,829 - INFO - [1394/2009] Asymmetric unit already cached: 7R1O.cif
2026-04-27 06:12:15,829 - INFO - [1394/2009] Biological assembly already cached: 7R1O-assembly1.cif
2026-04-27 06:12:16,029 - INFO - [1395/2009] Asymmetric unit already cached: 7R70.cif
2026-04-27 06:12:16,030 - INFO - [1395/2009] Biological assembly already cached: 7R70-assembly1.cif
2026-04-27 06:12:16,230 - INFO - [1396/2009] Asymmetric unit already cached: 7R71.cif
2026-04-27 06:12:16,230 - INFO - [1396/2009] Biological assembly already cached: 7R71-assembly1.cif
2026-04-27 06:12:16,431 - INFO - [1397/2009] Asymmetric unit already cached: 7RGW.cif
2026-04-27 06:12:16,431 - INFO - [1397/2009] Biological assembly already cached: 7RGW-assembly1.cif
2026-04-27 06:12:16,631 - INFO - [1398/2009] Asymmetric unit already cached: 7RLE.cif
2026-04-27 06:12:16,632 - INFO - [1398/2009] Biological assembly already cached: 7RLE-assembly1.cif
2026-04-27 06:12:16,832 - INFO - [1399/2009] Asymmetric unit already cached: 7SIY.cif
2026-04-27 06:12:16,832 - INFO - [1399/2009] Biological assembly already cached: 7SIY-assembly1.cif
2026-04-27 06:12:17,033 - INFO - [1400/2009] Asymmetric unit already cached: 7SS8.cif
2026-04-27 06:12:17,033 - INFO - [1400/2009] Biological assembly already cached: 7SS8-assembly1.cif
2026-04-27 06:12:17,233 - INFO - [1401/2009] Asymmetric unit already cached: 7SSK.cif
2026-04-27 06:12:17,234 - INFO - [1401/2009] Biological assembly already cached: 7SSK-assembly1.cif
2026-04-27 06:12:17,434 - INFO - [1402/2009] Asymmetric unit already cached: 7SZQ.cif
2026-04-27 06:12:17,434 - INFO - [1402/2009] Biological assembly already cached: 7SZQ-assembly1.cif
2026-04-27 06:12:17,635 - INFO - [1403/2009] Asymmetric unit already cached: 7TB1.cif
2026-04-27 06:12:17,635 - INFO - [1403/2009] Biological assembly already cached: 7TB1-assembly1.cif
2026-04-27 06:12:17,835 - INFO - [1404/2009] Asymmetric unit already cached: 7TB3.cif
2026-04-27 06:12:17,835 - INFO - [1404/2009] Biological assembly already cached: 7TB3-assembly1.cif
2026-04-27 06:12:18,036 - INFO - [1405/2009] Asymmetric unit already cached: 7TBH.cif
2026-04-27 06:12:18,036 - INFO - [1405/2009] Biological assembly already cached: 7TBH-assembly1.cif
2026-04-27 06:12:18,237 - INFO - [1406/2009] Asymmetric unit already cached: 7TRL.cif
2026-04-27 06:12:18,237 - INFO - [1406/2009] Biological assembly already cached: 7TRL-assembly1.cif
2026-04-27 06:12:18,437 - INFO - [1407/2009] Asymmetric unit already cached: 7TRM.cif
2026-04-27 06:12:18,438 - INFO - [1407/2009] Biological assembly already cached: 7TRM-assembly1.cif
2026-04-27 06:12:18,638 - INFO - [1408/2009] Asymmetric unit already cached: 7TV4.cif
2026-04-27 06:12:18,638 - INFO - [1408/2009] Biological assembly already cached: 7TV4-assembly1.cif
2026-04-27 06:12:18,839 - INFO - [1409/2009] Asymmetric unit already cached: 7UGE.cif
2026-04-27 06:12:18,839 - INFO - [1409/2009] Biological assembly already cached: 7UGE-assembly1.cif
2026-04-27 06:12:19,039 - INFO - [1410/2009] Asymmetric unit already cached: 7UGI.cif
2026-04-27 06:12:19,040 - INFO - [1410/2009] Biological assembly already cached: 7UGI-assembly1.cif
2026-04-27 06:12:19,240 - INFO - [1411/2009] Asymmetric unit already cached: 7UGL.cif
2026-04-27 06:12:19,240 - INFO - [1411/2009] Biological assembly already cached: 7UGL-assembly1.cif
2026-04-27 06:12:19,441 - INFO - [1412/2009] Asymmetric unit already cached: 7UHY.cif
2026-04-27 06:12:19,441 - INFO - [1412/2009] Biological assembly already cached: 7UHY-assembly1.cif
2026-04-27 06:12:19,641 - INFO - [1413/2009] Asymmetric unit already cached: 7UN3.cif
2026-04-27 06:12:19,641 - INFO - [1413/2009] Biological assembly already cached: 7UN3-assembly1.cif
2026-04-27 06:12:19,842 - INFO - [1414/2009] Asymmetric unit already cached: 7UN6.cif
2026-04-27 06:12:19,842 - INFO - [1414/2009] Biological assembly already cached: 7UN6-assembly1.cif
2026-04-27 06:12:20,042 - INFO - [1415/2009] Asymmetric unit already cached: 7UY2.cif
2026-04-27 06:12:20,043 - INFO - [1415/2009] Biological assembly already cached: 7UY2-assembly1.cif
2026-04-27 06:12:20,243 - INFO - [1416/2009] Asymmetric unit already cached: 7UYJ.cif
2026-04-27 06:12:20,243 - INFO - [1416/2009] Biological assembly already cached: 7UYJ-assembly1.cif
2026-04-27 06:12:20,444 - INFO - [1417/2009] Asymmetric unit already cached: 7UYK.cif
2026-04-27 06:12:20,444 - INFO - [1417/2009] Biological assembly already cached: 7UYK-assembly1.cif
2026-04-27 06:12:20,644 - INFO - [1418/2009] Asymmetric unit already cached: 7V8E.cif
2026-04-27 06:12:20,645 - INFO - [1418/2009] Biological assembly already cached: 7V8E-assembly1.cif
2026-04-27 06:12:20,845 - INFO - [1419/2009] Asymmetric unit already cached: 7V8F.cif
2026-04-27 06:12:20,845 - INFO - [1419/2009] Biological assembly already cached: 7V8F-assembly1.cif
2026-04-27 06:12:21,046 - INFO - [1420/2009] Asymmetric unit already cached: 7V8G.cif
2026-04-27 06:12:21,046 - INFO - [1420/2009] Biological assembly already cached: 7V8G-assembly1.cif
2026-04-27 06:12:21,246 - INFO - [1421/2009] Asymmetric unit already cached: 7VHY.cif
2026-04-27 06:12:21,246 - INFO - [1421/2009] Biological assembly already cached: 7VHY-assembly1.cif
2026-04-27 06:12:21,447 - INFO - [1422/2009] Asymmetric unit already cached: 7VHZ.cif
2026-04-27 06:12:21,447 - INFO - [1422/2009] Biological assembly already cached: 7VHZ-assembly1.cif
2026-04-27 06:12:21,648 - INFO - [1423/2009] Asymmetric unit already cached: 7VI0.cif
2026-04-27 06:12:21,648 - INFO - [1423/2009] Biological assembly already cached: 7VI0-assembly1.cif
2026-04-27 06:12:21,848 - INFO - [1424/2009] Asymmetric unit already cached: 7W0Q.cif
2026-04-27 06:12:21,848 - INFO - [1424/2009] Biological assembly already cached: 7W0Q-assembly1.cif
2026-04-27 06:12:22,049 - INFO - [1425/2009] Asymmetric unit already cached: 7W0S.cif
2026-04-27 06:12:22,049 - INFO - [1425/2009] Biological assembly already cached: 7W0S-assembly1.cif
2026-04-27 06:12:22,249 - INFO - [1426/2009] Asymmetric unit already cached: 7W0T.cif
2026-04-27 06:12:22,250 - INFO - [1426/2009] Biological assembly already cached: 7W0T-assembly1.cif
2026-04-27 06:12:22,450 - INFO - [1427/2009] Asymmetric unit already cached: 7W59.cif
2026-04-27 06:12:22,450 - INFO - [1427/2009] Biological assembly already cached: 7W59-assembly1.cif
2026-04-27 06:12:22,651 - INFO - [1428/2009] Asymmetric unit already cached: 7W5A.cif
2026-04-27 06:12:22,651 - INFO - [1428/2009] Biological assembly already cached: 7W5A-assembly1.cif
2026-04-27 06:12:22,851 - INFO - [1429/2009] Asymmetric unit already cached: 7W5B.cif
2026-04-27 06:12:22,852 - INFO - [1429/2009] Biological assembly already cached: 7W5B-assembly1.cif
2026-04-27 06:12:23,052 - INFO - [1430/2009] Asymmetric unit already cached: 7W6L.cif
2026-04-27 06:12:23,052 - INFO - [1430/2009] Biological assembly already cached: 7W6L-assembly1.cif
2026-04-27 06:12:23,253 - INFO - [1431/2009] Asymmetric unit already cached: 7W9V.cif
2026-04-27 06:12:23,253 - INFO - [1431/2009] Biological assembly already cached: 7W9V-assembly1.cif
2026-04-27 06:12:23,453 - INFO - [1432/2009] Asymmetric unit already cached: 7WX2.cif
2026-04-27 06:12:23,454 - INFO - [1432/2009] Biological assembly already cached: 7WX2-assembly1.cif
2026-04-27 06:12:23,654 - INFO - [1433/2009] Asymmetric unit already cached: 7X6Y.cif
2026-04-27 06:12:23,654 - INFO - [1433/2009] Biological assembly already cached: 7X6Y-assembly1.cif
2026-04-27 06:12:23,855 - INFO - [1434/2009] Asymmetric unit already cached: 7X6Z.cif
2026-04-27 06:12:23,855 - INFO - [1434/2009] Biological assembly already cached: 7X6Z-assembly1.cif
2026-04-27 06:12:24,055 - INFO - [1435/2009] Asymmetric unit already cached: 7X70.cif
2026-04-27 06:12:24,055 - INFO - [1435/2009] Biological assembly already cached: 7X70-assembly1.cif
2026-04-27 06:12:24,256 - INFO - [1436/2009] Asymmetric unit already cached: 7XEZ.cif
2026-04-27 06:12:24,256 - INFO - [1436/2009] Biological assembly already cached: 7XEZ-assembly1.cif
2026-04-27 06:12:24,457 - INFO - [1437/2009] Asymmetric unit already cached: 7XFG.cif
2026-04-27 06:12:24,457 - INFO - [1437/2009] Biological assembly already cached: 7XFG-assembly1.cif
2026-04-27 06:12:24,657 - INFO - [1438/2009] Asymmetric unit already cached: 7XH6.cif
2026-04-27 06:12:24,657 - INFO - [1438/2009] Biological assembly already cached: 7XH6-assembly1.cif
2026-04-27 06:12:24,858 - INFO - [1439/2009] Asymmetric unit already cached: 7XHE.cif
2026-04-27 06:12:24,858 - INFO - [1439/2009] Biological assembly already cached: 7XHE-assembly1.cif
2026-04-27 06:12:25,059 - INFO - [1440/2009] Asymmetric unit already cached: 7XI0.cif
2026-04-27 06:12:25,059 - INFO - [1440/2009] Biological assembly already cached: 7XI0-assembly1.cif
2026-04-27 06:12:25,259 - INFO - [1441/2009] Asymmetric unit already cached: 7XIJ.cif
2026-04-27 06:12:25,259 - INFO - [1441/2009] Biological assembly already cached: 7XIJ-assembly1.cif
2026-04-27 06:12:25,460 - INFO - [1442/2009] Asymmetric unit already cached: 7XM7.cif
2026-04-27 06:12:25,460 - INFO - [1442/2009] Biological assembly already cached: 7XM7-assembly1.cif
2026-04-27 06:12:25,661 - INFO - [1443/2009] Asymmetric unit already cached: 7XNE.cif
2026-04-27 06:12:25,661 - INFO - [1443/2009] Biological assembly already cached: 7XNE-assembly1.cif
2026-04-27 06:12:25,861 - INFO - [1444/2009] Asymmetric unit already cached: 7XNG.cif
2026-04-27 06:12:25,861 - INFO - [1444/2009] Biological assembly already cached: 7XNG-assembly1.cif
2026-04-27 06:12:26,062 - INFO - [1445/2009] Asymmetric unit already cached: 7XT2.cif
2026-04-27 06:12:26,062 - INFO - [1445/2009] Biological assembly already cached: 7XT2-assembly1.cif
2026-04-27 06:12:26,262 - INFO - [1446/2009] Asymmetric unit already cached: 7Y3A.cif
2026-04-27 06:12:26,263 - INFO - [1446/2009] Biological assembly already cached: 7Y3A-assembly1.cif
2026-04-27 06:12:26,463 - INFO - [1447/2009] Asymmetric unit already cached: 7Y3B.cif
2026-04-27 06:12:26,463 - INFO - [1447/2009] Biological assembly already cached: 7Y3B-assembly1.cif
2026-04-27 06:12:26,664 - INFO - [1448/2009] Asymmetric unit already cached: 7Y3C.cif
2026-04-27 06:12:26,664 - INFO - [1448/2009] Biological assembly already cached: 7Y3C-assembly1.cif
2026-04-27 06:12:26,864 - INFO - [1449/2009] Asymmetric unit already cached: 7Y4S.cif
2026-04-27 06:12:26,865 - INFO - [1449/2009] Biological assembly already cached: 7Y4S-assembly1.cif
2026-04-27 06:12:27,065 - INFO - [1450/2009] Asymmetric unit already cached: 7YNX.cif
2026-04-27 06:12:27,065 - INFO - [1450/2009] Biological assembly already cached: 7YNX-assembly1.cif
2026-04-27 06:12:27,266 - INFO - [1451/2009] Asymmetric unit already cached: 7YUI.cif
2026-04-27 06:12:27,266 - INFO - [1451/2009] Biological assembly already cached: 7YUI-assembly1.cif
2026-04-27 06:12:27,466 - INFO - [1452/2009] Asymmetric unit already cached: 7YUJ.cif
2026-04-27 06:12:27,466 - INFO - [1452/2009] Biological assembly already cached: 7YUJ-assembly1.cif
2026-04-27 06:12:27,667 - INFO - [1453/2009] Asymmetric unit already cached: 7Z36.cif
2026-04-27 06:12:27,667 - INFO - [1453/2009] Biological assembly already cached: 7Z36-assembly1.cif
2026-04-27 06:12:27,867 - INFO - [1454/2009] Asymmetric unit already cached: 7Z8B.cif
2026-04-27 06:12:27,868 - INFO - [1454/2009] Biological assembly already cached: 7Z8B-assembly1.cif
2026-04-27 06:12:28,068 - INFO - [1455/2009] Asymmetric unit already cached: 7Z8R.cif
2026-04-27 06:12:28,068 - INFO - [1455/2009] Biological assembly already cached: 7Z8R-assembly1.cif
2026-04-27 06:12:28,269 - INFO - [1456/2009] Asymmetric unit already cached: 7Z8T.cif
2026-04-27 06:12:28,269 - INFO - [1456/2009] Biological assembly already cached: 7Z8T-assembly1.cif
2026-04-27 06:12:28,469 - INFO - [1457/2009] Asymmetric unit already cached: 7Z8V.cif
2026-04-27 06:12:28,469 - INFO - [1457/2009] Biological assembly already cached: 7Z8V-assembly1.cif
2026-04-27 06:12:28,670 - INFO - [1458/2009] Asymmetric unit already cached: 7ZBW.cif
2026-04-27 06:12:28,670 - INFO - [1458/2009] Biological assembly already cached: 7ZBW-assembly1.cif
2026-04-27 06:12:28,871 - INFO - [1459/2009] Asymmetric unit already cached: 7ZBZ.cif
2026-04-27 06:12:28,871 - INFO - [1459/2009] Biological assembly already cached: 7ZBZ-assembly1.cif
2026-04-27 06:12:29,071 - INFO - [1460/2009] Asymmetric unit already cached: 7ZDD.cif
2026-04-27 06:12:29,071 - INFO - [1460/2009] Biological assembly already cached: 7ZDD-assembly1.cif
2026-04-27 06:12:29,272 - INFO - [1461/2009] Asymmetric unit already cached: 7ZJ3.cif
2026-04-27 06:12:29,272 - INFO - [1461/2009] Biological assembly already cached: 7ZJ3-assembly1.cif
2026-04-27 06:12:29,472 - INFO - [1462/2009] Asymmetric unit already cached: 7ZYU.cif
2026-04-27 06:12:29,473 - INFO - [1462/2009] Biological assembly already cached: 7ZYU-assembly1.cif
2026-04-27 06:12:29,673 - INFO - [1463/2009] Asymmetric unit already cached: 8A38.cif
2026-04-27 06:12:29,673 - INFO - [1463/2009] Biological assembly already cached: 8A38-assembly1.cif
2026-04-27 06:12:29,874 - INFO - [1464/2009] Asymmetric unit already cached: 8A58.cif
2026-04-27 06:12:29,874 - INFO - [1464/2009] Biological assembly already cached: 8A58-assembly1.cif
2026-04-27 06:12:30,074 - INFO - [1465/2009] Asymmetric unit already cached: 8A5L.cif
2026-04-27 06:12:30,075 - INFO - [1465/2009] Biological assembly already cached: 8A5L-assembly1.cif
2026-04-27 06:12:30,275 - INFO - [1466/2009] Asymmetric unit already cached: 8A5M.cif
2026-04-27 06:12:30,275 - INFO - [1466/2009] Biological assembly already cached: 8A5M-assembly1.cif
2026-04-27 06:12:30,476 - INFO - [1467/2009] Asymmetric unit already cached: 8A8X.cif
2026-04-27 06:12:30,476 - INFO - [1467/2009] Biological assembly already cached: 8A8X-assembly1.cif
2026-04-27 06:12:30,676 - INFO - [1468/2009] Asymmetric unit already cached: 8AEU.cif
2026-04-27 06:12:30,676 - INFO - [1468/2009] Biological assembly already cached: 8AEU-assembly1.cif
2026-04-27 06:12:30,877 - INFO - [1469/2009] Asymmetric unit already cached: 8AMR.cif
2026-04-27 06:12:30,877 - INFO - [1469/2009] Biological assembly already cached: 8AMR-assembly1.cif
2026-04-27 06:12:31,078 - INFO - [1470/2009] Asymmetric unit already cached: 8AMS.cif
2026-04-27 06:12:31,078 - INFO - [1470/2009] Biological assembly already cached: 8AMS-assembly1.cif
2026-04-27 06:12:31,278 - INFO - [1471/2009] Asymmetric unit already cached: 8ATM.cif
2026-04-27 06:12:31,278 - INFO - [1471/2009] Biological assembly already cached: 8ATM-assembly1.cif
2026-04-27 06:12:31,479 - INFO - [1472/2009] Asymmetric unit already cached: 8ATO.cif
2026-04-27 06:12:31,479 - INFO - [1472/2009] Biological assembly already cached: 8ATO-assembly1.cif
2026-04-27 06:12:31,679 - INFO - [1473/2009] Asymmetric unit already cached: 8ATU.cif
2026-04-27 06:12:31,680 - INFO - [1473/2009] Biological assembly already cached: 8ATU-assembly1.cif
2026-04-27 06:12:31,880 - INFO - [1474/2009] Asymmetric unit already cached: 8ATX.cif
2026-04-27 06:12:31,880 - INFO - [1474/2009] Biological assembly already cached: 8ATX-assembly1.cif
2026-04-27 06:12:32,081 - INFO - [1475/2009] Asymmetric unit already cached: 8AUK.cif
2026-04-27 06:12:32,081 - INFO - [1475/2009] Biological assembly already cached: 8AUK-assembly1.cif
2026-04-27 06:12:32,281 - INFO - [1476/2009] Asymmetric unit already cached: 8AUW.cif
2026-04-27 06:12:32,281 - INFO - [1476/2009] Biological assembly already cached: 8AUW-assembly1.cif
2026-04-27 06:12:32,482 - INFO - [1477/2009] Asymmetric unit already cached: 8AZA.cif
2026-04-27 06:12:32,482 - INFO - [1477/2009] Biological assembly already cached: 8AZA-assembly1.cif
2026-04-27 06:12:32,683 - INFO - [1478/2009] Asymmetric unit already cached: 8B3G.cif
2026-04-27 06:12:32,683 - INFO - [1478/2009] Biological assembly already cached: 8B3G-assembly1.cif
2026-04-27 06:12:32,883 - INFO - [1479/2009] Asymmetric unit already cached: 8B3I.cif
2026-04-27 06:12:32,883 - INFO - [1479/2009] Biological assembly already cached: 8B3I-assembly1.cif
2026-04-27 06:12:33,084 - INFO - [1480/2009] Asymmetric unit already cached: 8B5W.cif
2026-04-27 06:12:33,084 - INFO - [1480/2009] Biological assembly already cached: 8B5W-assembly1.cif
2026-04-27 06:12:33,284 - INFO - [1481/2009] Asymmetric unit already cached: 8BD8.cif
2026-04-27 06:12:33,285 - INFO - [1481/2009] Biological assembly already cached: 8BD8-assembly1.cif
2026-04-27 06:12:33,485 - INFO - [1482/2009] Asymmetric unit already cached: 8BD9.cif
2026-04-27 06:12:33,485 - INFO - [1482/2009] Biological assembly already cached: 8BD9-assembly1.cif
2026-04-27 06:12:33,686 - INFO - [1483/2009] Asymmetric unit already cached: 8BDY.cif
2026-04-27 06:12:33,686 - INFO - [1483/2009] Biological assembly already cached: 8BDY-assembly1.cif
2026-04-27 06:12:33,886 - INFO - [1484/2009] Asymmetric unit already cached: 8BJA.cif
2026-04-27 06:12:33,887 - INFO - [1484/2009] Biological assembly already cached: 8BJA-assembly1.cif
2026-04-27 06:12:34,087 - INFO - [1485/2009] Asymmetric unit already cached: 8BTL.cif
2026-04-27 06:12:34,087 - INFO - [1485/2009] Biological assembly already cached: 8BTL-assembly1.cif
2026-04-27 06:12:34,288 - INFO - [1486/2009] Asymmetric unit already cached: 8BVL.cif
2026-04-27 06:12:34,288 - INFO - [1486/2009] Biological assembly already cached: 8BVL-assembly1.cif
2026-04-27 06:12:34,488 - INFO - [1487/2009] Asymmetric unit already cached: 8BVW.cif
2026-04-27 06:12:34,488 - INFO - [1487/2009] Biological assembly already cached: 8BVW-assembly1.cif
2026-04-27 06:12:34,689 - INFO - [1488/2009] Asymmetric unit already cached: 8BYQ.cif
2026-04-27 06:12:34,689 - INFO - [1488/2009] Biological assembly already cached: 8BYQ-assembly1.cif
2026-04-27 06:12:34,890 - INFO - [1489/2009] Asymmetric unit already cached: 8C06.cif
2026-04-27 06:12:34,890 - INFO - [1489/2009] Biological assembly already cached: 8C06-assembly1.cif
2026-04-27 06:12:35,090 - INFO - [1490/2009] Asymmetric unit already cached: 8C07.cif
2026-04-27 06:12:35,091 - INFO - [1490/2009] Biological assembly already cached: 8C07-assembly1.cif
2026-04-27 06:12:35,291 - INFO - [1491/2009] Asymmetric unit already cached: 8C6J.cif
2026-04-27 06:12:35,291 - INFO - [1491/2009] Biological assembly already cached: 8C6J-assembly1.cif
2026-04-27 06:12:35,492 - INFO - [1492/2009] Asymmetric unit already cached: 8CDJ.cif
2026-04-27 06:12:35,492 - INFO - [1492/2009] Biological assembly already cached: 8CDJ-assembly1.cif
2026-04-27 06:12:35,692 - INFO - [1493/2009] Asymmetric unit already cached: 8CDK.cif
2026-04-27 06:12:35,693 - INFO - [1493/2009] Biological assembly already cached: 8CDK-assembly1.cif
2026-04-27 06:12:35,893 - INFO - [1494/2009] Asymmetric unit already cached: 8CH6.cif
2026-04-27 06:12:35,893 - INFO - [1494/2009] Biological assembly already cached: 8CH6-assembly1.cif
2026-04-27 06:12:36,094 - INFO - [1495/2009] Asymmetric unit already cached: 8D4X.cif
2026-04-27 06:12:36,094 - INFO - [1495/2009] Biological assembly already cached: 8D4X-assembly1.cif
2026-04-27 06:12:36,294 - INFO - [1496/2009] Asymmetric unit already cached: 8DJH.cif
2026-04-27 06:12:36,295 - INFO - [1496/2009] Biological assembly already cached: 8DJH-assembly1.cif
2026-04-27 06:12:36,495 - INFO - [1497/2009] Asymmetric unit already cached: 8DJI.cif
2026-04-27 06:12:36,495 - INFO - [1497/2009] Biological assembly already cached: 8DJI-assembly1.cif
2026-04-27 06:12:36,696 - INFO - [1498/2009] Asymmetric unit already cached: 8DSF.cif
2026-04-27 06:12:36,696 - INFO - [1498/2009] Biological assembly already cached: 8DSF-assembly1.cif
2026-04-27 06:12:36,896 - INFO - [1499/2009] Asymmetric unit already cached: 8DSO.cif
2026-04-27 06:12:36,897 - INFO - [1499/2009] Biological assembly already cached: 8DSO-assembly1.cif
2026-04-27 06:12:37,097 - INFO - [1500/2009] Asymmetric unit already cached: 8E0Q.cif
2026-04-27 06:12:37,097 - INFO - [1500/2009] Biological assembly already cached: 8E0Q-assembly1.cif
2026-04-27 06:12:37,298 - INFO - [1501/2009] Asymmetric unit already cached: 8E1D.cif
2026-04-27 06:12:37,298 - INFO - [1501/2009] Biological assembly already cached: 8E1D-assembly1.cif
2026-04-27 06:12:37,498 - INFO - [1502/2009] Asymmetric unit already cached: 8E2D.cif
2026-04-27 06:12:37,499 - INFO - [1502/2009] Biological assembly already cached: 8E2D-assembly1.cif
2026-04-27 06:12:37,699 - INFO - [1503/2009] Asymmetric unit already cached: 8E2E.cif
2026-04-27 06:12:37,699 - INFO - [1503/2009] Biological assembly already cached: 8E2E-assembly1.cif
2026-04-27 06:12:37,900 - INFO - [1504/2009] Asymmetric unit already cached: 8E2F.cif
2026-04-27 06:12:37,900 - INFO - [1504/2009] Biological assembly already cached: 8E2F-assembly1.cif
2026-04-27 06:12:38,100 - INFO - [1505/2009] Asymmetric unit already cached: 8E2G.cif
2026-04-27 06:12:38,100 - INFO - [1505/2009] Biological assembly already cached: 8E2G-assembly1.cif
2026-04-27 06:12:38,301 - INFO - [1506/2009] Asymmetric unit already cached: 8E2H.cif
2026-04-27 06:12:38,301 - INFO - [1506/2009] Biological assembly already cached: 8E2H-assembly1.cif
2026-04-27 06:12:38,502 - INFO - [1507/2009] Asymmetric unit already cached: 8E2I.cif
2026-04-27 06:12:38,502 - INFO - [1507/2009] Biological assembly already cached: 8E2I-assembly1.cif
2026-04-27 06:12:38,702 - INFO - [1508/2009] Asymmetric unit already cached: 8E2K.cif
2026-04-27 06:12:38,703 - INFO - [1508/2009] Biological assembly already cached: 8E2K-assembly1.cif
2026-04-27 06:12:38,903 - INFO - [1509/2009] Asymmetric unit already cached: 8EAZ.cif
2026-04-27 06:12:38,903 - INFO - [1509/2009] Biological assembly already cached: 8EAZ-assembly1.cif
2026-04-27 06:12:39,104 - INFO - [1510/2009] Asymmetric unit already cached: 8EB0.cif
2026-04-27 06:12:39,104 - INFO - [1510/2009] Biological assembly already cached: 8EB0-assembly1.cif
2026-04-27 06:12:39,304 - INFO - [1511/2009] Asymmetric unit already cached: 8EHZ.cif
2026-04-27 06:12:39,304 - INFO - [1511/2009] Biological assembly already cached: 8EHZ-assembly1.cif
2026-04-27 06:12:39,505 - INFO - [1512/2009] Asymmetric unit already cached: 8EI0.cif
2026-04-27 06:12:39,505 - INFO - [1512/2009] Biological assembly already cached: 8EI0-assembly1.cif
2026-04-27 06:12:39,706 - INFO - [1513/2009] Asymmetric unit already cached: 8EI4.cif
2026-04-27 06:12:39,706 - INFO - [1513/2009] Biological assembly already cached: 8EI4-assembly1.cif
2026-04-27 06:12:39,906 - INFO - [1514/2009] Asymmetric unit already cached: 8EI5.cif
2026-04-27 06:12:39,906 - INFO - [1514/2009] Biological assembly already cached: 8EI5-assembly1.cif
2026-04-27 06:12:40,107 - INFO - [1515/2009] Asymmetric unit already cached: 8EI6.cif
2026-04-27 06:12:40,107 - INFO - [1515/2009] Biological assembly already cached: 8EI6-assembly1.cif
2026-04-27 06:12:40,308 - INFO - [1516/2009] Asymmetric unit already cached: 8EI7.cif
2026-04-27 06:12:40,308 - INFO - [1516/2009] Biological assembly already cached: 8EI7-assembly1.cif
2026-04-27 06:12:40,508 - INFO - [1517/2009] Asymmetric unit already cached: 8EI8.cif
2026-04-27 06:12:40,508 - INFO - [1517/2009] Biological assembly already cached: 8EI8-assembly1.cif
2026-04-27 06:12:40,709 - INFO - [1518/2009] Asymmetric unit already cached: 8ENP.cif
2026-04-27 06:12:40,709 - INFO - [1518/2009] Biological assembly already cached: 8ENP-assembly1.cif
2026-04-27 06:12:40,910 - INFO - [1519/2009] Asymmetric unit already cached: 8EPT.cif
2026-04-27 06:12:40,910 - INFO - [1519/2009] Biological assembly already cached: 8EPT-assembly1.cif
2026-04-27 06:12:41,110 - INFO - [1520/2009] Asymmetric unit already cached: 8EWI.cif
2026-04-27 06:12:41,110 - INFO - [1520/2009] Biological assembly already cached: 8EWI-assembly1.cif
2026-04-27 06:12:41,311 - INFO - [1521/2009] Asymmetric unit already cached: 8F0Z.cif
2026-04-27 06:12:41,311 - INFO - [1521/2009] Biological assembly already cached: 8F0Z-assembly1.cif
2026-04-27 06:12:41,511 - INFO - [1522/2009] Asymmetric unit already cached: 8F14.cif
2026-04-27 06:12:41,512 - INFO - [1522/2009] Biological assembly already cached: 8F14-assembly1.cif
2026-04-27 06:12:41,712 - INFO - [1523/2009] Asymmetric unit already cached: 8F15.cif
2026-04-27 06:12:41,712 - INFO - [1523/2009] Biological assembly already cached: 8F15-assembly1.cif
2026-04-27 06:12:41,913 - INFO - [1524/2009] Asymmetric unit already cached: 8F16.cif
2026-04-27 06:12:41,913 - INFO - [1524/2009] Biological assembly already cached: 8F16-assembly1.cif
2026-04-27 06:12:42,113 - INFO - [1525/2009] Asymmetric unit already cached: 8F17.cif
2026-04-27 06:12:42,114 - INFO - [1525/2009] Biological assembly already cached: 8F17-assembly1.cif
2026-04-27 06:12:42,314 - INFO - [1526/2009] Asymmetric unit already cached: 8FUP.cif
2026-04-27 06:12:42,314 - INFO - [1526/2009] Biological assembly already cached: 8FUP-assembly1.cif
2026-04-27 06:12:42,515 - INFO - [1527/2009] Asymmetric unit already cached: 8FV2.cif
2026-04-27 06:12:42,515 - INFO - [1527/2009] Biological assembly already cached: 8FV2-assembly1.cif
2026-04-27 06:12:42,715 - INFO - [1528/2009] Asymmetric unit already cached: 8FVF.cif
2026-04-27 06:12:42,716 - INFO - [1528/2009] Biological assembly already cached: 8FVF-assembly1.cif
2026-04-27 06:12:42,916 - INFO - [1529/2009] Asymmetric unit already cached: 8FXA.cif
2026-04-27 06:12:42,916 - INFO - [1529/2009] Biological assembly already cached: 8FXA-assembly1.cif
2026-04-27 06:12:43,117 - INFO - [1530/2009] Asymmetric unit already cached: 8FXE.cif
2026-04-27 06:12:43,117 - INFO - [1530/2009] Biological assembly already cached: 8FXE-assembly1.cif
2026-04-27 06:12:43,317 - INFO - [1531/2009] Asymmetric unit already cached: 8FXN.cif
2026-04-27 06:12:43,317 - INFO - [1531/2009] Biological assembly already cached: 8FXN-assembly1.cif
2026-04-27 06:12:43,518 - INFO - [1532/2009] Asymmetric unit already cached: 8FXO.cif
2026-04-27 06:12:43,518 - INFO - [1532/2009] Biological assembly already cached: 8FXO-assembly1.cif
2026-04-27 06:12:43,719 - INFO - [1533/2009] Asymmetric unit already cached: 8FYU.cif
2026-04-27 06:12:43,719 - INFO - [1533/2009] Biological assembly already cached: 8FYU-assembly1.cif
2026-04-27 06:12:43,919 - INFO - [1534/2009] Asymmetric unit already cached: 8G43.cif
2026-04-27 06:12:43,919 - INFO - [1534/2009] Biological assembly already cached: 8G43-assembly1.cif
2026-04-27 06:12:44,120 - INFO - [1535/2009] Asymmetric unit already cached: 8G44.cif
2026-04-27 06:12:44,120 - INFO - [1535/2009] Biological assembly already cached: 8G44-assembly1.cif
2026-04-27 06:12:44,320 - INFO - [1536/2009] Asymmetric unit already cached: 8G45.cif
2026-04-27 06:12:44,321 - INFO - [1536/2009] Biological assembly already cached: 8G45-assembly1.cif
2026-04-27 06:12:44,521 - INFO - [1537/2009] Asymmetric unit already cached: 8G4Y.cif
2026-04-27 06:12:44,521 - INFO - [1537/2009] Biological assembly already cached: 8G4Y-assembly1.cif
2026-04-27 06:12:44,722 - INFO - [1538/2009] Asymmetric unit already cached: 8G6T.cif
2026-04-27 06:12:44,722 - INFO - [1538/2009] Biological assembly already cached: 8G6T-assembly1.cif
2026-04-27 06:12:44,922 - INFO - [1539/2009] Asymmetric unit already cached: 8G7T.cif
2026-04-27 06:12:44,922 - INFO - [1539/2009] Biological assembly already cached: 8G7T-assembly1.cif
2026-04-27 06:12:45,123 - INFO - [1540/2009] Asymmetric unit already cached: 8G7U.cif
2026-04-27 06:12:45,123 - INFO - [1540/2009] Biological assembly already cached: 8G7U-assembly1.cif
2026-04-27 06:12:45,324 - INFO - [1541/2009] Asymmetric unit already cached: 8G7V.cif
2026-04-27 06:12:45,324 - INFO - [1541/2009] Biological assembly already cached: 8G7V-assembly1.cif
2026-04-27 06:12:45,524 - INFO - [1542/2009] Asymmetric unit already cached: 8GA2.cif
2026-04-27 06:12:45,524 - INFO - [1542/2009] Biological assembly already cached: 8GA2-assembly1.cif
2026-04-27 06:12:45,725 - INFO - [1543/2009] Asymmetric unit already cached: 8GBQ.cif
2026-04-27 06:12:45,725 - INFO - [1543/2009] Biological assembly already cached: 8GBQ-assembly1.cif
2026-04-27 06:12:45,925 - INFO - [1544/2009] Asymmetric unit already cached: 8GCB.cif
2026-04-27 06:12:45,926 - INFO - [1544/2009] Biological assembly already cached: 8GCB-assembly1.cif
2026-04-27 06:12:46,126 - INFO - [1545/2009] Asymmetric unit already cached: 8GCG.cif
2026-04-27 06:12:46,126 - INFO - [1545/2009] Biological assembly already cached: 8GCG-assembly1.cif
2026-04-27 06:12:46,327 - INFO - [1546/2009] Asymmetric unit already cached: 8GCK.cif
2026-04-27 06:12:46,327 - INFO - [1546/2009] Biological assembly already cached: 8GCK-assembly1.cif
2026-04-27 06:12:46,527 - INFO - [1547/2009] Asymmetric unit already cached: 8GCR.cif
2026-04-27 06:12:46,528 - INFO - [1547/2009] Biological assembly already cached: 8GCR-assembly1.cif
2026-04-27 06:12:46,728 - INFO - [1548/2009] Asymmetric unit already cached: 8GCY.cif
2026-04-27 06:12:46,728 - INFO - [1548/2009] Biological assembly already cached: 8GCY-assembly1.cif
2026-04-27 06:12:46,929 - INFO - [1549/2009] Asymmetric unit already cached: 8GH7.cif
2026-04-27 06:12:46,929 - INFO - [1549/2009] Biological assembly already cached: 8GH7-assembly1.cif
2026-04-27 06:12:47,129 - INFO - [1550/2009] Asymmetric unit already cached: 8GQ6.cif
2026-04-27 06:12:47,130 - INFO - [1550/2009] Biological assembly already cached: 8GQ6-assembly1.cif
2026-04-27 06:12:47,330 - INFO - [1551/2009] Asymmetric unit already cached: 8GRM.cif
2026-04-27 06:12:47,330 - INFO - [1551/2009] Biological assembly already cached: 8GRM-assembly1.cif
2026-04-27 06:12:47,531 - INFO - [1552/2009] Asymmetric unit already cached: 8GRQ.cif
2026-04-27 06:12:47,531 - INFO - [1552/2009] Biological assembly already cached: 8GRQ-assembly1.cif
2026-04-27 06:12:47,731 - INFO - [1553/2009] Asymmetric unit already cached: 8GUI.cif
2026-04-27 06:12:47,731 - INFO - [1553/2009] Biological assembly already cached: 8GUI-assembly1.cif
2026-04-27 06:12:47,932 - INFO - [1554/2009] Asymmetric unit already cached: 8GUJ.cif
2026-04-27 06:12:47,932 - INFO - [1554/2009] Biological assembly already cached: 8GUJ-assembly1.cif
2026-04-27 06:12:48,132 - INFO - [1555/2009] Asymmetric unit already cached: 8GXQ.cif
2026-04-27 06:12:48,133 - INFO - [1555/2009] Biological assembly already cached: 8GXQ-assembly1.cif
2026-04-27 06:12:48,333 - INFO - [1556/2009] Asymmetric unit already cached: 8GXS.cif
2026-04-27 06:12:48,333 - INFO - [1556/2009] Biological assembly already cached: 8GXS-assembly1.cif
2026-04-27 06:12:48,534 - INFO - [1557/2009] Asymmetric unit already cached: 8GZC.cif
2026-04-27 06:12:48,534 - INFO - [1557/2009] Biological assembly already cached: 8GZC-assembly1.cif
2026-04-27 06:12:48,734 - INFO - [1558/2009] Asymmetric unit already cached: 8H33.cif
2026-04-27 06:12:48,735 - INFO - [1558/2009] Biological assembly already cached: 8H33-assembly1.cif
2026-04-27 06:12:48,935 - INFO - [1559/2009] Asymmetric unit already cached: 8H34.cif
2026-04-27 06:12:48,935 - INFO - [1559/2009] Biological assembly already cached: 8H34-assembly1.cif
2026-04-27 06:12:49,136 - INFO - [1560/2009] Asymmetric unit already cached: 8H35.cif
2026-04-27 06:12:49,136 - INFO - [1560/2009] Biological assembly already cached: 8H35-assembly1.cif
2026-04-27 06:12:49,336 - INFO - [1561/2009] Asymmetric unit already cached: 8H36.cif
2026-04-27 06:12:49,336 - INFO - [1561/2009] Biological assembly already cached: 8H36-assembly1.cif
2026-04-27 06:12:49,537 - INFO - [1562/2009] Asymmetric unit already cached: 8H37.cif
2026-04-27 06:12:49,537 - INFO - [1562/2009] Biological assembly already cached: 8H37-assembly1.cif
2026-04-27 06:12:49,737 - INFO - [1563/2009] Asymmetric unit already cached: 8H38.cif
2026-04-27 06:12:49,738 - INFO - [1563/2009] Biological assembly already cached: 8H38-assembly1.cif
2026-04-27 06:12:49,938 - INFO - [1564/2009] Asymmetric unit already cached: 8H3A.cif
2026-04-27 06:12:49,938 - INFO - [1564/2009] Biological assembly already cached: 8H3A-assembly1.cif
2026-04-27 06:12:50,139 - INFO - [1565/2009] Asymmetric unit already cached: 8H3F.cif
2026-04-27 06:12:50,139 - INFO - [1565/2009] Biological assembly already cached: 8H3F-assembly1.cif
2026-04-27 06:12:50,339 - INFO - [1566/2009] Asymmetric unit already cached: 8H3Q.cif
2026-04-27 06:12:50,340 - INFO - [1566/2009] Biological assembly already cached: 8H3Q-assembly1.cif
2026-04-27 06:12:50,540 - INFO - [1567/2009] Asymmetric unit already cached: 8H3R.cif
2026-04-27 06:12:50,540 - INFO - [1567/2009] Biological assembly already cached: 8H3R-assembly1.cif
2026-04-27 06:12:50,741 - INFO - [1568/2009] Asymmetric unit already cached: 8H8X.cif
2026-04-27 06:12:50,741 - INFO - [1568/2009] Biological assembly already cached: 8H8X-assembly1.cif
2026-04-27 06:12:50,941 - INFO - [1569/2009] Asymmetric unit already cached: 8HAE.cif
2026-04-27 06:12:50,942 - INFO - [1569/2009] Biological assembly already cached: 8HAE-assembly1.cif
2026-04-27 06:12:51,142 - INFO - [1570/2009] Asymmetric unit already cached: 8HAG.cif
2026-04-27 06:12:51,142 - INFO - [1570/2009] Biological assembly already cached: 8HAG-assembly1.cif
2026-04-27 06:12:51,343 - INFO - [1571/2009] Asymmetric unit already cached: 8HAH.cif
2026-04-27 06:12:51,343 - INFO - [1571/2009] Biological assembly already cached: 8HAH-assembly1.cif
2026-04-27 06:12:51,543 - INFO - [1572/2009] Asymmetric unit already cached: 8HAI.cif
2026-04-27 06:12:51,544 - INFO - [1572/2009] Biological assembly already cached: 8HAI-assembly1.cif
2026-04-27 06:12:51,744 - INFO - [1573/2009] Asymmetric unit already cached: 8HAJ.cif
2026-04-27 06:12:51,744 - INFO - [1573/2009] Biological assembly already cached: 8HAJ-assembly1.cif
2026-04-27 06:12:51,945 - INFO - [1574/2009] Asymmetric unit already cached: 8HAK.cif
2026-04-27 06:12:51,945 - INFO - [1574/2009] Biological assembly already cached: 8HAK-assembly1.cif
2026-04-27 06:12:52,145 - INFO - [1575/2009] Asymmetric unit already cached: 8HAL.cif
2026-04-27 06:12:52,146 - INFO - [1575/2009] Biological assembly already cached: 8HAL-assembly1.cif
2026-04-27 06:12:52,346 - INFO - [1576/2009] Asymmetric unit already cached: 8HAM.cif
2026-04-27 06:12:52,346 - INFO - [1576/2009] Biological assembly already cached: 8HAM-assembly1.cif
2026-04-27 06:12:52,547 - INFO - [1577/2009] Asymmetric unit already cached: 8HAN.cif
2026-04-27 06:12:52,547 - INFO - [1577/2009] Biological assembly already cached: 8HAN-assembly1.cif
2026-04-27 06:12:52,747 - INFO - [1578/2009] Asymmetric unit already cached: 8HCU.cif
2026-04-27 06:12:52,748 - INFO - [1578/2009] Biological assembly already cached: 8HCU-assembly1.cif
2026-04-27 06:12:52,948 - INFO - [1579/2009] Asymmetric unit already cached: 8HDG.cif
2026-04-27 06:12:52,948 - INFO - [1579/2009] Biological assembly already cached: 8HDG-assembly1.cif
2026-04-27 06:12:53,149 - INFO - [1580/2009] Asymmetric unit already cached: 8HEO.cif
2026-04-27 06:12:53,149 - INFO - [1580/2009] Biological assembly already cached: 8HEO-assembly1.cif
2026-04-27 06:12:53,349 - INFO - [1581/2009] Asymmetric unit already cached: 8HZ2.cif
2026-04-27 06:12:53,350 - INFO - [1581/2009] Biological assembly already cached: 8HZ2-assembly1.cif
2026-04-27 06:12:53,550 - INFO - [1582/2009] Asymmetric unit already cached: 8I0P.cif
2026-04-27 06:12:53,550 - INFO - [1582/2009] Biological assembly already cached: 8I0P-assembly1.cif
2026-04-27 06:12:53,751 - INFO - [1583/2009] Asymmetric unit already cached: 8I0R.cif
2026-04-27 06:12:53,751 - INFO - [1583/2009] Biological assembly already cached: 8I0R-assembly1.cif
2026-04-27 06:12:53,951 - INFO - [1584/2009] Asymmetric unit already cached: 8I0S.cif
2026-04-27 06:12:53,952 - INFO - [1584/2009] Biological assembly already cached: 8I0S-assembly1.cif
2026-04-27 06:12:54,152 - INFO - [1585/2009] Asymmetric unit already cached: 8I0T.cif
2026-04-27 06:12:54,152 - INFO - [1585/2009] Biological assembly already cached: 8I0T-assembly1.cif
2026-04-27 06:12:54,353 - INFO - [1586/2009] Asymmetric unit already cached: 8I0U.cif
2026-04-27 06:12:54,353 - INFO - [1586/2009] Biological assembly already cached: 8I0U-assembly1.cif
2026-04-27 06:12:54,553 - INFO - [1587/2009] Asymmetric unit already cached: 8I0V.cif
2026-04-27 06:12:54,554 - INFO - [1587/2009] Biological assembly already cached: 8I0V-assembly1.cif
2026-04-27 06:12:54,754 - INFO - [1588/2009] Asymmetric unit already cached: 8I0W.cif
2026-04-27 06:12:54,754 - INFO - [1588/2009] Biological assembly already cached: 8I0W-assembly1.cif
2026-04-27 06:12:54,955 - INFO - [1589/2009] Asymmetric unit already cached: 8IA5.cif
2026-04-27 06:12:54,955 - INFO - [1589/2009] Biological assembly already cached: 8IA5-assembly1.cif
2026-04-27 06:12:55,155 - INFO - [1590/2009] Asymmetric unit already cached: 8IEJ.cif
2026-04-27 06:12:55,156 - INFO - [1590/2009] Biological assembly already cached: 8IEJ-assembly1.cif
2026-04-27 06:12:55,356 - INFO - [1591/2009] Asymmetric unit already cached: 8IJ1.cif
2026-04-27 06:12:55,356 - INFO - [1591/2009] Biological assembly already cached: 8IJ1-assembly1.cif
2026-04-27 06:12:55,557 - INFO - [1592/2009] Asymmetric unit already cached: 8IK6.cif
2026-04-27 06:12:55,557 - INFO - [1592/2009] Biological assembly already cached: 8IK6-assembly1.cif
2026-04-27 06:12:55,757 - INFO - [1593/2009] Asymmetric unit already cached: 8IKM.cif
2026-04-27 06:12:55,757 - INFO - [1593/2009] Biological assembly already cached: 8IKM-assembly1.cif
2026-04-27 06:12:55,958 - INFO - [1594/2009] Asymmetric unit already cached: 8IKT.cif
2026-04-27 06:12:55,958 - INFO - [1594/2009] Biological assembly already cached: 8IKT-assembly1.cif
2026-04-27 06:12:56,159 - INFO - [1595/2009] Asymmetric unit already cached: 8IKV.cif
2026-04-27 06:12:56,159 - INFO - [1595/2009] Biological assembly already cached: 8IKV-assembly1.cif
2026-04-27 06:12:56,359 - INFO - [1596/2009] Asymmetric unit already cached: 8IMS.cif
2026-04-27 06:12:56,360 - INFO - [1596/2009] Biological assembly already cached: 8IMS-assembly1.cif
2026-04-27 06:12:56,560 - INFO - [1597/2009] Asymmetric unit already cached: 8IR2.cif
2026-04-27 06:12:56,560 - INFO - [1597/2009] Biological assembly already cached: 8IR2-assembly1.cif
2026-04-27 06:12:56,761 - INFO - [1598/2009] Asymmetric unit already cached: 8IR4.cif
2026-04-27 06:12:56,761 - INFO - [1598/2009] Biological assembly already cached: 8IR4-assembly1.cif
2026-04-27 06:12:56,961 - INFO - [1599/2009] Asymmetric unit already cached: 8IYA.cif
2026-04-27 06:12:56,962 - INFO - [1599/2009] Biological assembly already cached: 8IYA-assembly1.cif
2026-04-27 06:12:57,162 - INFO - [1600/2009] Asymmetric unit already cached: 8J25.cif
2026-04-27 06:12:57,162 - INFO - [1600/2009] Biological assembly already cached: 8J25-assembly1.cif
2026-04-27 06:12:57,363 - INFO - [1601/2009] Asymmetric unit already cached: 8J2P.cif
2026-04-27 06:12:57,363 - INFO - [1601/2009] Biological assembly already cached: 8J2P-assembly1.cif
2026-04-27 06:12:57,563 - INFO - [1602/2009] Asymmetric unit already cached: 8J81.cif
2026-04-27 06:12:57,564 - INFO - [1602/2009] Biological assembly already cached: 8J81-assembly1.cif
2026-04-27 06:12:57,764 - INFO - [1603/2009] Asymmetric unit already cached: 8J9Q.cif
2026-04-27 06:12:57,764 - INFO - [1603/2009] Biological assembly already cached: 8J9Q-assembly1.cif
2026-04-27 06:12:57,965 - INFO - [1604/2009] Asymmetric unit already cached: 8J9R.cif
2026-04-27 06:12:57,965 - INFO - [1604/2009] Biological assembly already cached: 8J9R-assembly1.cif
2026-04-27 06:12:58,165 - INFO - [1605/2009] Asymmetric unit already cached: 8JAQ.cif
2026-04-27 06:12:58,166 - INFO - [1605/2009] Biological assembly already cached: 8JAQ-assembly1.cif
2026-04-27 06:12:58,366 - INFO - [1606/2009] Asymmetric unit already cached: 8JAS.cif
2026-04-27 06:12:58,366 - INFO - [1606/2009] Biological assembly already cached: 8JAS-assembly1.cif
2026-04-27 06:12:58,567 - INFO - [1607/2009] Asymmetric unit already cached: 8JAV.cif
2026-04-27 06:12:58,567 - INFO - [1607/2009] Biological assembly already cached: 8JAV-assembly1.cif
2026-04-27 06:12:58,767 - INFO - [1608/2009] Asymmetric unit already cached: 8JE1.cif
2026-04-27 06:12:58,768 - INFO - [1608/2009] Biological assembly already cached: 8JE1-assembly1.cif
2026-04-27 06:12:58,968 - INFO - [1609/2009] Asymmetric unit already cached: 8JIG.cif
2026-04-27 06:12:58,968 - INFO - [1609/2009] Biological assembly already cached: 8JIG-assembly1.cif
2026-04-27 06:12:59,169 - INFO - [1610/2009] Asymmetric unit already cached: 8JRN.cif
2026-04-27 06:12:59,169 - INFO - [1610/2009] Biological assembly already cached: 8JRN-assembly1.cif
2026-04-27 06:12:59,369 - INFO - [1611/2009] Asymmetric unit already cached: 8JRO.cif
2026-04-27 06:12:59,369 - INFO - [1611/2009] Biological assembly already cached: 8JRO-assembly1.cif
2026-04-27 06:12:59,570 - INFO - [1612/2009] Asymmetric unit already cached: 8JRP.cif
2026-04-27 06:12:59,570 - INFO - [1612/2009] Biological assembly already cached: 8JRP-assembly1.cif
2026-04-27 06:12:59,771 - INFO - [1613/2009] Asymmetric unit already cached: 8JRQ.cif
2026-04-27 06:12:59,771 - INFO - [1613/2009] Biological assembly already cached: 8JRQ-assembly1.cif
2026-04-27 06:12:59,971 - INFO - [1614/2009] Asymmetric unit already cached: 8JRR.cif
2026-04-27 06:12:59,971 - INFO - [1614/2009] Biological assembly already cached: 8JRR-assembly1.cif
2026-04-27 06:13:00,172 - INFO - [1615/2009] Asymmetric unit already cached: 8JUC.cif
2026-04-27 06:13:00,172 - INFO - [1615/2009] Biological assembly already cached: 8JUC-assembly1.cif
2026-04-27 06:13:00,373 - INFO - [1616/2009] Asymmetric unit already cached: 8JVD.cif
2026-04-27 06:13:00,373 - INFO - [1616/2009] Biological assembly already cached: 8JVD-assembly1.cif
2026-04-27 06:13:00,573 - INFO - [1617/2009] Asymmetric unit already cached: 8JVE.cif
2026-04-27 06:13:00,573 - INFO - [1617/2009] Biological assembly already cached: 8JVE-assembly1.cif
2026-04-27 06:13:00,774 - INFO - [1618/2009] Asymmetric unit already cached: 8JVL.cif
2026-04-27 06:13:00,774 - INFO - [1618/2009] Biological assembly already cached: 8JVL-assembly1.cif
2026-04-27 06:13:00,975 - INFO - [1619/2009] Asymmetric unit already cached: 8JWJ.cif
2026-04-27 06:13:00,975 - INFO - [1619/2009] Biological assembly already cached: 8JWJ-assembly1.cif
2026-04-27 06:13:01,175 - INFO - [1620/2009] Asymmetric unit already cached: 8JWU.cif
2026-04-27 06:13:01,175 - INFO - [1620/2009] Biological assembly already cached: 8JWU-assembly1.cif
2026-04-27 06:13:01,376 - INFO - [1621/2009] Asymmetric unit already cached: 8JWV.cif
2026-04-27 06:13:01,376 - INFO - [1621/2009] Biological assembly already cached: 8JWV-assembly1.cif
2026-04-27 06:13:01,577 - INFO - [1622/2009] Asymmetric unit already cached: 8K6Q.cif
2026-04-27 06:13:01,577 - INFO - [1622/2009] Biological assembly already cached: 8K6Q-assembly1.cif
2026-04-27 06:13:01,777 - INFO - [1623/2009] Asymmetric unit already cached: 8K9I.cif
2026-04-27 06:13:01,777 - INFO - [1623/2009] Biological assembly already cached: 8K9I-assembly1.cif
2026-04-27 06:13:01,978 - INFO - [1624/2009] Asymmetric unit already cached: 8KES.cif
2026-04-27 06:13:01,978 - INFO - [1624/2009] Biological assembly already cached: 8KES-assembly1.cif
2026-04-27 06:13:02,179 - INFO - [1625/2009] Asymmetric unit already cached: 8KET.cif
2026-04-27 06:13:02,179 - INFO - [1625/2009] Biological assembly already cached: 8KET-assembly1.cif
2026-04-27 06:13:02,379 - INFO - [1626/2009] Asymmetric unit already cached: 8KEV.cif
2026-04-27 06:13:02,379 - INFO - [1626/2009] Biological assembly already cached: 8KEV-assembly1.cif
2026-04-27 06:13:02,580 - INFO - [1627/2009] Asymmetric unit already cached: 8KHP.cif
2026-04-27 06:13:02,580 - INFO - [1627/2009] Biological assembly already cached: 8KHP-assembly1.cif
2026-04-27 06:13:02,780 - INFO - [1628/2009] Asymmetric unit already cached: 8ODR.cif
2026-04-27 06:13:02,781 - INFO - [1628/2009] Biological assembly already cached: 8ODR-assembly1.cif
2026-04-27 06:13:02,981 - INFO - [1629/2009] Asymmetric unit already cached: 8OIF.cif
2026-04-27 06:13:02,981 - INFO - [1629/2009] Biological assembly already cached: 8OIF-assembly1.cif
2026-04-27 06:13:03,182 - INFO - [1630/2009] Asymmetric unit already cached: 8OR0.cif
2026-04-27 06:13:03,182 - INFO - [1630/2009] Biological assembly already cached: 8OR0-assembly1.cif
2026-04-27 06:13:03,382 - INFO - [1631/2009] Asymmetric unit already cached: 8OR2.cif
2026-04-27 06:13:03,383 - INFO - [1631/2009] Biological assembly already cached: 8OR2-assembly1.cif
2026-04-27 06:13:03,583 - INFO - [1632/2009] Asymmetric unit already cached: 8OR3.cif
2026-04-27 06:13:03,583 - INFO - [1632/2009] Biological assembly already cached: 8OR3-assembly1.cif
2026-04-27 06:13:03,784 - INFO - [1633/2009] Asymmetric unit already cached: 8OR4.cif
2026-04-27 06:13:03,784 - INFO - [1633/2009] Biological assembly already cached: 8OR4-assembly1.cif
2026-04-27 06:13:03,984 - INFO - [1634/2009] Asymmetric unit already cached: 8ORM.cif
2026-04-27 06:13:03,984 - INFO - [1634/2009] Biological assembly already cached: 8ORM-assembly1.cif
2026-04-27 06:13:04,185 - INFO - [1635/2009] Asymmetric unit already cached: 8P6V.cif
2026-04-27 06:13:04,185 - INFO - [1635/2009] Biological assembly already cached: 8P6V-assembly1.cif
2026-04-27 06:13:04,386 - INFO - [1636/2009] Asymmetric unit already cached: 8P6W.cif
2026-04-27 06:13:04,386 - INFO - [1636/2009] Biological assembly already cached: 8P6W-assembly1.cif
2026-04-27 06:13:04,586 - INFO - [1637/2009] Asymmetric unit already cached: 8P6X.cif
2026-04-27 06:13:04,586 - INFO - [1637/2009] Biological assembly already cached: 8P6X-assembly1.cif
2026-04-27 06:13:04,787 - INFO - [1638/2009] Asymmetric unit already cached: 8P6Y.cif
2026-04-27 06:13:04,787 - INFO - [1638/2009] Biological assembly already cached: 8P6Y-assembly1.cif
2026-04-27 06:13:04,988 - INFO - [1639/2009] Asymmetric unit already cached: 8P6Z.cif
2026-04-27 06:13:04,988 - INFO - [1639/2009] Biological assembly already cached: 8P6Z-assembly1.cif
2026-04-27 06:13:05,188 - INFO - [1640/2009] Asymmetric unit already cached: 8P70.cif
2026-04-27 06:13:05,188 - INFO - [1640/2009] Biological assembly already cached: 8P70-assembly1.cif
2026-04-27 06:13:05,389 - INFO - [1641/2009] Asymmetric unit already cached: 8P71.cif
2026-04-27 06:13:05,389 - INFO - [1641/2009] Biological assembly already cached: 8P71-assembly1.cif
2026-04-27 06:13:05,590 - INFO - [1642/2009] Asymmetric unit already cached: 8P72.cif
2026-04-27 06:13:05,590 - INFO - [1642/2009] Biological assembly already cached: 8P72-assembly1.cif
2026-04-27 06:13:05,790 - INFO - [1643/2009] Asymmetric unit already cached: 8P73.cif
2026-04-27 06:13:05,791 - INFO - [1643/2009] Biological assembly already cached: 8P73-assembly1.cif
2026-04-27 06:13:05,991 - INFO - [1644/2009] Asymmetric unit already cached: 8P74.cif
2026-04-27 06:13:05,991 - INFO - [1644/2009] Biological assembly already cached: 8P74-assembly1.cif
2026-04-27 06:13:06,192 - INFO - [1645/2009] Asymmetric unit already cached: 8P75.cif
2026-04-27 06:13:06,192 - INFO - [1645/2009] Biological assembly already cached: 8P75-assembly1.cif
2026-04-27 06:13:06,392 - INFO - [1646/2009] Asymmetric unit already cached: 8P76.cif
2026-04-27 06:13:06,392 - INFO - [1646/2009] Biological assembly already cached: 8P76-assembly1.cif
2026-04-27 06:13:06,593 - INFO - [1647/2009] Asymmetric unit already cached: 8P77.cif
2026-04-27 06:13:06,593 - INFO - [1647/2009] Biological assembly already cached: 8P77-assembly1.cif
2026-04-27 06:13:06,793 - INFO - [1648/2009] Asymmetric unit already cached: 8P78.cif
2026-04-27 06:13:06,793 - INFO - [1648/2009] Biological assembly already cached: 8P78-assembly1.cif
2026-04-27 06:13:06,994 - INFO - [1649/2009] Asymmetric unit already cached: 8P79.cif
2026-04-27 06:13:06,994 - INFO - [1649/2009] Biological assembly already cached: 8P79-assembly1.cif
2026-04-27 06:13:07,194 - INFO - [1650/2009] Asymmetric unit already cached: 8P7L.cif
2026-04-27 06:13:07,195 - INFO - [1650/2009] Biological assembly already cached: 8P7L-assembly1.cif
2026-04-27 06:13:07,395 - INFO - [1651/2009] Asymmetric unit already cached: 8P82.cif
2026-04-27 06:13:07,395 - INFO - [1651/2009] Biological assembly already cached: 8P82-assembly1.cif
2026-04-27 06:13:07,596 - INFO - [1652/2009] Asymmetric unit already cached: 8P83.cif
2026-04-27 06:13:07,596 - INFO - [1652/2009] Biological assembly already cached: 8P83-assembly1.cif
2026-04-27 06:13:07,796 - INFO - [1653/2009] Asymmetric unit already cached: 8PD4.cif
2026-04-27 06:13:07,797 - INFO - [1653/2009] Biological assembly already cached: 8PD4-assembly1.cif
2026-04-27 06:13:07,997 - INFO - [1654/2009] Asymmetric unit already cached: 8PD6.cif
2026-04-27 06:13:07,997 - INFO - [1654/2009] Biological assembly already cached: 8PD6-assembly1.cif
2026-04-27 06:13:08,198 - INFO - [1655/2009] Asymmetric unit already cached: 8PJN.cif
2026-04-27 06:13:08,198 - INFO - [1655/2009] Biological assembly already cached: 8PJN-assembly1.cif
2026-04-27 06:13:08,398 - INFO - [1656/2009] Asymmetric unit already cached: 8PKP.cif
2026-04-27 06:13:08,399 - INFO - [1656/2009] Biological assembly already cached: 8PKP-assembly1.cif
2026-04-27 06:13:08,599 - INFO - [1657/2009] Asymmetric unit already cached: 8PLZ.cif
2026-04-27 06:13:08,599 - INFO - [1657/2009] Biological assembly already cached: 8PLZ-assembly1.cif
2026-04-27 06:13:08,800 - INFO - [1658/2009] Asymmetric unit already cached: 8PP7.cif
2026-04-27 06:13:08,800 - INFO - [1658/2009] Biological assembly already cached: 8PP7-assembly1.cif
2026-04-27 06:13:09,000 - INFO - [1659/2009] Asymmetric unit already cached: 8PQL.cif
2026-04-27 06:13:09,001 - INFO - [1659/2009] Biological assembly already cached: 8PQL-assembly1.cif
2026-04-27 06:13:09,201 - INFO - [1660/2009] Asymmetric unit already cached: 8PWC.cif
2026-04-27 06:13:09,201 - INFO - [1660/2009] Biological assembly already cached: 8PWC-assembly1.cif
2026-04-27 06:13:09,402 - INFO - [1661/2009] Asymmetric unit already cached: 8PWL.cif
2026-04-27 06:13:09,402 - INFO - [1661/2009] Biological assembly already cached: 8PWL-assembly1.cif
2026-04-27 06:13:09,602 - INFO - [1662/2009] Asymmetric unit already cached: 8PYR.cif
2026-04-27 06:13:09,603 - INFO - [1662/2009] Biological assembly already cached: 8PYR-assembly1.cif
2026-04-27 06:13:09,803 - INFO - [1663/2009] Asymmetric unit already cached: 8Q0N.cif
2026-04-27 06:13:09,803 - INFO - [1663/2009] Biological assembly already cached: 8Q0N-assembly1.cif
2026-04-27 06:13:10,004 - INFO - [1664/2009] Asymmetric unit already cached: 8Q7E.cif
2026-04-27 06:13:10,004 - INFO - [1664/2009] Biological assembly already cached: 8Q7E-assembly1.cif
2026-04-27 06:13:10,204 - INFO - [1665/2009] Asymmetric unit already cached: 8Q7H.cif
2026-04-27 06:13:10,205 - INFO - [1665/2009] Biological assembly already cached: 8Q7H-assembly1.cif
2026-04-27 06:13:10,405 - INFO - [1666/2009] Asymmetric unit already cached: 8Q7R.cif
2026-04-27 06:13:10,405 - INFO - [1666/2009] Biological assembly already cached: 8Q7R-assembly1.cif
2026-04-27 06:13:10,606 - INFO - [1667/2009] Asymmetric unit already cached: 8QNG.cif
2026-04-27 06:13:10,606 - INFO - [1667/2009] Biological assembly already cached: 8QNG-assembly1.cif
2026-04-27 06:13:10,806 - INFO - [1668/2009] Asymmetric unit already cached: 8QNH.cif
2026-04-27 06:13:10,807 - INFO - [1668/2009] Biological assembly already cached: 8QNH-assembly1.cif
2026-04-27 06:13:11,007 - INFO - [1669/2009] Asymmetric unit already cached: 8QNI.cif
2026-04-27 06:13:11,007 - INFO - [1669/2009] Biological assembly already cached: 8QNI-assembly1.cif
2026-04-27 06:13:11,208 - INFO - [1670/2009] Asymmetric unit already cached: 8QTG.cif
2026-04-27 06:13:11,208 - INFO - [1670/2009] Biological assembly already cached: 8QTG-assembly1.cif
2026-04-27 06:13:11,409 - INFO - [1671/2009] Asymmetric unit already cached: 8QTH.cif
2026-04-27 06:13:11,409 - INFO - [1671/2009] Biological assembly already cached: 8QTH-assembly1.cif
2026-04-27 06:13:11,609 - INFO - [1672/2009] Asymmetric unit already cached: 8QTJ.cif
2026-04-27 06:13:11,609 - INFO - [1672/2009] Biological assembly already cached: 8QTJ-assembly1.cif
2026-04-27 06:13:11,810 - INFO - [1673/2009] Asymmetric unit already cached: 8QTK.cif
2026-04-27 06:13:11,810 - INFO - [1673/2009] Biological assembly already cached: 8QTK-assembly1.cif
2026-04-27 06:13:12,010 - INFO - [1674/2009] Asymmetric unit already cached: 8QU8.cif
2026-04-27 06:13:12,011 - INFO - [1674/2009] Biological assembly already cached: 8QU8-assembly1.cif
2026-04-27 06:13:12,211 - INFO - [1675/2009] Asymmetric unit already cached: 8R1F.cif
2026-04-27 06:13:12,211 - INFO - [1675/2009] Biological assembly already cached: 8R1F-assembly1.cif
2026-04-27 06:13:12,412 - INFO - [1676/2009] Asymmetric unit already cached: 8R1G.cif
2026-04-27 06:13:12,412 - INFO - [1676/2009] Biological assembly already cached: 8R1G-assembly1.cif
2026-04-27 06:13:12,613 - INFO - [1677/2009] Asymmetric unit already cached: 8R5B.cif
2026-04-27 06:13:12,613 - INFO - [1677/2009] Biological assembly already cached: 8R5B-assembly1.cif
2026-04-27 06:13:12,813 - INFO - [1678/2009] Asymmetric unit already cached: 8R5C.cif
2026-04-27 06:13:12,814 - INFO - [1678/2009] Biological assembly already cached: 8R5C-assembly1.cif
2026-04-27 06:13:13,014 - INFO - [1679/2009] Asymmetric unit already cached: 8R5D.cif
2026-04-27 06:13:13,014 - INFO - [1679/2009] Biological assembly already cached: 8R5D-assembly1.cif
2026-04-27 06:13:13,215 - INFO - [1680/2009] Asymmetric unit already cached: 8R5H.cif
2026-04-27 06:13:13,215 - INFO - [1680/2009] Biological assembly already cached: 8R5H-assembly1.cif
2026-04-27 06:13:13,415 - INFO - [1681/2009] Asymmetric unit already cached: 8R5N.cif
2026-04-27 06:13:13,416 - INFO - [1681/2009] Biological assembly already cached: 8R5N-assembly1.cif
2026-04-27 06:13:13,616 - INFO - [1682/2009] Asymmetric unit already cached: 8R6A.cif
2026-04-27 06:13:13,616 - INFO - [1682/2009] Biological assembly already cached: 8R6A-assembly1.cif
2026-04-27 06:13:13,817 - INFO - [1683/2009] Asymmetric unit already cached: 8R6B.cif
2026-04-27 06:13:13,817 - INFO - [1683/2009] Biological assembly already cached: 8R6B-assembly1.cif
2026-04-27 06:13:14,018 - INFO - [1684/2009] Asymmetric unit already cached: 8R79.cif
2026-04-27 06:13:14,018 - INFO - [1684/2009] Biological assembly already cached: 8R79-assembly1.cif
2026-04-27 06:13:14,218 - INFO - [1685/2009] Asymmetric unit already cached: 8R7O.cif
2026-04-27 06:13:14,218 - INFO - [1685/2009] Biological assembly already cached: 8R7O-assembly1.cif
2026-04-27 06:13:14,419 - INFO - [1686/2009] Asymmetric unit already cached: 8RD0.cif
2026-04-27 06:13:14,419 - INFO - [1686/2009] Biological assembly already cached: 8RD0-assembly1.cif
2026-04-27 06:13:14,620 - INFO - [1687/2009] Asymmetric unit already cached: 8RD1.cif
2026-04-27 06:13:14,620 - INFO - [1687/2009] Biological assembly already cached: 8RD1-assembly1.cif
2026-04-27 06:13:14,820 - INFO - [1688/2009] Asymmetric unit already cached: 8RD7.cif
2026-04-27 06:13:14,820 - INFO - [1688/2009] Biological assembly already cached: 8RD7-assembly1.cif
2026-04-27 06:13:15,021 - INFO - [1689/2009] Asymmetric unit already cached: 8RHS.cif
2026-04-27 06:13:15,021 - INFO - [1689/2009] Biological assembly already cached: 8RHS-assembly1.cif
2026-04-27 06:13:15,222 - INFO - [1690/2009] Asymmetric unit already cached: 8RHZ.cif
2026-04-27 06:13:15,222 - INFO - [1690/2009] Biological assembly already cached: 8RHZ-assembly1.cif
2026-04-27 06:13:15,422 - INFO - [1691/2009] Asymmetric unit already cached: 8RO2.cif
2026-04-27 06:13:15,422 - INFO - [1691/2009] Biological assembly already cached: 8RO2-assembly1.cif
2026-04-27 06:13:15,623 - INFO - [1692/2009] Asymmetric unit already cached: 8RS8.cif
2026-04-27 06:13:15,623 - INFO - [1692/2009] Biological assembly already cached: 8RS8-assembly1.cif
2026-04-27 06:13:15,823 - INFO - [1693/2009] Asymmetric unit already cached: 8RWZ.cif
2026-04-27 06:13:15,824 - INFO - [1693/2009] Biological assembly already cached: 8RWZ-assembly1.cif
2026-04-27 06:13:16,024 - INFO - [1694/2009] Asymmetric unit already cached: 8RX0.cif
2026-04-27 06:13:16,024 - INFO - [1694/2009] Biological assembly already cached: 8RX0-assembly1.cif
2026-04-27 06:13:16,225 - INFO - [1695/2009] Asymmetric unit already cached: 8S0R.cif
2026-04-27 06:13:16,225 - INFO - [1695/2009] Biological assembly already cached: 8S0R-assembly1.cif
2026-04-27 06:13:16,425 - INFO - [1696/2009] Asymmetric unit already cached: 8S0T.cif
2026-04-27 06:13:16,426 - INFO - [1696/2009] Biological assembly already cached: 8S0T-assembly1.cif
2026-04-27 06:13:16,626 - INFO - [1697/2009] Asymmetric unit already cached: 8S24.cif
2026-04-27 06:13:16,626 - INFO - [1697/2009] Biological assembly already cached: 8S24-assembly1.cif
2026-04-27 06:13:16,827 - INFO - [1698/2009] Asymmetric unit already cached: 8SE9.cif
2026-04-27 06:13:16,827 - INFO - [1698/2009] Biological assembly already cached: 8SE9-assembly1.cif
2026-04-27 06:13:17,027 - INFO - [1699/2009] Asymmetric unit already cached: 8SEA.cif
2026-04-27 06:13:17,028 - INFO - [1699/2009] Biological assembly already cached: 8SEA-assembly1.cif
2026-04-27 06:13:17,228 - INFO - [1700/2009] Asymmetric unit already cached: 8SEB.cif
2026-04-27 06:13:17,228 - INFO - [1700/2009] Biological assembly already cached: 8SEB-assembly1.cif
2026-04-27 06:13:17,429 - INFO - [1701/2009] Asymmetric unit already cached: 8SMW.cif
2026-04-27 06:13:17,429 - INFO - [1701/2009] Biological assembly already cached: 8SMW-assembly1.cif
2026-04-27 06:13:17,629 - INFO - [1702/2009] Asymmetric unit already cached: 8SMX.cif
2026-04-27 06:13:17,630 - INFO - [1702/2009] Biological assembly already cached: 8SMX-assembly1.cif
2026-04-27 06:13:17,830 - INFO - [1703/2009] Asymmetric unit already cached: 8SMY.cif
2026-04-27 06:13:17,830 - INFO - [1703/2009] Biological assembly already cached: 8SMY-assembly1.cif
2026-04-27 06:13:18,031 - INFO - [1704/2009] Asymmetric unit already cached: 8SMZ.cif
2026-04-27 06:13:18,031 - INFO - [1704/2009] Biological assembly already cached: 8SMZ-assembly1.cif
2026-04-27 06:13:18,231 - INFO - [1705/2009] Asymmetric unit already cached: 8SN0.cif
2026-04-27 06:13:18,231 - INFO - [1705/2009] Biological assembly already cached: 8SN0-assembly1.cif
2026-04-27 06:13:18,432 - INFO - [1706/2009] Asymmetric unit already cached: 8SN1.cif
2026-04-27 06:13:18,432 - INFO - [1706/2009] Biological assembly already cached: 8SN1-assembly1.cif
2026-04-27 06:13:18,633 - INFO - [1707/2009] Asymmetric unit already cached: 8SN2.cif
2026-04-27 06:13:18,633 - INFO - [1707/2009] Biological assembly already cached: 8SN2-assembly1.cif
2026-04-27 06:13:18,833 - INFO - [1708/2009] Asymmetric unit already cached: 8SN3.cif
2026-04-27 06:13:18,834 - INFO - [1708/2009] Biological assembly already cached: 8SN3-assembly1.cif
2026-04-27 06:13:19,034 - INFO - [1709/2009] Asymmetric unit already cached: 8SN4.cif
2026-04-27 06:13:19,034 - INFO - [1709/2009] Biological assembly already cached: 8SN4-assembly1.cif
2026-04-27 06:13:19,235 - INFO - [1710/2009] Asymmetric unit already cached: 8SN5.cif
2026-04-27 06:13:19,235 - INFO - [1710/2009] Biological assembly already cached: 8SN5-assembly1.cif
2026-04-27 06:13:19,435 - INFO - [1711/2009] Asymmetric unit already cached: 8SN6.cif
2026-04-27 06:13:19,435 - INFO - [1711/2009] Biological assembly already cached: 8SN6-assembly1.cif
2026-04-27 06:13:19,636 - INFO - [1712/2009] Asymmetric unit already cached: 8SN7.cif
2026-04-27 06:13:19,636 - INFO - [1712/2009] Biological assembly already cached: 8SN7-assembly1.cif
2026-04-27 06:13:19,837 - INFO - [1713/2009] Asymmetric unit already cached: 8SN8.cif
2026-04-27 06:13:19,837 - INFO - [1713/2009] Biological assembly already cached: 8SN8-assembly1.cif
2026-04-27 06:13:20,037 - INFO - [1714/2009] Asymmetric unit already cached: 8SN9.cif
2026-04-27 06:13:20,037 - INFO - [1714/2009] Biological assembly already cached: 8SN9-assembly1.cif
2026-04-27 06:13:20,238 - INFO - [1715/2009] Asymmetric unit already cached: 8SNA.cif
2026-04-27 06:13:20,238 - INFO - [1715/2009] Biological assembly already cached: 8SNA-assembly1.cif
2026-04-27 06:13:20,439 - INFO - [1716/2009] Asymmetric unit already cached: 8SUV.cif
2026-04-27 06:13:20,439 - INFO - [1716/2009] Biological assembly already cached: 8SUV-assembly1.cif
2026-04-27 06:13:20,639 - INFO - [1717/2009] Asymmetric unit already cached: 8SV8.cif
2026-04-27 06:13:20,639 - INFO - [1717/2009] Biological assembly already cached: 8SV8-assembly1.cif
2026-04-27 06:13:20,840 - INFO - [1718/2009] Asymmetric unit already cached: 8T0S.cif
2026-04-27 06:13:20,840 - INFO - [1718/2009] Biological assembly already cached: 8T0S-assembly1.cif
2026-04-27 06:13:21,040 - INFO - [1719/2009] Asymmetric unit already cached: 8T5P.cif
2026-04-27 06:13:21,041 - INFO - [1719/2009] Biological assembly already cached: 8T5P-assembly1.cif
2026-04-27 06:13:21,241 - INFO - [1720/2009] Asymmetric unit already cached: 8T5Q.cif
2026-04-27 06:13:21,241 - INFO - [1720/2009] Biological assembly already cached: 8T5Q-assembly1.cif
2026-04-27 06:13:21,442 - INFO - [1721/2009] Asymmetric unit already cached: 8TAR.cif
2026-04-27 06:13:21,442 - INFO - [1721/2009] Biological assembly already cached: 8TAR-assembly1.cif
2026-04-27 06:13:21,642 - INFO - [1722/2009] Asymmetric unit already cached: 8TAU.cif
2026-04-27 06:13:21,643 - INFO - [1722/2009] Biological assembly already cached: 8TAU-assembly1.cif
2026-04-27 06:13:21,843 - INFO - [1723/2009] Asymmetric unit already cached: 8TXV.cif
2026-04-27 06:13:21,843 - INFO - [1723/2009] Biological assembly already cached: 8TXV-assembly1.cif
2026-04-27 06:13:22,044 - INFO - [1724/2009] Asymmetric unit already cached: 8TXW.cif
2026-04-27 06:13:22,044 - INFO - [1724/2009] Biological assembly already cached: 8TXW-assembly1.cif
2026-04-27 06:13:22,244 - INFO - [1725/2009] Asymmetric unit already cached: 8TXX.cif
2026-04-27 06:13:22,245 - INFO - [1725/2009] Biological assembly already cached: 8TXX-assembly1.cif
2026-04-27 06:13:22,445 - INFO - [1726/2009] Asymmetric unit already cached: 8U13.cif
2026-04-27 06:13:22,445 - INFO - [1726/2009] Biological assembly already cached: 8U13-assembly1.cif
2026-04-27 06:13:22,646 - INFO - [1727/2009] Asymmetric unit already cached: 8U14.cif
2026-04-27 06:13:22,646 - INFO - [1727/2009] Biological assembly already cached: 8U14-assembly1.cif
2026-04-27 06:13:22,846 - INFO - [1728/2009] Asymmetric unit already cached: 8U2Y.cif
2026-04-27 06:13:22,847 - INFO - [1728/2009] Biological assembly already cached: 8U2Y-assembly1.cif
2026-04-27 06:13:23,047 - INFO - [1729/2009] Asymmetric unit already cached: 8UBU.cif
2026-04-27 06:13:23,047 - INFO - [1729/2009] Biological assembly already cached: 8UBU-assembly1.cif
2026-04-27 06:13:23,248 - INFO - [1730/2009] Asymmetric unit already cached: 8UPF.cif
2026-04-27 06:13:23,248 - INFO - [1730/2009] Biological assembly already cached: 8UPF-assembly1.cif
2026-04-27 06:13:23,448 - INFO - [1731/2009] Asymmetric unit already cached: 8UQ8.cif
2026-04-27 06:13:23,449 - INFO - [1731/2009] Biological assembly already cached: 8UQ8-assembly1.cif
2026-04-27 06:13:23,649 - INFO - [1732/2009] Asymmetric unit already cached: 8UQ9.cif
2026-04-27 06:13:23,649 - INFO - [1732/2009] Biological assembly already cached: 8UQ9-assembly1.cif
2026-04-27 06:13:23,850 - INFO - [1733/2009] Asymmetric unit already cached: 8UQA.cif
2026-04-27 06:13:23,850 - INFO - [1733/2009] Biological assembly already cached: 8UQA-assembly1.cif
2026-04-27 06:13:24,050 - INFO - [1734/2009] Asymmetric unit already cached: 8UQB.cif
2026-04-27 06:13:24,051 - INFO - [1734/2009] Biological assembly already cached: 8UQB-assembly1.cif
2026-04-27 06:13:24,251 - INFO - [1735/2009] Asymmetric unit already cached: 8UQC.cif
2026-04-27 06:13:24,251 - INFO - [1735/2009] Biological assembly already cached: 8UQC-assembly1.cif
2026-04-27 06:13:24,452 - INFO - [1736/2009] Asymmetric unit already cached: 8UQD.cif
2026-04-27 06:13:24,452 - INFO - [1736/2009] Biological assembly already cached: 8UQD-assembly1.cif
2026-04-27 06:13:24,652 - INFO - [1737/2009] Asymmetric unit already cached: 8UQE.cif
2026-04-27 06:13:24,653 - INFO - [1737/2009] Biological assembly already cached: 8UQE-assembly1.cif
2026-04-27 06:13:24,853 - INFO - [1738/2009] Asymmetric unit already cached: 8V0D.cif
2026-04-27 06:13:24,853 - INFO - [1738/2009] Biological assembly already cached: 8V0D-assembly1.cif
2026-04-27 06:13:25,054 - INFO - [1739/2009] Asymmetric unit already cached: 8V0E.cif
2026-04-27 06:13:25,054 - INFO - [1739/2009] Biological assembly already cached: 8V0E-assembly1.cif
2026-04-27 06:13:25,254 - INFO - [1740/2009] Asymmetric unit already cached: 8VK8.cif
2026-04-27 06:13:25,254 - INFO - [1740/2009] Biological assembly already cached: 8VK8-assembly1.cif
2026-04-27 06:13:25,455 - INFO - [1741/2009] Asymmetric unit already cached: 8VK9.cif
2026-04-27 06:13:25,455 - INFO - [1741/2009] Biological assembly already cached: 8VK9-assembly1.cif
2026-04-27 06:13:25,656 - INFO - [1742/2009] Asymmetric unit already cached: 8VW4.cif
2026-04-27 06:13:25,656 - INFO - [1742/2009] Biological assembly already cached: 8VW4-assembly1.cif
2026-04-27 06:13:25,856 - INFO - [1743/2009] Asymmetric unit already cached: 8VW5.cif
2026-04-27 06:13:25,856 - INFO - [1743/2009] Biological assembly already cached: 8VW5-assembly1.cif
2026-04-27 06:13:26,057 - INFO - [1744/2009] Asymmetric unit already cached: 8W59.cif
2026-04-27 06:13:26,057 - INFO - [1744/2009] Biological assembly already cached: 8W59-assembly1.cif
2026-04-27 06:13:26,257 - INFO - [1745/2009] Asymmetric unit already cached: 8W5A.cif
2026-04-27 06:13:26,258 - INFO - [1745/2009] Biological assembly already cached: 8W5A-assembly1.cif
2026-04-27 06:13:26,458 - INFO - [1746/2009] Asymmetric unit already cached: 8WAK.cif
2026-04-27 06:13:26,458 - INFO - [1746/2009] Biological assembly already cached: 8WAK-assembly1.cif
2026-04-27 06:13:26,659 - INFO - [1747/2009] Asymmetric unit already cached: 8WAL.cif
2026-04-27 06:13:26,659 - INFO - [1747/2009] Biological assembly already cached: 8WAL-assembly1.cif
2026-04-27 06:13:26,859 - INFO - [1748/2009] Asymmetric unit already cached: 8WAN.cif
2026-04-27 06:13:26,860 - INFO - [1748/2009] Biological assembly already cached: 8WAN-assembly1.cif
2026-04-27 06:13:27,060 - INFO - [1749/2009] Asymmetric unit already cached: 8WAO.cif
2026-04-27 06:13:27,060 - INFO - [1749/2009] Biological assembly already cached: 8WAO-assembly1.cif
2026-04-27 06:13:27,261 - INFO - [1750/2009] Asymmetric unit already cached: 8WAP.cif
2026-04-27 06:13:27,261 - INFO - [1750/2009] Biological assembly already cached: 8WAP-assembly1.cif
2026-04-27 06:13:27,461 - INFO - [1751/2009] Asymmetric unit already cached: 8WAQ.cif
2026-04-27 06:13:27,462 - INFO - [1751/2009] Biological assembly already cached: 8WAQ-assembly1.cif
2026-04-27 06:13:27,662 - INFO - [1752/2009] Asymmetric unit already cached: 8WAR.cif
2026-04-27 06:13:27,662 - INFO - [1752/2009] Biological assembly already cached: 8WAR-assembly1.cif
2026-04-27 06:13:27,863 - INFO - [1753/2009] Asymmetric unit already cached: 8WAS.cif
2026-04-27 06:13:27,863 - INFO - [1753/2009] Biological assembly already cached: 8WAS-assembly1.cif
2026-04-27 06:13:28,063 - INFO - [1754/2009] Asymmetric unit already cached: 8WDK.cif
2026-04-27 06:13:28,064 - INFO - [1754/2009] Biological assembly already cached: 8WDK-assembly1.cif
2026-04-27 06:13:28,264 - INFO - [1755/2009] Asymmetric unit already cached: 8WMS.cif
2026-04-27 06:13:28,264 - INFO - [1755/2009] Biological assembly already cached: 8WMS-assembly1.cif
2026-04-27 06:13:28,465 - INFO - [1756/2009] Asymmetric unit already cached: 8WQA.cif
2026-04-27 06:13:28,465 - INFO - [1756/2009] Biological assembly already cached: 8WQA-assembly1.cif
2026-04-27 06:13:28,665 - INFO - [1757/2009] Asymmetric unit already cached: 8WQB.cif
2026-04-27 06:13:28,666 - INFO - [1757/2009] Biological assembly already cached: 8WQB-assembly1.cif
2026-04-27 06:13:28,866 - INFO - [1758/2009] Asymmetric unit already cached: 8WQC.cif
2026-04-27 06:13:28,866 - INFO - [1758/2009] Biological assembly already cached: 8WQC-assembly1.cif
2026-04-27 06:13:29,067 - INFO - [1759/2009] Asymmetric unit already cached: 8WQE.cif
2026-04-27 06:13:29,067 - INFO - [1759/2009] Biological assembly already cached: 8WQE-assembly1.cif
2026-04-27 06:13:29,267 - INFO - [1760/2009] Asymmetric unit already cached: 8WQF.cif
2026-04-27 06:13:29,268 - INFO - [1760/2009] Biological assembly already cached: 8WQF-assembly1.cif
2026-04-27 06:13:29,468 - INFO - [1761/2009] Asymmetric unit already cached: 8WQG.cif
2026-04-27 06:13:29,468 - INFO - [1761/2009] Biological assembly already cached: 8WQG-assembly1.cif
2026-04-27 06:13:29,669 - INFO - [1762/2009] Asymmetric unit already cached: 8WQH.cif
2026-04-27 06:13:29,669 - INFO - [1762/2009] Biological assembly already cached: 8WQH-assembly1.cif
2026-04-27 06:13:29,869 - INFO - [1763/2009] Asymmetric unit already cached: 8WR5.cif
2026-04-27 06:13:29,870 - INFO - [1763/2009] Biological assembly already cached: 8WR5-assembly1.cif
2026-04-27 06:13:30,070 - INFO - [1764/2009] Asymmetric unit already cached: 8WVU.cif
2026-04-27 06:13:30,070 - INFO - [1764/2009] Biological assembly already cached: 8WVU-assembly1.cif
2026-04-27 06:13:30,271 - INFO - [1765/2009] Asymmetric unit already cached: 8WZN.cif
2026-04-27 06:13:30,271 - INFO - [1765/2009] Biological assembly already cached: 8WZN-assembly1.cif
2026-04-27 06:13:30,471 - INFO - [1766/2009] Asymmetric unit already cached: 8WZO.cif
2026-04-27 06:13:30,471 - INFO - [1766/2009] Biological assembly already cached: 8WZO-assembly1.cif
2026-04-27 06:13:30,672 - INFO - [1767/2009] Asymmetric unit already cached: 8X7I.cif
2026-04-27 06:13:30,672 - INFO - [1767/2009] Biological assembly already cached: 8X7I-assembly1.cif
2026-04-27 06:13:30,873 - INFO - [1768/2009] Asymmetric unit already cached: 8X7J.cif
2026-04-27 06:13:30,873 - INFO - [1768/2009] Biological assembly already cached: 8X7J-assembly1.cif
2026-04-27 06:13:31,073 - INFO - [1769/2009] Asymmetric unit already cached: 8X7K.cif
2026-04-27 06:13:31,073 - INFO - [1769/2009] Biological assembly already cached: 8X7K-assembly1.cif
2026-04-27 06:13:31,274 - INFO - [1770/2009] Asymmetric unit already cached: 8XFP.cif
2026-04-27 06:13:31,274 - INFO - [1770/2009] Biological assembly already cached: 8XFP-assembly1.cif
2026-04-27 06:13:31,474 - INFO - [1771/2009] Asymmetric unit already cached: 8XFS.cif
2026-04-27 06:13:31,475 - INFO - [1771/2009] Biological assembly already cached: 8XFS-assembly1.cif
2026-04-27 06:13:31,675 - INFO - [1772/2009] Asymmetric unit already cached: 8XFT.cif
2026-04-27 06:13:31,675 - INFO - [1772/2009] Biological assembly already cached: 8XFT-assembly1.cif
2026-04-27 06:13:31,876 - INFO - [1773/2009] Asymmetric unit already cached: 8XV4.cif
2026-04-27 06:13:31,876 - INFO - [1773/2009] Biological assembly already cached: 8XV4-assembly1.cif
2026-04-27 06:13:32,076 - INFO - [1774/2009] Asymmetric unit already cached: 8XV6.cif
2026-04-27 06:13:32,077 - INFO - [1774/2009] Biological assembly already cached: 8XV6-assembly1.cif
2026-04-27 06:13:32,277 - INFO - [1775/2009] Asymmetric unit already cached: 8XV7.cif
2026-04-27 06:13:32,277 - INFO - [1775/2009] Biological assembly already cached: 8XV7-assembly1.cif
2026-04-27 06:13:32,478 - INFO - [1776/2009] Asymmetric unit already cached: 8XV8.cif
2026-04-27 06:13:32,478 - INFO - [1776/2009] Biological assembly already cached: 8XV8-assembly1.cif
2026-04-27 06:13:32,678 - INFO - [1777/2009] Asymmetric unit already cached: 8Y4Z.cif
2026-04-27 06:13:32,678 - INFO - [1777/2009] Biological assembly already cached: 8Y4Z-assembly1.cif
2026-04-27 06:13:32,879 - INFO - [1778/2009] Asymmetric unit already cached: 8Y58.cif
2026-04-27 06:13:32,879 - INFO - [1778/2009] Biological assembly already cached: 8Y58-assembly1.cif
2026-04-27 06:13:33,080 - INFO - [1779/2009] Asymmetric unit already cached: 8Y59.cif
2026-04-27 06:13:33,080 - INFO - [1779/2009] Biological assembly already cached: 8Y59-assembly1.cif
2026-04-27 06:13:33,280 - INFO - [1780/2009] Asymmetric unit already cached: 8Y5B.cif
2026-04-27 06:13:33,281 - INFO - [1780/2009] Biological assembly already cached: 8Y5B-assembly1.cif
2026-04-27 06:13:33,481 - INFO - [1781/2009] Asymmetric unit already cached: 8Y69.cif
2026-04-27 06:13:33,481 - INFO - [1781/2009] Biological assembly already cached: 8Y69-assembly1.cif
2026-04-27 06:13:33,682 - INFO - [1782/2009] Asymmetric unit already cached: 8YTC.cif
2026-04-27 06:13:33,682 - INFO - [1782/2009] Biological assembly already cached: 8YTC-assembly1.cif
2026-04-27 06:13:33,882 - INFO - [1783/2009] Asymmetric unit already cached: 8YTF.cif
2026-04-27 06:13:33,883 - INFO - [1783/2009] Biological assembly already cached: 8YTF-assembly1.cif
2026-04-27 06:13:34,083 - INFO - [1784/2009] Asymmetric unit already cached: 8YTG.cif
2026-04-27 06:13:34,083 - INFO - [1784/2009] Biological assembly already cached: 8YTG-assembly1.cif
2026-04-27 06:13:34,284 - INFO - [1785/2009] Asymmetric unit already cached: 8YTH.cif
2026-04-27 06:13:34,284 - INFO - [1785/2009] Biological assembly already cached: 8YTH-assembly1.cif
2026-04-27 06:13:34,484 - INFO - [1786/2009] Asymmetric unit already cached: 8Z30.cif
2026-04-27 06:13:34,484 - INFO - [1786/2009] Biological assembly already cached: 8Z30-assembly1.cif
2026-04-27 06:13:34,685 - INFO - [1787/2009] Asymmetric unit already cached: 8Z36.cif
2026-04-27 06:13:34,685 - INFO - [1787/2009] Biological assembly already cached: 8Z36-assembly1.cif
2026-04-27 06:13:34,886 - INFO - [1788/2009] Asymmetric unit already cached: 8ZUK.cif
2026-04-27 06:13:34,886 - INFO - [1788/2009] Biological assembly already cached: 8ZUK-assembly1.cif
2026-04-27 06:13:35,086 - INFO - [1789/2009] Asymmetric unit already cached: 8ZZM.cif
2026-04-27 06:13:35,086 - INFO - [1789/2009] Downloading biological assembly for 8ZZM
2026-04-27 06:13:35,527 - WARNING - Failed to download https://files.rcsb.org/download/8ZZM-assembly1.cif (status 404)
2026-04-27 06:13:35,728 - INFO - [1790/2009] Asymmetric unit already cached: 8ZZN.cif
2026-04-27 06:13:35,728 - INFO - [1790/2009] Downloading biological assembly for 8ZZN
2026-04-27 06:13:35,856 - WARNING - Failed to download https://files.rcsb.org/download/8ZZN-assembly1.cif (status 404)
2026-04-27 06:13:36,056 - INFO - [1791/2009] Asymmetric unit already cached: 8ZZS.cif
2026-04-27 06:13:36,057 - INFO - [1791/2009] Downloading biological assembly for 8ZZS
2026-04-27 06:13:36,377 - WARNING - Failed to download https://files.rcsb.org/download/8ZZS-assembly1.cif (status 404)
2026-04-27 06:13:36,577 - INFO - [1792/2009] Asymmetric unit already cached: 8ZZT.cif
2026-04-27 06:13:36,577 - INFO - [1792/2009] Downloading biological assembly for 8ZZT
2026-04-27 06:13:36,704 - WARNING - Failed to download https://files.rcsb.org/download/8ZZT-assembly1.cif (status 404)
2026-04-27 06:13:36,905 - INFO - [1793/2009] Asymmetric unit already cached: 9A1I.cif
2026-04-27 06:13:36,905 - INFO - [1793/2009] Downloading biological assembly for 9A1I
2026-04-27 06:13:37,039 - WARNING - Failed to download https://files.rcsb.org/download/9A1I-assembly1.cif (status 404)
2026-04-27 06:13:37,240 - INFO - [1794/2009] Asymmetric unit already cached: 9A1J.cif
2026-04-27 06:13:37,240 - INFO - [1794/2009] Downloading biological assembly for 9A1J
2026-04-27 06:13:37,366 - WARNING - Failed to download https://files.rcsb.org/download/9A1J-assembly1.cif (status 404)
2026-04-27 06:13:37,566 - INFO - [1795/2009] Asymmetric unit already cached: 9A40.cif
2026-04-27 06:13:37,567 - INFO - [1795/2009] Downloading biological assembly for 9A40
2026-04-27 06:13:37,745 - WARNING - Failed to download https://files.rcsb.org/download/9A40-assembly1.cif (status 404)
2026-04-27 06:13:37,946 - INFO - [1796/2009] Asymmetric unit already cached: 9ATN.cif
2026-04-27 06:13:37,946 - INFO - [1796/2009] Biological assembly already cached: 9ATN-assembly1.cif
2026-04-27 06:13:38,147 - INFO - [1797/2009] Asymmetric unit already cached: 9AZJ.cif
2026-04-27 06:13:38,147 - INFO - [1797/2009] Biological assembly already cached: 9AZJ-assembly1.cif
2026-04-27 06:13:38,347 - INFO - [1798/2009] Asymmetric unit already cached: 9B0B.cif
2026-04-27 06:13:38,347 - INFO - [1798/2009] Biological assembly already cached: 9B0B-assembly1.cif
2026-04-27 06:13:38,548 - INFO - [1799/2009] Asymmetric unit already cached: 9B0Z.cif
2026-04-27 06:13:38,548 - INFO - [1799/2009] Biological assembly already cached: 9B0Z-assembly1.cif
2026-04-27 06:13:38,749 - INFO - [1800/2009] Asymmetric unit already cached: 9B12.cif
2026-04-27 06:13:38,749 - INFO - [1800/2009] Biological assembly already cached: 9B12-assembly1.cif
2026-04-27 06:13:38,949 - INFO - [1801/2009] Asymmetric unit already cached: 9B62.cif
2026-04-27 06:13:38,950 - INFO - [1801/2009] Biological assembly already cached: 9B62-assembly1.cif
2026-04-27 06:13:39,150 - INFO - [1802/2009] Asymmetric unit already cached: 9BD3.cif
2026-04-27 06:13:39,150 - INFO - [1802/2009] Biological assembly already cached: 9BD3-assembly1.cif
2026-04-27 06:13:39,351 - INFO - [1803/2009] Asymmetric unit already cached: 9BIV.cif
2026-04-27 06:13:39,351 - INFO - [1803/2009] Biological assembly already cached: 9BIV-assembly1.cif
2026-04-27 06:13:39,551 - INFO - [1804/2009] Asymmetric unit already cached: 9BJ8.cif
2026-04-27 06:13:39,552 - INFO - [1804/2009] Biological assembly already cached: 9BJ8-assembly1.cif
2026-04-27 06:13:39,752 - INFO - [1805/2009] Asymmetric unit already cached: 9BJ9.cif
2026-04-27 06:13:39,752 - INFO - [1805/2009] Biological assembly already cached: 9BJ9-assembly1.cif
2026-04-27 06:13:39,953 - INFO - [1806/2009] Asymmetric unit already cached: 9BJZ.cif
2026-04-27 06:13:39,953 - INFO - [1806/2009] Biological assembly already cached: 9BJZ-assembly1.cif
2026-04-27 06:13:40,153 - INFO - [1807/2009] Asymmetric unit already cached: 9BKR.cif
2026-04-27 06:13:40,153 - INFO - [1807/2009] Biological assembly already cached: 9BKR-assembly1.cif
2026-04-27 06:13:40,354 - INFO - [1808/2009] Asymmetric unit already cached: 9BKS.cif
2026-04-27 06:13:40,354 - INFO - [1808/2009] Biological assembly already cached: 9BKS-assembly1.cif
2026-04-27 06:13:40,555 - INFO - [1809/2009] Asymmetric unit already cached: 9CDW.cif
2026-04-27 06:13:40,555 - INFO - [1809/2009] Biological assembly already cached: 9CDW-assembly1.cif
2026-04-27 06:13:40,755 - INFO - [1810/2009] Asymmetric unit already cached: 9CDZ.cif
2026-04-27 06:13:40,755 - INFO - [1810/2009] Biological assembly already cached: 9CDZ-assembly1.cif
2026-04-27 06:13:40,956 - INFO - [1811/2009] Asymmetric unit already cached: 9CHT.cif
2026-04-27 06:13:40,956 - INFO - [1811/2009] Biological assembly already cached: 9CHT-assembly1.cif
2026-04-27 06:13:41,157 - INFO - [1812/2009] Asymmetric unit already cached: 9D9Z.cif
2026-04-27 06:13:41,157 - INFO - [1812/2009] Biological assembly already cached: 9D9Z-assembly1.cif
2026-04-27 06:13:41,357 - INFO - [1813/2009] Asymmetric unit already cached: 9DBY.cif
2026-04-27 06:13:41,357 - INFO - [1813/2009] Biological assembly already cached: 9DBY-assembly1.cif
2026-04-27 06:13:41,558 - INFO - [1814/2009] Asymmetric unit already cached: 9DDE.cif
2026-04-27 06:13:41,558 - INFO - [1814/2009] Biological assembly already cached: 9DDE-assembly1.cif
2026-04-27 06:13:41,759 - INFO - [1815/2009] Asymmetric unit already cached: 9DGG.cif
2026-04-27 06:13:41,759 - INFO - [1815/2009] Biological assembly already cached: 9DGG-assembly1.cif
2026-04-27 06:13:41,959 - INFO - [1816/2009] Asymmetric unit already cached: 9DNO.cif
2026-04-27 06:13:41,959 - INFO - [1816/2009] Biological assembly already cached: 9DNO-assembly1.cif
2026-04-27 06:13:42,160 - INFO - [1817/2009] Asymmetric unit already cached: 9DNP.cif
2026-04-27 06:13:42,160 - INFO - [1817/2009] Biological assembly already cached: 9DNP-assembly1.cif
2026-04-27 06:13:42,361 - INFO - [1818/2009] Asymmetric unit already cached: 9DNQ.cif
2026-04-27 06:13:42,361 - INFO - [1818/2009] Biological assembly already cached: 9DNQ-assembly1.cif
2026-04-27 06:13:42,561 - INFO - [1819/2009] Asymmetric unit already cached: 9DNR.cif
2026-04-27 06:13:42,562 - INFO - [1819/2009] Biological assembly already cached: 9DNR-assembly1.cif
2026-04-27 06:13:42,762 - INFO - [1820/2009] Asymmetric unit already cached: 9DNS.cif
2026-04-27 06:13:42,762 - INFO - [1820/2009] Biological assembly already cached: 9DNS-assembly1.cif
2026-04-27 06:13:42,963 - INFO - [1821/2009] Asymmetric unit already cached: 9DQB.cif
2026-04-27 06:13:42,963 - INFO - [1821/2009] Biological assembly already cached: 9DQB-assembly1.cif
2026-04-27 06:13:43,163 - INFO - [1822/2009] Asymmetric unit already cached: 9DRJ.cif
2026-04-27 06:13:43,163 - INFO - [1822/2009] Biological assembly already cached: 9DRJ-assembly1.cif
2026-04-27 06:13:43,364 - INFO - [1823/2009] Asymmetric unit already cached: 9DRY.cif
2026-04-27 06:13:43,364 - INFO - [1823/2009] Biological assembly already cached: 9DRY-assembly1.cif
2026-04-27 06:13:43,565 - INFO - [1824/2009] Asymmetric unit already cached: 9DYA.cif
2026-04-27 06:13:43,565 - INFO - [1824/2009] Biological assembly already cached: 9DYA-assembly1.cif
2026-04-27 06:13:43,765 - INFO - [1825/2009] Asymmetric unit already cached: 9DYB.cif
2026-04-27 06:13:43,765 - INFO - [1825/2009] Biological assembly already cached: 9DYB-assembly1.cif
2026-04-27 06:13:43,966 - INFO - [1826/2009] Asymmetric unit already cached: 9EFM.cif
2026-04-27 06:13:43,966 - INFO - [1826/2009] Biological assembly already cached: 9EFM-assembly1.cif
2026-04-27 06:13:44,167 - INFO - [1827/2009] Asymmetric unit already cached: 9EFQ.cif
2026-04-27 06:13:44,167 - INFO - [1827/2009] Biological assembly already cached: 9EFQ-assembly1.cif
2026-04-27 06:13:44,367 - INFO - [1828/2009] Asymmetric unit already cached: 9EFV.cif
2026-04-27 06:13:44,367 - INFO - [1828/2009] Biological assembly already cached: 9EFV-assembly1.cif
2026-04-27 06:13:44,568 - INFO - [1829/2009] Asymmetric unit already cached: 9EG1.cif
2026-04-27 06:13:44,568 - INFO - [1829/2009] Biological assembly already cached: 9EG1-assembly1.cif
2026-04-27 06:13:44,768 - INFO - [1830/2009] Asymmetric unit already cached: 9EG8.cif
2026-04-27 06:13:44,769 - INFO - [1830/2009] Biological assembly already cached: 9EG8-assembly1.cif
2026-04-27 06:13:44,969 - INFO - [1831/2009] Asymmetric unit already cached: 9EGL.cif
2026-04-27 06:13:44,969 - INFO - [1831/2009] Biological assembly already cached: 9EGL-assembly1.cif
2026-04-27 06:13:45,170 - INFO - [1832/2009] Asymmetric unit already cached: 9EGV.cif
2026-04-27 06:13:45,170 - INFO - [1832/2009] Biological assembly already cached: 9EGV-assembly1.cif
2026-04-27 06:13:45,370 - INFO - [1833/2009] Asymmetric unit already cached: 9EGW.cif
2026-04-27 06:13:45,371 - INFO - [1833/2009] Biological assembly already cached: 9EGW-assembly1.cif
2026-04-27 06:13:45,571 - INFO - [1834/2009] Asymmetric unit already cached: 9EK5.cif
2026-04-27 06:13:45,571 - INFO - [1834/2009] Biological assembly already cached: 9EK5-assembly1.cif
2026-04-27 06:13:45,772 - INFO - [1835/2009] Asymmetric unit already cached: 9EQH.cif
2026-04-27 06:13:45,772 - INFO - [1835/2009] Biological assembly already cached: 9EQH-assembly1.cif
2026-04-27 06:13:45,972 - INFO - [1836/2009] Asymmetric unit already cached: 9EQK.cif
2026-04-27 06:13:45,973 - INFO - [1836/2009] Biological assembly already cached: 9EQK-assembly1.cif
2026-04-27 06:13:46,173 - INFO - [1837/2009] Asymmetric unit already cached: 9ERZ.cif
2026-04-27 06:13:46,173 - INFO - [1837/2009] Biological assembly already cached: 9ERZ-assembly1.cif
2026-04-27 06:13:46,374 - INFO - [1838/2009] Asymmetric unit already cached: 9FMD.cif
2026-04-27 06:13:46,374 - INFO - [1838/2009] Biological assembly already cached: 9FMD-assembly1.cif
2026-04-27 06:13:46,574 - INFO - [1839/2009] Asymmetric unit already cached: 9FQH.cif
2026-04-27 06:13:46,574 - INFO - [1839/2009] Biological assembly already cached: 9FQH-assembly1.cif
2026-04-27 06:13:46,775 - INFO - [1840/2009] Asymmetric unit already cached: 9FQI.cif
2026-04-27 06:13:46,775 - INFO - [1840/2009] Biological assembly already cached: 9FQI-assembly1.cif
2026-04-27 06:13:46,976 - INFO - [1841/2009] Asymmetric unit already cached: 9FQJ.cif
2026-04-27 06:13:46,976 - INFO - [1841/2009] Biological assembly already cached: 9FQJ-assembly1.cif
2026-04-27 06:13:47,176 - INFO - [1842/2009] Asymmetric unit already cached: 9FSH.cif
2026-04-27 06:13:47,176 - INFO - [1842/2009] Biological assembly already cached: 9FSH-assembly1.cif
2026-04-27 06:13:47,377 - INFO - [1843/2009] Asymmetric unit already cached: 9FSJ.cif
2026-04-27 06:13:47,377 - INFO - [1843/2009] Biological assembly already cached: 9FSJ-assembly1.cif
2026-04-27 06:13:47,578 - INFO - [1844/2009] Asymmetric unit already cached: 9FSK.cif
2026-04-27 06:13:47,578 - INFO - [1844/2009] Biological assembly already cached: 9FSK-assembly1.cif
2026-04-27 06:13:47,778 - INFO - [1845/2009] Asymmetric unit already cached: 9G08.cif
2026-04-27 06:13:47,778 - INFO - [1845/2009] Biological assembly already cached: 9G08-assembly1.cif
2026-04-27 06:13:47,979 - INFO - [1846/2009] Asymmetric unit already cached: 9G09.cif
2026-04-27 06:13:47,979 - INFO - [1846/2009] Biological assembly already cached: 9G09-assembly1.cif
2026-04-27 06:13:48,180 - INFO - [1847/2009] Asymmetric unit already cached: 9G0L.cif
2026-04-27 06:13:48,180 - INFO - [1847/2009] Biological assembly already cached: 9G0L-assembly1.cif
2026-04-27 06:13:48,380 - INFO - [1848/2009] Asymmetric unit already cached: 9GAW.cif
2026-04-27 06:13:48,380 - INFO - [1848/2009] Biological assembly already cached: 9GAW-assembly1.cif
2026-04-27 06:13:48,581 - INFO - [1849/2009] Asymmetric unit already cached: 9GD5.cif
2026-04-27 06:13:48,581 - INFO - [1849/2009] Biological assembly already cached: 9GD5-assembly1.cif
2026-04-27 06:13:48,781 - INFO - [1850/2009] Asymmetric unit already cached: 9GDG.cif
2026-04-27 06:13:48,782 - INFO - [1850/2009] Biological assembly already cached: 9GDG-assembly1.cif
2026-04-27 06:13:48,982 - INFO - [1851/2009] Asymmetric unit already cached: 9GES.cif
2026-04-27 06:13:48,982 - INFO - [1851/2009] Biological assembly already cached: 9GES-assembly1.cif
2026-04-27 06:13:49,183 - INFO - [1852/2009] Asymmetric unit already cached: 9GET.cif
2026-04-27 06:13:49,183 - INFO - [1852/2009] Biological assembly already cached: 9GET-assembly1.cif
2026-04-27 06:13:49,383 - INFO - [1853/2009] Asymmetric unit already cached: 9GEW.cif
2026-04-27 06:13:49,384 - INFO - [1853/2009] Biological assembly already cached: 9GEW-assembly1.cif
2026-04-27 06:13:49,584 - INFO - [1854/2009] Asymmetric unit already cached: 9GEY.cif
2026-04-27 06:13:49,584 - INFO - [1854/2009] Biological assembly already cached: 9GEY-assembly1.cif
2026-04-27 06:13:49,785 - INFO - [1855/2009] Asymmetric unit already cached: 9GFC.cif
2026-04-27 06:13:49,785 - INFO - [1855/2009] Biological assembly already cached: 9GFC-assembly1.cif
2026-04-27 06:13:49,985 - INFO - [1856/2009] Asymmetric unit already cached: 9GIK.cif
2026-04-27 06:13:49,985 - INFO - [1856/2009] Biological assembly already cached: 9GIK-assembly1.cif
2026-04-27 06:13:50,186 - INFO - [1857/2009] Asymmetric unit already cached: 9GIM.cif
2026-04-27 06:13:50,186 - INFO - [1857/2009] Biological assembly already cached: 9GIM-assembly1.cif
2026-04-27 06:13:50,387 - INFO - [1858/2009] Asymmetric unit already cached: 9GKM.cif
2026-04-27 06:13:50,387 - INFO - [1858/2009] Biological assembly already cached: 9GKM-assembly1.cif
2026-04-27 06:13:50,587 - INFO - [1859/2009] Asymmetric unit already cached: 9GKN.cif
2026-04-27 06:13:50,587 - INFO - [1859/2009] Biological assembly already cached: 9GKN-assembly1.cif
2026-04-27 06:13:50,788 - INFO - [1860/2009] Asymmetric unit already cached: 9GLR.cif
2026-04-27 06:13:50,788 - INFO - [1860/2009] Biological assembly already cached: 9GLR-assembly1.cif
2026-04-27 06:13:50,988 - INFO - [1861/2009] Asymmetric unit already cached: 9GLS.cif
2026-04-27 06:13:50,989 - INFO - [1861/2009] Biological assembly already cached: 9GLS-assembly1.cif
2026-04-27 06:13:51,189 - INFO - [1862/2009] Asymmetric unit already cached: 9GY4.cif
2026-04-27 06:13:51,189 - INFO - [1862/2009] Biological assembly already cached: 9GY4-assembly1.cif
2026-04-27 06:13:51,390 - INFO - [1863/2009] Asymmetric unit already cached: 9H1J.cif
2026-04-27 06:13:51,390 - INFO - [1863/2009] Biological assembly already cached: 9H1J-assembly1.cif
2026-04-27 06:13:51,590 - INFO - [1864/2009] Asymmetric unit already cached: 9H9O.cif
2026-04-27 06:13:51,590 - INFO - [1864/2009] Biological assembly already cached: 9H9O-assembly1.cif
2026-04-27 06:13:51,791 - INFO - [1865/2009] Asymmetric unit already cached: 9H9T.cif
2026-04-27 06:13:51,791 - INFO - [1865/2009] Biological assembly already cached: 9H9T-assembly1.cif
2026-04-27 06:13:51,992 - INFO - [1866/2009] Asymmetric unit already cached: 9HGE.cif
2026-04-27 06:13:51,992 - INFO - [1866/2009] Biological assembly already cached: 9HGE-assembly1.cif
2026-04-27 06:13:52,192 - INFO - [1867/2009] Asymmetric unit already cached: 9HIN.cif
2026-04-27 06:13:52,192 - INFO - [1867/2009] Biological assembly already cached: 9HIN-assembly1.cif
2026-04-27 06:13:52,393 - INFO - [1868/2009] Asymmetric unit already cached: 9HIX.cif
2026-04-27 06:13:52,393 - INFO - [1868/2009] Biological assembly already cached: 9HIX-assembly1.cif
2026-04-27 06:13:52,593 - INFO - [1869/2009] Asymmetric unit already cached: 9HIY.cif
2026-04-27 06:13:52,594 - INFO - [1869/2009] Biological assembly already cached: 9HIY-assembly1.cif
2026-04-27 06:13:52,794 - INFO - [1870/2009] Asymmetric unit already cached: 9HJ0.cif
2026-04-27 06:13:52,794 - INFO - [1870/2009] Biological assembly already cached: 9HJ0-assembly1.cif
2026-04-27 06:13:52,995 - INFO - [1871/2009] Asymmetric unit already cached: 9HXW.cif
2026-04-27 06:13:52,995 - INFO - [1871/2009] Biological assembly already cached: 9HXW-assembly1.cif
2026-04-27 06:13:53,195 - INFO - [1872/2009] Asymmetric unit already cached: 9I0T.cif
2026-04-27 06:13:53,195 - INFO - [1872/2009] Biological assembly already cached: 9I0T-assembly1.cif
2026-04-27 06:13:53,396 - INFO - [1873/2009] Asymmetric unit already cached: 9I1J.cif
2026-04-27 06:13:53,396 - INFO - [1873/2009] Biological assembly already cached: 9I1J-assembly1.cif
2026-04-27 06:13:53,596 - INFO - [1874/2009] Asymmetric unit already cached: 9I9I.cif
2026-04-27 06:13:53,597 - INFO - [1874/2009] Biological assembly already cached: 9I9I-assembly1.cif
2026-04-27 06:13:53,797 - INFO - [1875/2009] Asymmetric unit already cached: 9I9J.cif
2026-04-27 06:13:53,797 - INFO - [1875/2009] Biological assembly already cached: 9I9J-assembly1.cif
2026-04-27 06:13:53,998 - INFO - [1876/2009] Asymmetric unit already cached: 9I9K.cif
2026-04-27 06:13:53,998 - INFO - [1876/2009] Biological assembly already cached: 9I9K-assembly1.cif
2026-04-27 06:13:54,198 - INFO - [1877/2009] Asymmetric unit already cached: 9IF9.cif
2026-04-27 06:13:54,198 - INFO - [1877/2009] Biological assembly already cached: 9IF9-assembly1.cif
2026-04-27 06:13:54,399 - INFO - [1878/2009] Asymmetric unit already cached: 9II5.cif
2026-04-27 06:13:54,399 - INFO - [1878/2009] Biological assembly already cached: 9II5-assembly1.cif
2026-04-27 06:13:54,600 - INFO - [1879/2009] Asymmetric unit already cached: 9IIC.cif
2026-04-27 06:13:54,600 - INFO - [1879/2009] Biological assembly already cached: 9IIC-assembly1.cif
2026-04-27 06:13:54,800 - INFO - [1880/2009] Asymmetric unit already cached: 9IPU.cif
2026-04-27 06:13:54,800 - INFO - [1880/2009] Biological assembly already cached: 9IPU-assembly1.cif
2026-04-27 06:13:55,001 - INFO - [1881/2009] Asymmetric unit already cached: 9IT5.cif
2026-04-27 06:13:55,001 - INFO - [1881/2009] Biological assembly already cached: 9IT5-assembly1.cif
2026-04-27 06:13:55,201 - INFO - [1882/2009] Asymmetric unit already cached: 9IUN.cif
2026-04-27 06:13:55,202 - INFO - [1882/2009] Biological assembly already cached: 9IUN-assembly1.cif
2026-04-27 06:13:55,402 - INFO - [1883/2009] Asymmetric unit already cached: 9IWL.cif
2026-04-27 06:13:55,402 - INFO - [1883/2009] Biological assembly already cached: 9IWL-assembly1.cif
2026-04-27 06:13:55,603 - INFO - [1884/2009] Asymmetric unit already cached: 9J63.cif
2026-04-27 06:13:55,603 - INFO - [1884/2009] Biological assembly already cached: 9J63-assembly1.cif
2026-04-27 06:13:55,803 - INFO - [1885/2009] Asymmetric unit already cached: 9J64.cif
2026-04-27 06:13:55,804 - INFO - [1885/2009] Biological assembly already cached: 9J64-assembly1.cif
2026-04-27 06:13:56,004 - INFO - [1886/2009] Asymmetric unit already cached: 9J6O.cif
2026-04-27 06:13:56,004 - INFO - [1886/2009] Biological assembly already cached: 9J6O-assembly1.cif
2026-04-27 06:13:56,205 - INFO - [1887/2009] Asymmetric unit already cached: 9J77.cif
2026-04-27 06:13:56,205 - INFO - [1887/2009] Biological assembly already cached: 9J77-assembly1.cif
2026-04-27 06:13:56,405 - INFO - [1888/2009] Asymmetric unit already cached: 9J78.cif
2026-04-27 06:13:56,406 - INFO - [1888/2009] Biological assembly already cached: 9J78-assembly1.cif
2026-04-27 06:13:56,606 - INFO - [1889/2009] Asymmetric unit already cached: 9J79.cif
2026-04-27 06:13:56,606 - INFO - [1889/2009] Biological assembly already cached: 9J79-assembly1.cif
2026-04-27 06:13:56,807 - INFO - [1890/2009] Asymmetric unit already cached: 9JEJ.cif
2026-04-27 06:13:56,807 - INFO - [1890/2009] Biological assembly already cached: 9JEJ-assembly1.cif
2026-04-27 06:13:57,007 - INFO - [1891/2009] Asymmetric unit already cached: 9JKB.cif
2026-04-27 06:13:57,008 - INFO - [1891/2009] Biological assembly already cached: 9JKB-assembly1.cif
2026-04-27 06:13:57,208 - INFO - [1892/2009] Asymmetric unit already cached: 9JNI.cif
2026-04-27 06:13:57,208 - INFO - [1892/2009] Biological assembly already cached: 9JNI-assembly1.cif
2026-04-27 06:13:57,409 - INFO - [1893/2009] Asymmetric unit already cached: 9JNL.cif
2026-04-27 06:13:57,409 - INFO - [1893/2009] Biological assembly already cached: 9JNL-assembly1.cif
2026-04-27 06:13:57,609 - INFO - [1894/2009] Asymmetric unit already cached: 9JNM.cif
2026-04-27 06:13:57,609 - INFO - [1894/2009] Biological assembly already cached: 9JNM-assembly1.cif
2026-04-27 06:13:57,810 - INFO - [1895/2009] Asymmetric unit already cached: 9JTA.cif
2026-04-27 06:13:57,810 - INFO - [1895/2009] Biological assembly already cached: 9JTA-assembly1.cif
2026-04-27 06:13:58,011 - INFO - [1896/2009] Asymmetric unit already cached: 9JUR.cif
2026-04-27 06:13:58,011 - INFO - [1896/2009] Biological assembly already cached: 9JUR-assembly1.cif
2026-04-27 06:13:58,211 - INFO - [1897/2009] Asymmetric unit already cached: 9JUT.cif
2026-04-27 06:13:58,211 - INFO - [1897/2009] Biological assembly already cached: 9JUT-assembly1.cif
2026-04-27 06:13:58,412 - INFO - [1898/2009] Asymmetric unit already cached: 9JUU.cif
2026-04-27 06:13:58,412 - INFO - [1898/2009] Biological assembly already cached: 9JUU-assembly1.cif
2026-04-27 06:13:58,613 - INFO - [1899/2009] Asymmetric unit already cached: 9JUY.cif
2026-04-27 06:13:58,613 - INFO - [1899/2009] Biological assembly already cached: 9JUY-assembly1.cif
2026-04-27 06:13:58,813 - INFO - [1900/2009] Asymmetric unit already cached: 9KB8.cif
2026-04-27 06:13:58,814 - INFO - [1900/2009] Biological assembly already cached: 9KB8-assembly1.cif
2026-04-27 06:13:59,014 - INFO - [1901/2009] Asymmetric unit already cached: 9KB9.cif
2026-04-27 06:13:59,014 - INFO - [1901/2009] Biological assembly already cached: 9KB9-assembly1.cif
2026-04-27 06:13:59,215 - INFO - [1902/2009] Asymmetric unit already cached: 9KBD.cif
2026-04-27 06:13:59,215 - INFO - [1902/2009] Biological assembly already cached: 9KBD-assembly1.cif
2026-04-27 06:13:59,415 - INFO - [1903/2009] Asymmetric unit already cached: 9KEN.cif
2026-04-27 06:13:59,416 - INFO - [1903/2009] Biological assembly already cached: 9KEN-assembly1.cif
2026-04-27 06:13:59,616 - INFO - [1904/2009] Asymmetric unit already cached: 9KQ2.cif
2026-04-27 06:13:59,616 - INFO - [1904/2009] Biological assembly already cached: 9KQ2-assembly1.cif
2026-04-27 06:13:59,817 - INFO - [1905/2009] Asymmetric unit already cached: 9KQO.cif
2026-04-27 06:13:59,817 - INFO - [1905/2009] Biological assembly already cached: 9KQO-assembly1.cif
2026-04-27 06:14:00,017 - INFO - [1906/2009] Asymmetric unit already cached: 9L3L.cif
2026-04-27 06:14:00,018 - INFO - [1906/2009] Biological assembly already cached: 9L3L-assembly1.cif
2026-04-27 06:14:00,218 - INFO - [1907/2009] Asymmetric unit already cached: 9L8Y.cif
2026-04-27 06:14:00,218 - INFO - [1907/2009] Biological assembly already cached: 9L8Y-assembly1.cif
2026-04-27 06:14:00,419 - INFO - [1908/2009] Asymmetric unit already cached: 9L93.cif
2026-04-27 06:14:00,419 - INFO - [1908/2009] Biological assembly already cached: 9L93-assembly1.cif
2026-04-27 06:14:00,619 - INFO - [1909/2009] Asymmetric unit already cached: 9LHJ.cif
2026-04-27 06:14:00,620 - INFO - [1909/2009] Biological assembly already cached: 9LHJ-assembly1.cif
2026-04-27 06:14:00,820 - INFO - [1910/2009] Asymmetric unit already cached: 9LKY.cif
2026-04-27 06:14:00,820 - INFO - [1910/2009] Biological assembly already cached: 9LKY-assembly1.cif
2026-04-27 06:14:01,021 - INFO - [1911/2009] Asymmetric unit already cached: 9LN6.cif
2026-04-27 06:14:01,021 - INFO - [1911/2009] Biological assembly already cached: 9LN6-assembly1.cif
2026-04-27 06:14:01,221 - INFO - [1912/2009] Asymmetric unit already cached: 9LPK.cif
2026-04-27 06:14:01,222 - INFO - [1912/2009] Biological assembly already cached: 9LPK-assembly1.cif
2026-04-27 06:14:01,422 - INFO - [1913/2009] Asymmetric unit already cached: 9LTO.cif
2026-04-27 06:14:01,422 - INFO - [1913/2009] Biological assembly already cached: 9LTO-assembly1.cif
2026-04-27 06:14:01,623 - INFO - [1914/2009] Asymmetric unit already cached: 9LTR.cif
2026-04-27 06:14:01,623 - INFO - [1914/2009] Biological assembly already cached: 9LTR-assembly1.cif
2026-04-27 06:14:01,823 - INFO - [1915/2009] Asymmetric unit already cached: 9LTZ.cif
2026-04-27 06:14:01,824 - INFO - [1915/2009] Biological assembly already cached: 9LTZ-assembly1.cif
2026-04-27 06:14:02,024 - INFO - [1916/2009] Asymmetric unit already cached: 9LU1.cif
2026-04-27 06:14:02,024 - INFO - [1916/2009] Biological assembly already cached: 9LU1-assembly1.cif
2026-04-27 06:14:02,225 - INFO - [1917/2009] Asymmetric unit already cached: 9LUL.cif
2026-04-27 06:14:02,225 - INFO - [1917/2009] Biological assembly already cached: 9LUL-assembly1.cif
2026-04-27 06:14:02,425 - INFO - [1918/2009] Asymmetric unit already cached: 9LVJ.cif
2026-04-27 06:14:02,425 - INFO - [1918/2009] Biological assembly already cached: 9LVJ-assembly1.cif
2026-04-27 06:14:02,626 - INFO - [1919/2009] Asymmetric unit already cached: 9LVK.cif
2026-04-27 06:14:02,626 - INFO - [1919/2009] Biological assembly already cached: 9LVK-assembly1.cif
2026-04-27 06:14:02,827 - INFO - [1920/2009] Asymmetric unit already cached: 9LWF.cif
2026-04-27 06:14:02,827 - INFO - [1920/2009] Biological assembly already cached: 9LWF-assembly1.cif
2026-04-27 06:14:03,027 - INFO - [1921/2009] Asymmetric unit already cached: 9LWU.cif
2026-04-27 06:14:03,027 - INFO - [1921/2009] Biological assembly already cached: 9LWU-assembly1.cif
2026-04-27 06:14:03,228 - INFO - [1922/2009] Asymmetric unit already cached: 9M0Y.cif
2026-04-27 06:14:03,228 - INFO - [1922/2009] Biological assembly already cached: 9M0Y-assembly1.cif
2026-04-27 06:14:03,429 - INFO - [1923/2009] Asymmetric unit already cached: 9M3N.cif
2026-04-27 06:14:03,429 - INFO - [1923/2009] Biological assembly already cached: 9M3N-assembly1.cif
2026-04-27 06:14:03,629 - INFO - [1924/2009] Asymmetric unit already cached: 9M76.cif
2026-04-27 06:14:03,629 - INFO - [1924/2009] Biological assembly already cached: 9M76-assembly1.cif
2026-04-27 06:14:03,830 - INFO - [1925/2009] Asymmetric unit already cached: 9M77.cif
2026-04-27 06:14:03,830 - INFO - [1925/2009] Biological assembly already cached: 9M77-assembly1.cif
2026-04-27 06:14:04,031 - INFO - [1926/2009] Asymmetric unit already cached: 9MC4.cif
2026-04-27 06:14:04,031 - INFO - [1926/2009] Biological assembly already cached: 9MC4-assembly1.cif
2026-04-27 06:14:04,231 - INFO - [1927/2009] Asymmetric unit already cached: 9MC5.cif
2026-04-27 06:14:04,231 - INFO - [1927/2009] Biological assembly already cached: 9MC5-assembly1.cif
2026-04-27 06:14:04,432 - INFO - [1928/2009] Asymmetric unit already cached: 9MC6.cif
2026-04-27 06:14:04,432 - INFO - [1928/2009] Biological assembly already cached: 9MC6-assembly1.cif
2026-04-27 06:14:04,633 - INFO - [1929/2009] Asymmetric unit already cached: 9MC7.cif
2026-04-27 06:14:04,633 - INFO - [1929/2009] Biological assembly already cached: 9MC7-assembly1.cif
2026-04-27 06:14:04,833 - INFO - [1930/2009] Asymmetric unit already cached: 9MC9.cif
2026-04-27 06:14:04,833 - INFO - [1930/2009] Biological assembly already cached: 9MC9-assembly1.cif
2026-04-27 06:14:05,034 - INFO - [1931/2009] Asymmetric unit already cached: 9MCB.cif
2026-04-27 06:14:05,034 - INFO - [1931/2009] Biological assembly already cached: 9MCB-assembly1.cif
2026-04-27 06:14:05,235 - INFO - [1932/2009] Asymmetric unit already cached: 9MUX.cif
2026-04-27 06:14:05,235 - INFO - [1932/2009] Biological assembly already cached: 9MUX-assembly1.cif
2026-04-27 06:14:05,435 - INFO - [1933/2009] Asymmetric unit already cached: 9MZA.cif
2026-04-27 06:14:05,435 - INFO - [1933/2009] Biological assembly already cached: 9MZA-assembly1.cif
2026-04-27 06:14:05,636 - INFO - [1934/2009] Asymmetric unit already cached: 9N1F.cif
2026-04-27 06:14:05,636 - INFO - [1934/2009] Biological assembly already cached: 9N1F-assembly1.cif
2026-04-27 06:14:05,837 - INFO - [1935/2009] Asymmetric unit already cached: 9N1R.cif
2026-04-27 06:14:05,837 - INFO - [1935/2009] Biological assembly already cached: 9N1R-assembly1.cif
2026-04-27 06:14:06,037 - INFO - [1936/2009] Asymmetric unit already cached: 9N21.cif
2026-04-27 06:14:06,037 - INFO - [1936/2009] Biological assembly already cached: 9N21-assembly1.cif
2026-04-27 06:14:06,238 - INFO - [1937/2009] Asymmetric unit already cached: 9N23.cif
2026-04-27 06:14:06,238 - INFO - [1937/2009] Biological assembly already cached: 9N23-assembly1.cif
2026-04-27 06:14:06,439 - INFO - [1938/2009] Asymmetric unit already cached: 9N9R.cif
2026-04-27 06:14:06,439 - INFO - [1938/2009] Biological assembly already cached: 9N9R-assembly1.cif
2026-04-27 06:14:06,639 - INFO - [1939/2009] Asymmetric unit already cached: 9N9S.cif
2026-04-27 06:14:06,639 - INFO - [1939/2009] Biological assembly already cached: 9N9S-assembly1.cif
2026-04-27 06:14:06,840 - INFO - [1940/2009] Asymmetric unit already cached: 9NWD.cif
2026-04-27 06:14:06,840 - INFO - [1940/2009] Biological assembly already cached: 9NWD-assembly1.cif
2026-04-27 06:14:07,041 - INFO - [1941/2009] Asymmetric unit already cached: 9NWE.cif
2026-04-27 06:14:07,041 - INFO - [1941/2009] Biological assembly already cached: 9NWE-assembly1.cif
2026-04-27 06:14:07,241 - INFO - [1942/2009] Asymmetric unit already cached: 9OG0.cif
2026-04-27 06:14:07,241 - INFO - [1942/2009] Biological assembly already cached: 9OG0-assembly1.cif
2026-04-27 06:14:07,442 - INFO - [1943/2009] Asymmetric unit already cached: 9OGV.cif
2026-04-27 06:14:07,442 - INFO - [1943/2009] Biological assembly already cached: 9OGV-assembly1.cif
2026-04-27 06:14:07,643 - INFO - [1944/2009] Asymmetric unit already cached: 9OGW.cif
2026-04-27 06:14:07,643 - INFO - [1944/2009] Biological assembly already cached: 9OGW-assembly1.cif
2026-04-27 06:14:07,843 - INFO - [1945/2009] Asymmetric unit already cached: 9OLB.cif
2026-04-27 06:14:07,843 - INFO - [1945/2009] Biological assembly already cached: 9OLB-assembly1.cif
2026-04-27 06:14:08,044 - INFO - [1946/2009] Asymmetric unit already cached: 9OMA.cif
2026-04-27 06:14:08,044 - INFO - [1946/2009] Biological assembly already cached: 9OMA-assembly1.cif
2026-04-27 06:14:08,245 - INFO - [1947/2009] Asymmetric unit already cached: 9OSC.cif
2026-04-27 06:14:08,245 - INFO - [1947/2009] Biological assembly already cached: 9OSC-assembly1.cif
2026-04-27 06:14:08,445 - INFO - [1948/2009] Asymmetric unit already cached: 9OTI.cif
2026-04-27 06:14:08,445 - INFO - [1948/2009] Biological assembly already cached: 9OTI-assembly1.cif
2026-04-27 06:14:08,646 - INFO - [1949/2009] Asymmetric unit already cached: 9P2Q.cif
2026-04-27 06:14:08,646 - INFO - [1949/2009] Biological assembly already cached: 9P2Q-assembly1.cif
2026-04-27 06:14:08,847 - INFO - [1950/2009] Asymmetric unit already cached: 9Q88.cif
2026-04-27 06:14:08,847 - INFO - [1950/2009] Biological assembly already cached: 9Q88-assembly1.cif
2026-04-27 06:14:09,047 - INFO - [1951/2009] Asymmetric unit already cached: 9Q8Y.cif
2026-04-27 06:14:09,047 - INFO - [1951/2009] Biological assembly already cached: 9Q8Y-assembly1.cif
2026-04-27 06:14:09,248 - INFO - [1952/2009] Asymmetric unit already cached: 9Q9O.cif
2026-04-27 06:14:09,248 - INFO - [1952/2009] Biological assembly already cached: 9Q9O-assembly1.cif
2026-04-27 06:14:09,448 - INFO - [1953/2009] Asymmetric unit already cached: 9Q9P.cif
2026-04-27 06:14:09,449 - INFO - [1953/2009] Biological assembly already cached: 9Q9P-assembly1.cif
2026-04-27 06:14:09,649 - INFO - [1954/2009] Asymmetric unit already cached: 9Q9Q.cif
2026-04-27 06:14:09,649 - INFO - [1954/2009] Biological assembly already cached: 9Q9Q-assembly1.cif
2026-04-27 06:14:09,850 - INFO - [1955/2009] Asymmetric unit already cached: 9Q9R.cif
2026-04-27 06:14:09,850 - INFO - [1955/2009] Biological assembly already cached: 9Q9R-assembly1.cif
2026-04-27 06:14:10,051 - INFO - [1956/2009] Asymmetric unit already cached: 9QAL.cif
2026-04-27 06:14:10,051 - INFO - [1956/2009] Biological assembly already cached: 9QAL-assembly1.cif
2026-04-27 06:14:10,251 - INFO - [1957/2009] Asymmetric unit already cached: 9QBA.cif
2026-04-27 06:14:10,251 - INFO - [1957/2009] Biological assembly already cached: 9QBA-assembly1.cif
2026-04-27 06:14:10,452 - INFO - [1958/2009] Asymmetric unit already cached: 9QCV.cif
2026-04-27 06:14:10,452 - INFO - [1958/2009] Biological assembly already cached: 9QCV-assembly1.cif
2026-04-27 06:14:10,653 - INFO - [1959/2009] Asymmetric unit already cached: 9QCX.cif
2026-04-27 06:14:10,653 - INFO - [1959/2009] Biological assembly already cached: 9QCX-assembly1.cif
2026-04-27 06:14:10,853 - INFO - [1960/2009] Asymmetric unit already cached: 9QEU.cif
2026-04-27 06:14:10,853 - INFO - [1960/2009] Biological assembly already cached: 9QEU-assembly1.cif
2026-04-27 06:14:11,054 - INFO - [1961/2009] Asymmetric unit already cached: 9QF1.cif
2026-04-27 06:14:11,054 - INFO - [1961/2009] Biological assembly already cached: 9QF1-assembly1.cif
2026-04-27 06:14:11,255 - INFO - [1962/2009] Asymmetric unit already cached: 9QFS.cif
2026-04-27 06:14:11,255 - INFO - [1962/2009] Biological assembly already cached: 9QFS-assembly1.cif
2026-04-27 06:14:11,455 - INFO - [1963/2009] Asymmetric unit already cached: 9QFY.cif
2026-04-27 06:14:11,455 - INFO - [1963/2009] Biological assembly already cached: 9QFY-assembly1.cif
2026-04-27 06:14:11,656 - INFO - [1964/2009] Asymmetric unit already cached: 9QGW.cif
2026-04-27 06:14:11,656 - INFO - [1964/2009] Biological assembly already cached: 9QGW-assembly1.cif
2026-04-27 06:14:11,857 - INFO - [1965/2009] Asymmetric unit already cached: 9QH5.cif
2026-04-27 06:14:11,857 - INFO - [1965/2009] Biological assembly already cached: 9QH5-assembly1.cif
2026-04-27 06:14:12,057 - INFO - [1966/2009] Asymmetric unit already cached: 9QHI.cif
2026-04-27 06:14:12,057 - INFO - [1966/2009] Biological assembly already cached: 9QHI-assembly1.cif
2026-04-27 06:14:12,258 - INFO - [1967/2009] Asymmetric unit already cached: 9QIA.cif
2026-04-27 06:14:12,258 - INFO - [1967/2009] Biological assembly already cached: 9QIA-assembly1.cif
2026-04-27 06:14:12,459 - INFO - [1968/2009] Asymmetric unit already cached: 9QIM.cif
2026-04-27 06:14:12,459 - INFO - [1968/2009] Biological assembly already cached: 9QIM-assembly1.cif
2026-04-27 06:14:12,659 - INFO - [1969/2009] Asymmetric unit already cached: 9QIO.cif
2026-04-27 06:14:12,659 - INFO - [1969/2009] Biological assembly already cached: 9QIO-assembly1.cif
2026-04-27 06:14:12,860 - INFO - [1970/2009] Asymmetric unit already cached: 9QIP.cif
2026-04-27 06:14:12,860 - INFO - [1970/2009] Biological assembly already cached: 9QIP-assembly1.cif
2026-04-27 06:14:13,061 - INFO - [1971/2009] Asymmetric unit already cached: 9QIV.cif
2026-04-27 06:14:13,061 - INFO - [1971/2009] Biological assembly already cached: 9QIV-assembly1.cif
2026-04-27 06:14:13,261 - INFO - [1972/2009] Asymmetric unit already cached: 9QJN.cif
2026-04-27 06:14:13,262 - INFO - [1972/2009] Biological assembly already cached: 9QJN-assembly1.cif
2026-04-27 06:14:13,462 - INFO - [1973/2009] Asymmetric unit already cached: 9QO0.cif
2026-04-27 06:14:13,462 - INFO - [1973/2009] Biological assembly already cached: 9QO0-assembly1.cif
2026-04-27 06:14:13,663 - INFO - [1974/2009] Asymmetric unit already cached: 9QO1.cif
2026-04-27 06:14:13,663 - INFO - [1974/2009] Biological assembly already cached: 9QO1-assembly1.cif
2026-04-27 06:14:13,863 - INFO - [1975/2009] Asymmetric unit already cached: 9QO2.cif
2026-04-27 06:14:13,864 - INFO - [1975/2009] Biological assembly already cached: 9QO2-assembly1.cif
2026-04-27 06:14:14,064 - INFO - [1976/2009] Asymmetric unit already cached: 9QO4.cif
2026-04-27 06:14:14,064 - INFO - [1976/2009] Biological assembly already cached: 9QO4-assembly1.cif
2026-04-27 06:14:14,265 - INFO - [1977/2009] Asymmetric unit already cached: 9QO5.cif
2026-04-27 06:14:14,265 - INFO - [1977/2009] Biological assembly already cached: 9QO5-assembly1.cif
2026-04-27 06:14:14,465 - INFO - [1978/2009] Asymmetric unit already cached: 9QPX.cif
2026-04-27 06:14:14,465 - INFO - [1978/2009] Biological assembly already cached: 9QPX-assembly1.cif
2026-04-27 06:14:14,666 - INFO - [1979/2009] Asymmetric unit already cached: 9QUG.cif
2026-04-27 06:14:14,666 - INFO - [1979/2009] Biological assembly already cached: 9QUG-assembly1.cif
2026-04-27 06:14:14,867 - INFO - [1980/2009] Asymmetric unit already cached: 9QWS.cif
2026-04-27 06:14:14,867 - INFO - [1980/2009] Biological assembly already cached: 9QWS-assembly1.cif
2026-04-27 06:14:15,067 - INFO - [1981/2009] Asymmetric unit already cached: 9QWU.cif
2026-04-27 06:14:15,068 - INFO - [1981/2009] Biological assembly already cached: 9QWU-assembly1.cif
2026-04-27 06:14:15,268 - INFO - [1982/2009] Asymmetric unit already cached: 9QWX.cif
2026-04-27 06:14:15,268 - INFO - [1982/2009] Biological assembly already cached: 9QWX-assembly1.cif
2026-04-27 06:14:15,469 - INFO - [1983/2009] Asymmetric unit already cached: 9QWZ.cif
2026-04-27 06:14:15,469 - INFO - [1983/2009] Biological assembly already cached: 9QWZ-assembly1.cif
2026-04-27 06:14:15,669 - INFO - [1984/2009] Asymmetric unit already cached: 9QX0.cif
2026-04-27 06:14:15,670 - INFO - [1984/2009] Biological assembly already cached: 9QX0-assembly1.cif
2026-04-27 06:14:15,870 - INFO - [1985/2009] Asymmetric unit already cached: 9R11.cif
2026-04-27 06:14:15,870 - INFO - [1985/2009] Biological assembly already cached: 9R11-assembly1.cif
2026-04-27 06:14:16,071 - INFO - [1986/2009] Asymmetric unit already cached: 9R1P.cif
2026-04-27 06:14:16,071 - INFO - [1986/2009] Biological assembly already cached: 9R1P-assembly1.cif
2026-04-27 06:14:16,271 - INFO - [1987/2009] Asymmetric unit already cached: 9R6V.cif
2026-04-27 06:14:16,272 - INFO - [1987/2009] Biological assembly already cached: 9R6V-assembly1.cif
2026-04-27 06:14:16,472 - INFO - [1988/2009] Asymmetric unit already cached: 9R85.cif
2026-04-27 06:14:16,472 - INFO - [1988/2009] Biological assembly already cached: 9R85-assembly1.cif
2026-04-27 06:14:16,673 - INFO - [1989/2009] Asymmetric unit already cached: 9R8T.cif
2026-04-27 06:14:16,673 - INFO - [1989/2009] Biological assembly already cached: 9R8T-assembly1.cif
2026-04-27 06:14:16,873 - INFO - [1990/2009] Asymmetric unit already cached: 9R94.cif
2026-04-27 06:14:16,873 - INFO - [1990/2009] Biological assembly already cached: 9R94-assembly1.cif
2026-04-27 06:14:17,074 - INFO - [1991/2009] Asymmetric unit already cached: 9RFB.cif
2026-04-27 06:14:17,074 - INFO - [1991/2009] Biological assembly already cached: 9RFB-assembly1.cif
2026-04-27 06:14:17,275 - INFO - [1992/2009] Asymmetric unit already cached: 9RFF.cif
2026-04-27 06:14:17,275 - INFO - [1992/2009] Biological assembly already cached: 9RFF-assembly1.cif
2026-04-27 06:14:17,475 - INFO - [1993/2009] Asymmetric unit already cached: 9SA1.cif
2026-04-27 06:14:17,476 - INFO - [1993/2009] Biological assembly already cached: 9SA1-assembly1.cif
2026-04-27 06:14:17,676 - INFO - [1994/2009] Asymmetric unit already cached: 9SA2.cif
2026-04-27 06:14:17,676 - INFO - [1994/2009] Biological assembly already cached: 9SA2-assembly1.cif
2026-04-27 06:14:17,877 - INFO - [1995/2009] Asymmetric unit already cached: 9SDX.cif
2026-04-27 06:14:17,877 - INFO - [1995/2009] Biological assembly already cached: 9SDX-assembly1.cif
2026-04-27 06:14:18,077 - INFO - [1996/2009] Asymmetric unit already cached: 9SDY.cif
2026-04-27 06:14:18,078 - INFO - [1996/2009] Biological assembly already cached: 9SDY-assembly1.cif
2026-04-27 06:14:18,278 - INFO - [1997/2009] Asymmetric unit already cached: 9SKQ.cif
2026-04-27 06:14:18,278 - INFO - [1997/2009] Biological assembly already cached: 9SKQ-assembly1.cif
2026-04-27 06:14:18,479 - INFO - [1998/2009] Asymmetric unit already cached: 9T32.cif
2026-04-27 06:14:18,479 - INFO - [1998/2009] Biological assembly already cached: 9T32-assembly1.cif
2026-04-27 06:14:18,679 - INFO - [1999/2009] Asymmetric unit already cached: 9UAV.cif
2026-04-27 06:14:18,680 - INFO - [1999/2009] Biological assembly already cached: 9UAV-assembly1.cif
2026-04-27 06:14:18,880 - INFO - [2000/2009] Asymmetric unit already cached: 9UPZ.cif
2026-04-27 06:14:18,880 - INFO - [2000/2009] Biological assembly already cached: 9UPZ-assembly1.cif
2026-04-27 06:14:19,081 - INFO - [2001/2009] Asymmetric unit already cached: 9UV6.cif
2026-04-27 06:14:19,081 - INFO - [2001/2009] Biological assembly already cached: 9UV6-assembly1.cif
2026-04-27 06:14:19,281 - INFO - [2002/2009] Asymmetric unit already cached: 9V0K.cif
2026-04-27 06:14:19,282 - INFO - [2002/2009] Biological assembly already cached: 9V0K-assembly1.cif
2026-04-27 06:14:19,482 - INFO - [2003/2009] Asymmetric unit already cached: 9VG5.cif
2026-04-27 06:14:19,482 - INFO - [2003/2009] Biological assembly already cached: 9VG5-assembly1.cif
2026-04-27 06:14:19,683 - INFO - [2004/2009] Asymmetric unit already cached: 9W90.cif
2026-04-27 06:14:19,683 - INFO - [2004/2009] Biological assembly already cached: 9W90-assembly1.cif
2026-04-27 06:14:19,883 - INFO - [2005/2009] Asymmetric unit already cached: 9XZJ.cif
2026-04-27 06:14:19,884 - INFO - [2005/2009] Biological assembly already cached: 9XZJ-assembly1.cif
2026-04-27 06:14:20,084 - INFO - [2006/2009] Asymmetric unit already cached: 9XZK.cif
2026-04-27 06:14:20,084 - INFO - [2006/2009] Biological assembly already cached: 9XZK-assembly1.cif
2026-04-27 06:14:20,285 - INFO - [2007/2009] Asymmetric unit already cached: 9YE9.cif
2026-04-27 06:14:20,285 - INFO - [2007/2009] Biological assembly already cached: 9YE9-assembly1.cif
2026-04-27 06:14:20,485 - INFO - [2008/2009] Asymmetric unit already cached: 9YEA.cif
2026-04-27 06:14:20,486 - INFO - [2008/2009] Biological assembly already cached: 9YEA-assembly1.cif
2026-04-27 06:14:20,686 - INFO - [2009/2009] Asymmetric unit already cached: 9Z5Q.cif
2026-04-27 06:14:20,686 - INFO - [2009/2009] Biological assembly already cached: 9Z5Q-assembly1.cif
2026-04-27 06:14:20,887 - INFO - Download complete.
