2026-05-11 06:54:49,502 - INFO - Using CSV: /home/runner/work/UbiqCore/UbiqCore/util/data/pdb_updates/pdb_structures_detailed_update_20260511.csv
2026-05-11 06:54:49,510 - INFO - Found 2059 PDB IDs
2026-05-11 06:54:49,511 - INFO - [1/2059] Asymmetric unit already cached: 13RZ.cif
2026-05-11 06:54:49,511 - INFO - [1/2059] Biological assembly already cached: 13RZ-assembly1.cif
2026-05-11 06:54:49,711 - INFO - [2/2059] Asymmetric unit already cached: 13SA.cif
2026-05-11 06:54:49,711 - INFO - [2/2059] Biological assembly already cached: 13SA-assembly1.cif
2026-05-11 06:54:49,912 - INFO - [3/2059] Asymmetric unit already cached: 13SB.cif
2026-05-11 06:54:49,912 - INFO - [3/2059] Biological assembly already cached: 13SB-assembly1.cif
2026-05-11 06:54:50,112 - INFO - [4/2059] Asymmetric unit already cached: 13SC.cif
2026-05-11 06:54:50,113 - INFO - [4/2059] Biological assembly already cached: 13SC-assembly1.cif
2026-05-11 06:54:50,313 - INFO - [5/2059] Asymmetric unit already cached: 13SD.cif
2026-05-11 06:54:50,313 - INFO - [5/2059] Biological assembly already cached: 13SD-assembly1.cif
2026-05-11 06:54:50,514 - INFO - [6/2059] Asymmetric unit already cached: 13SE.cif
2026-05-11 06:54:50,514 - INFO - [6/2059] Biological assembly already cached: 13SE-assembly1.cif
2026-05-11 06:54:50,714 - INFO - [7/2059] Asymmetric unit already cached: 13SF.cif
2026-05-11 06:54:50,714 - INFO - [7/2059] Biological assembly already cached: 13SF-assembly1.cif
2026-05-11 06:54:50,915 - INFO - [8/2059] Asymmetric unit already cached: 13SG.cif
2026-05-11 06:54:50,915 - INFO - [8/2059] Biological assembly already cached: 13SG-assembly1.cif
2026-05-11 06:54:51,115 - INFO - [9/2059] Asymmetric unit already cached: 13SH.cif
2026-05-11 06:54:51,115 - INFO - [9/2059] Biological assembly already cached: 13SH-assembly1.cif
2026-05-11 06:54:51,316 - INFO - [10/2059] Asymmetric unit already cached: 13SI.cif
2026-05-11 06:54:51,316 - INFO - [10/2059] Biological assembly already cached: 13SI-assembly1.cif
2026-05-11 06:54:51,516 - INFO - [11/2059] Asymmetric unit already cached: 13SJ.cif
2026-05-11 06:54:51,516 - INFO - [11/2059] Biological assembly already cached: 13SJ-assembly1.cif
2026-05-11 06:54:51,717 - INFO - [12/2059] Asymmetric unit already cached: 13SK.cif
2026-05-11 06:54:51,717 - INFO - [12/2059] Biological assembly already cached: 13SK-assembly1.cif
2026-05-11 06:54:51,917 - INFO - [13/2059] Asymmetric unit already cached: 13SL.cif
2026-05-11 06:54:51,918 - INFO - [13/2059] Biological assembly already cached: 13SL-assembly1.cif
2026-05-11 06:54:52,118 - INFO - [14/2059] Asymmetric unit already cached: 13SM.cif
2026-05-11 06:54:52,118 - INFO - [14/2059] Biological assembly already cached: 13SM-assembly1.cif
2026-05-11 06:54:52,319 - INFO - [15/2059] Asymmetric unit already cached: 13SN.cif
2026-05-11 06:54:52,319 - INFO - [15/2059] Biological assembly already cached: 13SN-assembly1.cif
2026-05-11 06:54:52,519 - INFO - [16/2059] Asymmetric unit already cached: 13SO.cif
2026-05-11 06:54:52,519 - INFO - [16/2059] Biological assembly already cached: 13SO-assembly1.cif
2026-05-11 06:54:52,720 - INFO - [17/2059] Asymmetric unit already cached: 13SP.cif
2026-05-11 06:54:52,720 - INFO - [17/2059] Biological assembly already cached: 13SP-assembly1.cif
2026-05-11 06:54:52,920 - INFO - [18/2059] Asymmetric unit already cached: 13SQ.cif
2026-05-11 06:54:52,920 - INFO - [18/2059] Biological assembly already cached: 13SQ-assembly1.cif
2026-05-11 06:54:53,121 - INFO - [19/2059] Asymmetric unit already cached: 13SR.cif
2026-05-11 06:54:53,121 - INFO - [19/2059] Biological assembly already cached: 13SR-assembly1.cif
2026-05-11 06:54:53,321 - INFO - [20/2059] Asymmetric unit already cached: 13SS.cif
2026-05-11 06:54:53,322 - INFO - [20/2059] Biological assembly already cached: 13SS-assembly1.cif
2026-05-11 06:54:53,522 - INFO - [21/2059] Asymmetric unit already cached: 13ST.cif
2026-05-11 06:54:53,522 - INFO - [21/2059] Biological assembly already cached: 13ST-assembly1.cif
2026-05-11 06:54:53,723 - INFO - [22/2059] Asymmetric unit already cached: 13SU.cif
2026-05-11 06:54:53,723 - INFO - [22/2059] Biological assembly already cached: 13SU-assembly1.cif
2026-05-11 06:54:53,923 - INFO - [23/2059] Asymmetric unit already cached: 13SV.cif
2026-05-11 06:54:53,923 - INFO - [23/2059] Biological assembly already cached: 13SV-assembly1.cif
2026-05-11 06:54:54,124 - INFO - [24/2059] Asymmetric unit already cached: 13SW.cif
2026-05-11 06:54:54,124 - INFO - [24/2059] Biological assembly already cached: 13SW-assembly1.cif
2026-05-11 06:54:54,324 - INFO - [25/2059] Asymmetric unit already cached: 13SX.cif
2026-05-11 06:54:54,325 - INFO - [25/2059] Biological assembly already cached: 13SX-assembly1.cif
2026-05-11 06:54:54,525 - INFO - [26/2059] Asymmetric unit already cached: 13SY.cif
2026-05-11 06:54:54,525 - INFO - [26/2059] Biological assembly already cached: 13SY-assembly1.cif
2026-05-11 06:54:54,725 - INFO - [27/2059] Asymmetric unit already cached: 13SZ.cif
2026-05-11 06:54:54,726 - INFO - [27/2059] Biological assembly already cached: 13SZ-assembly1.cif
2026-05-11 06:54:54,926 - INFO - [28/2059] Asymmetric unit already cached: 13TA.cif
2026-05-11 06:54:54,926 - INFO - [28/2059] Biological assembly already cached: 13TA-assembly1.cif
2026-05-11 06:54:55,127 - INFO - [29/2059] Asymmetric unit already cached: 13TB.cif
2026-05-11 06:54:55,127 - INFO - [29/2059] Biological assembly already cached: 13TB-assembly1.cif
2026-05-11 06:54:55,327 - INFO - [30/2059] Asymmetric unit already cached: 1A3S.cif
2026-05-11 06:54:55,327 - INFO - [30/2059] Biological assembly already cached: 1A3S-assembly1.cif
2026-05-11 06:54:55,528 - INFO - [31/2059] Asymmetric unit already cached: 1B47.cif
2026-05-11 06:54:55,528 - INFO - [31/2059] Biological assembly already cached: 1B47-assembly1.cif
2026-05-11 06:54:55,728 - INFO - [32/2059] Asymmetric unit already cached: 1BOR.cif
2026-05-11 06:54:55,728 - INFO - [32/2059] Biological assembly already cached: 1BOR-assembly1.cif
2026-05-11 06:54:55,929 - INFO - [33/2059] Asymmetric unit already cached: 1C4Z.cif
2026-05-11 06:54:55,929 - INFO - [33/2059] Biological assembly already cached: 1C4Z-assembly1.cif
2026-05-11 06:54:56,129 - INFO - [34/2059] Asymmetric unit already cached: 1C9Q.cif
2026-05-11 06:54:56,129 - INFO - [34/2059] Biological assembly already cached: 1C9Q-assembly1.cif
2026-05-11 06:54:56,330 - INFO - [35/2059] Asymmetric unit already cached: 1CA4.cif
2026-05-11 06:54:56,330 - INFO - [35/2059] Biological assembly already cached: 1CA4-assembly1.cif
2026-05-11 06:54:56,530 - INFO - [36/2059] Asymmetric unit already cached: 1CA9.cif
2026-05-11 06:54:56,530 - INFO - [36/2059] Biological assembly already cached: 1CA9-assembly1.cif
2026-05-11 06:54:56,731 - INFO - [37/2059] Asymmetric unit already cached: 1CZY.cif
2026-05-11 06:54:56,731 - INFO - [37/2059] Biological assembly already cached: 1CZY-assembly1.cif
2026-05-11 06:54:56,931 - INFO - [38/2059] Asymmetric unit already cached: 1CZZ.cif
2026-05-11 06:54:56,931 - INFO - [38/2059] Biological assembly already cached: 1CZZ-assembly1.cif
2026-05-11 06:54:57,132 - INFO - [39/2059] Asymmetric unit already cached: 1D00.cif
2026-05-11 06:54:57,132 - INFO - [39/2059] Biological assembly already cached: 1D00-assembly1.cif
2026-05-11 06:54:57,332 - INFO - [40/2059] Asymmetric unit already cached: 1D01.cif
2026-05-11 06:54:57,332 - INFO - [40/2059] Biological assembly already cached: 1D01-assembly1.cif
2026-05-11 06:54:57,533 - INFO - [41/2059] Asymmetric unit already cached: 1D0A.cif
2026-05-11 06:54:57,533 - INFO - [41/2059] Biological assembly already cached: 1D0A-assembly1.cif
2026-05-11 06:54:57,733 - INFO - [42/2059] Asymmetric unit already cached: 1D0J.cif
2026-05-11 06:54:57,733 - INFO - [42/2059] Biological assembly already cached: 1D0J-assembly1.cif
2026-05-11 06:54:57,934 - INFO - [43/2059] Asymmetric unit already cached: 1D5F.cif
2026-05-11 06:54:57,934 - INFO - [43/2059] Biological assembly already cached: 1D5F-assembly1.cif
2026-05-11 06:54:58,135 - INFO - [44/2059] Asymmetric unit already cached: 1E4U.cif
2026-05-11 06:54:58,135 - INFO - [44/2059] Biological assembly already cached: 1E4U-assembly1.cif
2026-05-11 06:54:58,335 - INFO - [45/2059] Asymmetric unit already cached: 1EQX.cif
2026-05-11 06:54:58,335 - INFO - [45/2059] Biological assembly already cached: 1EQX-assembly1.cif
2026-05-11 06:54:58,536 - INFO - [46/2059] Asymmetric unit already cached: 1F3V.cif
2026-05-11 06:54:58,536 - INFO - [46/2059] Biological assembly already cached: 1F3V-assembly1.cif
2026-05-11 06:54:58,736 - INFO - [47/2059] Asymmetric unit already cached: 1F9X.cif
2026-05-11 06:54:58,736 - INFO - [47/2059] Biological assembly already cached: 1F9X-assembly1.cif
2026-05-11 06:54:58,937 - INFO - [48/2059] Asymmetric unit already cached: 1FBV.cif
2026-05-11 06:54:58,937 - INFO - [48/2059] Biological assembly already cached: 1FBV-assembly1.cif
2026-05-11 06:54:59,137 - INFO - [49/2059] Asymmetric unit already cached: 1FLK.cif
2026-05-11 06:54:59,137 - INFO - [49/2059] Biological assembly already cached: 1FLK-assembly1.cif
2026-05-11 06:54:59,338 - INFO - [50/2059] Asymmetric unit already cached: 1FLL.cif
2026-05-11 06:54:59,338 - INFO - [50/2059] Biological assembly already cached: 1FLL-assembly1.cif
2026-05-11 06:54:59,538 - INFO - [51/2059] Asymmetric unit already cached: 1FP0.cif
2026-05-11 06:54:59,538 - INFO - [51/2059] Biological assembly already cached: 1FP0-assembly1.cif
2026-05-11 06:54:59,739 - INFO - [52/2059] Asymmetric unit already cached: 1G25.cif
2026-05-11 06:54:59,739 - INFO - [52/2059] Biological assembly already cached: 1G25-assembly1.cif
2026-05-11 06:54:59,939 - INFO - [53/2059] Asymmetric unit already cached: 1G3F.cif
2026-05-11 06:54:59,939 - INFO - [53/2059] Biological assembly already cached: 1G3F-assembly1.cif
2026-05-11 06:55:00,140 - INFO - [54/2059] Asymmetric unit already cached: 1G73.cif
2026-05-11 06:55:00,140 - INFO - [54/2059] Biological assembly already cached: 1G73-assembly1.cif
2026-05-11 06:55:00,340 - INFO - [55/2059] Asymmetric unit already cached: 1I2T.cif
2026-05-11 06:55:00,340 - INFO - [55/2059] Biological assembly already cached: 1I2T-assembly1.cif
2026-05-11 06:55:00,541 - INFO - [56/2059] Asymmetric unit already cached: 1I3O.cif
2026-05-11 06:55:00,541 - INFO - [56/2059] Biological assembly already cached: 1I3O-assembly1.cif
2026-05-11 06:55:00,741 - INFO - [57/2059] Asymmetric unit already cached: 1I4O.cif
2026-05-11 06:55:00,742 - INFO - [57/2059] Biological assembly already cached: 1I4O-assembly1.cif
2026-05-11 06:55:00,942 - INFO - [58/2059] Asymmetric unit already cached: 1I51.cif
2026-05-11 06:55:00,942 - INFO - [58/2059] Biological assembly already cached: 1I51-assembly1.cif
2026-05-11 06:55:01,143 - INFO - [59/2059] Asymmetric unit already cached: 1I7K.cif
2026-05-11 06:55:01,143 - INFO - [59/2059] Biological assembly already cached: 1I7K-assembly1.cif
2026-05-11 06:55:01,343 - INFO - [60/2059] Asymmetric unit already cached: 1IYF.cif
2026-05-11 06:55:01,344 - INFO - [60/2059] Biological assembly already cached: 1IYF-assembly1.cif
2026-05-11 06:55:01,544 - INFO - [61/2059] Asymmetric unit already cached: 1J74.cif
2026-05-11 06:55:01,544 - INFO - [61/2059] Biological assembly already cached: 1J74-assembly1.cif
2026-05-11 06:55:01,745 - INFO - [62/2059] Asymmetric unit already cached: 1J7D.cif
2026-05-11 06:55:01,745 - INFO - [62/2059] Biological assembly already cached: 1J7D-assembly1.cif
2026-05-11 06:55:01,945 - INFO - [63/2059] Asymmetric unit already cached: 1JAS.cif
2026-05-11 06:55:01,945 - INFO - [63/2059] Biological assembly already cached: 1JAS-assembly1.cif
2026-05-11 06:55:02,146 - INFO - [64/2059] Asymmetric unit already cached: 1JM7.cif
2026-05-11 06:55:02,146 - INFO - [64/2059] Biological assembly already cached: 1JM7-assembly1.cif
2026-05-11 06:55:02,346 - INFO - [65/2059] Asymmetric unit already cached: 1JNX.cif
2026-05-11 06:55:02,347 - INFO - [65/2059] Biological assembly already cached: 1JNX-assembly1.cif
2026-05-11 06:55:02,547 - INFO - [66/2059] Asymmetric unit already cached: 1JSP.cif
2026-05-11 06:55:02,547 - INFO - [66/2059] Biological assembly already cached: 1JSP-assembly1.cif
2026-05-11 06:55:02,748 - INFO - [67/2059] Asymmetric unit already cached: 1KMC.cif
2026-05-11 06:55:02,748 - INFO - [67/2059] Biological assembly already cached: 1KMC-assembly1.cif
2026-05-11 06:55:02,948 - INFO - [68/2059] Asymmetric unit already cached: 1KPS.cif
2026-05-11 06:55:02,948 - INFO - [68/2059] Biological assembly already cached: 1KPS-assembly1.cif
2026-05-11 06:55:03,149 - INFO - [69/2059] Asymmetric unit already cached: 1KZZ.cif
2026-05-11 06:55:03,149 - INFO - [69/2059] Biological assembly already cached: 1KZZ-assembly1.cif
2026-05-11 06:55:03,349 - INFO - [70/2059] Asymmetric unit already cached: 1L0A.cif
2026-05-11 06:55:03,349 - INFO - [70/2059] Biological assembly already cached: 1L0A-assembly1.cif
2026-05-11 06:55:03,550 - INFO - [71/2059] Asymmetric unit already cached: 1L3E.cif
2026-05-11 06:55:03,550 - INFO - [71/2059] Biological assembly already cached: 1L3E-assembly1.cif
2026-05-11 06:55:03,750 - INFO - [72/2059] Asymmetric unit already cached: 1LB4.cif
2026-05-11 06:55:03,751 - INFO - [72/2059] Biological assembly already cached: 1LB4-assembly1.cif
2026-05-11 06:55:03,951 - INFO - [73/2059] Asymmetric unit already cached: 1LB5.cif
2026-05-11 06:55:03,951 - INFO - [73/2059] Biological assembly already cached: 1LB5-assembly1.cif
2026-05-11 06:55:04,152 - INFO - [74/2059] Asymmetric unit already cached: 1LB6.cif
2026-05-11 06:55:04,152 - INFO - [74/2059] Biological assembly already cached: 1LB6-assembly1.cif
2026-05-11 06:55:04,352 - INFO - [75/2059] Asymmetric unit already cached: 1LDJ.cif
2026-05-11 06:55:04,352 - INFO - [75/2059] Biological assembly already cached: 1LDJ-assembly1.cif
2026-05-11 06:55:04,553 - INFO - [76/2059] Asymmetric unit already cached: 1LDK.cif
2026-05-11 06:55:04,553 - INFO - [76/2059] Biological assembly already cached: 1LDK-assembly1.cif
2026-05-11 06:55:04,753 - INFO - [77/2059] Asymmetric unit already cached: 1LGP.cif
2026-05-11 06:55:04,753 - INFO - [77/2059] Biological assembly already cached: 1LGP-assembly1.cif
2026-05-11 06:55:04,954 - INFO - [78/2059] Asymmetric unit already cached: 1LGQ.cif
2026-05-11 06:55:04,954 - INFO - [78/2059] Biological assembly already cached: 1LGQ-assembly1.cif
2026-05-11 06:55:05,154 - INFO - [79/2059] Asymmetric unit already cached: 1LIQ.cif
2026-05-11 06:55:05,155 - INFO - [79/2059] Biological assembly already cached: 1LIQ-assembly1.cif
2026-05-11 06:55:05,355 - INFO - [80/2059] Asymmetric unit already cached: 1N5O.cif
2026-05-11 06:55:05,355 - INFO - [80/2059] Biological assembly already cached: 1N5O-assembly1.cif
2026-05-11 06:55:05,556 - INFO - [81/2059] Asymmetric unit already cached: 1ND7.cif
2026-05-11 06:55:05,556 - INFO - [81/2059] Biological assembly already cached: 1ND7-assembly1.cif
2026-05-11 06:55:05,756 - INFO - [82/2059] Asymmetric unit already cached: 1NW9.cif
2026-05-11 06:55:05,756 - INFO - [82/2059] Biological assembly already cached: 1NW9-assembly1.cif
2026-05-11 06:55:05,957 - INFO - [83/2059] Asymmetric unit already cached: 1OQA.cif
2026-05-11 06:55:05,957 - INFO - [83/2059] Biological assembly already cached: 1OQA-assembly1.cif
2026-05-11 06:55:06,157 - INFO - [84/2059] Asymmetric unit already cached: 1OXN.cif
2026-05-11 06:55:06,157 - INFO - [84/2059] Biological assembly already cached: 1OXN-assembly1.cif
2026-05-11 06:55:06,358 - INFO - [85/2059] Asymmetric unit already cached: 1OXQ.cif
2026-05-11 06:55:06,358 - INFO - [85/2059] Biological assembly already cached: 1OXQ-assembly1.cif
2026-05-11 06:55:06,558 - INFO - [86/2059] Asymmetric unit already cached: 1OY7.cif
2026-05-11 06:55:06,559 - INFO - [86/2059] Biological assembly already cached: 1OY7-assembly1.cif
2026-05-11 06:55:06,759 - INFO - [87/2059] Asymmetric unit already cached: 1P4Q.cif
2026-05-11 06:55:06,759 - INFO - [87/2059] Biological assembly already cached: 1P4Q-assembly1.cif
2026-05-11 06:55:06,960 - INFO - [88/2059] Asymmetric unit already cached: 1Q02.cif
2026-05-11 06:55:06,960 - INFO - [88/2059] Biological assembly already cached: 1Q02-assembly1.cif
2026-05-11 06:55:07,160 - INFO - [89/2059] Asymmetric unit already cached: 1QBH.cif
2026-05-11 06:55:07,160 - INFO - [89/2059] Biological assembly already cached: 1QBH-assembly1.cif
2026-05-11 06:55:07,361 - INFO - [90/2059] Asymmetric unit already cached: 1QSC.cif
2026-05-11 06:55:07,361 - INFO - [90/2059] Biological assembly already cached: 1QSC-assembly1.cif
2026-05-11 06:55:07,561 - INFO - [91/2059] Asymmetric unit already cached: 1RDT.cif
2026-05-11 06:55:07,561 - INFO - [91/2059] Biological assembly already cached: 1RDT-assembly1.cif
2026-05-11 06:55:07,762 - INFO - [92/2059] Asymmetric unit already cached: 1RF3.cif
2026-05-11 06:55:07,762 - INFO - [92/2059] Biological assembly already cached: 1RF3-assembly1.cif
2026-05-11 06:55:07,962 - INFO - [93/2059] Asymmetric unit already cached: 1RV1.cif
2026-05-11 06:55:07,962 - INFO - [93/2059] Biological assembly already cached: 1RV1-assembly1.cif
2026-05-11 06:55:08,163 - INFO - [94/2059] Asymmetric unit already cached: 1T15.cif
2026-05-11 06:55:08,163 - INFO - [94/2059] Biological assembly already cached: 1T15-assembly1.cif
2026-05-11 06:55:08,364 - INFO - [95/2059] Asymmetric unit already cached: 1T29.cif
2026-05-11 06:55:08,364 - INFO - [95/2059] Biological assembly already cached: 1T29-assembly1.cif
2026-05-11 06:55:08,564 - INFO - [96/2059] Asymmetric unit already cached: 1T2U.cif
2026-05-11 06:55:08,564 - INFO - [96/2059] Biological assembly already cached: 1T2U-assembly1.cif
2026-05-11 06:55:08,765 - INFO - [97/2059] Asymmetric unit already cached: 1T2V.cif
2026-05-11 06:55:08,765 - INFO - [97/2059] Biological assembly already cached: 1T2V-assembly1.cif
2026-05-11 06:55:08,965 - INFO - [98/2059] Asymmetric unit already cached: 1T4E.cif
2026-05-11 06:55:08,965 - INFO - [98/2059] Biological assembly already cached: 1T4E-assembly1.cif
2026-05-11 06:55:09,166 - INFO - [99/2059] Asymmetric unit already cached: 1T4F.cif
2026-05-11 06:55:09,166 - INFO - [99/2059] Biological assembly already cached: 1T4F-assembly1.cif
2026-05-11 06:55:09,366 - INFO - [100/2059] Asymmetric unit already cached: 1TFQ.cif
2026-05-11 06:55:09,367 - INFO - [100/2059] Biological assembly already cached: 1TFQ-assembly1.cif
2026-05-11 06:55:09,567 - INFO - [101/2059] Asymmetric unit already cached: 1TFT.cif
2026-05-11 06:55:09,567 - INFO - [101/2059] Biological assembly already cached: 1TFT-assembly1.cif
2026-05-11 06:55:09,767 - INFO - [102/2059] Asymmetric unit already cached: 1TT5.cif
2026-05-11 06:55:09,768 - INFO - [102/2059] Biological assembly already cached: 1TT5-assembly1.cif
2026-05-11 06:55:09,968 - INFO - [103/2059] Asymmetric unit already cached: 1TW6.cif
2026-05-11 06:55:09,968 - INFO - [103/2059] Biological assembly already cached: 1TW6-assembly1.cif
2026-05-11 06:55:10,169 - INFO - [104/2059] Asymmetric unit already cached: 1U6G.cif
2026-05-11 06:55:10,169 - INFO - [104/2059] Biological assembly already cached: 1U6G-assembly1.cif
2026-05-11 06:55:10,369 - INFO - [105/2059] Asymmetric unit already cached: 1UHP.cif
2026-05-11 06:55:10,369 - INFO - [105/2059] Biological assembly already cached: 1UHP-assembly1.cif
2026-05-11 06:55:10,570 - INFO - [106/2059] Asymmetric unit already cached: 1UR6.cif
2026-05-11 06:55:10,570 - INFO - [106/2059] Biological assembly already cached: 1UR6-assembly1.cif
2026-05-11 06:55:10,770 - INFO - [107/2059] Asymmetric unit already cached: 1W4U.cif
2026-05-11 06:55:10,770 - INFO - [107/2059] Biological assembly already cached: 1W4U-assembly1.cif
2026-05-11 06:55:10,971 - INFO - [108/2059] Asymmetric unit already cached: 1WD2.cif
2026-05-11 06:55:10,971 - INFO - [108/2059] Biological assembly already cached: 1WD2-assembly1.cif
2026-05-11 06:55:11,171 - INFO - [109/2059] Asymmetric unit already cached: 1WGM.cif
2026-05-11 06:55:11,172 - INFO - [109/2059] Biological assembly already cached: 1WGM-assembly1.cif
2026-05-11 06:55:11,372 - INFO - [110/2059] Asymmetric unit already cached: 1WH1.cif
2026-05-11 06:55:11,372 - INFO - [110/2059] Biological assembly already cached: 1WH1-assembly1.cif
2026-05-11 06:55:11,573 - INFO - [111/2059] Asymmetric unit already cached: 1WIM.cif
2026-05-11 06:55:11,573 - INFO - [111/2059] Biological assembly already cached: 1WIM-assembly1.cif
2026-05-11 06:55:11,773 - INFO - [112/2059] Asymmetric unit already cached: 1WO3.cif
2026-05-11 06:55:11,773 - INFO - [112/2059] Biological assembly already cached: 1WO3-assembly1.cif
2026-05-11 06:55:11,974 - INFO - [113/2059] Asymmetric unit already cached: 1WO4.cif
2026-05-11 06:55:11,974 - INFO - [113/2059] Biological assembly already cached: 1WO4-assembly1.cif
2026-05-11 06:55:12,174 - INFO - [114/2059] Asymmetric unit already cached: 1WO5.cif
2026-05-11 06:55:12,175 - INFO - [114/2059] Biological assembly already cached: 1WO5-assembly1.cif
2026-05-11 06:55:12,375 - INFO - [115/2059] Asymmetric unit already cached: 1WO6.cif
2026-05-11 06:55:12,375 - INFO - [115/2059] Biological assembly already cached: 1WO6-assembly1.cif
2026-05-11 06:55:12,575 - INFO - [116/2059] Asymmetric unit already cached: 1WO7.cif
2026-05-11 06:55:12,576 - INFO - [116/2059] Biological assembly already cached: 1WO7-assembly1.cif
2026-05-11 06:55:12,776 - INFO - [117/2059] Asymmetric unit already cached: 1WY8.cif
2026-05-11 06:55:12,776 - INFO - [117/2059] Biological assembly already cached: 1WY8-assembly1.cif
2026-05-11 06:55:12,977 - INFO - [118/2059] Asymmetric unit already cached: 1WZV.cif
2026-05-11 06:55:12,977 - INFO - [118/2059] Biological assembly already cached: 1WZV-assembly1.cif
2026-05-11 06:55:13,177 - INFO - [119/2059] Asymmetric unit already cached: 1WZW.cif
2026-05-11 06:55:13,177 - INFO - [119/2059] Biological assembly already cached: 1WZW-assembly1.cif
2026-05-11 06:55:13,378 - INFO - [120/2059] Asymmetric unit already cached: 1X23.cif
2026-05-11 06:55:13,378 - INFO - [120/2059] Biological assembly already cached: 1X23-assembly1.cif
2026-05-11 06:55:13,578 - INFO - [121/2059] Asymmetric unit already cached: 1X4J.cif
2026-05-11 06:55:13,579 - INFO - [121/2059] Biological assembly already cached: 1X4J-assembly1.cif
2026-05-11 06:55:13,779 - INFO - [122/2059] Asymmetric unit already cached: 1XB0.cif
2026-05-11 06:55:13,779 - INFO - [122/2059] Biological assembly already cached: 1XB0-assembly1.cif
2026-05-11 06:55:13,980 - INFO - [123/2059] Asymmetric unit already cached: 1XB1.cif
2026-05-11 06:55:13,980 - INFO - [123/2059] Biological assembly already cached: 1XB1-assembly1.cif
2026-05-11 06:55:14,180 - INFO - [124/2059] Asymmetric unit already cached: 1XR9.cif
2026-05-11 06:55:14,180 - INFO - [124/2059] Biological assembly already cached: 1XR9-assembly1.cif
2026-05-11 06:55:14,381 - INFO - [125/2059] Asymmetric unit already cached: 1Y02.cif
2026-05-11 06:55:14,381 - INFO - [125/2059] Biological assembly already cached: 1Y02-assembly1.cif
2026-05-11 06:55:14,582 - INFO - [126/2059] Asymmetric unit already cached: 1Y6L.cif
2026-05-11 06:55:14,582 - INFO - [126/2059] Biological assembly already cached: 1Y6L-assembly1.cif
2026-05-11 06:55:14,782 - INFO - [127/2059] Asymmetric unit already cached: 1Y8X.cif
2026-05-11 06:55:14,782 - INFO - [127/2059] Biological assembly already cached: 1Y8X-assembly1.cif
2026-05-11 06:55:14,983 - INFO - [128/2059] Asymmetric unit already cached: 1Y98.cif
2026-05-11 06:55:14,983 - INFO - [128/2059] Biological assembly already cached: 1Y98-assembly1.cif
2026-05-11 06:55:15,183 - INFO - [129/2059] Asymmetric unit already cached: 1YCR.cif
2026-05-11 06:55:15,184 - INFO - [129/2059] Biological assembly already cached: 1YCR-assembly1.cif
2026-05-11 06:55:15,384 - INFO - [130/2059] Asymmetric unit already cached: 1YH2.cif
2026-05-11 06:55:15,384 - INFO - [130/2059] Biological assembly already cached: 1YH2-assembly1.cif
2026-05-11 06:55:15,585 - INFO - [131/2059] Asymmetric unit already cached: 1YLA.cif
2026-05-11 06:55:15,585 - INFO - [131/2059] Biological assembly already cached: 1YLA-assembly1.cif
2026-05-11 06:55:15,785 - INFO - [132/2059] Asymmetric unit already cached: 1YRV.cif
2026-05-11 06:55:15,785 - INFO - [132/2059] Biological assembly already cached: 1YRV-assembly1.cif
2026-05-11 06:55:15,986 - INFO - [133/2059] Asymmetric unit already cached: 1YVH.cif
2026-05-11 06:55:15,986 - INFO - [133/2059] Biological assembly already cached: 1YVH-assembly1.cif
2026-05-11 06:55:16,186 - INFO - [134/2059] Asymmetric unit already cached: 1Z1M.cif
2026-05-11 06:55:16,187 - INFO - [134/2059] Biological assembly already cached: 1Z1M-assembly1.cif
2026-05-11 06:55:16,387 - INFO - [135/2059] Asymmetric unit already cached: 1Z5S.cif
2026-05-11 06:55:16,387 - INFO - [135/2059] Biological assembly already cached: 1Z5S-assembly1.cif
2026-05-11 06:55:16,588 - INFO - [136/2059] Asymmetric unit already cached: 1Z6U.cif
2026-05-11 06:55:16,588 - INFO - [136/2059] Biological assembly already cached: 1Z6U-assembly1.cif
2026-05-11 06:55:16,788 - INFO - [137/2059] Asymmetric unit already cached: 1ZDN.cif
2026-05-11 06:55:16,788 - INFO - [137/2059] Biological assembly already cached: 1ZDN-assembly1.cif
2026-05-11 06:55:16,989 - INFO - [138/2059] Asymmetric unit already cached: 1ZGU.cif
2026-05-11 06:55:16,989 - INFO - [138/2059] Biological assembly already cached: 1ZGU-assembly1.cif
2026-05-11 06:55:17,189 - INFO - [139/2059] Asymmetric unit already cached: 1ZKC.cif
2026-05-11 06:55:17,189 - INFO - [139/2059] Biological assembly already cached: 1ZKC-assembly1.cif
2026-05-11 06:55:17,390 - INFO - [140/2059] Asymmetric unit already cached: 1ZMS.cif
2026-05-11 06:55:17,390 - INFO - [140/2059] Biological assembly already cached: 1ZMS-assembly1.cif
2026-05-11 06:55:17,590 - INFO - [141/2059] Asymmetric unit already cached: 1ZOQ.cif
2026-05-11 06:55:17,591 - INFO - [141/2059] Biological assembly already cached: 1ZOQ-assembly1.cif
2026-05-11 06:55:17,791 - INFO - [142/2059] Asymmetric unit already cached: 1ZUO.cif
2026-05-11 06:55:17,791 - INFO - [142/2059] Biological assembly already cached: 1ZUO-assembly1.cif
2026-05-11 06:55:17,992 - INFO - [143/2059] Asymmetric unit already cached: 1ZVD.cif
2026-05-11 06:55:17,992 - INFO - [143/2059] Biological assembly already cached: 1ZVD-assembly1.cif
2026-05-11 06:55:18,192 - INFO - [144/2059] Downloading asymmetric unit for 28JM
2026-05-11 06:55:18,807 - INFO - Downloaded: 28JM.cif
2026-05-11 06:55:18,807 - INFO - [144/2059] Downloading biological assembly for 28JM
2026-05-11 06:55:19,270 - INFO - Downloaded: 28JM-assembly1.cif
2026-05-11 06:55:19,470 - INFO - [145/2059] Downloading asymmetric unit for 28JS
2026-05-11 06:55:19,974 - INFO - Downloaded: 28JS.cif
2026-05-11 06:55:19,975 - INFO - [145/2059] Downloading biological assembly for 28JS
2026-05-11 06:55:20,943 - INFO - Downloaded: 28JS-assembly1.cif
2026-05-11 06:55:21,143 - INFO - [146/2059] Downloading asymmetric unit for 28JV
2026-05-11 06:55:22,532 - INFO - Downloaded: 28JV.cif
2026-05-11 06:55:22,532 - INFO - [146/2059] Downloading biological assembly for 28JV
2026-05-11 06:55:22,979 - INFO - Downloaded: 28JV-assembly1.cif
2026-05-11 06:55:23,179 - INFO - [147/2059] Downloading asymmetric unit for 28KE
2026-05-11 06:55:23,617 - INFO - Downloaded: 28KE.cif
2026-05-11 06:55:23,617 - INFO - [147/2059] Downloading biological assembly for 28KE
2026-05-11 06:55:24,195 - INFO - Downloaded: 28KE-assembly1.cif
2026-05-11 06:55:24,395 - INFO - [148/2059] Downloading asymmetric unit for 29HG
2026-05-11 06:55:24,782 - INFO - Downloaded: 29HG.cif
2026-05-11 06:55:24,782 - INFO - [148/2059] Downloading biological assembly for 29HG
2026-05-11 06:55:25,227 - INFO - Downloaded: 29HG-assembly1.cif
2026-05-11 06:55:25,428 - INFO - [149/2059] Downloading asymmetric unit for 29HH
2026-05-11 06:55:25,865 - INFO - Downloaded: 29HH.cif
2026-05-11 06:55:25,865 - INFO - [149/2059] Downloading biological assembly for 29HH
2026-05-11 06:55:26,303 - INFO - Downloaded: 29HH-assembly1.cif
2026-05-11 06:55:26,504 - INFO - [150/2059] Downloading asymmetric unit for 29HI
2026-05-11 06:55:26,857 - INFO - Downloaded: 29HI.cif
2026-05-11 06:55:26,857 - INFO - [150/2059] Downloading biological assembly for 29HI
2026-05-11 06:55:27,268 - INFO - Downloaded: 29HI-assembly1.cif
2026-05-11 06:55:27,469 - INFO - [151/2059] Asymmetric unit already cached: 2A25.cif
2026-05-11 06:55:27,469 - INFO - [151/2059] Biological assembly already cached: 2A25-assembly1.cif
2026-05-11 06:55:27,670 - INFO - [152/2059] Asymmetric unit already cached: 2A4D.cif
2026-05-11 06:55:27,670 - INFO - [152/2059] Biological assembly already cached: 2A4D-assembly1.cif
2026-05-11 06:55:27,870 - INFO - [153/2059] Asymmetric unit already cached: 2A7L.cif
2026-05-11 06:55:27,870 - INFO - [153/2059] Biological assembly already cached: 2A7L-assembly1.cif
2026-05-11 06:55:28,071 - INFO - [154/2059] Asymmetric unit already cached: 2AK5.cif
2026-05-11 06:55:28,071 - INFO - [154/2059] Biological assembly already cached: 2AK5-assembly1.cif
2026-05-11 06:55:28,271 - INFO - [155/2059] Asymmetric unit already cached: 2ASQ.cif
2026-05-11 06:55:28,272 - INFO - [155/2059] Biological assembly already cached: 2ASQ-assembly1.cif
2026-05-11 06:55:28,472 - INFO - [156/2059] Asymmetric unit already cached: 2AWF.cif
2026-05-11 06:55:28,472 - INFO - [156/2059] Biological assembly already cached: 2AWF-assembly1.cif
2026-05-11 06:55:28,673 - INFO - [157/2059] Asymmetric unit already cached: 2AXI.cif
2026-05-11 06:55:28,673 - INFO - [157/2059] Biological assembly already cached: 2AXI-assembly1.cif
2026-05-11 06:55:28,873 - INFO - [158/2059] Asymmetric unit already cached: 2BZ8.cif
2026-05-11 06:55:28,873 - INFO - [158/2059] Biological assembly already cached: 2BZ8-assembly1.cif
2026-05-11 06:55:29,074 - INFO - [159/2059] Asymmetric unit already cached: 2C2V.cif
2026-05-11 06:55:29,074 - INFO - [159/2059] Biological assembly already cached: 2C2V-assembly1.cif
2026-05-11 06:55:29,274 - INFO - [160/2059] Asymmetric unit already cached: 2C4P.cif
2026-05-11 06:55:29,274 - INFO - [160/2059] Biological assembly already cached: 2C4P-assembly1.cif
2026-05-11 06:55:29,475 - INFO - [161/2059] Asymmetric unit already cached: 2C6A.cif
2026-05-11 06:55:29,475 - INFO - [161/2059] Biological assembly already cached: 2C6A-assembly1.cif
2026-05-11 06:55:29,675 - INFO - [162/2059] Asymmetric unit already cached: 2C6B.cif
2026-05-11 06:55:29,676 - INFO - [162/2059] Biological assembly already cached: 2C6B-assembly1.cif
2026-05-11 06:55:29,876 - INFO - [163/2059] Asymmetric unit already cached: 2C7H.cif
2026-05-11 06:55:29,876 - INFO - [163/2059] Biological assembly already cached: 2C7H-assembly1.cif
2026-05-11 06:55:30,076 - INFO - [164/2059] Asymmetric unit already cached: 2CBL.cif
2026-05-11 06:55:30,077 - INFO - [164/2059] Biological assembly already cached: 2CBL-assembly1.cif
2026-05-11 06:55:30,277 - INFO - [165/2059] Asymmetric unit already cached: 2CLW.cif
2026-05-11 06:55:30,277 - INFO - [165/2059] Biological assembly already cached: 2CLW-assembly1.cif
2026-05-11 06:55:30,478 - INFO - [166/2059] Asymmetric unit already cached: 2CR8.cif
2026-05-11 06:55:30,478 - INFO - [166/2059] Biological assembly already cached: 2CR8-assembly1.cif
2026-05-11 06:55:30,678 - INFO - [167/2059] Asymmetric unit already cached: 2CRC.cif
2026-05-11 06:55:30,678 - INFO - [167/2059] Biological assembly already cached: 2CRC-assembly1.cif
2026-05-11 06:55:30,879 - INFO - [168/2059] Asymmetric unit already cached: 2CS3.cif
2026-05-11 06:55:30,879 - INFO - [168/2059] Biological assembly already cached: 2CS3-assembly1.cif
2026-05-11 06:55:31,079 - INFO - [169/2059] Asymmetric unit already cached: 2CSW.cif
2026-05-11 06:55:31,079 - INFO - [169/2059] Biological assembly already cached: 2CSW-assembly1.cif
2026-05-11 06:55:31,280 - INFO - [170/2059] Asymmetric unit already cached: 2CSY.cif
2026-05-11 06:55:31,280 - INFO - [170/2059] Biological assembly already cached: 2CSY-assembly1.cif
2026-05-11 06:55:31,480 - INFO - [171/2059] Asymmetric unit already cached: 2CT0.cif
2026-05-11 06:55:31,481 - INFO - [171/2059] Biological assembly already cached: 2CT0-assembly1.cif
2026-05-11 06:55:31,681 - INFO - [172/2059] Asymmetric unit already cached: 2CT2.cif
2026-05-11 06:55:31,681 - INFO - [172/2059] Biological assembly already cached: 2CT2-assembly1.cif
2026-05-11 06:55:31,881 - INFO - [173/2059] Asymmetric unit already cached: 2CT7.cif
2026-05-11 06:55:31,882 - INFO - [173/2059] Biological assembly already cached: 2CT7-assembly1.cif
2026-05-11 06:55:32,082 - INFO - [174/2059] Asymmetric unit already cached: 2CYX.cif
2026-05-11 06:55:32,082 - INFO - [174/2059] Biological assembly already cached: 2CYX-assembly1.cif
2026-05-11 06:55:32,282 - INFO - [175/2059] Asymmetric unit already cached: 2D82.cif
2026-05-11 06:55:32,283 - INFO - [175/2059] Biological assembly already cached: 2D82-assembly1.cif
2026-05-11 06:55:32,483 - INFO - [176/2059] Asymmetric unit already cached: 2D8S.cif
2026-05-11 06:55:32,483 - INFO - [176/2059] Biological assembly already cached: 2D8S-assembly1.cif
2026-05-11 06:55:32,683 - INFO - [177/2059] Asymmetric unit already cached: 2D8T.cif
2026-05-11 06:55:32,684 - INFO - [177/2059] Biological assembly already cached: 2D8T-assembly1.cif
2026-05-11 06:55:32,884 - INFO - [178/2059] Asymmetric unit already cached: 2D8U.cif
2026-05-11 06:55:32,884 - INFO - [178/2059] Biological assembly already cached: 2D8U-assembly1.cif
2026-05-11 06:55:33,084 - INFO - [179/2059] Asymmetric unit already cached: 2DAY.cif
2026-05-11 06:55:33,085 - INFO - [179/2059] Biological assembly already cached: 2DAY-assembly1.cif
2026-05-11 06:55:33,285 - INFO - [180/2059] Asymmetric unit already cached: 2DB8.cif
2026-05-11 06:55:33,285 - INFO - [180/2059] Biological assembly already cached: 2DB8-assembly1.cif
2026-05-11 06:55:33,486 - INFO - [181/2059] Asymmetric unit already cached: 2DGR.cif
2026-05-11 06:55:33,486 - INFO - [181/2059] Biological assembly already cached: 2DGR-assembly1.cif
2026-05-11 06:55:33,686 - INFO - [182/2059] Asymmetric unit already cached: 2DID.cif
2026-05-11 06:55:33,686 - INFO - [182/2059] Biological assembly already cached: 2DID-assembly1.cif
2026-05-11 06:55:33,887 - INFO - [183/2059] Asymmetric unit already cached: 2DIF.cif
2026-05-11 06:55:33,887 - INFO - [183/2059] Biological assembly already cached: 2DIF-assembly1.cif
2026-05-11 06:55:34,087 - INFO - [184/2059] Asymmetric unit already cached: 2DIP.cif
2026-05-11 06:55:34,087 - INFO - [184/2059] Biological assembly already cached: 2DIP-assembly1.cif
2026-05-11 06:55:34,288 - INFO - [185/2059] Asymmetric unit already cached: 2DJA.cif
2026-05-11 06:55:34,288 - INFO - [185/2059] Biological assembly already cached: 2DJA-assembly1.cif
2026-05-11 06:55:34,488 - INFO - [186/2059] Asymmetric unit already cached: 2DJB.cif
2026-05-11 06:55:34,488 - INFO - [186/2059] Biological assembly already cached: 2DJB-assembly1.cif
2026-05-11 06:55:34,689 - INFO - [187/2059] Asymmetric unit already cached: 2DJY.cif
2026-05-11 06:55:34,689 - INFO - [187/2059] Biological assembly already cached: 2DJY-assembly1.cif
2026-05-11 06:55:34,889 - INFO - [188/2059] Asymmetric unit already cached: 2DK3.cif
2026-05-11 06:55:34,889 - INFO - [188/2059] Biological assembly already cached: 2DK3-assembly1.cif
2026-05-11 06:55:35,090 - INFO - [189/2059] Asymmetric unit already cached: 2DMF.cif
2026-05-11 06:55:35,090 - INFO - [189/2059] Biological assembly already cached: 2DMF-assembly1.cif
2026-05-11 06:55:35,290 - INFO - [190/2059] Asymmetric unit already cached: 2DMK.cif
2026-05-11 06:55:35,290 - INFO - [190/2059] Biological assembly already cached: 2DMK-assembly1.cif
2026-05-11 06:55:35,491 - INFO - [191/2059] Asymmetric unit already cached: 2DMV.cif
2026-05-11 06:55:35,491 - INFO - [191/2059] Biological assembly already cached: 2DMV-assembly1.cif
2026-05-11 06:55:35,691 - INFO - [192/2059] Asymmetric unit already cached: 2DO6.cif
2026-05-11 06:55:35,692 - INFO - [192/2059] Biological assembly already cached: 2DO6-assembly1.cif
2026-05-11 06:55:35,892 - INFO - [193/2059] Asymmetric unit already cached: 2DQ5.cif
2026-05-11 06:55:35,892 - INFO - [193/2059] Biological assembly already cached: 2DQ5-assembly1.cif
2026-05-11 06:55:36,092 - INFO - [194/2059] Asymmetric unit already cached: 2DS4.cif
2026-05-11 06:55:36,093 - INFO - [194/2059] Biological assembly already cached: 2DS4-assembly1.cif
2026-05-11 06:55:36,293 - INFO - [195/2059] Asymmetric unit already cached: 2E6S.cif
2026-05-11 06:55:36,293 - INFO - [195/2059] Biological assembly already cached: 2E6S-assembly1.cif
2026-05-11 06:55:36,494 - INFO - [196/2059] Asymmetric unit already cached: 2EA5.cif
2026-05-11 06:55:36,494 - INFO - [196/2059] Biological assembly already cached: 2EA5-assembly1.cif
2026-05-11 06:55:36,694 - INFO - [197/2059] Asymmetric unit already cached: 2EA6.cif
2026-05-11 06:55:36,694 - INFO - [197/2059] Biological assembly already cached: 2EA6-assembly1.cif
2026-05-11 06:55:36,895 - INFO - [198/2059] Asymmetric unit already cached: 2ECG.cif
2026-05-11 06:55:36,895 - INFO - [198/2059] Biological assembly already cached: 2ECG-assembly1.cif
2026-05-11 06:55:37,095 - INFO - [199/2059] Asymmetric unit already cached: 2ECI.cif
2026-05-11 06:55:37,096 - INFO - [199/2059] Biological assembly already cached: 2ECI-assembly1.cif
2026-05-11 06:55:37,296 - INFO - [200/2059] Asymmetric unit already cached: 2ECJ.cif
2026-05-11 06:55:37,296 - INFO - [200/2059] Biological assembly already cached: 2ECJ-assembly1.cif
2026-05-11 06:55:37,496 - INFO - [201/2059] Asymmetric unit already cached: 2ECL.cif
2026-05-11 06:55:37,497 - INFO - [201/2059] Biological assembly already cached: 2ECL-assembly1.cif
2026-05-11 06:55:37,697 - INFO - [202/2059] Asymmetric unit already cached: 2ECN.cif
2026-05-11 06:55:37,697 - INFO - [202/2059] Biological assembly already cached: 2ECN-assembly1.cif
2026-05-11 06:55:37,898 - INFO - [203/2059] Asymmetric unit already cached: 2ECV.cif
2026-05-11 06:55:37,898 - INFO - [203/2059] Biological assembly already cached: 2ECV-assembly1.cif
2026-05-11 06:55:38,098 - INFO - [204/2059] Asymmetric unit already cached: 2ECY.cif
2026-05-11 06:55:38,098 - INFO - [204/2059] Biological assembly already cached: 2ECY-assembly1.cif
2026-05-11 06:55:38,299 - INFO - [205/2059] Asymmetric unit already cached: 2EDI.cif
2026-05-11 06:55:38,299 - INFO - [205/2059] Biological assembly already cached: 2EDI-assembly1.cif
2026-05-11 06:55:38,499 - INFO - [206/2059] Asymmetric unit already cached: 2EGM.cif
2026-05-11 06:55:38,499 - INFO - [206/2059] Biological assembly already cached: 2EGM-assembly1.cif
2026-05-11 06:55:38,700 - INFO - [207/2059] Asymmetric unit already cached: 2EGP.cif
2026-05-11 06:55:38,700 - INFO - [207/2059] Biological assembly already cached: 2EGP-assembly1.cif
2026-05-11 06:55:38,901 - INFO - [208/2059] Asymmetric unit already cached: 2EJS.cif
2026-05-11 06:55:38,901 - INFO - [208/2059] Biological assembly already cached: 2EJS-assembly1.cif
2026-05-11 06:55:39,101 - INFO - [209/2059] Asymmetric unit already cached: 2EKK.cif
2026-05-11 06:55:39,101 - INFO - [209/2059] Biological assembly already cached: 2EKK-assembly1.cif
2026-05-11 06:55:39,302 - INFO - [210/2059] Asymmetric unit already cached: 2EOD.cif
2026-05-11 06:55:39,302 - INFO - [210/2059] Biological assembly already cached: 2EOD-assembly1.cif
2026-05-11 06:55:39,503 - INFO - [211/2059] Asymmetric unit already cached: 2EP4.cif
2026-05-11 06:55:39,503 - INFO - [211/2059] Biological assembly already cached: 2EP4-assembly1.cif
2026-05-11 06:55:39,703 - INFO - [212/2059] Asymmetric unit already cached: 2EQK.cif
2026-05-11 06:55:39,703 - INFO - [212/2059] Biological assembly already cached: 2EQK-assembly1.cif
2026-05-11 06:55:39,904 - INFO - [213/2059] Asymmetric unit already cached: 2ESK.cif
2026-05-11 06:55:39,904 - INFO - [213/2059] Biological assembly already cached: 2ESK-assembly1.cif
2026-05-11 06:55:40,105 - INFO - [214/2059] Asymmetric unit already cached: 2ESO.cif
2026-05-11 06:55:40,105 - INFO - [214/2059] Biological assembly already cached: 2ESO-assembly1.cif
2026-05-11 06:55:40,305 - INFO - [215/2059] Asymmetric unit already cached: 2ESP.cif
2026-05-11 06:55:40,305 - INFO - [215/2059] Biological assembly already cached: 2ESP-assembly1.cif
2026-05-11 06:55:40,506 - INFO - [216/2059] Asymmetric unit already cached: 2ESQ.cif
2026-05-11 06:55:40,506 - INFO - [216/2059] Biological assembly already cached: 2ESQ-assembly1.cif
2026-05-11 06:55:40,706 - INFO - [217/2059] Asymmetric unit already cached: 2F1Y.cif
2026-05-11 06:55:40,706 - INFO - [217/2059] Biological assembly already cached: 2F1Y-assembly1.cif
2026-05-11 06:55:40,907 - INFO - [218/2059] Asymmetric unit already cached: 2F4W.cif
2026-05-11 06:55:40,907 - INFO - [218/2059] Biological assembly already cached: 2F4W-assembly1.cif
2026-05-11 06:55:41,107 - INFO - [219/2059] Asymmetric unit already cached: 2FAZ.cif
2026-05-11 06:55:41,107 - INFO - [219/2059] Biological assembly already cached: 2FAZ-assembly1.cif
2026-05-11 06:55:41,308 - INFO - [220/2059] Asymmetric unit already cached: 2FBE.cif
2026-05-11 06:55:41,308 - INFO - [220/2059] Biological assembly already cached: 2FBE-assembly1.cif
2026-05-11 06:55:41,508 - INFO - [221/2059] Asymmetric unit already cached: 2FFW.cif
2026-05-11 06:55:41,509 - INFO - [221/2059] Biological assembly already cached: 2FFW-assembly1.cif
2026-05-11 06:55:41,709 - INFO - [222/2059] Asymmetric unit already cached: 2FOP.cif
2026-05-11 06:55:41,709 - INFO - [222/2059] Biological assembly already cached: 2FOP-assembly1.cif
2026-05-11 06:55:41,909 - INFO - [223/2059] Asymmetric unit already cached: 2FUH.cif
2026-05-11 06:55:41,910 - INFO - [223/2059] Biological assembly already cached: 2FUH-assembly1.cif
2026-05-11 06:55:42,110 - INFO - [224/2059] Asymmetric unit already cached: 2FZP.cif
2026-05-11 06:55:42,110 - INFO - [224/2059] Biological assembly already cached: 2FZP-assembly1.cif
2026-05-11 06:55:42,310 - INFO - [225/2059] Asymmetric unit already cached: 2GKW.cif
2026-05-11 06:55:42,311 - INFO - [225/2059] Biological assembly already cached: 2GKW-assembly1.cif
2026-05-11 06:55:42,511 - INFO - [226/2059] Asymmetric unit already cached: 2GRN.cif
2026-05-11 06:55:42,511 - INFO - [226/2059] Biological assembly already cached: 2GRN-assembly1.cif
2026-05-11 06:55:42,711 - INFO - [227/2059] Asymmetric unit already cached: 2GRO.cif
2026-05-11 06:55:42,712 - INFO - [227/2059] Biological assembly already cached: 2GRO-assembly1.cif
2026-05-11 06:55:42,912 - INFO - [228/2059] Asymmetric unit already cached: 2GRP.cif
2026-05-11 06:55:42,912 - INFO - [228/2059] Biological assembly already cached: 2GRP-assembly1.cif
2026-05-11 06:55:43,113 - INFO - [229/2059] Asymmetric unit already cached: 2GRQ.cif
2026-05-11 06:55:43,113 - INFO - [229/2059] Biological assembly already cached: 2GRQ-assembly1.cif
2026-05-11 06:55:43,313 - INFO - [230/2059] Asymmetric unit already cached: 2GRR.cif
2026-05-11 06:55:43,314 - INFO - [230/2059] Biological assembly already cached: 2GRR-assembly1.cif
2026-05-11 06:55:43,514 - INFO - [231/2059] Asymmetric unit already cached: 2GV2.cif
2026-05-11 06:55:43,514 - INFO - [231/2059] Biological assembly already cached: 2GV2-assembly1.cif
2026-05-11 06:55:43,715 - INFO - [232/2059] Asymmetric unit already cached: 2GWF.cif
2026-05-11 06:55:43,715 - INFO - [232/2059] Biological assembly already cached: 2GWF-assembly1.cif
2026-05-11 06:55:43,915 - INFO - [233/2059] Asymmetric unit already cached: 2H0D.cif
2026-05-11 06:55:43,915 - INFO - [233/2059] Biological assembly already cached: 2H0D-assembly1.cif
2026-05-11 06:55:44,116 - INFO - [234/2059] Asymmetric unit already cached: 2HDP.cif
2026-05-11 06:55:44,116 - INFO - [234/2059] Biological assembly already cached: 2HDP-assembly1.cif
2026-05-11 06:55:44,316 - INFO - [235/2059] Asymmetric unit already cached: 2HLW.cif
2026-05-11 06:55:44,316 - INFO - [235/2059] Biological assembly already cached: 2HLW-assembly1.cif
2026-05-11 06:55:44,517 - INFO - [236/2059] Asymmetric unit already cached: 2HYE.cif
2026-05-11 06:55:44,517 - INFO - [236/2059] Biological assembly already cached: 2HYE-assembly1.cif
2026-05-11 06:55:44,717 - INFO - [237/2059] Asymmetric unit already cached: 2I3H.cif
2026-05-11 06:55:44,718 - INFO - [237/2059] Biological assembly already cached: 2I3H-assembly1.cif
2026-05-11 06:55:44,918 - INFO - [238/2059] Asymmetric unit already cached: 2I3I.cif
2026-05-11 06:55:44,918 - INFO - [238/2059] Biological assembly already cached: 2I3I-assembly1.cif
2026-05-11 06:55:45,119 - INFO - [239/2059] Asymmetric unit already cached: 2ING.cif
2026-05-11 06:55:45,119 - INFO - [239/2059] Biological assembly already cached: 2ING-assembly1.cif
2026-05-11 06:55:45,319 - INFO - [240/2059] Asymmetric unit already cached: 2IWG.cif
2026-05-11 06:55:45,319 - INFO - [240/2059] Biological assembly already cached: 2IWG-assembly1.cif
2026-05-11 06:55:45,520 - INFO - [241/2059] Asymmetric unit already cached: 2J6F.cif
2026-05-11 06:55:45,520 - INFO - [241/2059] Biological assembly already cached: 2J6F-assembly1.cif
2026-05-11 06:55:45,720 - INFO - [242/2059] Asymmetric unit already cached: 2JK7.cif
2026-05-11 06:55:45,721 - INFO - [242/2059] Biological assembly already cached: 2JK7-assembly1.cif
2026-05-11 06:55:45,921 - INFO - [243/2059] Asymmetric unit already cached: 2JMD.cif
2026-05-11 06:55:45,921 - INFO - [243/2059] Biological assembly already cached: 2JMD-assembly1.cif
2026-05-11 06:55:46,121 - INFO - [244/2059] Asymmetric unit already cached: 2JMO.cif
2026-05-11 06:55:46,122 - INFO - [244/2059] Biological assembly already cached: 2JMO-assembly1.cif
2026-05-11 06:55:46,322 - INFO - [245/2059] Asymmetric unit already cached: 2JNH.cif
2026-05-11 06:55:46,322 - INFO - [245/2059] Biological assembly already cached: 2JNH-assembly1.cif
2026-05-11 06:55:46,523 - INFO - [246/2059] Asymmetric unit already cached: 2JQZ.cif
2026-05-11 06:55:46,523 - INFO - [246/2059] Biological assembly already cached: 2JQZ-assembly1.cif
2026-05-11 06:55:46,723 - INFO - [247/2059] Asymmetric unit already cached: 2JRJ.cif
2026-05-11 06:55:46,723 - INFO - [247/2059] Biological assembly already cached: 2JRJ-assembly1.cif
2026-05-11 06:55:46,924 - INFO - [248/2059] Asymmetric unit already cached: 2JUF.cif
2026-05-11 06:55:46,924 - INFO - [248/2059] Biological assembly already cached: 2JUF-assembly1.cif
2026-05-11 06:55:47,124 - INFO - [249/2059] Asymmetric unit already cached: 2JUJ.cif
2026-05-11 06:55:47,124 - INFO - [249/2059] Biological assembly already cached: 2JUJ-assembly1.cif
2026-05-11 06:55:47,325 - INFO - [250/2059] Asymmetric unit already cached: 2JUN.cif
2026-05-11 06:55:47,325 - INFO - [250/2059] Biological assembly already cached: 2JUN-assembly1.cif
2026-05-11 06:55:47,525 - INFO - [251/2059] Asymmetric unit already cached: 2JY7.cif
2026-05-11 06:55:47,526 - INFO - [251/2059] Biological assembly already cached: 2JY7-assembly1.cif
2026-05-11 06:55:47,726 - INFO - [252/2059] Asymmetric unit already cached: 2JY8.cif
2026-05-11 06:55:47,726 - INFO - [252/2059] Biological assembly already cached: 2JY8-assembly1.cif
2026-05-11 06:55:47,927 - INFO - [253/2059] Asymmetric unit already cached: 2K0B.cif
2026-05-11 06:55:47,927 - INFO - [253/2059] Biological assembly already cached: 2K0B-assembly1.cif
2026-05-11 06:55:48,127 - INFO - [254/2059] Asymmetric unit already cached: 2K2C.cif
2026-05-11 06:55:48,127 - INFO - [254/2059] Biological assembly already cached: 2K2C-assembly1.cif
2026-05-11 06:55:48,328 - INFO - [255/2059] Asymmetric unit already cached: 2K2D.cif
2026-05-11 06:55:48,328 - INFO - [255/2059] Biological assembly already cached: 2K2D-assembly1.cif
2026-05-11 06:55:48,528 - INFO - [256/2059] Asymmetric unit already cached: 2K4D.cif
2026-05-11 06:55:48,528 - INFO - [256/2059] Biological assembly already cached: 2K4D-assembly1.cif
2026-05-11 06:55:48,729 - INFO - [257/2059] Asymmetric unit already cached: 2K8F.cif
2026-05-11 06:55:48,729 - INFO - [257/2059] Biological assembly already cached: 2K8F-assembly1.cif
2026-05-11 06:55:48,929 - INFO - [258/2059] Asymmetric unit already cached: 2KEO.cif
2026-05-11 06:55:48,930 - INFO - [258/2059] Biological assembly already cached: 2KEO-assembly1.cif
2026-05-11 06:55:49,130 - INFO - [259/2059] Asymmetric unit already cached: 2KIZ.cif
2026-05-11 06:55:49,130 - INFO - [259/2059] Biological assembly already cached: 2KIZ-assembly1.cif
2026-05-11 06:55:49,330 - INFO - [260/2059] Asymmetric unit already cached: 2KJE.cif
2026-05-11 06:55:49,331 - INFO - [260/2059] Biological assembly already cached: 2KJE-assembly1.cif
2026-05-11 06:55:49,531 - INFO - [261/2059] Asymmetric unit already cached: 2KJH.cif
2026-05-11 06:55:49,531 - INFO - [261/2059] Biological assembly already cached: 2KJH-assembly1.cif
2026-05-11 06:55:49,731 - INFO - [262/2059] Asymmetric unit already cached: 2KLY.cif
2026-05-11 06:55:49,732 - INFO - [262/2059] Biological assembly already cached: 2KLY-assembly1.cif
2026-05-11 06:55:49,932 - INFO - [263/2059] Asymmetric unit already cached: 2KNA.cif
2026-05-11 06:55:49,932 - INFO - [263/2059] Biological assembly already cached: 2KNA-assembly1.cif
2026-05-11 06:55:50,132 - INFO - [264/2059] Asymmetric unit already cached: 2KNV.cif
2026-05-11 06:55:50,132 - INFO - [264/2059] Biological assembly already cached: 2KNV-assembly1.cif
2026-05-11 06:55:50,333 - INFO - [265/2059] Asymmetric unit already cached: 2KPZ.cif
2026-05-11 06:55:50,333 - INFO - [265/2059] Biological assembly already cached: 2KPZ-assembly1.cif
2026-05-11 06:55:50,533 - INFO - [266/2059] Asymmetric unit already cached: 2KQ0.cif
2026-05-11 06:55:50,534 - INFO - [266/2059] Biological assembly already cached: 2KQ0-assembly1.cif
2026-05-11 06:55:50,734 - INFO - [267/2059] Asymmetric unit already cached: 2KR1.cif
2026-05-11 06:55:50,734 - INFO - [267/2059] Biological assembly already cached: 2KR1-assembly1.cif
2026-05-11 06:55:50,934 - INFO - [268/2059] Asymmetric unit already cached: 2KRE.cif
2026-05-11 06:55:50,934 - INFO - [268/2059] Biological assembly already cached: 2KRE-assembly1.cif
2026-05-11 06:55:51,135 - INFO - [269/2059] Asymmetric unit already cached: 2KWF.cif
2026-05-11 06:55:51,135 - INFO - [269/2059] Biological assembly already cached: 2KWF-assembly1.cif
2026-05-11 06:55:51,335 - INFO - [270/2059] Asymmetric unit already cached: 2KXQ.cif
2026-05-11 06:55:51,335 - INFO - [270/2059] Biological assembly already cached: 2KXQ-assembly1.cif
2026-05-11 06:55:51,536 - INFO - [271/2059] Asymmetric unit already cached: 2KYK.cif
2026-05-11 06:55:51,536 - INFO - [271/2059] Biological assembly already cached: 2KYK-assembly1.cif
2026-05-11 06:55:51,736 - INFO - [272/2059] Asymmetric unit already cached: 2L0B.cif
2026-05-11 06:55:51,737 - INFO - [272/2059] Biological assembly already cached: 2L0B-assembly1.cif
2026-05-11 06:55:51,937 - INFO - [273/2059] Asymmetric unit already cached: 2L3R.cif
2026-05-11 06:55:51,937 - INFO - [273/2059] Biological assembly already cached: 2L3R-assembly1.cif
2026-05-11 06:55:52,137 - INFO - [274/2059] Asymmetric unit already cached: 2L84.cif
2026-05-11 06:55:52,138 - INFO - [274/2059] Biological assembly already cached: 2L84-assembly1.cif
2026-05-11 06:55:52,338 - INFO - [275/2059] Asymmetric unit already cached: 2L85.cif
2026-05-11 06:55:52,338 - INFO - [275/2059] Biological assembly already cached: 2L85-assembly1.cif
2026-05-11 06:55:52,538 - INFO - [276/2059] Asymmetric unit already cached: 2L9M.cif
2026-05-11 06:55:52,538 - INFO - [276/2059] Biological assembly already cached: 2L9M-assembly1.cif
2026-05-11 06:55:52,739 - INFO - [277/2059] Asymmetric unit already cached: 2LAJ.cif
2026-05-11 06:55:52,739 - INFO - [277/2059] Biological assembly already cached: 2LAJ-assembly1.cif
2026-05-11 06:55:52,939 - INFO - [278/2059] Asymmetric unit already cached: 2LAZ.cif
2026-05-11 06:55:52,940 - INFO - [278/2059] Biological assembly already cached: 2LAZ-assembly1.cif
2026-05-11 06:55:53,140 - INFO - [279/2059] Asymmetric unit already cached: 2LB0.cif
2026-05-11 06:55:53,140 - INFO - [279/2059] Biological assembly already cached: 2LB0-assembly1.cif
2026-05-11 06:55:53,341 - INFO - [280/2059] Asymmetric unit already cached: 2LB1.cif
2026-05-11 06:55:53,341 - INFO - [280/2059] Biological assembly already cached: 2LB1-assembly1.cif
2026-05-11 06:55:53,541 - INFO - [281/2059] Asymmetric unit already cached: 2LB2.cif
2026-05-11 06:55:53,541 - INFO - [281/2059] Biological assembly already cached: 2LB2-assembly1.cif
2026-05-11 06:55:53,742 - INFO - [282/2059] Asymmetric unit already cached: 2LC3.cif
2026-05-11 06:55:53,742 - INFO - [282/2059] Biological assembly already cached: 2LC3-assembly1.cif
2026-05-11 06:55:53,942 - INFO - [283/2059] Asymmetric unit already cached: 2LDR.cif
2026-05-11 06:55:53,942 - INFO - [283/2059] Biological assembly already cached: 2LDR-assembly1.cif
2026-05-11 06:55:54,143 - INFO - [284/2059] Asymmetric unit already cached: 2LFE.cif
2026-05-11 06:55:54,143 - INFO - [284/2059] Biological assembly already cached: 2LFE-assembly1.cif
2026-05-11 06:55:54,343 - INFO - [285/2059] Asymmetric unit already cached: 2LGG.cif
2026-05-11 06:55:54,343 - INFO - [285/2059] Biological assembly already cached: 2LGG-assembly1.cif
2026-05-11 06:55:54,544 - INFO - [286/2059] Asymmetric unit already cached: 2LGK.cif
2026-05-11 06:55:54,544 - INFO - [286/2059] Biological assembly already cached: 2LGK-assembly1.cif
2026-05-11 06:55:54,744 - INFO - [287/2059] Asymmetric unit already cached: 2LGL.cif
2026-05-11 06:55:54,745 - INFO - [287/2059] Biological assembly already cached: 2LGL-assembly1.cif
2026-05-11 06:55:54,945 - INFO - [288/2059] Asymmetric unit already cached: 2LGV.cif
2026-05-11 06:55:54,945 - INFO - [288/2059] Biological assembly already cached: 2LGV-assembly1.cif
2026-05-11 06:55:55,146 - INFO - [289/2059] Asymmetric unit already cached: 2LGY.cif
2026-05-11 06:55:55,146 - INFO - [289/2059] Biological assembly already cached: 2LGY-assembly1.cif
2026-05-11 06:55:55,346 - INFO - [290/2059] Asymmetric unit already cached: 2LTX.cif
2026-05-11 06:55:55,346 - INFO - [290/2059] Biological assembly already cached: 2LTX-assembly1.cif
2026-05-11 06:55:55,547 - INFO - [291/2059] Asymmetric unit already cached: 2LTY.cif
2026-05-11 06:55:55,547 - INFO - [291/2059] Biological assembly already cached: 2LTY-assembly1.cif
2026-05-11 06:55:55,747 - INFO - [292/2059] Asymmetric unit already cached: 2LTZ.cif
2026-05-11 06:55:55,747 - INFO - [292/2059] Biological assembly already cached: 2LTZ-assembly1.cif
2026-05-11 06:55:55,948 - INFO - [293/2059] Asymmetric unit already cached: 2LVN.cif
2026-05-11 06:55:55,948 - INFO - [293/2059] Biological assembly already cached: 2LVN-assembly1.cif
2026-05-11 06:55:56,148 - INFO - [294/2059] Asymmetric unit already cached: 2LVO.cif
2026-05-11 06:55:56,148 - INFO - [294/2059] Biological assembly already cached: 2LVO-assembly1.cif
2026-05-11 06:55:56,349 - INFO - [295/2059] Asymmetric unit already cached: 2LVP.cif
2026-05-11 06:55:56,349 - INFO - [295/2059] Biological assembly already cached: 2LVP-assembly1.cif
2026-05-11 06:55:56,549 - INFO - [296/2059] Asymmetric unit already cached: 2LVQ.cif
2026-05-11 06:55:56,549 - INFO - [296/2059] Biological assembly already cached: 2LVQ-assembly1.cif
2026-05-11 06:55:56,750 - INFO - [297/2059] Asymmetric unit already cached: 2LXH.cif
2026-05-11 06:55:56,750 - INFO - [297/2059] Biological assembly already cached: 2LXH-assembly1.cif
2026-05-11 06:55:56,950 - INFO - [298/2059] Asymmetric unit already cached: 2LXP.cif
2026-05-11 06:55:56,950 - INFO - [298/2059] Biological assembly already cached: 2LXP-assembly1.cif
2026-05-11 06:55:57,151 - INFO - [299/2059] Asymmetric unit already cached: 2LXS.cif
2026-05-11 06:55:57,151 - INFO - [299/2059] Biological assembly already cached: 2LXS-assembly1.cif
2026-05-11 06:55:57,351 - INFO - [300/2059] Asymmetric unit already cached: 2LXT.cif
2026-05-11 06:55:57,352 - INFO - [300/2059] Biological assembly already cached: 2LXT-assembly1.cif
2026-05-11 06:55:57,552 - INFO - [301/2059] Asymmetric unit already cached: 2LZG.cif
2026-05-11 06:55:57,552 - INFO - [301/2059] Biological assembly already cached: 2LZG-assembly1.cif
2026-05-11 06:55:57,752 - INFO - [302/2059] Asymmetric unit already cached: 2M3O.cif
2026-05-11 06:55:57,753 - INFO - [302/2059] Biological assembly already cached: 2M3O-assembly1.cif
2026-05-11 06:55:57,953 - INFO - [303/2059] Asymmetric unit already cached: 2M85.cif
2026-05-11 06:55:57,953 - INFO - [303/2059] Biological assembly already cached: 2M85-assembly1.cif
2026-05-11 06:55:58,153 - INFO - [304/2059] Asymmetric unit already cached: 2M86.cif
2026-05-11 06:55:58,154 - INFO - [304/2059] Biological assembly already cached: 2M86-assembly1.cif
2026-05-11 06:55:58,354 - INFO - [305/2059] Asymmetric unit already cached: 2M9Y.cif
2026-05-11 06:55:58,354 - INFO - [305/2059] Biological assembly already cached: 2M9Y-assembly1.cif
2026-05-11 06:55:58,554 - INFO - [306/2059] Asymmetric unit already cached: 2MA6.cif
2026-05-11 06:55:58,555 - INFO - [306/2059] Biological assembly already cached: 2MA6-assembly1.cif
2026-05-11 06:55:58,755 - INFO - [307/2059] Asymmetric unit already cached: 2MH0.cif
2026-05-11 06:55:58,755 - INFO - [307/2059] Biological assembly already cached: 2MH0-assembly1.cif
2026-05-11 06:55:58,955 - INFO - [308/2059] Asymmetric unit already cached: 2MPS.cif
2026-05-11 06:55:58,956 - INFO - [308/2059] Biological assembly already cached: 2MPS-assembly1.cif
2026-05-11 06:55:59,156 - INFO - [309/2059] Asymmetric unit already cached: 2MPT.cif
2026-05-11 06:55:59,156 - INFO - [309/2059] Biological assembly already cached: 2MPT-assembly1.cif
2026-05-11 06:55:59,357 - INFO - [310/2059] Asymmetric unit already cached: 2MRE.cif
2026-05-11 06:55:59,357 - INFO - [310/2059] Biological assembly already cached: 2MRE-assembly1.cif
2026-05-11 06:55:59,557 - INFO - [311/2059] Asymmetric unit already cached: 2MRF.cif
2026-05-11 06:55:59,557 - INFO - [311/2059] Biological assembly already cached: 2MRF-assembly1.cif
2026-05-11 06:55:59,758 - INFO - [312/2059] Asymmetric unit already cached: 2MT5.cif
2026-05-11 06:55:59,758 - INFO - [312/2059] Biological assembly already cached: 2MT5-assembly1.cif
2026-05-11 06:55:59,958 - INFO - [313/2059] Asymmetric unit already cached: 2MT6.cif
2026-05-11 06:55:59,958 - INFO - [313/2059] Biological assembly already cached: 2MT6-assembly1.cif
2026-05-11 06:56:00,159 - INFO - [314/2059] Asymmetric unit already cached: 2MUL.cif
2026-05-11 06:56:00,159 - INFO - [314/2059] Biological assembly already cached: 2MUL-assembly1.cif
2026-05-11 06:56:00,359 - INFO - [315/2059] Asymmetric unit already cached: 2MVW.cif
2026-05-11 06:56:00,359 - INFO - [315/2059] Biological assembly already cached: 2MVW-assembly1.cif
2026-05-11 06:56:00,560 - INFO - [316/2059] Asymmetric unit already cached: 2MWX.cif
2026-05-11 06:56:00,560 - INFO - [316/2059] Biological assembly already cached: 2MWX-assembly1.cif
2026-05-11 06:56:00,760 - INFO - [317/2059] Asymmetric unit already cached: 2MWY.cif
2026-05-11 06:56:00,760 - INFO - [317/2059] Biological assembly already cached: 2MWY-assembly1.cif
2026-05-11 06:56:00,961 - INFO - [318/2059] Asymmetric unit already cached: 2MZD.cif
2026-05-11 06:56:00,961 - INFO - [318/2059] Biological assembly already cached: 2MZD-assembly1.cif
2026-05-11 06:56:01,162 - INFO - [319/2059] Asymmetric unit already cached: 2MZN.cif
2026-05-11 06:56:01,162 - INFO - [319/2059] Biological assembly already cached: 2MZN-assembly1.cif
2026-05-11 06:56:01,362 - INFO - [320/2059] Asymmetric unit already cached: 2N06.cif
2026-05-11 06:56:01,362 - INFO - [320/2059] Biological assembly already cached: 2N06-assembly1.cif
2026-05-11 06:56:01,563 - INFO - [321/2059] Asymmetric unit already cached: 2N0U.cif
2026-05-11 06:56:01,563 - INFO - [321/2059] Biological assembly already cached: 2N0U-assembly1.cif
2026-05-11 06:56:01,763 - INFO - [322/2059] Asymmetric unit already cached: 2N0W.cif
2026-05-11 06:56:01,763 - INFO - [322/2059] Biological assembly already cached: 2N0W-assembly1.cif
2026-05-11 06:56:01,964 - INFO - [323/2059] Asymmetric unit already cached: 2N14.cif
2026-05-11 06:56:01,964 - INFO - [323/2059] Biological assembly already cached: 2N14-assembly1.cif
2026-05-11 06:56:02,164 - INFO - [324/2059] Asymmetric unit already cached: 2N1A.cif
2026-05-11 06:56:02,164 - INFO - [324/2059] Biological assembly already cached: 2N1A-assembly1.cif
2026-05-11 06:56:02,365 - INFO - [325/2059] Asymmetric unit already cached: 2N9O.cif
2026-05-11 06:56:02,365 - INFO - [325/2059] Biological assembly already cached: 2N9O-assembly1.cif
2026-05-11 06:56:02,565 - INFO - [326/2059] Asymmetric unit already cached: 2N9P.cif
2026-05-11 06:56:02,566 - INFO - [326/2059] Biological assembly already cached: 2N9P-assembly1.cif
2026-05-11 06:56:02,766 - INFO - [327/2059] Asymmetric unit already cached: 2NA1.cif
2026-05-11 06:56:02,766 - INFO - [327/2059] Biological assembly already cached: 2NA1-assembly1.cif
2026-05-11 06:56:02,967 - INFO - [328/2059] Asymmetric unit already cached: 2NQ3.cif
2026-05-11 06:56:02,967 - INFO - [328/2059] Biological assembly already cached: 2NQ3-assembly1.cif
2026-05-11 06:56:03,167 - INFO - [329/2059] Asymmetric unit already cached: 2NSQ.cif
2026-05-11 06:56:03,167 - INFO - [329/2059] Biological assembly already cached: 2NSQ-assembly1.cif
2026-05-11 06:56:03,368 - INFO - [330/2059] Asymmetric unit already cached: 2NTE.cif
2026-05-11 06:56:03,368 - INFO - [330/2059] Biological assembly already cached: 2NTE-assembly1.cif
2026-05-11 06:56:03,568 - INFO - [331/2059] Asymmetric unit already cached: 2NVU.cif
2026-05-11 06:56:03,568 - INFO - [331/2059] Biological assembly already cached: 2NVU-assembly1.cif
2026-05-11 06:56:03,769 - INFO - [332/2059] Asymmetric unit already cached: 2O25.cif
2026-05-11 06:56:03,769 - INFO - [332/2059] Biological assembly already cached: 2O25-assembly1.cif
2026-05-11 06:56:03,969 - INFO - [333/2059] Asymmetric unit already cached: 2OB4.cif
2026-05-11 06:56:03,970 - INFO - [333/2059] Biological assembly already cached: 2OB4-assembly1.cif
2026-05-11 06:56:04,170 - INFO - [334/2059] Asymmetric unit already cached: 2ONI.cif
2026-05-11 06:56:04,170 - INFO - [334/2059] Biological assembly already cached: 2ONI-assembly1.cif
2026-05-11 06:56:04,370 - INFO - [335/2059] Asymmetric unit already cached: 2OO9.cif
2026-05-11 06:56:04,371 - INFO - [335/2059] Biological assembly already cached: 2OO9-assembly1.cif
2026-05-11 06:56:04,571 - INFO - [336/2059] Asymmetric unit already cached: 2OOA.cif
2026-05-11 06:56:04,571 - INFO - [336/2059] Biological assembly already cached: 2OOA-assembly1.cif
2026-05-11 06:56:04,771 - INFO - [337/2059] Asymmetric unit already cached: 2OOB.cif
2026-05-11 06:56:04,772 - INFO - [337/2059] Biological assembly already cached: 2OOB-assembly1.cif
2026-05-11 06:56:04,972 - INFO - [338/2059] Asymmetric unit already cached: 2OP7.cif
2026-05-11 06:56:04,972 - INFO - [338/2059] Biological assembly already cached: 2OP7-assembly1.cif
2026-05-11 06:56:05,172 - INFO - [339/2059] Asymmetric unit already cached: 2OPY.cif
2026-05-11 06:56:05,173 - INFO - [339/2059] Biological assembly already cached: 2OPY-assembly1.cif
2026-05-11 06:56:05,373 - INFO - [340/2059] Asymmetric unit already cached: 2OPZ.cif
2026-05-11 06:56:05,373 - INFO - [340/2059] Biological assembly already cached: 2OPZ-assembly1.cif
2026-05-11 06:56:05,573 - INFO - [341/2059] Asymmetric unit already cached: 2P4R.cif
2026-05-11 06:56:05,574 - INFO - [341/2059] Biological assembly already cached: 2P4R-assembly1.cif
2026-05-11 06:56:05,774 - INFO - [342/2059] Asymmetric unit already cached: 2PB7.cif
2026-05-11 06:56:05,774 - INFO - [342/2059] Biological assembly already cached: 2PB7-assembly1.cif
2026-05-11 06:56:05,974 - INFO - [343/2059] Asymmetric unit already cached: 2PE6.cif
2026-05-11 06:56:05,975 - INFO - [343/2059] Biological assembly already cached: 2PE6-assembly1.cif
2026-05-11 06:56:06,175 - INFO - [344/2059] Asymmetric unit already cached: 2PIE.cif
2026-05-11 06:56:06,175 - INFO - [344/2059] Biological assembly already cached: 2PIE-assembly1.cif
2026-05-11 06:56:06,376 - INFO - [345/2059] Asymmetric unit already cached: 2POI.cif
2026-05-11 06:56:06,376 - INFO - [345/2059] Biological assembly already cached: 2POI-assembly1.cif
2026-05-11 06:56:06,576 - INFO - [346/2059] Asymmetric unit already cached: 2POP.cif
2026-05-11 06:56:06,576 - INFO - [346/2059] Biological assembly already cached: 2POP-assembly1.cif
2026-05-11 06:56:06,777 - INFO - [347/2059] Asymmetric unit already cached: 2PX9.cif
2026-05-11 06:56:06,777 - INFO - [347/2059] Biological assembly already cached: 2PX9-assembly1.cif
2026-05-11 06:56:06,978 - INFO - [348/2059] Asymmetric unit already cached: 2QGX.cif
2026-05-11 06:56:06,978 - INFO - [348/2059] Biological assembly already cached: 2QGX-assembly1.cif
2026-05-11 06:56:07,178 - INFO - [349/2059] Asymmetric unit already cached: 2QHO.cif
2026-05-11 06:56:07,178 - INFO - [349/2059] Biological assembly already cached: 2QHO-assembly1.cif
2026-05-11 06:56:07,379 - INFO - [350/2059] Asymmetric unit already cached: 2QRA.cif
2026-05-11 06:56:07,379 - INFO - [350/2059] Biological assembly already cached: 2QRA-assembly1.cif
2026-05-11 06:56:07,579 - INFO - [351/2059] Asymmetric unit already cached: 2R1Z.cif
2026-05-11 06:56:07,579 - INFO - [351/2059] Biological assembly already cached: 2R1Z-assembly1.cif
2026-05-11 06:56:07,780 - INFO - [352/2059] Asymmetric unit already cached: 2RNY.cif
2026-05-11 06:56:07,780 - INFO - [352/2059] Biological assembly already cached: 2RNY-assembly1.cif
2026-05-11 06:56:07,980 - INFO - [353/2059] Asymmetric unit already cached: 2RO1.cif
2026-05-11 06:56:07,980 - INFO - [353/2059] Biological assembly already cached: 2RO1-assembly1.cif
2026-05-11 06:56:08,181 - INFO - [354/2059] Asymmetric unit already cached: 2RUH.cif
2026-05-11 06:56:08,181 - INFO - [354/2059] Biological assembly already cached: 2RUH-assembly1.cif
2026-05-11 06:56:08,381 - INFO - [355/2059] Asymmetric unit already cached: 2UVL.cif
2026-05-11 06:56:08,382 - INFO - [355/2059] Biological assembly already cached: 2UVL-assembly1.cif
2026-05-11 06:56:08,582 - INFO - [356/2059] Asymmetric unit already cached: 2VJE.cif
2026-05-11 06:56:08,582 - INFO - [356/2059] Biological assembly already cached: 2VJE-assembly1.cif
2026-05-11 06:56:08,783 - INFO - [357/2059] Asymmetric unit already cached: 2VJF.cif
2026-05-11 06:56:08,783 - INFO - [357/2059] Biological assembly already cached: 2VJF-assembly1.cif
2026-05-11 06:56:08,983 - INFO - [358/2059] Asymmetric unit already cached: 2VSL.cif
2026-05-11 06:56:08,983 - INFO - [358/2059] Biological assembly already cached: 2VSL-assembly1.cif
2026-05-11 06:56:09,184 - INFO - [359/2059] Asymmetric unit already cached: 2VWR.cif
2026-05-11 06:56:09,184 - INFO - [359/2059] Biological assembly already cached: 2VWR-assembly1.cif
2026-05-11 06:56:09,384 - INFO - [360/2059] Asymmetric unit already cached: 2VYR.cif
2026-05-11 06:56:09,385 - INFO - [360/2059] Biological assembly already cached: 2VYR-assembly1.cif
2026-05-11 06:56:09,585 - INFO - [361/2059] Asymmetric unit already cached: 2XBB.cif
2026-05-11 06:56:09,585 - INFO - [361/2059] Biological assembly already cached: 2XBB-assembly1.cif
2026-05-11 06:56:09,786 - INFO - [362/2059] Asymmetric unit already cached: 2XBF.cif
2026-05-11 06:56:09,786 - INFO - [362/2059] Biological assembly already cached: 2XBF-assembly1.cif
2026-05-11 06:56:09,986 - INFO - [363/2059] Asymmetric unit already cached: 2XEU.cif
2026-05-11 06:56:09,986 - INFO - [363/2059] Biological assembly already cached: 2XEU-assembly1.cif
2026-05-11 06:56:10,187 - INFO - [364/2059] Asymmetric unit already cached: 2XOC.cif
2026-05-11 06:56:10,187 - INFO - [364/2059] Biological assembly already cached: 2XOC-assembly1.cif
2026-05-11 06:56:10,387 - INFO - [365/2059] Asymmetric unit already cached: 2XOY.cif
2026-05-11 06:56:10,387 - INFO - [365/2059] Biological assembly already cached: 2XOY-assembly1.cif
2026-05-11 06:56:10,588 - INFO - [366/2059] Asymmetric unit already cached: 2XOZ.cif
2026-05-11 06:56:10,588 - INFO - [366/2059] Biological assembly already cached: 2XOZ-assembly1.cif
2026-05-11 06:56:10,788 - INFO - [367/2059] Asymmetric unit already cached: 2XP0.cif
2026-05-11 06:56:10,788 - INFO - [367/2059] Biological assembly already cached: 2XP0-assembly1.cif
2026-05-11 06:56:10,989 - INFO - [368/2059] Asymmetric unit already cached: 2XWU.cif
2026-05-11 06:56:10,989 - INFO - [368/2059] Biological assembly already cached: 2XWU-assembly1.cif
2026-05-11 06:56:11,189 - INFO - [369/2059] Asymmetric unit already cached: 2Y1M.cif
2026-05-11 06:56:11,190 - INFO - [369/2059] Biological assembly already cached: 2Y1M-assembly1.cif
2026-05-11 06:56:11,390 - INFO - [370/2059] Asymmetric unit already cached: 2Y1N.cif
2026-05-11 06:56:11,390 - INFO - [370/2059] Biological assembly already cached: 2Y1N-assembly1.cif
2026-05-11 06:56:11,591 - INFO - [371/2059] Asymmetric unit already cached: 2Y43.cif
2026-05-11 06:56:11,591 - INFO - [371/2059] Biological assembly already cached: 2Y43-assembly1.cif
2026-05-11 06:56:11,791 - INFO - [372/2059] Asymmetric unit already cached: 2Y4W.cif
2026-05-11 06:56:11,791 - INFO - [372/2059] Biological assembly already cached: 2Y4W-assembly1.cif
2026-05-11 06:56:11,992 - INFO - [373/2059] Asymmetric unit already cached: 2YB6.cif
2026-05-11 06:56:11,992 - INFO - [373/2059] Biological assembly already cached: 2YB6-assembly1.cif
2026-05-11 06:56:12,192 - INFO - [374/2059] Asymmetric unit already cached: 2YBF.cif
2026-05-11 06:56:12,192 - INFO - [374/2059] Biological assembly already cached: 2YBF-assembly1.cif
2026-05-11 06:56:12,393 - INFO - [375/2059] Asymmetric unit already cached: 2YHN.cif
2026-05-11 06:56:12,393 - INFO - [375/2059] Biological assembly already cached: 2YHN-assembly1.cif
2026-05-11 06:56:12,593 - INFO - [376/2059] Asymmetric unit already cached: 2YHO.cif
2026-05-11 06:56:12,593 - INFO - [376/2059] Biological assembly already cached: 2YHO-assembly1.cif
2026-05-11 06:56:12,794 - INFO - [377/2059] Asymmetric unit already cached: 2YRG.cif
2026-05-11 06:56:12,794 - INFO - [377/2059] Biological assembly already cached: 2YRG-assembly1.cif
2026-05-11 06:56:12,994 - INFO - [378/2059] Asymmetric unit already cached: 2YSA.cif
2026-05-11 06:56:12,995 - INFO - [378/2059] Biological assembly already cached: 2YSA-assembly1.cif
2026-05-11 06:56:13,195 - INFO - [379/2059] Asymmetric unit already cached: 2YSF.cif
2026-05-11 06:56:13,195 - INFO - [379/2059] Biological assembly already cached: 2YSF-assembly1.cif
2026-05-11 06:56:13,396 - INFO - [380/2059] Asymmetric unit already cached: 2YSJ.cif
2026-05-11 06:56:13,396 - INFO - [380/2059] Biological assembly already cached: 2YSJ-assembly1.cif
2026-05-11 06:56:13,596 - INFO - [381/2059] Asymmetric unit already cached: 2YSL.cif
2026-05-11 06:56:13,596 - INFO - [381/2059] Biological assembly already cached: 2YSL-assembly1.cif
2026-05-11 06:56:13,797 - INFO - [382/2059] Asymmetric unit already cached: 2YSM.cif
2026-05-11 06:56:13,797 - INFO - [382/2059] Biological assembly already cached: 2YSM-assembly1.cif
2026-05-11 06:56:13,997 - INFO - [383/2059] Asymmetric unit already cached: 2YU4.cif
2026-05-11 06:56:13,997 - INFO - [383/2059] Biological assembly already cached: 2YU4-assembly1.cif
2026-05-11 06:56:14,198 - INFO - [384/2059] Asymmetric unit already cached: 2YUC.cif
2026-05-11 06:56:14,198 - INFO - [384/2059] Biological assembly already cached: 2YUC-assembly1.cif
2026-05-11 06:56:14,399 - INFO - [385/2059] Asymmetric unit already cached: 2YUK.cif
2026-05-11 06:56:14,399 - INFO - [385/2059] Biological assembly already cached: 2YUK-assembly1.cif
2026-05-11 06:56:14,599 - INFO - [386/2059] Asymmetric unit already cached: 2YUR.cif
2026-05-11 06:56:14,599 - INFO - [386/2059] Biological assembly already cached: 2YUR-assembly1.cif
2026-05-11 06:56:14,800 - INFO - [387/2059] Asymmetric unit already cached: 2YVR.cif
2026-05-11 06:56:14,800 - INFO - [387/2059] Biological assembly already cached: 2YVR-assembly1.cif
2026-05-11 06:56:15,000 - INFO - [388/2059] Asymmetric unit already cached: 2YYN.cif
2026-05-11 06:56:15,000 - INFO - [388/2059] Biological assembly already cached: 2YYN-assembly1.cif
2026-05-11 06:56:15,201 - INFO - [389/2059] Asymmetric unit already cached: 2Z5D.cif
2026-05-11 06:56:15,201 - INFO - [389/2059] Biological assembly already cached: 2Z5D-assembly1.cif
2026-05-11 06:56:15,402 - INFO - [390/2059] Asymmetric unit already cached: 3A33.cif
2026-05-11 06:56:15,402 - INFO - [390/2059] Biological assembly already cached: 3A33-assembly1.cif
2026-05-11 06:56:15,602 - INFO - [391/2059] Asymmetric unit already cached: 3A4S.cif
2026-05-11 06:56:15,602 - INFO - [391/2059] Biological assembly already cached: 3A4S-assembly1.cif
2026-05-11 06:56:15,803 - INFO - [392/2059] Asymmetric unit already cached: 3ASK.cif
2026-05-11 06:56:15,803 - INFO - [392/2059] Biological assembly already cached: 3ASK-assembly1.cif
2026-05-11 06:56:16,003 - INFO - [393/2059] Asymmetric unit already cached: 3ASL.cif
2026-05-11 06:56:16,003 - INFO - [393/2059] Biological assembly already cached: 3ASL-assembly1.cif
2026-05-11 06:56:16,204 - INFO - [394/2059] Asymmetric unit already cached: 3B76.cif
2026-05-11 06:56:16,204 - INFO - [394/2059] Biological assembly already cached: 3B76-assembly1.cif
2026-05-11 06:56:16,404 - INFO - [395/2059] Asymmetric unit already cached: 3B7Y.cif
2026-05-11 06:56:16,404 - INFO - [395/2059] Biological assembly already cached: 3B7Y-assembly1.cif
2026-05-11 06:56:16,605 - INFO - [396/2059] Asymmetric unit already cached: 3BI7.cif
2026-05-11 06:56:16,605 - INFO - [396/2059] Biological assembly already cached: 3BI7-assembly1.cif
2026-05-11 06:56:16,805 - INFO - [397/2059] Asymmetric unit already cached: 3BIY.cif
2026-05-11 06:56:16,806 - INFO - [397/2059] Biological assembly already cached: 3BIY-assembly1.cif
2026-05-11 06:56:17,006 - INFO - [398/2059] Asymmetric unit already cached: 3BUM.cif
2026-05-11 06:56:17,006 - INFO - [398/2059] Biological assembly already cached: 3BUM-assembly1.cif
2026-05-11 06:56:17,207 - INFO - [399/2059] Asymmetric unit already cached: 3BUN.cif
2026-05-11 06:56:17,207 - INFO - [399/2059] Biological assembly already cached: 3BUN-assembly1.cif
2026-05-11 06:56:17,407 - INFO - [400/2059] Asymmetric unit already cached: 3BUO.cif
2026-05-11 06:56:17,407 - INFO - [400/2059] Biological assembly already cached: 3BUO-assembly1.cif
2026-05-11 06:56:17,608 - INFO - [401/2059] Asymmetric unit already cached: 3BUW.cif
2026-05-11 06:56:17,608 - INFO - [401/2059] Biological assembly already cached: 3BUW-assembly1.cif
2026-05-11 06:56:17,808 - INFO - [402/2059] Asymmetric unit already cached: 3BUX.cif
2026-05-11 06:56:17,808 - INFO - [402/2059] Biological assembly already cached: 3BUX-assembly1.cif
2026-05-11 06:56:18,009 - INFO - [403/2059] Asymmetric unit already cached: 3BZH.cif
2026-05-11 06:56:18,009 - INFO - [403/2059] Biological assembly already cached: 3BZH-assembly1.cif
2026-05-11 06:56:18,209 - INFO - [404/2059] Asymmetric unit already cached: 3C5K.cif
2026-05-11 06:56:18,209 - INFO - [404/2059] Biological assembly already cached: 3C5K-assembly1.cif
2026-05-11 06:56:18,410 - INFO - [405/2059] Asymmetric unit already cached: 3C5R.cif
2026-05-11 06:56:18,410 - INFO - [405/2059] Biological assembly already cached: 3C5R-assembly1.cif
2026-05-11 06:56:18,610 - INFO - [406/2059] Asymmetric unit already cached: 3CEG.cif
2026-05-11 06:56:18,610 - INFO - [406/2059] Biological assembly already cached: 3CEG-assembly1.cif
2026-05-11 06:56:18,811 - INFO - [407/2059] Asymmetric unit already cached: 3CLX.cif
2026-05-11 06:56:18,811 - INFO - [407/2059] Biological assembly already cached: 3CLX-assembly1.cif
2026-05-11 06:56:19,011 - INFO - [408/2059] Asymmetric unit already cached: 3CLZ.cif
2026-05-11 06:56:19,011 - INFO - [408/2059] Biological assembly already cached: 3CLZ-assembly1.cif
2026-05-11 06:56:19,212 - INFO - [409/2059] Asymmetric unit already cached: 3CM2.cif
2026-05-11 06:56:19,212 - INFO - [409/2059] Biological assembly already cached: 3CM2-assembly1.cif
2026-05-11 06:56:19,412 - INFO - [410/2059] Asymmetric unit already cached: 3CM7.cif
2026-05-11 06:56:19,413 - INFO - [410/2059] Biological assembly already cached: 3CM7-assembly1.cif
2026-05-11 06:56:19,613 - INFO - [411/2059] Asymmetric unit already cached: 3COJ.cif
2026-05-11 06:56:19,613 - INFO - [411/2059] Biological assembly already cached: 3COJ-assembly1.cif
2026-05-11 06:56:19,814 - INFO - [412/2059] Asymmetric unit already cached: 3D9T.cif
2026-05-11 06:56:19,814 - INFO - [412/2059] Biological assembly already cached: 3D9T-assembly1.cif
2026-05-11 06:56:20,014 - INFO - [413/2059] Asymmetric unit already cached: 3D9U.cif
2026-05-11 06:56:20,014 - INFO - [413/2059] Biological assembly already cached: 3D9U-assembly1.cif
2026-05-11 06:56:20,215 - INFO - [414/2059] Asymmetric unit already cached: 3DAB.cif
2026-05-11 06:56:20,215 - INFO - [414/2059] Biological assembly already cached: 3DAB-assembly1.cif
2026-05-11 06:56:20,415 - INFO - [415/2059] Asymmetric unit already cached: 3DB3.cif
2026-05-11 06:56:20,416 - INFO - [415/2059] Biological assembly already cached: 3DB3-assembly1.cif
2026-05-11 06:56:20,616 - INFO - [416/2059] Asymmetric unit already cached: 3DB4.cif
2026-05-11 06:56:20,616 - INFO - [416/2059] Biological assembly already cached: 3DB4-assembly1.cif
2026-05-11 06:56:20,817 - INFO - [417/2059] Asymmetric unit already cached: 3DDT.cif
2026-05-11 06:56:20,817 - INFO - [417/2059] Biological assembly already cached: 3DDT-assembly1.cif
2026-05-11 06:56:21,017 - INFO - [418/2059] Asymmetric unit already cached: 3DKM.cif
2026-05-11 06:56:21,017 - INFO - [418/2059] Biological assembly already cached: 3DKM-assembly1.cif
2026-05-11 06:56:21,218 - INFO - [419/2059] Asymmetric unit already cached: 3DPL.cif
2026-05-11 06:56:21,218 - INFO - [419/2059] Biological assembly already cached: 3DPL-assembly1.cif
2026-05-11 06:56:21,418 - INFO - [420/2059] Asymmetric unit already cached: 3DQV.cif
2026-05-11 06:56:21,419 - INFO - [420/2059] Biological assembly already cached: 3DQV-assembly1.cif
2026-05-11 06:56:21,619 - INFO - [421/2059] Asymmetric unit already cached: 3DWH.cif
2026-05-11 06:56:21,619 - INFO - [421/2059] Biological assembly already cached: 3DWH-assembly1.cif
2026-05-11 06:56:21,819 - INFO - [422/2059] Asymmetric unit already cached: 3DWY.cif
2026-05-11 06:56:21,819 - INFO - [422/2059] Biological assembly already cached: 3DWY-assembly1.cif
2026-05-11 06:56:22,020 - INFO - [423/2059] Asymmetric unit already cached: 3E46.cif
2026-05-11 06:56:22,020 - INFO - [423/2059] Biological assembly already cached: 3E46-assembly1.cif
2026-05-11 06:56:22,220 - INFO - [424/2059] Asymmetric unit already cached: 3EB5.cif
2026-05-11 06:56:22,221 - INFO - [424/2059] Biological assembly already cached: 3EB5-assembly1.cif
2026-05-11 06:56:22,421 - INFO - [425/2059] Asymmetric unit already cached: 3EB6.cif
2026-05-11 06:56:22,421 - INFO - [425/2059] Biological assembly already cached: 3EB6-assembly1.cif
2026-05-11 06:56:22,621 - INFO - [426/2059] Asymmetric unit already cached: 3EGA.cif
2026-05-11 06:56:22,622 - INFO - [426/2059] Biological assembly already cached: 3EGA-assembly1.cif
2026-05-11 06:56:22,822 - INFO - [427/2059] Asymmetric unit already cached: 3EGB.cif
2026-05-11 06:56:22,822 - INFO - [427/2059] Biological assembly already cached: 3EGB-assembly1.cif
2026-05-11 06:56:23,022 - INFO - [428/2059] Asymmetric unit already cached: 3EQS.cif
2026-05-11 06:56:23,023 - INFO - [428/2059] Biological assembly already cached: 3EQS-assembly1.cif
2026-05-11 06:56:23,223 - INFO - [429/2059] Asymmetric unit already cached: 3EQY.cif
2026-05-11 06:56:23,223 - INFO - [429/2059] Biological assembly already cached: 3EQY-assembly1.cif
2026-05-11 06:56:23,423 - INFO - [430/2059] Asymmetric unit already cached: 3EYL.cif
2026-05-11 06:56:23,424 - INFO - [430/2059] Biological assembly already cached: 3EYL-assembly1.cif
2026-05-11 06:56:23,624 - INFO - [431/2059] Asymmetric unit already cached: 3F7G.cif
2026-05-11 06:56:23,624 - INFO - [431/2059] Biological assembly already cached: 3F7G-assembly1.cif
2026-05-11 06:56:23,824 - INFO - [432/2059] Asymmetric unit already cached: 3F7H.cif
2026-05-11 06:56:23,825 - INFO - [432/2059] Biological assembly already cached: 3F7H-assembly1.cif
2026-05-11 06:56:24,025 - INFO - [433/2059] Asymmetric unit already cached: 3F7I.cif
2026-05-11 06:56:24,025 - INFO - [433/2059] Biological assembly already cached: 3F7I-assembly1.cif
2026-05-11 06:56:24,226 - INFO - [434/2059] Asymmetric unit already cached: 3F92.cif
2026-05-11 06:56:24,226 - INFO - [434/2059] Biological assembly already cached: 3F92-assembly1.cif
2026-05-11 06:56:24,426 - INFO - [435/2059] Asymmetric unit already cached: 3FA2.cif
2026-05-11 06:56:24,426 - INFO - [435/2059] Biological assembly already cached: 3FA2-assembly1.cif
2026-05-11 06:56:24,627 - INFO - [436/2059] Asymmetric unit already cached: 3FDO.cif
2026-05-11 06:56:24,627 - INFO - [436/2059] Biological assembly already cached: 3FDO-assembly1.cif
2026-05-11 06:56:24,827 - INFO - [437/2059] Asymmetric unit already cached: 3FE7.cif
2026-05-11 06:56:24,828 - INFO - [437/2059] Biological assembly already cached: 3FE7-assembly1.cif
2026-05-11 06:56:25,028 - INFO - [438/2059] Asymmetric unit already cached: 3FEA.cif
2026-05-11 06:56:25,028 - INFO - [438/2059] Biological assembly already cached: 3FEA-assembly1.cif
2026-05-11 06:56:25,229 - INFO - [439/2059] Asymmetric unit already cached: 3FL2.cif
2026-05-11 06:56:25,229 - INFO - [439/2059] Biological assembly already cached: 3FL2-assembly1.cif
2026-05-11 06:56:25,429 - INFO - [440/2059] Asymmetric unit already cached: 3FN1.cif
2026-05-11 06:56:25,429 - INFO - [440/2059] Biological assembly already cached: 3FN1-assembly1.cif
2026-05-11 06:56:25,630 - INFO - [441/2059] Asymmetric unit already cached: 3FSH.cif
2026-05-11 06:56:25,630 - INFO - [441/2059] Biological assembly already cached: 3FSH-assembly1.cif
2026-05-11 06:56:25,830 - INFO - [442/2059] Asymmetric unit already cached: 3G03.cif
2026-05-11 06:56:25,830 - INFO - [442/2059] Biological assembly already cached: 3G03-assembly1.cif
2026-05-11 06:56:26,031 - INFO - [443/2059] Asymmetric unit already cached: 3G1N.cif
2026-05-11 06:56:26,031 - INFO - [443/2059] Biological assembly already cached: 3G1N-assembly1.cif
2026-05-11 06:56:26,231 - INFO - [444/2059] Asymmetric unit already cached: 3G76.cif
2026-05-11 06:56:26,231 - INFO - [444/2059] Biological assembly already cached: 3G76-assembly1.cif
2026-05-11 06:56:26,432 - INFO - [445/2059] Asymmetric unit already cached: 3GS2.cif
2026-05-11 06:56:26,432 - INFO - [445/2059] Biological assembly already cached: 3GS2-assembly1.cif
2026-05-11 06:56:26,632 - INFO - [446/2059] Asymmetric unit already cached: 3GT9.cif
2026-05-11 06:56:26,633 - INFO - [446/2059] Biological assembly already cached: 3GT9-assembly1.cif
2026-05-11 06:56:26,833 - INFO - [447/2059] Asymmetric unit already cached: 3GTA.cif
2026-05-11 06:56:26,833 - INFO - [447/2059] Biological assembly already cached: 3GTA-assembly1.cif
2026-05-11 06:56:27,033 - INFO - [448/2059] Asymmetric unit already cached: 3GV4.cif
2026-05-11 06:56:27,034 - INFO - [448/2059] Biological assembly already cached: 3GV4-assembly1.cif
2026-05-11 06:56:27,234 - INFO - [449/2059] Asymmetric unit already cached: 3H1D.cif
2026-05-11 06:56:27,234 - INFO - [449/2059] Biological assembly already cached: 3H1D-assembly1.cif
2026-05-11 06:56:27,434 - INFO - [450/2059] Asymmetric unit already cached: 3H8H.cif
2026-05-11 06:56:27,435 - INFO - [450/2059] Biological assembly already cached: 3H8H-assembly1.cif
2026-05-11 06:56:27,635 - INFO - [451/2059] Asymmetric unit already cached: 3H8K.cif
2026-05-11 06:56:27,635 - INFO - [451/2059] Biological assembly already cached: 3H8K-assembly1.cif
2026-05-11 06:56:27,835 - INFO - [452/2059] Asymmetric unit already cached: 3HCS.cif
2026-05-11 06:56:27,836 - INFO - [452/2059] Biological assembly already cached: 3HCS-assembly1.cif
2026-05-11 06:56:28,036 - INFO - [453/2059] Asymmetric unit already cached: 3HCT.cif
2026-05-11 06:56:28,036 - INFO - [453/2059] Biological assembly already cached: 3HCT-assembly1.cif
2026-05-11 06:56:28,236 - INFO - [454/2059] Asymmetric unit already cached: 3HCU.cif
2026-05-11 06:56:28,237 - INFO - [454/2059] Biological assembly already cached: 3HCU-assembly1.cif
2026-05-11 06:56:28,437 - INFO - [455/2059] Asymmetric unit already cached: 3HL5.cif
2026-05-11 06:56:28,437 - INFO - [455/2059] Biological assembly already cached: 3HL5-assembly1.cif
2026-05-11 06:56:28,638 - INFO - [456/2059] Asymmetric unit already cached: 3I3J.cif
2026-05-11 06:56:28,638 - INFO - [456/2059] Biological assembly already cached: 3I3J-assembly1.cif
2026-05-11 06:56:28,838 - INFO - [457/2059] Asymmetric unit already cached: 3ICU.cif
2026-05-11 06:56:28,838 - INFO - [457/2059] Biological assembly already cached: 3ICU-assembly1.cif
2026-05-11 06:56:29,039 - INFO - [458/2059] Asymmetric unit already cached: 3IO2.cif
2026-05-11 06:56:29,039 - INFO - [458/2059] Biological assembly already cached: 3IO2-assembly1.cif
2026-05-11 06:56:29,239 - INFO - [459/2059] Asymmetric unit already cached: 3IUX.cif
2026-05-11 06:56:29,239 - INFO - [459/2059] Biological assembly already cached: 3IUX-assembly1.cif
2026-05-11 06:56:29,440 - INFO - [460/2059] Asymmetric unit already cached: 3IWY.cif
2026-05-11 06:56:29,440 - INFO - [460/2059] Biological assembly already cached: 3IWY-assembly1.cif
2026-05-11 06:56:29,640 - INFO - [461/2059] Asymmetric unit already cached: 3IXS.cif
2026-05-11 06:56:29,640 - INFO - [461/2059] Biological assembly already cached: 3IXS-assembly1.cif
2026-05-11 06:56:29,841 - INFO - [462/2059] Asymmetric unit already cached: 3J92.cif
2026-05-11 06:56:29,841 - INFO - [462/2059] Biological assembly already cached: 3J92-assembly1.cif
2026-05-11 06:56:30,041 - INFO - [463/2059] Asymmetric unit already cached: 3JVZ.cif
2026-05-11 06:56:30,042 - INFO - [463/2059] Biological assembly already cached: 3JVZ-assembly1.cif
2026-05-11 06:56:30,242 - INFO - [464/2059] Asymmetric unit already cached: 3JW0.cif
2026-05-11 06:56:30,242 - INFO - [464/2059] Biological assembly already cached: 3JW0-assembly1.cif
2026-05-11 06:56:30,442 - INFO - [465/2059] Asymmetric unit already cached: 3JZK.cif
2026-05-11 06:56:30,443 - INFO - [465/2059] Biological assembly already cached: 3JZK-assembly1.cif
2026-05-11 06:56:30,643 - INFO - [466/2059] Asymmetric unit already cached: 3JZO.cif
2026-05-11 06:56:30,643 - INFO - [466/2059] Biological assembly already cached: 3JZO-assembly1.cif
2026-05-11 06:56:30,844 - INFO - [467/2059] Asymmetric unit already cached: 3JZP.cif
2026-05-11 06:56:30,844 - INFO - [467/2059] Biological assembly already cached: 3JZP-assembly1.cif
2026-05-11 06:56:31,044 - INFO - [468/2059] Asymmetric unit already cached: 3JZQ.cif
2026-05-11 06:56:31,044 - INFO - [468/2059] Biological assembly already cached: 3JZQ-assembly1.cif
2026-05-11 06:56:31,245 - INFO - [469/2059] Asymmetric unit already cached: 3JZR.cif
2026-05-11 06:56:31,245 - INFO - [469/2059] Biological assembly already cached: 3JZR-assembly1.cif
2026-05-11 06:56:31,445 - INFO - [470/2059] Asymmetric unit already cached: 3JZS.cif
2026-05-11 06:56:31,445 - INFO - [470/2059] Biological assembly already cached: 3JZS-assembly1.cif
2026-05-11 06:56:31,646 - INFO - [471/2059] Asymmetric unit already cached: 3K0H.cif
2026-05-11 06:56:31,646 - INFO - [471/2059] Biological assembly already cached: 3K0H-assembly1.cif
2026-05-11 06:56:31,846 - INFO - [472/2059] Asymmetric unit already cached: 3K0K.cif
2026-05-11 06:56:31,847 - INFO - [472/2059] Biological assembly already cached: 3K0K-assembly1.cif
2026-05-11 06:56:32,047 - INFO - [473/2059] Asymmetric unit already cached: 3K15.cif
2026-05-11 06:56:32,047 - INFO - [473/2059] Biological assembly already cached: 3K15-assembly1.cif
2026-05-11 06:56:32,247 - INFO - [474/2059] Asymmetric unit already cached: 3K16.cif
2026-05-11 06:56:32,248 - INFO - [474/2059] Biological assembly already cached: 3K16-assembly1.cif
2026-05-11 06:56:32,448 - INFO - [475/2059] Asymmetric unit already cached: 3K9O.cif
2026-05-11 06:56:32,448 - INFO - [475/2059] Biological assembly already cached: 3K9O-assembly1.cif
2026-05-11 06:56:32,649 - INFO - [476/2059] Asymmetric unit already cached: 3K9P.cif
2026-05-11 06:56:32,649 - INFO - [476/2059] Biological assembly already cached: 3K9P-assembly1.cif
2026-05-11 06:56:32,849 - INFO - [477/2059] Asymmetric unit already cached: 3KB5.cif
2026-05-11 06:56:32,849 - INFO - [477/2059] Biological assembly already cached: 3KB5-assembly1.cif
2026-05-11 06:56:33,050 - INFO - [478/2059] Asymmetric unit already cached: 3KCI.cif
2026-05-11 06:56:33,050 - INFO - [478/2059] Biological assembly already cached: 3KCI-assembly1.cif
2026-05-11 06:56:33,250 - INFO - [479/2059] Asymmetric unit already cached: 3KNV.cif
2026-05-11 06:56:33,251 - INFO - [479/2059] Biological assembly already cached: 3KNV-assembly1.cif
2026-05-11 06:56:33,451 - INFO - [480/2059] Asymmetric unit already cached: 3L11.cif
2026-05-11 06:56:33,451 - INFO - [480/2059] Biological assembly already cached: 3L11-assembly1.cif
2026-05-11 06:56:33,651 - INFO - [481/2059] Asymmetric unit already cached: 3L1X.cif
2026-05-11 06:56:33,652 - INFO - [481/2059] Biological assembly already cached: 3L1X-assembly1.cif
2026-05-11 06:56:33,852 - INFO - [482/2059] Asymmetric unit already cached: 3L1Y.cif
2026-05-11 06:56:33,852 - INFO - [482/2059] Biological assembly already cached: 3L1Y-assembly1.cif
2026-05-11 06:56:34,052 - INFO - [483/2059] Asymmetric unit already cached: 3L1Z.cif
2026-05-11 06:56:34,052 - INFO - [483/2059] Biological assembly already cached: 3L1Z-assembly1.cif
2026-05-11 06:56:34,253 - INFO - [484/2059] Asymmetric unit already cached: 3L4H.cif
2026-05-11 06:56:34,253 - INFO - [484/2059] Biological assembly already cached: 3L4H-assembly1.cif
2026-05-11 06:56:34,454 - INFO - [485/2059] Asymmetric unit already cached: 3LBJ.cif
2026-05-11 06:56:34,454 - INFO - [485/2059] Biological assembly already cached: 3LBJ-assembly1.cif
2026-05-11 06:56:34,654 - INFO - [486/2059] Asymmetric unit already cached: 3LBK.cif
2026-05-11 06:56:34,655 - INFO - [486/2059] Biological assembly already cached: 3LBK-assembly1.cif
2026-05-11 06:56:34,855 - INFO - [487/2059] Asymmetric unit already cached: 3LBL.cif
2026-05-11 06:56:34,855 - INFO - [487/2059] Biological assembly already cached: 3LBL-assembly1.cif
2026-05-11 06:56:35,056 - INFO - [488/2059] Asymmetric unit already cached: 3LNJ.cif
2026-05-11 06:56:35,056 - INFO - [488/2059] Biological assembly already cached: 3LNJ-assembly1.cif
2026-05-11 06:56:35,256 - INFO - [489/2059] Asymmetric unit already cached: 3LNZ.cif
2026-05-11 06:56:35,257 - INFO - [489/2059] Biological assembly already cached: 3LNZ-assembly1.cif
2026-05-11 06:56:35,457 - INFO - [490/2059] Asymmetric unit already cached: 3LRQ.cif
2026-05-11 06:56:35,457 - INFO - [490/2059] Biological assembly already cached: 3LRQ-assembly1.cif
2026-05-11 06:56:35,658 - INFO - [491/2059] Asymmetric unit already cached: 3M06.cif
2026-05-11 06:56:35,658 - INFO - [491/2059] Biological assembly already cached: 3M06-assembly1.cif
2026-05-11 06:56:35,858 - INFO - [492/2059] Asymmetric unit already cached: 3M0A.cif
2026-05-11 06:56:35,858 - INFO - [492/2059] Biological assembly already cached: 3M0A-assembly1.cif
2026-05-11 06:56:36,059 - INFO - [493/2059] Asymmetric unit already cached: 3M0D.cif
2026-05-11 06:56:36,059 - INFO - [493/2059] Biological assembly already cached: 3M0D-assembly1.cif
2026-05-11 06:56:36,259 - INFO - [494/2059] Asymmetric unit already cached: 3M1D.cif
2026-05-11 06:56:36,259 - INFO - [494/2059] Biological assembly already cached: 3M1D-assembly1.cif
2026-05-11 06:56:36,460 - INFO - [495/2059] Asymmetric unit already cached: 3MQR.cif
2026-05-11 06:56:36,460 - INFO - [495/2059] Biological assembly already cached: 3MQR-assembly1.cif
2026-05-11 06:56:36,661 - INFO - [496/2059] Asymmetric unit already cached: 3MQS.cif
2026-05-11 06:56:36,661 - INFO - [496/2059] Biological assembly already cached: 3MQS-assembly1.cif
2026-05-11 06:56:36,861 - INFO - [497/2059] Asymmetric unit already cached: 3MUP.cif
2026-05-11 06:56:36,861 - INFO - [497/2059] Biological assembly already cached: 3MUP-assembly1.cif
2026-05-11 06:56:37,062 - INFO - [498/2059] Asymmetric unit already cached: 3NY1.cif
2026-05-11 06:56:37,062 - INFO - [498/2059] Biological assembly already cached: 3NY1-assembly1.cif
2026-05-11 06:56:37,262 - INFO - [499/2059] Asymmetric unit already cached: 3NY2.cif
2026-05-11 06:56:37,262 - INFO - [499/2059] Biological assembly already cached: 3NY2-assembly1.cif
2026-05-11 06:56:37,463 - INFO - [500/2059] Asymmetric unit already cached: 3NY3.cif
2026-05-11 06:56:37,463 - INFO - [500/2059] Biological assembly already cached: 3NY3-assembly1.cif
2026-05-11 06:56:37,663 - INFO - [501/2059] Asymmetric unit already cached: 3O33.cif
2026-05-11 06:56:37,664 - INFO - [501/2059] Biological assembly already cached: 3O33-assembly1.cif
2026-05-11 06:56:37,864 - INFO - [502/2059] Asymmetric unit already cached: 3O34.cif
2026-05-11 06:56:37,864 - INFO - [502/2059] Biological assembly already cached: 3O34-assembly1.cif
2026-05-11 06:56:38,065 - INFO - [503/2059] Asymmetric unit already cached: 3O35.cif
2026-05-11 06:56:38,065 - INFO - [503/2059] Biological assembly already cached: 3O35-assembly1.cif
2026-05-11 06:56:38,265 - INFO - [504/2059] Asymmetric unit already cached: 3O36.cif
2026-05-11 06:56:38,266 - INFO - [504/2059] Biological assembly already cached: 3O36-assembly1.cif
2026-05-11 06:56:38,466 - INFO - [505/2059] Asymmetric unit already cached: 3O37.cif
2026-05-11 06:56:38,466 - INFO - [505/2059] Biological assembly already cached: 3O37-assembly1.cif
2026-05-11 06:56:38,667 - INFO - [506/2059] Asymmetric unit already cached: 3OB1.cif
2026-05-11 06:56:38,667 - INFO - [506/2059] Biological assembly already cached: 3OB1-assembly1.cif
2026-05-11 06:56:38,867 - INFO - [507/2059] Asymmetric unit already cached: 3OB2.cif
2026-05-11 06:56:38,868 - INFO - [507/2059] Biological assembly already cached: 3OB2-assembly1.cif
2026-05-11 06:56:39,068 - INFO - [508/2059] Asymmetric unit already cached: 3OJ4.cif
2026-05-11 06:56:39,068 - INFO - [508/2059] Biological assembly already cached: 3OJ4-assembly1.cif
2026-05-11 06:56:39,269 - INFO - [509/2059] Asymmetric unit already cached: 3OLN.cif
2026-05-11 06:56:39,269 - INFO - [509/2059] Biological assembly already cached: 3OLN-assembly1.cif
2026-05-11 06:56:39,469 - INFO - [510/2059] Asymmetric unit already cached: 3OP0.cif
2026-05-11 06:56:39,469 - INFO - [510/2059] Biological assembly already cached: 3OP0-assembly1.cif
2026-05-11 06:56:39,670 - INFO - [511/2059] Asymmetric unit already cached: 3OZ1.cif
2026-05-11 06:56:39,670 - INFO - [511/2059] Biological assembly already cached: 3OZ1-assembly1.cif
2026-05-11 06:56:39,870 - INFO - [512/2059] Asymmetric unit already cached: 3P1C.cif
2026-05-11 06:56:39,871 - INFO - [512/2059] Biological assembly already cached: 3P1C-assembly1.cif
2026-05-11 06:56:40,071 - INFO - [513/2059] Asymmetric unit already cached: 3P1D.cif
2026-05-11 06:56:40,071 - INFO - [513/2059] Biological assembly already cached: 3P1D-assembly1.cif
2026-05-11 06:56:40,272 - INFO - [514/2059] Asymmetric unit already cached: 3P1E.cif
2026-05-11 06:56:40,272 - INFO - [514/2059] Biological assembly already cached: 3P1E-assembly1.cif
2026-05-11 06:56:40,472 - INFO - [515/2059] Asymmetric unit already cached: 3P1F.cif
2026-05-11 06:56:40,472 - INFO - [515/2059] Biological assembly already cached: 3P1F-assembly1.cif
2026-05-11 06:56:40,673 - INFO - [516/2059] Asymmetric unit already cached: 3P57.cif
2026-05-11 06:56:40,673 - INFO - [516/2059] Biological assembly already cached: 3P57-assembly1.cif
2026-05-11 06:56:40,873 - INFO - [517/2059] Asymmetric unit already cached: 3PFV.cif
2026-05-11 06:56:40,873 - INFO - [517/2059] Biological assembly already cached: 3PFV-assembly1.cif
2026-05-11 06:56:41,074 - INFO - [518/2059] Asymmetric unit already cached: 3PG6.cif
2026-05-11 06:56:41,074 - INFO - [518/2059] Biological assembly already cached: 3PG6-assembly1.cif
2026-05-11 06:56:41,274 - INFO - [519/2059] Asymmetric unit already cached: 3PHD.cif
2026-05-11 06:56:41,274 - INFO - [519/2059] Biological assembly already cached: 3PHD-assembly1.cif
2026-05-11 06:56:41,475 - INFO - [520/2059] Asymmetric unit already cached: 3PLF.cif
2026-05-11 06:56:41,475 - INFO - [520/2059] Biological assembly already cached: 3PLF-assembly1.cif
2026-05-11 06:56:41,675 - INFO - [521/2059] Asymmetric unit already cached: 3PT3.cif
2026-05-11 06:56:41,676 - INFO - [521/2059] Biological assembly already cached: 3PT3-assembly1.cif
2026-05-11 06:56:41,876 - INFO - [522/2059] Asymmetric unit already cached: 3PTF.cif
2026-05-11 06:56:41,876 - INFO - [522/2059] Biological assembly already cached: 3PTF-assembly1.cif
2026-05-11 06:56:42,076 - INFO - [523/2059] Asymmetric unit already cached: 3PXA.cif
2026-05-11 06:56:42,077 - INFO - [523/2059] Biological assembly already cached: 3PXA-assembly1.cif
2026-05-11 06:56:42,277 - INFO - [524/2059] Asymmetric unit already cached: 3PXB.cif
2026-05-11 06:56:42,277 - INFO - [524/2059] Biological assembly already cached: 3PXB-assembly1.cif
2026-05-11 06:56:42,478 - INFO - [525/2059] Asymmetric unit already cached: 3PXC.cif
2026-05-11 06:56:42,478 - INFO - [525/2059] Biological assembly already cached: 3PXC-assembly1.cif
2026-05-11 06:56:42,678 - INFO - [526/2059] Asymmetric unit already cached: 3PXD.cif
2026-05-11 06:56:42,678 - INFO - [526/2059] Biological assembly already cached: 3PXD-assembly1.cif
2026-05-11 06:56:42,879 - INFO - [527/2059] Asymmetric unit already cached: 3PXE.cif
2026-05-11 06:56:42,879 - INFO - [527/2059] Biological assembly already cached: 3PXE-assembly1.cif
2026-05-11 06:56:43,079 - INFO - [528/2059] Asymmetric unit already cached: 3PYC.cif
2026-05-11 06:56:43,079 - INFO - [528/2059] Biological assembly already cached: 3PYC-assembly1.cif
2026-05-11 06:56:43,280 - INFO - [529/2059] Asymmetric unit already cached: 3Q1D.cif
2026-05-11 06:56:43,280 - INFO - [529/2059] Biological assembly already cached: 3Q1D-assembly1.cif
2026-05-11 06:56:43,480 - INFO - [530/2059] Asymmetric unit already cached: 3RPG.cif
2026-05-11 06:56:43,481 - INFO - [530/2059] Biological assembly already cached: 3RPG-assembly1.cif
2026-05-11 06:56:43,681 - INFO - [531/2059] Asymmetric unit already cached: 3RTR.cif
2026-05-11 06:56:43,681 - INFO - [531/2059] Biological assembly already cached: 3RTR-assembly1.cif
2026-05-11 06:56:43,881 - INFO - [532/2059] Asymmetric unit already cached: 3RZ3.cif
2026-05-11 06:56:43,882 - INFO - [532/2059] Biological assembly already cached: 3RZ3-assembly1.cif
2026-05-11 06:56:44,082 - INFO - [533/2059] Asymmetric unit already cached: 3SHB.cif
2026-05-11 06:56:44,082 - INFO - [533/2059] Biological assembly already cached: 3SHB-assembly1.cif
2026-05-11 06:56:44,282 - INFO - [534/2059] Asymmetric unit already cached: 3SOU.cif
2026-05-11 06:56:44,283 - INFO - [534/2059] Biological assembly already cached: 3SOU-assembly1.cif
2026-05-11 06:56:44,483 - INFO - [535/2059] Asymmetric unit already cached: 3SOW.cif
2026-05-11 06:56:44,483 - INFO - [535/2059] Biological assembly already cached: 3SOW-assembly1.cif
2026-05-11 06:56:44,684 - INFO - [536/2059] Asymmetric unit already cached: 3SOX.cif
2026-05-11 06:56:44,684 - INFO - [536/2059] Biological assembly already cached: 3SOX-assembly1.cif
2026-05-11 06:56:44,884 - INFO - [537/2059] Asymmetric unit already cached: 3SQV.cif
2026-05-11 06:56:44,884 - INFO - [537/2059] Biological assembly already cached: 3SQV-assembly1.cif
2026-05-11 06:56:45,085 - INFO - [538/2059] Asymmetric unit already cached: 3SVH.cif
2026-05-11 06:56:45,085 - INFO - [538/2059] Biological assembly already cached: 3SVH-assembly1.cif
2026-05-11 06:56:45,285 - INFO - [539/2059] Asymmetric unit already cached: 3SY2.cif
2026-05-11 06:56:45,285 - INFO - [539/2059] Biological assembly already cached: 3SY2-assembly1.cif
2026-05-11 06:56:45,486 - INFO - [540/2059] Asymmetric unit already cached: 3T6P.cif
2026-05-11 06:56:45,486 - INFO - [540/2059] Biological assembly already cached: 3T6P-assembly1.cif
2026-05-11 06:56:45,686 - INFO - [541/2059] Asymmetric unit already cached: 3T6R.cif
2026-05-11 06:56:45,686 - INFO - [541/2059] Biological assembly already cached: 3T6R-assembly1.cif
2026-05-11 06:56:45,887 - INFO - [542/2059] Asymmetric unit already cached: 3T92.cif
2026-05-11 06:56:45,887 - INFO - [542/2059] Biological assembly already cached: 3T92-assembly1.cif
2026-05-11 06:56:46,087 - INFO - [543/2059] Asymmetric unit already cached: 3TDU.cif
2026-05-11 06:56:46,088 - INFO - [543/2059] Biological assembly already cached: 3TDU-assembly1.cif
2026-05-11 06:56:46,288 - INFO - [544/2059] Asymmetric unit already cached: 3TDZ.cif
2026-05-11 06:56:46,288 - INFO - [544/2059] Biological assembly already cached: 3TDZ-assembly1.cif
2026-05-11 06:56:46,488 - INFO - [545/2059] Asymmetric unit already cached: 3TGD.cif
2026-05-11 06:56:46,489 - INFO - [545/2059] Biological assembly already cached: 3TGD-assembly1.cif
2026-05-11 06:56:46,689 - INFO - [546/2059] Asymmetric unit already cached: 3TIW.cif
2026-05-11 06:56:46,689 - INFO - [546/2059] Biological assembly already cached: 3TIW-assembly1.cif
2026-05-11 06:56:46,890 - INFO - [547/2059] Asymmetric unit already cached: 3TJ2.cif
2026-05-11 06:56:46,890 - INFO - [547/2059] Biological assembly already cached: 3TJ2-assembly1.cif
2026-05-11 06:56:47,090 - INFO - [548/2059] Asymmetric unit already cached: 3TPX.cif
2026-05-11 06:56:47,090 - INFO - [548/2059] Biological assembly already cached: 3TPX-assembly1.cif
2026-05-11 06:56:47,291 - INFO - [549/2059] Asymmetric unit already cached: 3TU1.cif
2026-05-11 06:56:47,291 - INFO - [549/2059] Biological assembly already cached: 3TU1-assembly1.cif
2026-05-11 06:56:47,491 - INFO - [550/2059] Asymmetric unit already cached: 3TUG.cif
2026-05-11 06:56:47,491 - INFO - [550/2059] Biological assembly already cached: 3TUG-assembly1.cif
2026-05-11 06:56:47,692 - INFO - [551/2059] Asymmetric unit already cached: 3U15.cif
2026-05-11 06:56:47,692 - INFO - [551/2059] Biological assembly already cached: 3U15-assembly1.cif
2026-05-11 06:56:47,892 - INFO - [552/2059] Asymmetric unit already cached: 3U5M.cif
2026-05-11 06:56:47,892 - INFO - [552/2059] Biological assembly already cached: 3U5M-assembly1.cif
2026-05-11 06:56:48,093 - INFO - [553/2059] Asymmetric unit already cached: 3U5N.cif
2026-05-11 06:56:48,093 - INFO - [553/2059] Biological assembly already cached: 3U5N-assembly1.cif
2026-05-11 06:56:48,293 - INFO - [554/2059] Asymmetric unit already cached: 3U5O.cif
2026-05-11 06:56:48,293 - INFO - [554/2059] Biological assembly already cached: 3U5O-assembly1.cif
2026-05-11 06:56:48,494 - INFO - [555/2059] Asymmetric unit already cached: 3U5P.cif
2026-05-11 06:56:48,494 - INFO - [555/2059] Biological assembly already cached: 3U5P-assembly1.cif
2026-05-11 06:56:48,694 - INFO - [556/2059] Asymmetric unit already cached: 3UGB.cif
2026-05-11 06:56:48,694 - INFO - [556/2059] Biological assembly already cached: 3UGB-assembly1.cif
2026-05-11 06:56:48,895 - INFO - [557/2059] Asymmetric unit already cached: 3UIN.cif
2026-05-11 06:56:48,895 - INFO - [557/2059] Biological assembly already cached: 3UIN-assembly1.cif
2026-05-11 06:56:49,095 - INFO - [558/2059] Asymmetric unit already cached: 3UIO.cif
2026-05-11 06:56:49,095 - INFO - [558/2059] Biological assembly already cached: 3UIO-assembly1.cif
2026-05-11 06:56:49,296 - INFO - [559/2059] Asymmetric unit already cached: 3UIP.cif
2026-05-11 06:56:49,296 - INFO - [559/2059] Biological assembly already cached: 3UIP-assembly1.cif
2026-05-11 06:56:49,496 - INFO - [560/2059] Asymmetric unit already cached: 3UVK.cif
2026-05-11 06:56:49,497 - INFO - [560/2059] Biological assembly already cached: 3UVK-assembly1.cif
2026-05-11 06:56:49,697 - INFO - [561/2059] Asymmetric unit already cached: 3UVL.cif
2026-05-11 06:56:49,697 - INFO - [561/2059] Biological assembly already cached: 3UVL-assembly1.cif
2026-05-11 06:56:49,898 - INFO - [562/2059] Asymmetric unit already cached: 3UW4.cif
2026-05-11 06:56:49,898 - INFO - [562/2059] Biological assembly already cached: 3UW4-assembly1.cif
2026-05-11 06:56:50,098 - INFO - [563/2059] Asymmetric unit already cached: 3UW5.cif
2026-05-11 06:56:50,098 - INFO - [563/2059] Biological assembly already cached: 3UW5-assembly1.cif
2026-05-11 06:56:50,298 - INFO - [564/2059] Asymmetric unit already cached: 3V3B.cif
2026-05-11 06:56:50,299 - INFO - [564/2059] Biological assembly already cached: 3V3B-assembly1.cif
2026-05-11 06:56:50,499 - INFO - [565/2059] Asymmetric unit already cached: 3V3L.cif
2026-05-11 06:56:50,499 - INFO - [565/2059] Biological assembly already cached: 3V3L-assembly1.cif
2026-05-11 06:56:50,700 - INFO - [566/2059] Asymmetric unit already cached: 3VBG.cif
2026-05-11 06:56:50,700 - INFO - [566/2059] Biological assembly already cached: 3VBG-assembly1.cif
2026-05-11 06:56:50,900 - INFO - [567/2059] Asymmetric unit already cached: 3VGO.cif
2026-05-11 06:56:50,900 - INFO - [567/2059] Biological assembly already cached: 3VGO-assembly1.cif
2026-05-11 06:56:51,100 - INFO - [568/2059] Asymmetric unit already cached: 3VON.cif
2026-05-11 06:56:51,101 - INFO - [568/2059] Biological assembly already cached: 3VON-assembly1.cif
2026-05-11 06:56:51,301 - INFO - [569/2059] Asymmetric unit already cached: 3VRN.cif
2026-05-11 06:56:51,301 - INFO - [569/2059] Biological assembly already cached: 3VRN-assembly1.cif
2026-05-11 06:56:51,502 - INFO - [570/2059] Asymmetric unit already cached: 3VRO.cif
2026-05-11 06:56:51,502 - INFO - [570/2059] Biological assembly already cached: 3VRO-assembly1.cif
2026-05-11 06:56:51,702 - INFO - [571/2059] Asymmetric unit already cached: 3VRP.cif
2026-05-11 06:56:51,702 - INFO - [571/2059] Biological assembly already cached: 3VRP-assembly1.cif
2026-05-11 06:56:51,903 - INFO - [572/2059] Asymmetric unit already cached: 3VRQ.cif
2026-05-11 06:56:51,903 - INFO - [572/2059] Biological assembly already cached: 3VRQ-assembly1.cif
2026-05-11 06:56:52,103 - INFO - [573/2059] Asymmetric unit already cached: 3VRR.cif
2026-05-11 06:56:52,103 - INFO - [573/2059] Biological assembly already cached: 3VRR-assembly1.cif
2026-05-11 06:56:52,304 - INFO - [574/2059] Asymmetric unit already cached: 3VZV.cif
2026-05-11 06:56:52,304 - INFO - [574/2059] Biological assembly already cached: 3VZV-assembly1.cif
2026-05-11 06:56:52,504 - INFO - [575/2059] Asymmetric unit already cached: 3W31.cif
2026-05-11 06:56:52,504 - INFO - [575/2059] Biological assembly already cached: 3W31-assembly1.cif
2026-05-11 06:56:52,705 - INFO - [576/2059] Asymmetric unit already cached: 3W69.cif
2026-05-11 06:56:52,705 - INFO - [576/2059] Biological assembly already cached: 3W69-assembly1.cif
2026-05-11 06:56:52,905 - INFO - [577/2059] Asymmetric unit already cached: 3X1O.cif
2026-05-11 06:56:52,905 - INFO - [577/2059] Biological assembly already cached: 3X1O-assembly1.cif
2026-05-11 06:56:53,106 - INFO - [578/2059] Asymmetric unit already cached: 3ZJB.cif
2026-05-11 06:56:53,106 - INFO - [578/2059] Biological assembly already cached: 3ZJB-assembly1.cif
2026-05-11 06:56:53,306 - INFO - [579/2059] Asymmetric unit already cached: 3ZNI.cif
2026-05-11 06:56:53,307 - INFO - [579/2059] Biological assembly already cached: 3ZNI-assembly1.cif
2026-05-11 06:56:53,507 - INFO - [580/2059] Asymmetric unit already cached: 3ZQS.cif
2026-05-11 06:56:53,507 - INFO - [580/2059] Biological assembly already cached: 3ZQS-assembly1.cif
2026-05-11 06:56:53,707 - INFO - [581/2059] Asymmetric unit already cached: 3ZTG.cif
2026-05-11 06:56:53,707 - INFO - [581/2059] Biological assembly already cached: 3ZTG-assembly1.cif
2026-05-11 06:56:53,908 - INFO - [582/2059] Asymmetric unit already cached: 3ZVY.cif
2026-05-11 06:56:53,908 - INFO - [582/2059] Biological assembly already cached: 3ZVY-assembly1.cif
2026-05-11 06:56:54,109 - INFO - [583/2059] Asymmetric unit already cached: 3ZVZ.cif
2026-05-11 06:56:54,109 - INFO - [583/2059] Biological assembly already cached: 3ZVZ-assembly1.cif
2026-05-11 06:56:54,309 - INFO - [584/2059] Asymmetric unit already cached: 4A49.cif
2026-05-11 06:56:54,309 - INFO - [584/2059] Biological assembly already cached: 4A49-assembly1.cif
2026-05-11 06:56:54,510 - INFO - [585/2059] Asymmetric unit already cached: 4A4B.cif
2026-05-11 06:56:54,510 - INFO - [585/2059] Biological assembly already cached: 4A4B-assembly1.cif
2026-05-11 06:56:54,710 - INFO - [586/2059] Asymmetric unit already cached: 4A4C.cif
2026-05-11 06:56:54,711 - INFO - [586/2059] Biological assembly already cached: 4A4C-assembly1.cif
2026-05-11 06:56:54,911 - INFO - [587/2059] Asymmetric unit already cached: 4A9K.cif
2026-05-11 06:56:54,911 - INFO - [587/2059] Biological assembly already cached: 4A9K-assembly1.cif
2026-05-11 06:56:55,112 - INFO - [588/2059] Asymmetric unit already cached: 4AP4.cif
2026-05-11 06:56:55,112 - INFO - [588/2059] Biological assembly already cached: 4AP4-assembly1.cif
2026-05-11 06:56:55,312 - INFO - [589/2059] Asymmetric unit already cached: 4AUQ.cif
2026-05-11 06:56:55,312 - INFO - [589/2059] Biological assembly already cached: 4AUQ-assembly1.cif
2026-05-11 06:56:55,513 - INFO - [590/2059] Asymmetric unit already cached: 4AYC.cif
2026-05-11 06:56:55,513 - INFO - [590/2059] Biological assembly already cached: 4AYC-assembly1.cif
2026-05-11 06:56:55,713 - INFO - [591/2059] Asymmetric unit already cached: 4B7Y.cif
2026-05-11 06:56:55,713 - INFO - [591/2059] Biological assembly already cached: 4B7Y-assembly1.cif
2026-05-11 06:56:55,914 - INFO - [592/2059] Asymmetric unit already cached: 4B86.cif
2026-05-11 06:56:55,914 - INFO - [592/2059] Biological assembly already cached: 4B86-assembly1.cif
2026-05-11 06:56:56,114 - INFO - [593/2059] Asymmetric unit already cached: 4BBN.cif
2026-05-11 06:56:56,114 - INFO - [593/2059] Biological assembly already cached: 4BBN-assembly1.cif
2026-05-11 06:56:56,315 - INFO - [594/2059] Asymmetric unit already cached: 4BE8.cif
2026-05-11 06:56:56,315 - INFO - [594/2059] Biological assembly already cached: 4BE8-assembly1.cif
2026-05-11 06:56:56,515 - INFO - [595/2059] Asymmetric unit already cached: 4BHW.cif
2026-05-11 06:56:56,515 - INFO - [595/2059] Biological assembly already cached: 4BHW-assembly1.cif
2026-05-11 06:56:56,716 - INFO - [596/2059] Asymmetric unit already cached: 4BM9.cif
2026-05-11 06:56:56,716 - INFO - [596/2059] Biological assembly already cached: 4BM9-assembly1.cif
2026-05-11 06:56:56,916 - INFO - [597/2059] Asymmetric unit already cached: 4BVU.cif
2026-05-11 06:56:56,917 - INFO - [597/2059] Biological assembly already cached: 4BVU-assembly1.cif
2026-05-11 06:56:57,117 - INFO - [598/2059] Asymmetric unit already cached: 4C9Z.cif
2026-05-11 06:56:57,117 - INFO - [598/2059] Biological assembly already cached: 4C9Z-assembly1.cif
2026-05-11 06:56:57,317 - INFO - [599/2059] Asymmetric unit already cached: 4CA1.cif
2026-05-11 06:56:57,318 - INFO - [599/2059] Biological assembly already cached: 4CA1-assembly1.cif
2026-05-11 06:56:57,518 - INFO - [600/2059] Asymmetric unit already cached: 4CCG.cif
2026-05-11 06:56:57,518 - INFO - [600/2059] Biological assembly already cached: 4CCG-assembly1.cif
2026-05-11 06:56:57,719 - INFO - [601/2059] Asymmetric unit already cached: 4CFG.cif
2026-05-11 06:56:57,719 - INFO - [601/2059] Biological assembly already cached: 4CFG-assembly1.cif
2026-05-11 06:56:57,919 - INFO - [602/2059] Asymmetric unit already cached: 4DBG.cif
2026-05-11 06:56:57,919 - INFO - [602/2059] Biological assembly already cached: 4DBG-assembly1.cif
2026-05-11 06:56:58,120 - INFO - [603/2059] Asymmetric unit already cached: 4DDG.cif
2026-05-11 06:56:58,120 - INFO - [603/2059] Biological assembly already cached: 4DDG-assembly1.cif
2026-05-11 06:56:58,320 - INFO - [604/2059] Asymmetric unit already cached: 4DDI.cif
2026-05-11 06:56:58,320 - INFO - [604/2059] Biological assembly already cached: 4DDI-assembly1.cif
2026-05-11 06:56:58,521 - INFO - [605/2059] Asymmetric unit already cached: 4DHI.cif
2026-05-11 06:56:58,521 - INFO - [605/2059] Biological assembly already cached: 4DHI-assembly1.cif
2026-05-11 06:56:58,721 - INFO - [606/2059] Asymmetric unit already cached: 4DHJ.cif
2026-05-11 06:56:58,721 - INFO - [606/2059] Biological assembly already cached: 4DHJ-assembly1.cif
2026-05-11 06:56:58,922 - INFO - [607/2059] Asymmetric unit already cached: 4DHZ.cif
2026-05-11 06:56:58,922 - INFO - [607/2059] Biological assembly already cached: 4DHZ-assembly1.cif
2026-05-11 06:56:59,122 - INFO - [608/2059] Asymmetric unit already cached: 4DIJ.cif
2026-05-11 06:56:59,122 - INFO - [608/2059] Biological assembly already cached: 4DIJ-assembly1.cif
2026-05-11 06:56:59,323 - INFO - [609/2059] Asymmetric unit already cached: 4EB9.cif
2026-05-11 06:56:59,323 - INFO - [609/2059] Biological assembly already cached: 4EB9-assembly1.cif
2026-05-11 06:56:59,523 - INFO - [610/2059] Asymmetric unit already cached: 4EC4.cif
2026-05-11 06:56:59,524 - INFO - [610/2059] Biological assembly already cached: 4EC4-assembly1.cif
2026-05-11 06:56:59,724 - INFO - [611/2059] Asymmetric unit already cached: 4ERE.cif
2026-05-11 06:56:59,724 - INFO - [611/2059] Biological assembly already cached: 4ERE-assembly1.cif
2026-05-11 06:56:59,924 - INFO - [612/2059] Asymmetric unit already cached: 4ERF.cif
2026-05-11 06:56:59,925 - INFO - [612/2059] Biological assembly already cached: 4ERF-assembly1.cif
2026-05-11 06:57:00,125 - INFO - [613/2059] Asymmetric unit already cached: 4ERQ.cif
2026-05-11 06:57:00,125 - INFO - [613/2059] Biological assembly already cached: 4ERQ-assembly1.cif
2026-05-11 06:57:00,325 - INFO - [614/2059] Asymmetric unit already cached: 4ERY.cif
2026-05-11 06:57:00,326 - INFO - [614/2059] Biological assembly already cached: 4ERY-assembly1.cif
2026-05-11 06:57:00,526 - INFO - [615/2059] Asymmetric unit already cached: 4F52.cif
2026-05-11 06:57:00,526 - INFO - [615/2059] Biological assembly already cached: 4F52-assembly1.cif
2026-05-11 06:57:00,727 - INFO - [616/2059] Asymmetric unit already cached: 4FO9.cif
2026-05-11 06:57:00,727 - INFO - [616/2059] Biological assembly already cached: 4FO9-assembly1.cif
2026-05-11 06:57:00,927 - INFO - [617/2059] Asymmetric unit already cached: 4G3O.cif
2026-05-11 06:57:00,927 - INFO - [617/2059] Biological assembly already cached: 4G3O-assembly1.cif
2026-05-11 06:57:01,128 - INFO - [618/2059] Asymmetric unit already cached: 4GAO.cif
2026-05-11 06:57:01,128 - INFO - [618/2059] Biological assembly already cached: 4GAO-assembly1.cif
2026-05-11 06:57:01,328 - INFO - [619/2059] Asymmetric unit already cached: 4GB0.cif
2026-05-11 06:57:01,329 - INFO - [619/2059] Biological assembly already cached: 4GB0-assembly1.cif
2026-05-11 06:57:01,529 - INFO - [620/2059] Asymmetric unit already cached: 4GBA.cif
2026-05-11 06:57:01,529 - INFO - [620/2059] Biological assembly already cached: 4GBA-assembly1.cif
2026-05-11 06:57:01,730 - INFO - [621/2059] Asymmetric unit already cached: 4GIZ.cif
2026-05-11 06:57:01,730 - INFO - [621/2059] Biological assembly already cached: 4GIZ-assembly1.cif
2026-05-11 06:57:01,930 - INFO - [622/2059] Asymmetric unit already cached: 4GPL.cif
2026-05-11 06:57:01,930 - INFO - [622/2059] Biological assembly already cached: 4GPL-assembly1.cif
2026-05-11 06:57:02,131 - INFO - [623/2059] Asymmetric unit already cached: 4GY5.cif
2026-05-11 06:57:02,131 - INFO - [623/2059] Biological assembly already cached: 4GY5-assembly1.cif
2026-05-11 06:57:02,331 - INFO - [624/2059] Asymmetric unit already cached: 4HBM.cif
2026-05-11 06:57:02,331 - INFO - [624/2059] Biological assembly already cached: 4HBM-assembly1.cif
2026-05-11 06:57:02,532 - INFO - [625/2059] Asymmetric unit already cached: 4HFZ.cif
2026-05-11 06:57:02,532 - INFO - [625/2059] Biological assembly already cached: 4HFZ-assembly1.cif
2026-05-11 06:57:02,732 - INFO - [626/2059] Asymmetric unit already cached: 4HG7.cif
2026-05-11 06:57:02,732 - INFO - [626/2059] Biological assembly already cached: 4HG7-assembly1.cif
2026-05-11 06:57:02,933 - INFO - [627/2059] Asymmetric unit already cached: 4HPL.cif
2026-05-11 06:57:02,933 - INFO - [627/2059] Biological assembly already cached: 4HPL-assembly1.cif
2026-05-11 06:57:03,133 - INFO - [628/2059] Asymmetric unit already cached: 4HPM.cif
2026-05-11 06:57:03,133 - INFO - [628/2059] Biological assembly already cached: 4HPM-assembly1.cif
2026-05-11 06:57:03,334 - INFO - [629/2059] Asymmetric unit already cached: 4HRE.cif
2026-05-11 06:57:03,334 - INFO - [629/2059] Biological assembly already cached: 4HRE-assembly1.cif
2026-05-11 06:57:03,534 - INFO - [630/2059] Asymmetric unit already cached: 4HRH.cif
2026-05-11 06:57:03,534 - INFO - [630/2059] Biological assembly already cached: 4HRH-assembly1.cif
2026-05-11 06:57:03,735 - INFO - [631/2059] Asymmetric unit already cached: 4HY0.cif
2026-05-11 06:57:03,735 - INFO - [631/2059] Biological assembly already cached: 4HY0-assembly1.cif
2026-05-11 06:57:03,935 - INFO - [632/2059] Asymmetric unit already cached: 4HY4.cif
2026-05-11 06:57:03,935 - INFO - [632/2059] Biological assembly already cached: 4HY4-assembly1.cif
2026-05-11 06:57:04,136 - INFO - [633/2059] Asymmetric unit already cached: 4HY5.cif
2026-05-11 06:57:04,136 - INFO - [633/2059] Biological assembly already cached: 4HY5-assembly1.cif
2026-05-11 06:57:04,336 - INFO - [634/2059] Asymmetric unit already cached: 4I1F.cif
2026-05-11 06:57:04,336 - INFO - [634/2059] Biological assembly already cached: 4I1F-assembly1.cif
2026-05-11 06:57:04,537 - INFO - [635/2059] Asymmetric unit already cached: 4I1H.cif
2026-05-11 06:57:04,537 - INFO - [635/2059] Biological assembly already cached: 4I1H-assembly1.cif
2026-05-11 06:57:04,737 - INFO - [636/2059] Asymmetric unit already cached: 4I7B.cif
2026-05-11 06:57:04,738 - INFO - [636/2059] Biological assembly already cached: 4I7B-assembly1.cif
2026-05-11 06:57:04,938 - INFO - [637/2059] Asymmetric unit already cached: 4I7C.cif
2026-05-11 06:57:04,938 - INFO - [637/2059] Biological assembly already cached: 4I7C-assembly1.cif
2026-05-11 06:57:05,138 - INFO - [638/2059] Asymmetric unit already cached: 4I7D.cif
2026-05-11 06:57:05,139 - INFO - [638/2059] Biological assembly already cached: 4I7D-assembly1.cif
2026-05-11 06:57:05,339 - INFO - [639/2059] Asymmetric unit already cached: 4IC2.cif
2026-05-11 06:57:05,339 - INFO - [639/2059] Biological assembly already cached: 4IC2-assembly1.cif
2026-05-11 06:57:05,540 - INFO - [640/2059] Asymmetric unit already cached: 4IC3.cif
2026-05-11 06:57:05,540 - INFO - [640/2059] Biological assembly already cached: 4IC3-assembly1.cif
2026-05-11 06:57:05,740 - INFO - [641/2059] Asymmetric unit already cached: 4IFI.cif
2026-05-11 06:57:05,740 - INFO - [641/2059] Biological assembly already cached: 4IFI-assembly1.cif
2026-05-11 06:57:05,941 - INFO - [642/2059] Asymmetric unit already cached: 4IGK.cif
2026-05-11 06:57:05,941 - INFO - [642/2059] Biological assembly already cached: 4IGK-assembly1.cif
2026-05-11 06:57:06,141 - INFO - [643/2059] Asymmetric unit already cached: 4IP3.cif
2026-05-11 06:57:06,141 - INFO - [643/2059] Biological assembly already cached: 4IP3-assembly1.cif
2026-05-11 06:57:06,342 - INFO - [644/2059] Asymmetric unit already cached: 4J3Y.cif
2026-05-11 06:57:06,342 - INFO - [644/2059] Biological assembly already cached: 4J3Y-assembly1.cif
2026-05-11 06:57:06,542 - INFO - [645/2059] Asymmetric unit already cached: 4J44.cif
2026-05-11 06:57:06,542 - INFO - [645/2059] Biological assembly already cached: 4J44-assembly1.cif
2026-05-11 06:57:06,743 - INFO - [646/2059] Asymmetric unit already cached: 4J45.cif
2026-05-11 06:57:06,743 - INFO - [646/2059] Biological assembly already cached: 4J45-assembly1.cif
2026-05-11 06:57:06,943 - INFO - [647/2059] Asymmetric unit already cached: 4J46.cif
2026-05-11 06:57:06,944 - INFO - [647/2059] Biological assembly already cached: 4J46-assembly1.cif
2026-05-11 06:57:07,144 - INFO - [648/2059] Asymmetric unit already cached: 4J47.cif
2026-05-11 06:57:07,144 - INFO - [648/2059] Biological assembly already cached: 4J47-assembly1.cif
2026-05-11 06:57:07,345 - INFO - [649/2059] Asymmetric unit already cached: 4J48.cif
2026-05-11 06:57:07,345 - INFO - [649/2059] Biological assembly already cached: 4J48-assembly1.cif
2026-05-11 06:57:07,545 - INFO - [650/2059] Asymmetric unit already cached: 4JJQ.cif
2026-05-11 06:57:07,545 - INFO - [650/2059] Biological assembly already cached: 4JJQ-assembly1.cif
2026-05-11 06:57:07,746 - INFO - [651/2059] Asymmetric unit already cached: 4JLU.cif
2026-05-11 06:57:07,746 - INFO - [651/2059] Biological assembly already cached: 4JLU-assembly1.cif
2026-05-11 06:57:07,946 - INFO - [652/2059] Asymmetric unit already cached: 4JUY.cif
2026-05-11 06:57:07,946 - INFO - [652/2059] Biological assembly already cached: 4JUY-assembly1.cif
2026-05-11 06:57:08,147 - INFO - [653/2059] Asymmetric unit already cached: 4JV7.cif
2026-05-11 06:57:08,147 - INFO - [653/2059] Biological assembly already cached: 4JV7-assembly1.cif
2026-05-11 06:57:08,347 - INFO - [654/2059] Asymmetric unit already cached: 4JV9.cif
2026-05-11 06:57:08,347 - INFO - [654/2059] Biological assembly already cached: 4JV9-assembly1.cif
2026-05-11 06:57:08,548 - INFO - [655/2059] Asymmetric unit already cached: 4JVE.cif
2026-05-11 06:57:08,548 - INFO - [655/2059] Biological assembly already cached: 4JVE-assembly1.cif
2026-05-11 06:57:08,748 - INFO - [656/2059] Asymmetric unit already cached: 4JVR.cif
2026-05-11 06:57:08,748 - INFO - [656/2059] Biological assembly already cached: 4JVR-assembly1.cif
2026-05-11 06:57:08,949 - INFO - [657/2059] Asymmetric unit already cached: 4JWR.cif
2026-05-11 06:57:08,949 - INFO - [657/2059] Biological assembly already cached: 4JWR-assembly1.cif
2026-05-11 06:57:09,150 - INFO - [658/2059] Asymmetric unit already cached: 4K8U.cif
2026-05-11 06:57:09,150 - INFO - [658/2059] Biological assembly already cached: 4K8U-assembly1.cif
2026-05-11 06:57:09,350 - INFO - [659/2059] Asymmetric unit already cached: 4KBL.cif
2026-05-11 06:57:09,350 - INFO - [659/2059] Biological assembly already cached: 4KBL-assembly1.cif
2026-05-11 06:57:09,551 - INFO - [660/2059] Asymmetric unit already cached: 4KBQ.cif
2026-05-11 06:57:09,551 - INFO - [660/2059] Biological assembly already cached: 4KBQ-assembly1.cif
2026-05-11 06:57:09,751 - INFO - [661/2059] Asymmetric unit already cached: 4KC9.cif
2026-05-11 06:57:09,751 - INFO - [661/2059] Biological assembly already cached: 4KC9-assembly1.cif
2026-05-11 06:57:09,952 - INFO - [662/2059] Asymmetric unit already cached: 4KJU.cif
2026-05-11 06:57:09,952 - INFO - [662/2059] Biological assembly already cached: 4KJU-assembly1.cif
2026-05-11 06:57:10,152 - INFO - [663/2059] Asymmetric unit already cached: 4KJV.cif
2026-05-11 06:57:10,152 - INFO - [663/2059] Biological assembly already cached: 4KJV-assembly1.cif
2026-05-11 06:57:10,353 - INFO - [664/2059] Asymmetric unit already cached: 4KMN.cif
2026-05-11 06:57:10,353 - INFO - [664/2059] Biological assembly already cached: 4KMN-assembly1.cif
2026-05-11 06:57:10,553 - INFO - [665/2059] Asymmetric unit already cached: 4KMP.cif
2026-05-11 06:57:10,554 - INFO - [665/2059] Biological assembly already cached: 4KMP-assembly1.cif
2026-05-11 06:57:10,754 - INFO - [666/2059] Asymmetric unit already cached: 4KNG.cif
2026-05-11 06:57:10,754 - INFO - [666/2059] Biological assembly already cached: 4KNG-assembly1.cif
2026-05-11 06:57:10,954 - INFO - [667/2059] Asymmetric unit already cached: 4L1M.cif
2026-05-11 06:57:10,955 - INFO - [667/2059] Biological assembly already cached: 4L1M-assembly1.cif
2026-05-11 06:57:11,155 - INFO - [668/2059] Asymmetric unit already cached: 4LAD.cif
2026-05-11 06:57:11,155 - INFO - [668/2059] Biological assembly already cached: 4LAD-assembly1.cif
2026-05-11 06:57:11,355 - INFO - [669/2059] Asymmetric unit already cached: 4LDT.cif
2026-05-11 06:57:11,356 - INFO - [669/2059] Biological assembly already cached: 4LDT-assembly1.cif
2026-05-11 06:57:11,556 - INFO - [670/2059] Asymmetric unit already cached: 4LG8.cif
2026-05-11 06:57:11,556 - INFO - [670/2059] Biological assembly already cached: 4LG8-assembly1.cif
2026-05-11 06:57:11,757 - INFO - [671/2059] Asymmetric unit already cached: 4LGE.cif
2026-05-11 06:57:11,757 - INFO - [671/2059] Biological assembly already cached: 4LGE-assembly1.cif
2026-05-11 06:57:11,957 - INFO - [672/2059] Asymmetric unit already cached: 4LGU.cif
2026-05-11 06:57:11,957 - INFO - [672/2059] Biological assembly already cached: 4LGU-assembly1.cif
2026-05-11 06:57:12,158 - INFO - [673/2059] Asymmetric unit already cached: 4LJO.cif
2026-05-11 06:57:12,158 - INFO - [673/2059] Biological assembly already cached: 4LJO-assembly1.cif
2026-05-11 06:57:12,358 - INFO - [674/2059] Asymmetric unit already cached: 4LJP.cif
2026-05-11 06:57:12,358 - INFO - [674/2059] Biological assembly already cached: 4LJP-assembly1.cif
2026-05-11 06:57:12,559 - INFO - [675/2059] Asymmetric unit already cached: 4LJQ.cif
2026-05-11 06:57:12,559 - INFO - [675/2059] Biological assembly already cached: 4LJQ-assembly1.cif
2026-05-11 06:57:12,759 - INFO - [676/2059] Asymmetric unit already cached: 4LTB.cif
2026-05-11 06:57:12,759 - INFO - [676/2059] Biological assembly already cached: 4LTB-assembly1.cif
2026-05-11 06:57:12,960 - INFO - [677/2059] Asymmetric unit already cached: 4M3L.cif
2026-05-11 06:57:12,960 - INFO - [677/2059] Biological assembly already cached: 4M3L-assembly1.cif
2026-05-11 06:57:13,160 - INFO - [678/2059] Asymmetric unit already cached: 4M4E.cif
2026-05-11 06:57:13,161 - INFO - [678/2059] Biological assembly already cached: 4M4E-assembly1.cif
2026-05-11 06:57:13,361 - INFO - [679/2059] Asymmetric unit already cached: 4MDK.cif
2026-05-11 06:57:13,361 - INFO - [679/2059] Biological assembly already cached: 4MDK-assembly1.cif
2026-05-11 06:57:13,562 - INFO - [680/2059] Asymmetric unit already cached: 4MDN.cif
2026-05-11 06:57:13,562 - INFO - [680/2059] Biological assembly already cached: 4MDN-assembly1.cif
2026-05-11 06:57:13,762 - INFO - [681/2059] Asymmetric unit already cached: 4MDQ.cif
2026-05-11 06:57:13,762 - INFO - [681/2059] Biological assembly already cached: 4MDQ-assembly1.cif
2026-05-11 06:57:13,963 - INFO - [682/2059] Asymmetric unit already cached: 4MJS.cif
2026-05-11 06:57:13,963 - INFO - [682/2059] Biological assembly already cached: 4MJS-assembly1.cif
2026-05-11 06:57:14,163 - INFO - [683/2059] Asymmetric unit already cached: 4MTI.cif
2026-05-11 06:57:14,163 - INFO - [683/2059] Biological assembly already cached: 4MTI-assembly1.cif
2026-05-11 06:57:14,364 - INFO - [684/2059] Asymmetric unit already cached: 4MTZ.cif
2026-05-11 06:57:14,364 - INFO - [684/2059] Biological assembly already cached: 4MTZ-assembly1.cif
2026-05-11 06:57:14,564 - INFO - [685/2059] Asymmetric unit already cached: 4MU7.cif
2026-05-11 06:57:14,565 - INFO - [685/2059] Biological assembly already cached: 4MU7-assembly1.cif
2026-05-11 06:57:14,765 - INFO - [686/2059] Asymmetric unit already cached: 4N3W.cif
2026-05-11 06:57:14,765 - INFO - [686/2059] Biological assembly already cached: 4N3W-assembly1.cif
2026-05-11 06:57:14,966 - INFO - [687/2059] Asymmetric unit already cached: 4N4F.cif
2026-05-11 06:57:14,966 - INFO - [687/2059] Biological assembly already cached: 4N4F-assembly1.cif
2026-05-11 06:57:15,166 - INFO - [688/2059] Asymmetric unit already cached: 4N7F.cif
2026-05-11 06:57:15,166 - INFO - [688/2059] Biological assembly already cached: 4N7F-assembly1.cif
2026-05-11 06:57:15,367 - INFO - [689/2059] Asymmetric unit already cached: 4N7H.cif
2026-05-11 06:57:15,367 - INFO - [689/2059] Biological assembly already cached: 4N7H-assembly1.cif
2026-05-11 06:57:15,567 - INFO - [690/2059] Asymmetric unit already cached: 4NQJ.cif
2026-05-11 06:57:15,567 - INFO - [690/2059] Biological assembly already cached: 4NQJ-assembly1.cif
2026-05-11 06:57:15,768 - INFO - [691/2059] Asymmetric unit already cached: 4NR3.cif
2026-05-11 06:57:15,768 - INFO - [691/2059] Biological assembly already cached: 4NR3-assembly1.cif
2026-05-11 06:57:15,968 - INFO - [692/2059] Asymmetric unit already cached: 4NR4.cif
2026-05-11 06:57:15,969 - INFO - [692/2059] Biological assembly already cached: 4NR4-assembly1.cif
2026-05-11 06:57:16,169 - INFO - [693/2059] Asymmetric unit already cached: 4NR5.cif
2026-05-11 06:57:16,169 - INFO - [693/2059] Biological assembly already cached: 4NR5-assembly1.cif
2026-05-11 06:57:16,370 - INFO - [694/2059] Asymmetric unit already cached: 4NR6.cif
2026-05-11 06:57:16,370 - INFO - [694/2059] Biological assembly already cached: 4NR6-assembly1.cif
2026-05-11 06:57:16,570 - INFO - [695/2059] Asymmetric unit already cached: 4NR7.cif
2026-05-11 06:57:16,570 - INFO - [695/2059] Biological assembly already cached: 4NR7-assembly1.cif
2026-05-11 06:57:16,771 - INFO - [696/2059] Asymmetric unit already cached: 4NRG.cif
2026-05-11 06:57:16,771 - INFO - [696/2059] Biological assembly already cached: 4NRG-assembly1.cif
2026-05-11 06:57:16,971 - INFO - [697/2059] Asymmetric unit already cached: 4NRI.cif
2026-05-11 06:57:16,971 - INFO - [697/2059] Biological assembly already cached: 4NRI-assembly1.cif
2026-05-11 06:57:17,172 - INFO - [698/2059] Asymmetric unit already cached: 4NYV.cif
2026-05-11 06:57:17,172 - INFO - [698/2059] Biological assembly already cached: 4NYV-assembly1.cif
2026-05-11 06:57:17,372 - INFO - [699/2059] Asymmetric unit already cached: 4NYW.cif
2026-05-11 06:57:17,373 - INFO - [699/2059] Biological assembly already cached: 4NYW-assembly1.cif
2026-05-11 06:57:17,573 - INFO - [700/2059] Asymmetric unit already cached: 4NYX.cif
2026-05-11 06:57:17,573 - INFO - [700/2059] Biological assembly already cached: 4NYX-assembly1.cif
2026-05-11 06:57:17,774 - INFO - [701/2059] Asymmetric unit already cached: 4O2W.cif
2026-05-11 06:57:17,774 - INFO - [701/2059] Biological assembly already cached: 4O2W-assembly1.cif
2026-05-11 06:57:17,974 - INFO - [702/2059] Asymmetric unit already cached: 4OAS.cif
2026-05-11 06:57:17,974 - INFO - [702/2059] Biological assembly already cached: 4OAS-assembly1.cif
2026-05-11 06:57:18,175 - INFO - [703/2059] Asymmetric unit already cached: 4OBA.cif
2026-05-11 06:57:18,175 - INFO - [703/2059] Biological assembly already cached: 4OBA-assembly1.cif
2026-05-11 06:57:18,375 - INFO - [704/2059] Asymmetric unit already cached: 4OCC.cif
2026-05-11 06:57:18,376 - INFO - [704/2059] Biological assembly already cached: 4OCC-assembly1.cif
2026-05-11 06:57:18,576 - INFO - [705/2059] Asymmetric unit already cached: 4ODE.cif
2026-05-11 06:57:18,576 - INFO - [705/2059] Biological assembly already cached: 4ODE-assembly1.cif
2026-05-11 06:57:18,777 - INFO - [706/2059] Asymmetric unit already cached: 4ODF.cif
2026-05-11 06:57:18,777 - INFO - [706/2059] Biological assembly already cached: 4ODF-assembly1.cif
2026-05-11 06:57:18,977 - INFO - [707/2059] Asymmetric unit already cached: 4OFB.cif
2026-05-11 06:57:18,978 - INFO - [707/2059] Biological assembly already cached: 4OFB-assembly1.cif
2026-05-11 06:57:19,178 - INFO - [708/2059] Asymmetric unit already cached: 4OGN.cif
2026-05-11 06:57:19,178 - INFO - [708/2059] Biological assembly already cached: 4OGN-assembly1.cif
2026-05-11 06:57:19,379 - INFO - [709/2059] Asymmetric unit already cached: 4OGT.cif
2026-05-11 06:57:19,379 - INFO - [709/2059] Biological assembly already cached: 4OGT-assembly1.cif
2026-05-11 06:57:19,579 - INFO - [710/2059] Asymmetric unit already cached: 4OGV.cif
2026-05-11 06:57:19,579 - INFO - [710/2059] Biological assembly already cached: 4OGV-assembly1.cif
2026-05-11 06:57:19,780 - INFO - [711/2059] Asymmetric unit already cached: 4ONL.cif
2026-05-11 06:57:19,780 - INFO - [711/2059] Biological assembly already cached: 4ONL-assembly1.cif
2026-05-11 06:57:19,980 - INFO - [712/2059] Asymmetric unit already cached: 4ONM.cif
2026-05-11 06:57:19,981 - INFO - [712/2059] Biological assembly already cached: 4ONM-assembly1.cif
2026-05-11 06:57:20,181 - INFO - [713/2059] Asymmetric unit already cached: 4ONN.cif
2026-05-11 06:57:20,181 - INFO - [713/2059] Biological assembly already cached: 4ONN-assembly1.cif
2026-05-11 06:57:20,382 - INFO - [714/2059] Asymmetric unit already cached: 4OQ3.cif
2026-05-11 06:57:20,382 - INFO - [714/2059] Biological assembly already cached: 4OQ3-assembly1.cif
2026-05-11 06:57:20,582 - INFO - [715/2059] Asymmetric unit already cached: 4ORH.cif
2026-05-11 06:57:20,582 - INFO - [715/2059] Biological assembly already cached: 4ORH-assembly1.cif
2026-05-11 06:57:20,783 - INFO - [716/2059] Asymmetric unit already cached: 4OUF.cif
2026-05-11 06:57:20,783 - INFO - [716/2059] Biological assembly already cached: 4OUF-assembly1.cif
2026-05-11 06:57:20,983 - INFO - [717/2059] Asymmetric unit already cached: 4OWF.cif
2026-05-11 06:57:20,984 - INFO - [717/2059] Biological assembly already cached: 4OWF-assembly1.cif
2026-05-11 06:57:21,184 - INFO - [718/2059] Asymmetric unit already cached: 4OXC.cif
2026-05-11 06:57:21,184 - INFO - [718/2059] Biological assembly already cached: 4OXC-assembly1.cif
2026-05-11 06:57:21,385 - INFO - [719/2059] Asymmetric unit already cached: 4OYJ.cif
2026-05-11 06:57:21,385 - INFO - [719/2059] Biological assembly already cached: 4OYJ-assembly1.cif
2026-05-11 06:57:21,585 - INFO - [720/2059] Asymmetric unit already cached: 4OYK.cif
2026-05-11 06:57:21,585 - INFO - [720/2059] Biological assembly already cached: 4OYK-assembly1.cif
2026-05-11 06:57:21,786 - INFO - [721/2059] Asymmetric unit already cached: 4P09.cif
2026-05-11 06:57:21,786 - INFO - [721/2059] Biological assembly already cached: 4P09-assembly1.cif
2026-05-11 06:57:21,987 - INFO - [722/2059] Asymmetric unit already cached: 4P0A.cif
2026-05-11 06:57:21,987 - INFO - [722/2059] Biological assembly already cached: 4P0A-assembly1.cif
2026-05-11 06:57:22,187 - INFO - [723/2059] Asymmetric unit already cached: 4P0B.cif
2026-05-11 06:57:22,187 - INFO - [723/2059] Biological assembly already cached: 4P0B-assembly1.cif
2026-05-11 06:57:22,388 - INFO - [724/2059] Asymmetric unit already cached: 4P5O.cif
2026-05-11 06:57:22,388 - INFO - [724/2059] Biological assembly already cached: 4P5O-assembly1.cif
2026-05-11 06:57:22,588 - INFO - [725/2059] Asymmetric unit already cached: 4PPE.cif
2026-05-11 06:57:22,588 - INFO - [725/2059] Biological assembly already cached: 4PPE-assembly1.cif
2026-05-11 06:57:22,789 - INFO - [726/2059] Asymmetric unit already cached: 4PW5.cif
2026-05-11 06:57:22,789 - INFO - [726/2059] Biological assembly already cached: 4PW5-assembly1.cif
2026-05-11 06:57:22,989 - INFO - [727/2059] Asymmetric unit already cached: 4PW6.cif
2026-05-11 06:57:22,989 - INFO - [727/2059] Biological assembly already cached: 4PW6-assembly1.cif
2026-05-11 06:57:23,190 - INFO - [728/2059] Asymmetric unit already cached: 4PW7.cif
2026-05-11 06:57:23,190 - INFO - [728/2059] Biological assembly already cached: 4PW7-assembly1.cif
2026-05-11 06:57:23,390 - INFO - [729/2059] Asymmetric unit already cached: 4PZR.cif
2026-05-11 06:57:23,391 - INFO - [729/2059] Biological assembly already cached: 4PZR-assembly1.cif
2026-05-11 06:57:23,591 - INFO - [730/2059] Asymmetric unit already cached: 4PZS.cif
2026-05-11 06:57:23,591 - INFO - [730/2059] Biological assembly already cached: 4PZS-assembly1.cif
2026-05-11 06:57:23,791 - INFO - [731/2059] Asymmetric unit already cached: 4PZT.cif
2026-05-11 06:57:23,792 - INFO - [731/2059] Biological assembly already cached: 4PZT-assembly1.cif
2026-05-11 06:57:23,992 - INFO - [732/2059] Asymmetric unit already cached: 4Q5E.cif
2026-05-11 06:57:23,992 - INFO - [732/2059] Biological assembly already cached: 4Q5E-assembly1.cif
2026-05-11 06:57:24,193 - INFO - [733/2059] Asymmetric unit already cached: 4Q5H.cif
2026-05-11 06:57:24,193 - INFO - [733/2059] Biological assembly already cached: 4Q5H-assembly1.cif
2026-05-11 06:57:24,393 - INFO - [734/2059] Asymmetric unit already cached: 4QIK.cif
2026-05-11 06:57:24,393 - INFO - [734/2059] Biological assembly already cached: 4QIK-assembly1.cif
2026-05-11 06:57:24,594 - INFO - [735/2059] Asymmetric unit already cached: 4QIL.cif
2026-05-11 06:57:24,594 - INFO - [735/2059] Biological assembly already cached: 4QIL-assembly1.cif
2026-05-11 06:57:24,794 - INFO - [736/2059] Asymmetric unit already cached: 4QN1.cif
2026-05-11 06:57:24,794 - INFO - [736/2059] Biological assembly already cached: 4QN1-assembly1.cif
2026-05-11 06:57:24,995 - INFO - [737/2059] Asymmetric unit already cached: 4QO4.cif
2026-05-11 06:57:24,995 - INFO - [737/2059] Biological assembly already cached: 4QO4-assembly1.cif
2026-05-11 06:57:25,195 - INFO - [738/2059] Asymmetric unit already cached: 4QOC.cif
2026-05-11 06:57:25,195 - INFO - [738/2059] Biological assembly already cached: 4QOC-assembly1.cif
2026-05-11 06:57:25,396 - INFO - [739/2059] Asymmetric unit already cached: 4QPL.cif
2026-05-11 06:57:25,396 - INFO - [739/2059] Biological assembly already cached: 4QPL-assembly1.cif
2026-05-11 06:57:25,596 - INFO - [740/2059] Asymmetric unit already cached: 4QQD.cif
2026-05-11 06:57:25,596 - INFO - [740/2059] Biological assembly already cached: 4QQD-assembly1.cif
2026-05-11 06:57:25,797 - INFO - [741/2059] Asymmetric unit already cached: 4QT6.cif
2026-05-11 06:57:25,797 - INFO - [741/2059] Biological assembly already cached: 4QT6-assembly1.cif
2026-05-11 06:57:25,997 - INFO - [742/2059] Asymmetric unit already cached: 4R2Y.cif
2026-05-11 06:57:25,998 - INFO - [742/2059] Biological assembly already cached: 4R2Y-assembly1.cif
2026-05-11 06:57:26,198 - INFO - [743/2059] Asymmetric unit already cached: 4R8P.cif
2026-05-11 06:57:26,198 - INFO - [743/2059] Biological assembly already cached: 4R8P-assembly1.cif
2026-05-11 06:57:26,398 - INFO - [744/2059] Asymmetric unit already cached: 4ROF.cif
2026-05-11 06:57:26,399 - INFO - [744/2059] Biological assembly already cached: 4ROF-assembly1.cif
2026-05-11 06:57:26,599 - INFO - [745/2059] Asymmetric unit already cached: 4RXZ.cif
2026-05-11 06:57:26,599 - INFO - [745/2059] Biological assembly already cached: 4RXZ-assembly1.cif
2026-05-11 06:57:26,800 - INFO - [746/2059] Asymmetric unit already cached: 4S0N.cif
2026-05-11 06:57:26,800 - INFO - [746/2059] Biological assembly already cached: 4S0N-assembly1.cif
2026-05-11 06:57:27,000 - INFO - [747/2059] Asymmetric unit already cached: 4S3O.cif
2026-05-11 06:57:27,000 - INFO - [747/2059] Biological assembly already cached: 4S3O-assembly1.cif
2026-05-11 06:57:27,201 - INFO - [748/2059] Asymmetric unit already cached: 4TKP.cif
2026-05-11 06:57:27,201 - INFO - [748/2059] Biological assembly already cached: 4TKP-assembly1.cif
2026-05-11 06:57:27,401 - INFO - [749/2059] Asymmetric unit already cached: 4TQN.cif
2026-05-11 06:57:27,401 - INFO - [749/2059] Biological assembly already cached: 4TQN-assembly1.cif
2026-05-11 06:57:27,602 - INFO - [750/2059] Asymmetric unit already cached: 4TS8.cif
2026-05-11 06:57:27,602 - INFO - [750/2059] Biological assembly already cached: 4TS8-assembly1.cif
2026-05-11 06:57:27,802 - INFO - [751/2059] Asymmetric unit already cached: 4TSE.cif
2026-05-11 06:57:27,803 - INFO - [751/2059] Biological assembly already cached: 4TSE-assembly1.cif
2026-05-11 06:57:28,003 - INFO - [752/2059] Asymmetric unit already cached: 4TVR.cif
2026-05-11 06:57:28,003 - INFO - [752/2059] Biological assembly already cached: 4TVR-assembly1.cif
2026-05-11 06:57:28,203 - INFO - [753/2059] Asymmetric unit already cached: 4U4A.cif
2026-05-11 06:57:28,204 - INFO - [753/2059] Biological assembly already cached: 4U4A-assembly1.cif
2026-05-11 06:57:28,404 - INFO - [754/2059] Asymmetric unit already cached: 4UD7.cif
2026-05-11 06:57:28,404 - INFO - [754/2059] Biological assembly already cached: 4UD7-assembly1.cif
2026-05-11 06:57:28,605 - INFO - [755/2059] Asymmetric unit already cached: 4UE1.cif
2026-05-11 06:57:28,605 - INFO - [755/2059] Biological assembly already cached: 4UE1-assembly1.cif
2026-05-11 06:57:28,805 - INFO - [756/2059] Asymmetric unit already cached: 4UF8.cif
2026-05-11 06:57:28,805 - INFO - [756/2059] Biological assembly already cached: 4UF8-assembly1.cif
2026-05-11 06:57:29,006 - INFO - [757/2059] Asymmetric unit already cached: 4UF9.cif
2026-05-11 06:57:29,006 - INFO - [757/2059] Biological assembly already cached: 4UF9-assembly1.cif
2026-05-11 06:57:29,207 - INFO - [758/2059] Asymmetric unit already cached: 4UFS.cif
2026-05-11 06:57:29,207 - INFO - [758/2059] Biological assembly already cached: 4UFS-assembly1.cif
2026-05-11 06:57:29,407 - INFO - [759/2059] Asymmetric unit already cached: 4UI9.cif
2026-05-11 06:57:29,407 - INFO - [759/2059] Biological assembly already cached: 4UI9-assembly1.cif
2026-05-11 06:57:29,608 - INFO - [760/2059] Asymmetric unit already cached: 4ULW.cif
2026-05-11 06:57:29,608 - INFO - [760/2059] Biological assembly already cached: 4ULW-assembly1.cif
2026-05-11 06:57:29,808 - INFO - [761/2059] Asymmetric unit already cached: 4UMN.cif
2026-05-11 06:57:29,808 - INFO - [761/2059] Biological assembly already cached: 4UMN-assembly1.cif
2026-05-11 06:57:30,009 - INFO - [762/2059] Asymmetric unit already cached: 4V3K.cif
2026-05-11 06:57:30,009 - INFO - [762/2059] Biological assembly already cached: 4V3K-assembly1.cif
2026-05-11 06:57:30,209 - INFO - [763/2059] Asymmetric unit already cached: 4V3L.cif
2026-05-11 06:57:30,209 - INFO - [763/2059] Biological assembly already cached: 4V3L-assembly1.cif
2026-05-11 06:57:30,410 - INFO - [764/2059] Asymmetric unit already cached: 4W5V.cif
2026-05-11 06:57:30,410 - INFO - [764/2059] Biological assembly already cached: 4W5V-assembly1.cif
2026-05-11 06:57:30,610 - INFO - [765/2059] Asymmetric unit already cached: 4WHU.cif
2026-05-11 06:57:30,610 - INFO - [765/2059] Biological assembly already cached: 4WHU-assembly1.cif
2026-05-11 06:57:30,811 - INFO - [766/2059] Asymmetric unit already cached: 4WHV.cif
2026-05-11 06:57:30,811 - INFO - [766/2059] Biological assembly already cached: 4WHV-assembly1.cif
2026-05-11 06:57:31,011 - INFO - [767/2059] Asymmetric unit already cached: 4WJN.cif
2026-05-11 06:57:31,012 - INFO - [767/2059] Biological assembly already cached: 4WJN-assembly1.cif
2026-05-11 06:57:31,212 - INFO - [768/2059] Asymmetric unit already cached: 4WJO.cif
2026-05-11 06:57:31,212 - INFO - [768/2059] Biological assembly already cached: 4WJO-assembly1.cif
2026-05-11 06:57:31,413 - INFO - [769/2059] Asymmetric unit already cached: 4WT2.cif
2026-05-11 06:57:31,413 - INFO - [769/2059] Biological assembly already cached: 4WT2-assembly1.cif
2026-05-11 06:57:31,613 - INFO - [770/2059] Asymmetric unit already cached: 4WVS.cif
2026-05-11 06:57:31,613 - INFO - [770/2059] Biological assembly already cached: 4WVS-assembly1.cif
2026-05-11 06:57:31,814 - INFO - [771/2059] Asymmetric unit already cached: 4WVT.cif
2026-05-11 06:57:31,814 - INFO - [771/2059] Biological assembly already cached: 4WVT-assembly1.cif
2026-05-11 06:57:32,014 - INFO - [772/2059] Asymmetric unit already cached: 4WVU.cif
2026-05-11 06:57:32,014 - INFO - [772/2059] Biological assembly already cached: 4WVU-assembly1.cif
2026-05-11 06:57:32,215 - INFO - [773/2059] Asymmetric unit already cached: 4WZ3.cif
2026-05-11 06:57:32,215 - INFO - [773/2059] Biological assembly already cached: 4WZ3-assembly1.cif
2026-05-11 06:57:32,415 - INFO - [774/2059] Asymmetric unit already cached: 4X3G.cif
2026-05-11 06:57:32,416 - INFO - [774/2059] Biological assembly already cached: 4X3G-assembly1.cif
2026-05-11 06:57:32,616 - INFO - [775/2059] Asymmetric unit already cached: 4XI6.cif
2026-05-11 06:57:32,616 - INFO - [775/2059] Biological assembly already cached: 4XI6-assembly1.cif
2026-05-11 06:57:32,816 - INFO - [776/2059] Asymmetric unit already cached: 4XI7.cif
2026-05-11 06:57:32,816 - INFO - [776/2059] Biological assembly already cached: 4XI7-assembly1.cif
2026-05-11 06:57:33,017 - INFO - [777/2059] Asymmetric unit already cached: 4XIB.cif
2026-05-11 06:57:33,017 - INFO - [777/2059] Biological assembly already cached: 4XIB-assembly1.cif
2026-05-11 06:57:33,217 - INFO - [778/2059] Asymmetric unit already cached: 4XR8.cif
2026-05-11 06:57:33,217 - INFO - [778/2059] Biological assembly already cached: 4XR8-assembly1.cif
2026-05-11 06:57:33,418 - INFO - [779/2059] Asymmetric unit already cached: 4XXB.cif
2026-05-11 06:57:33,418 - INFO - [779/2059] Biological assembly already cached: 4XXB-assembly1.cif
2026-05-11 06:57:33,618 - INFO - [780/2059] Asymmetric unit already cached: 4XZF.cif
2026-05-11 06:57:33,618 - INFO - [780/2059] Biological assembly already cached: 4XZF-assembly1.cif
2026-05-11 06:57:33,819 - INFO - [781/2059] Asymmetric unit already cached: 4XZG.cif
2026-05-11 06:57:33,819 - INFO - [781/2059] Biological assembly already cached: 4XZG-assembly1.cif
2026-05-11 06:57:34,019 - INFO - [782/2059] Asymmetric unit already cached: 4Y07.cif
2026-05-11 06:57:34,019 - INFO - [782/2059] Biological assembly already cached: 4Y07-assembly1.cif
2026-05-11 06:57:34,220 - INFO - [783/2059] Asymmetric unit already cached: 4Y18.cif
2026-05-11 06:57:34,220 - INFO - [783/2059] Biological assembly already cached: 4Y18-assembly1.cif
2026-05-11 06:57:34,420 - INFO - [784/2059] Asymmetric unit already cached: 4Y1L.cif
2026-05-11 06:57:34,420 - INFO - [784/2059] Biological assembly already cached: 4Y1L-assembly1.cif
2026-05-11 06:57:34,621 - INFO - [785/2059] Asymmetric unit already cached: 4Y2G.cif
2026-05-11 06:57:34,621 - INFO - [785/2059] Biological assembly already cached: 4Y2G-assembly1.cif
2026-05-11 06:57:34,821 - INFO - [786/2059] Asymmetric unit already cached: 4YAB.cif
2026-05-11 06:57:34,821 - INFO - [786/2059] Biological assembly already cached: 4YAB-assembly1.cif
2026-05-11 06:57:35,022 - INFO - [787/2059] Asymmetric unit already cached: 4YAD.cif
2026-05-11 06:57:35,022 - INFO - [787/2059] Biological assembly already cached: 4YAD-assembly1.cif
2026-05-11 06:57:35,222 - INFO - [788/2059] Asymmetric unit already cached: 4YAT.cif
2026-05-11 06:57:35,222 - INFO - [788/2059] Biological assembly already cached: 4YAT-assembly1.cif
2026-05-11 06:57:35,423 - INFO - [789/2059] Asymmetric unit already cached: 4YAX.cif
2026-05-11 06:57:35,423 - INFO - [789/2059] Biological assembly already cached: 4YAX-assembly1.cif
2026-05-11 06:57:35,623 - INFO - [790/2059] Asymmetric unit already cached: 4YBM.cif
2026-05-11 06:57:35,623 - INFO - [790/2059] Biological assembly already cached: 4YBM-assembly1.cif
2026-05-11 06:57:35,824 - INFO - [791/2059] Asymmetric unit already cached: 4YBS.cif
2026-05-11 06:57:35,824 - INFO - [791/2059] Biological assembly already cached: 4YBS-assembly1.cif
2026-05-11 06:57:36,024 - INFO - [792/2059] Asymmetric unit already cached: 4YBT.cif
2026-05-11 06:57:36,024 - INFO - [792/2059] Biological assembly already cached: 4YBT-assembly1.cif
2026-05-11 06:57:36,225 - INFO - [793/2059] Asymmetric unit already cached: 4YC9.cif
2026-05-11 06:57:36,225 - INFO - [793/2059] Biological assembly already cached: 4YC9-assembly1.cif
2026-05-11 06:57:36,425 - INFO - [794/2059] Asymmetric unit already cached: 4YII.cif
2026-05-11 06:57:36,426 - INFO - [794/2059] Biological assembly already cached: 4YII-assembly1.cif
2026-05-11 06:57:36,626 - INFO - [795/2059] Asymmetric unit already cached: 4YK0.cif
2026-05-11 06:57:36,626 - INFO - [795/2059] Biological assembly already cached: 4YK0-assembly1.cif
2026-05-11 06:57:36,826 - INFO - [796/2059] Asymmetric unit already cached: 4YWQ.cif
2026-05-11 06:57:36,827 - INFO - [796/2059] Biological assembly already cached: 4YWQ-assembly1.cif
2026-05-11 06:57:37,027 - INFO - [797/2059] Asymmetric unit already cached: 4Z30.cif
2026-05-11 06:57:37,027 - INFO - [797/2059] Biological assembly already cached: 4Z30-assembly1.cif
2026-05-11 06:57:37,227 - INFO - [798/2059] Asymmetric unit already cached: 4Z31.cif
2026-05-11 06:57:37,228 - INFO - [798/2059] Biological assembly already cached: 4Z31-assembly1.cif
2026-05-11 06:57:37,428 - INFO - [799/2059] Asymmetric unit already cached: 4Z4P.cif
2026-05-11 06:57:37,428 - INFO - [799/2059] Biological assembly already cached: 4Z4P-assembly1.cif
2026-05-11 06:57:37,628 - INFO - [800/2059] Asymmetric unit already cached: 4Z8M.cif
2026-05-11 06:57:37,629 - INFO - [800/2059] Biological assembly already cached: 4Z8M-assembly1.cif
2026-05-11 06:57:37,829 - INFO - [801/2059] Asymmetric unit already cached: 4ZFI.cif
2026-05-11 06:57:37,829 - INFO - [801/2059] Biological assembly already cached: 4ZFI-assembly1.cif
2026-05-11 06:57:38,030 - INFO - [802/2059] Asymmetric unit already cached: 4ZGK.cif
2026-05-11 06:57:38,030 - INFO - [802/2059] Biological assembly already cached: 4ZGK-assembly1.cif
2026-05-11 06:57:38,230 - INFO - [803/2059] Asymmetric unit already cached: 4ZLC.cif
2026-05-11 06:57:38,230 - INFO - [803/2059] Biological assembly already cached: 4ZLC-assembly1.cif
2026-05-11 06:57:38,431 - INFO - [804/2059] Asymmetric unit already cached: 4ZLD.cif
2026-05-11 06:57:38,431 - INFO - [804/2059] Biological assembly already cached: 4ZLD-assembly1.cif
2026-05-11 06:57:38,631 - INFO - [805/2059] Asymmetric unit already cached: 4ZQL.cif
2026-05-11 06:57:38,632 - INFO - [805/2059] Biological assembly already cached: 4ZQL-assembly1.cif
2026-05-11 06:57:38,832 - INFO - [806/2059] Asymmetric unit already cached: 4ZTD.cif
2026-05-11 06:57:38,832 - INFO - [806/2059] Biological assembly already cached: 4ZTD-assembly1.cif
2026-05-11 06:57:39,033 - INFO - [807/2059] Asymmetric unit already cached: 4ZYC.cif
2026-05-11 06:57:39,033 - INFO - [807/2059] Biological assembly already cached: 4ZYC-assembly1.cif
2026-05-11 06:57:39,233 - INFO - [808/2059] Asymmetric unit already cached: 4ZYF.cif
2026-05-11 06:57:39,234 - INFO - [808/2059] Biological assembly already cached: 4ZYF-assembly1.cif
2026-05-11 06:57:39,434 - INFO - [809/2059] Asymmetric unit already cached: 4ZYI.cif
2026-05-11 06:57:39,434 - INFO - [809/2059] Biological assembly already cached: 4ZYI-assembly1.cif
2026-05-11 06:57:39,635 - INFO - [810/2059] Asymmetric unit already cached: 5A31.cif
2026-05-11 06:57:39,635 - INFO - [810/2059] Biological assembly already cached: 5A31-assembly1.cif
2026-05-11 06:57:39,835 - INFO - [811/2059] Asymmetric unit already cached: 5A4P.cif
2026-05-11 06:57:39,835 - INFO - [811/2059] Biological assembly already cached: 5A4P-assembly1.cif
2026-05-11 06:57:40,036 - INFO - [812/2059] Asymmetric unit already cached: 5AFG.cif
2026-05-11 06:57:40,036 - INFO - [812/2059] Biological assembly already cached: 5AFG-assembly1.cif
2026-05-11 06:57:40,236 - INFO - [813/2059] Asymmetric unit already cached: 5AHT.cif
2026-05-11 06:57:40,236 - INFO - [813/2059] Biological assembly already cached: 5AHT-assembly1.cif
2026-05-11 06:57:40,437 - INFO - [814/2059] Asymmetric unit already cached: 5AIT.cif
2026-05-11 06:57:40,437 - INFO - [814/2059] Biological assembly already cached: 5AIT-assembly1.cif
2026-05-11 06:57:40,637 - INFO - [815/2059] Asymmetric unit already cached: 5AIU.cif
2026-05-11 06:57:40,638 - INFO - [815/2059] Biological assembly already cached: 5AIU-assembly1.cif
2026-05-11 06:57:40,838 - INFO - [816/2059] Asymmetric unit already cached: 5AIZ.cif
2026-05-11 06:57:40,838 - INFO - [816/2059] Biological assembly already cached: 5AIZ-assembly1.cif
2026-05-11 06:57:41,038 - INFO - [817/2059] Asymmetric unit already cached: 5B8D.cif
2026-05-11 06:57:41,039 - INFO - [817/2059] Biological assembly already cached: 5B8D-assembly1.cif
2026-05-11 06:57:41,239 - INFO - [818/2059] Asymmetric unit already cached: 5BNB.cif
2026-05-11 06:57:41,239 - INFO - [818/2059] Biological assembly already cached: 5BNB-assembly1.cif
2026-05-11 06:57:41,440 - INFO - [819/2059] Asymmetric unit already cached: 5BNH.cif
2026-05-11 06:57:41,440 - INFO - [819/2059] Biological assembly already cached: 5BNH-assembly1.cif
2026-05-11 06:57:41,640 - INFO - [820/2059] Asymmetric unit already cached: 5BT3.cif
2026-05-11 06:57:41,640 - INFO - [820/2059] Biological assembly already cached: 5BT3-assembly1.cif
2026-05-11 06:57:41,841 - INFO - [821/2059] Asymmetric unit already cached: 5C0K.cif
2026-05-11 06:57:41,841 - INFO - [821/2059] Biological assembly already cached: 5C0K-assembly1.cif
2026-05-11 06:57:42,041 - INFO - [822/2059] Asymmetric unit already cached: 5C0L.cif
2026-05-11 06:57:42,041 - INFO - [822/2059] Biological assembly already cached: 5C0L-assembly1.cif
2026-05-11 06:57:42,242 - INFO - [823/2059] Asymmetric unit already cached: 5C1Z.cif
2026-05-11 06:57:42,242 - INFO - [823/2059] Biological assembly already cached: 5C1Z-assembly1.cif
2026-05-11 06:57:42,442 - INFO - [824/2059] Asymmetric unit already cached: 5C23.cif
2026-05-11 06:57:42,442 - INFO - [824/2059] Biological assembly already cached: 5C23-assembly1.cif
2026-05-11 06:57:42,643 - INFO - [825/2059] Asymmetric unit already cached: 5C3H.cif
2026-05-11 06:57:42,643 - INFO - [825/2059] Biological assembly already cached: 5C3H-assembly1.cif
2026-05-11 06:57:42,843 - INFO - [826/2059] Asymmetric unit already cached: 5C3K.cif
2026-05-11 06:57:42,844 - INFO - [826/2059] Biological assembly already cached: 5C3K-assembly1.cif
2026-05-11 06:57:43,044 - INFO - [827/2059] Asymmetric unit already cached: 5C5A.cif
2026-05-11 06:57:43,044 - INFO - [827/2059] Biological assembly already cached: 5C5A-assembly1.cif
2026-05-11 06:57:43,245 - INFO - [828/2059] Asymmetric unit already cached: 5C6D.cif
2026-05-11 06:57:43,245 - INFO - [828/2059] Biological assembly already cached: 5C6D-assembly1.cif
2026-05-11 06:57:43,445 - INFO - [829/2059] Asymmetric unit already cached: 5C6H.cif
2026-05-11 06:57:43,445 - INFO - [829/2059] Biological assembly already cached: 5C6H-assembly1.cif
2026-05-11 06:57:43,646 - INFO - [830/2059] Asymmetric unit already cached: 5C7A.cif
2026-05-11 06:57:43,646 - INFO - [830/2059] Biological assembly already cached: 5C7A-assembly1.cif
2026-05-11 06:57:43,846 - INFO - [831/2059] Asymmetric unit already cached: 5C7B.cif
2026-05-11 06:57:43,846 - INFO - [831/2059] Biological assembly already cached: 5C7B-assembly1.cif
2026-05-11 06:57:44,047 - INFO - [832/2059] Asymmetric unit already cached: 5C7C.cif
2026-05-11 06:57:44,047 - INFO - [832/2059] Biological assembly already cached: 5C7C-assembly1.cif
2026-05-11 06:57:44,247 - INFO - [833/2059] Asymmetric unit already cached: 5C7D.cif
2026-05-11 06:57:44,248 - INFO - [833/2059] Biological assembly already cached: 5C7D-assembly1.cif
2026-05-11 06:57:44,448 - INFO - [834/2059] Asymmetric unit already cached: 5C7J.cif
2026-05-11 06:57:44,448 - INFO - [834/2059] Biological assembly already cached: 5C7J-assembly1.cif
2026-05-11 06:57:44,648 - INFO - [835/2059] Asymmetric unit already cached: 5C7M.cif
2026-05-11 06:57:44,649 - INFO - [835/2059] Biological assembly already cached: 5C7M-assembly1.cif
2026-05-11 06:57:44,849 - INFO - [836/2059] Asymmetric unit already cached: 5C83.cif
2026-05-11 06:57:44,849 - INFO - [836/2059] Biological assembly already cached: 5C83-assembly1.cif
2026-05-11 06:57:45,050 - INFO - [837/2059] Asymmetric unit already cached: 5C84.cif
2026-05-11 06:57:45,050 - INFO - [837/2059] Biological assembly already cached: 5C84-assembly1.cif
2026-05-11 06:57:45,250 - INFO - [838/2059] Asymmetric unit already cached: 5C91.cif
2026-05-11 06:57:45,250 - INFO - [838/2059] Biological assembly already cached: 5C91-assembly1.cif
2026-05-11 06:57:45,450 - INFO - [839/2059] Asymmetric unit already cached: 5C9V.cif
2026-05-11 06:57:45,451 - INFO - [839/2059] Biological assembly already cached: 5C9V-assembly1.cif
2026-05-11 06:57:45,651 - INFO - [840/2059] Asymmetric unit already cached: 5CGP.cif
2026-05-11 06:57:45,651 - INFO - [840/2059] Biological assembly already cached: 5CGP-assembly1.cif
2026-05-11 06:57:45,851 - INFO - [841/2059] Asymmetric unit already cached: 5CQ2.cif
2026-05-11 06:57:45,852 - INFO - [841/2059] Biological assembly already cached: 5CQ2-assembly1.cif
2026-05-11 06:57:46,052 - INFO - [842/2059] Asymmetric unit already cached: 5D0I.cif
2026-05-11 06:57:46,052 - INFO - [842/2059] Biological assembly already cached: 5D0I-assembly1.cif
2026-05-11 06:57:46,252 - INFO - [843/2059] Asymmetric unit already cached: 5D0K.cif
2026-05-11 06:57:46,253 - INFO - [843/2059] Biological assembly already cached: 5D0K-assembly1.cif
2026-05-11 06:57:46,453 - INFO - [844/2059] Asymmetric unit already cached: 5D0M.cif
2026-05-11 06:57:46,453 - INFO - [844/2059] Biological assembly already cached: 5D0M-assembly1.cif
2026-05-11 06:57:46,653 - INFO - [845/2059] Asymmetric unit already cached: 5D1K.cif
2026-05-11 06:57:46,654 - INFO - [845/2059] Biological assembly already cached: 5D1K-assembly1.cif
2026-05-11 06:57:46,854 - INFO - [846/2059] Asymmetric unit already cached: 5D1L.cif
2026-05-11 06:57:46,854 - INFO - [846/2059] Biological assembly already cached: 5D1L-assembly1.cif
2026-05-11 06:57:47,054 - INFO - [847/2059] Asymmetric unit already cached: 5D1M.cif
2026-05-11 06:57:47,055 - INFO - [847/2059] Biological assembly already cached: 5D1M-assembly1.cif
2026-05-11 06:57:47,255 - INFO - [848/2059] Asymmetric unit already cached: 5D2M.cif
2026-05-11 06:57:47,255 - INFO - [848/2059] Biological assembly already cached: 5D2M-assembly1.cif
2026-05-11 06:57:47,455 - INFO - [849/2059] Asymmetric unit already cached: 5DBM.cif
2026-05-11 06:57:47,456 - INFO - [849/2059] Biological assembly already cached: 5DBM-assembly1.cif
2026-05-11 06:57:47,656 - INFO - [850/2059] Asymmetric unit already cached: 5DFL.cif
2026-05-11 06:57:47,656 - INFO - [850/2059] Biological assembly already cached: 5DFL-assembly1.cif
2026-05-11 06:57:47,856 - INFO - [851/2059] Asymmetric unit already cached: 5DIN.cif
2026-05-11 06:57:47,857 - INFO - [851/2059] Biological assembly already cached: 5DIN-assembly1.cif
2026-05-11 06:57:48,057 - INFO - [852/2059] Asymmetric unit already cached: 5DKA.cif
2026-05-11 06:57:48,057 - INFO - [852/2059] Biological assembly already cached: 5DKA-assembly1.cif
2026-05-11 06:57:48,257 - INFO - [853/2059] Asymmetric unit already cached: 5DWS.cif
2026-05-11 06:57:48,258 - INFO - [853/2059] Biological assembly already cached: 5DWS-assembly1.cif
2026-05-11 06:57:48,458 - INFO - [854/2059] Asymmetric unit already cached: 5DZD.cif
2026-05-11 06:57:48,458 - INFO - [854/2059] Biological assembly already cached: 5DZD-assembly1.cif
2026-05-11 06:57:48,658 - INFO - [855/2059] Asymmetric unit already cached: 5E11.cif
2026-05-11 06:57:48,658 - INFO - [855/2059] Biological assembly already cached: 5E11-assembly1.cif
2026-05-11 06:57:48,859 - INFO - [856/2059] Asymmetric unit already cached: 5E1Y.cif
2026-05-11 06:57:48,859 - INFO - [856/2059] Biological assembly already cached: 5E1Y-assembly1.cif
2026-05-11 06:57:49,059 - INFO - [857/2059] Asymmetric unit already cached: 5E21.cif
2026-05-11 06:57:49,059 - INFO - [857/2059] Biological assembly already cached: 5E21-assembly1.cif
2026-05-11 06:57:49,260 - INFO - [858/2059] Asymmetric unit already cached: 5E22.cif
2026-05-11 06:57:49,260 - INFO - [858/2059] Biological assembly already cached: 5E22-assembly1.cif
2026-05-11 06:57:49,460 - INFO - [859/2059] Asymmetric unit already cached: 5EDU.cif
2026-05-11 06:57:49,460 - INFO - [859/2059] Biological assembly already cached: 5EDU-assembly1.cif
2026-05-11 06:57:49,661 - INFO - [860/2059] Asymmetric unit already cached: 5EDV.cif
2026-05-11 06:57:49,661 - INFO - [860/2059] Biological assembly already cached: 5EDV-assembly1.cif
2026-05-11 06:57:49,861 - INFO - [861/2059] Asymmetric unit already cached: 5EGG.cif
2026-05-11 06:57:49,861 - INFO - [861/2059] Biological assembly already cached: 5EGG-assembly1.cif
2026-05-11 06:57:50,062 - INFO - [862/2059] Asymmetric unit already cached: 5EIC.cif
2026-05-11 06:57:50,062 - INFO - [862/2059] Biological assembly already cached: 5EIC-assembly1.cif
2026-05-11 06:57:50,262 - INFO - [863/2059] Asymmetric unit already cached: 5ENG.cif
2026-05-11 06:57:50,262 - INFO - [863/2059] Biological assembly already cached: 5ENG-assembly1.cif
2026-05-11 06:57:50,463 - INFO - [864/2059] Asymmetric unit already cached: 5EP7.cif
2026-05-11 06:57:50,463 - INFO - [864/2059] Biological assembly already cached: 5EP7-assembly1.cif
2026-05-11 06:57:50,663 - INFO - [865/2059] Asymmetric unit already cached: 5EYA.cif
2026-05-11 06:57:50,663 - INFO - [865/2059] Biological assembly already cached: 5EYA-assembly1.cif
2026-05-11 06:57:50,864 - INFO - [866/2059] Asymmetric unit already cached: 5F59.cif
2026-05-11 06:57:50,864 - INFO - [866/2059] Biological assembly already cached: 5F59-assembly1.cif
2026-05-11 06:57:51,064 - INFO - [867/2059] Asymmetric unit already cached: 5F6D.cif
2026-05-11 06:57:51,064 - INFO - [867/2059] Biological assembly already cached: 5F6D-assembly1.cif
2026-05-11 06:57:51,265 - INFO - [868/2059] Asymmetric unit already cached: 5F6E.cif
2026-05-11 06:57:51,265 - INFO - [868/2059] Biological assembly already cached: 5F6E-assembly1.cif
2026-05-11 06:57:51,465 - INFO - [869/2059] Asymmetric unit already cached: 5F6K.cif
2026-05-11 06:57:51,465 - INFO - [869/2059] Biological assembly already cached: 5F6K-assembly1.cif
2026-05-11 06:57:51,666 - INFO - [870/2059] Asymmetric unit already cached: 5F6U.cif
2026-05-11 06:57:51,666 - INFO - [870/2059] Biological assembly already cached: 5F6U-assembly1.cif
2026-05-11 06:57:51,866 - INFO - [871/2059] Asymmetric unit already cached: 5F6V.cif
2026-05-11 06:57:51,867 - INFO - [871/2059] Biological assembly already cached: 5F6V-assembly1.cif
2026-05-11 06:57:52,067 - INFO - [872/2059] Asymmetric unit already cached: 5F6W.cif
2026-05-11 06:57:52,067 - INFO - [872/2059] Biological assembly already cached: 5F6W-assembly1.cif
2026-05-11 06:57:52,267 - INFO - [873/2059] Asymmetric unit already cached: 5F6X.cif
2026-05-11 06:57:52,268 - INFO - [873/2059] Biological assembly already cached: 5F6X-assembly1.cif
2026-05-11 06:57:52,468 - INFO - [874/2059] Asymmetric unit already cached: 5F6Y.cif
2026-05-11 06:57:52,468 - INFO - [874/2059] Biological assembly already cached: 5F6Y-assembly1.cif
2026-05-11 06:57:52,668 - INFO - [875/2059] Asymmetric unit already cached: 5FER.cif
2026-05-11 06:57:52,669 - INFO - [875/2059] Biological assembly already cached: 5FER-assembly1.cif
2026-05-11 06:57:52,869 - INFO - [876/2059] Asymmetric unit already cached: 5FEY.cif
2026-05-11 06:57:52,869 - INFO - [876/2059] Biological assembly already cached: 5FEY-assembly1.cif
2026-05-11 06:57:53,069 - INFO - [877/2059] Asymmetric unit already cached: 5FQ2.cif
2026-05-11 06:57:53,070 - INFO - [877/2059] Biological assembly already cached: 5FQ2-assembly1.cif
2026-05-11 06:57:53,270 - INFO - [878/2059] Asymmetric unit already cached: 5FR6.cif
2026-05-11 06:57:53,270 - INFO - [878/2059] Biological assembly already cached: 5FR6-assembly1.cif
2026-05-11 06:57:53,471 - INFO - [879/2059] Asymmetric unit already cached: 5G04.cif
2026-05-11 06:57:53,471 - INFO - [879/2059] Biological assembly already cached: 5G04-assembly1.cif
2026-05-11 06:57:53,671 - INFO - [880/2059] Asymmetric unit already cached: 5G05.cif
2026-05-11 06:57:53,671 - INFO - [880/2059] Biological assembly already cached: 5G05-assembly1.cif
2026-05-11 06:57:53,872 - INFO - [881/2059] Asymmetric unit already cached: 5GG4.cif
2026-05-11 06:57:53,872 - INFO - [881/2059] Biological assembly already cached: 5GG4-assembly1.cif
2026-05-11 06:57:54,072 - INFO - [882/2059] Asymmetric unit already cached: 5GH9.cif
2026-05-11 06:57:54,072 - INFO - [882/2059] Biological assembly already cached: 5GH9-assembly1.cif
2026-05-11 06:57:54,273 - INFO - [883/2059] Asymmetric unit already cached: 5H1T.cif
2026-05-11 06:57:54,273 - INFO - [883/2059] Biological assembly already cached: 5H1T-assembly1.cif
2026-05-11 06:57:54,473 - INFO - [884/2059] Asymmetric unit already cached: 5H1U.cif
2026-05-11 06:57:54,473 - INFO - [884/2059] Biological assembly already cached: 5H1U-assembly1.cif
2026-05-11 06:57:54,674 - INFO - [885/2059] Asymmetric unit already cached: 5H1V.cif
2026-05-11 06:57:54,674 - INFO - [885/2059] Biological assembly already cached: 5H1V-assembly1.cif
2026-05-11 06:57:54,874 - INFO - [886/2059] Asymmetric unit already cached: 5H7R.cif
2026-05-11 06:57:54,875 - INFO - [886/2059] Biological assembly already cached: 5H7R-assembly1.cif
2026-05-11 06:57:55,075 - INFO - [887/2059] Asymmetric unit already cached: 5H7S.cif
2026-05-11 06:57:55,075 - INFO - [887/2059] Biological assembly already cached: 5H7S-assembly1.cif
2026-05-11 06:57:55,276 - INFO - [888/2059] Asymmetric unit already cached: 5H85.cif
2026-05-11 06:57:55,276 - INFO - [888/2059] Biological assembly already cached: 5H85-assembly1.cif
2026-05-11 06:57:55,476 - INFO - [889/2059] Asymmetric unit already cached: 5H9M.cif
2026-05-11 06:57:55,476 - INFO - [889/2059] Biological assembly already cached: 5H9M-assembly1.cif
2026-05-11 06:57:55,677 - INFO - [890/2059] Asymmetric unit already cached: 5HKW.cif
2026-05-11 06:57:55,677 - INFO - [890/2059] Biological assembly already cached: 5HKW-assembly1.cif
2026-05-11 06:57:55,877 - INFO - [891/2059] Asymmetric unit already cached: 5HKX.cif
2026-05-11 06:57:55,877 - INFO - [891/2059] Biological assembly already cached: 5HKX-assembly1.cif
2026-05-11 06:57:56,078 - INFO - [892/2059] Asymmetric unit already cached: 5HKY.cif
2026-05-11 06:57:56,078 - INFO - [892/2059] Biological assembly already cached: 5HKY-assembly1.cif
2026-05-11 06:57:56,278 - INFO - [893/2059] Asymmetric unit already cached: 5HKZ.cif
2026-05-11 06:57:56,278 - INFO - [893/2059] Biological assembly already cached: 5HKZ-assembly1.cif
2026-05-11 06:57:56,479 - INFO - [894/2059] Asymmetric unit already cached: 5HL0.cif
2026-05-11 06:57:56,479 - INFO - [894/2059] Biological assembly already cached: 5HL0-assembly1.cif
2026-05-11 06:57:56,679 - INFO - [895/2059] Asymmetric unit already cached: 5HMH.cif
2026-05-11 06:57:56,679 - INFO - [895/2059] Biological assembly already cached: 5HMH-assembly1.cif
2026-05-11 06:57:56,880 - INFO - [896/2059] Asymmetric unit already cached: 5HMI.cif
2026-05-11 06:57:56,880 - INFO - [896/2059] Biological assembly already cached: 5HMI-assembly1.cif
2026-05-11 06:57:57,080 - INFO - [897/2059] Asymmetric unit already cached: 5HMK.cif
2026-05-11 06:57:57,081 - INFO - [897/2059] Biological assembly already cached: 5HMK-assembly1.cif
2026-05-11 06:57:57,281 - INFO - [898/2059] Asymmetric unit already cached: 5HPK.cif
2026-05-11 06:57:57,281 - INFO - [898/2059] Biological assembly already cached: 5HPK-assembly1.cif
2026-05-11 06:57:57,482 - INFO - [899/2059] Asymmetric unit already cached: 5HPS.cif
2026-05-11 06:57:57,482 - INFO - [899/2059] Biological assembly already cached: 5HPS-assembly1.cif
2026-05-11 06:57:57,682 - INFO - [900/2059] Asymmetric unit already cached: 5HPT.cif
2026-05-11 06:57:57,682 - INFO - [900/2059] Biological assembly already cached: 5HPT-assembly1.cif
2026-05-11 06:57:57,883 - INFO - [901/2059] Asymmetric unit already cached: 5HQG.cif
2026-05-11 06:57:57,883 - INFO - [901/2059] Biological assembly already cached: 5HQG-assembly1.cif
2026-05-11 06:57:58,083 - INFO - [902/2059] Asymmetric unit already cached: 5HVQ.cif
2026-05-11 06:57:58,083 - INFO - [902/2059] Biological assembly already cached: 5HVQ-assembly1.cif
2026-05-11 06:57:58,284 - INFO - [903/2059] Asymmetric unit already cached: 5I83.cif
2026-05-11 06:57:58,284 - INFO - [903/2059] Biological assembly already cached: 5I83-assembly1.cif
2026-05-11 06:57:58,484 - INFO - [904/2059] Asymmetric unit already cached: 5I86.cif
2026-05-11 06:57:58,484 - INFO - [904/2059] Biological assembly already cached: 5I86-assembly1.cif
2026-05-11 06:57:58,685 - INFO - [905/2059] Asymmetric unit already cached: 5I89.cif
2026-05-11 06:57:58,685 - INFO - [905/2059] Biological assembly already cached: 5I89-assembly1.cif
2026-05-11 06:57:58,885 - INFO - [906/2059] Asymmetric unit already cached: 5I8B.cif
2026-05-11 06:57:58,885 - INFO - [906/2059] Biological assembly already cached: 5I8B-assembly1.cif
2026-05-11 06:57:59,086 - INFO - [907/2059] Asymmetric unit already cached: 5I8G.cif
2026-05-11 06:57:59,086 - INFO - [907/2059] Biological assembly already cached: 5I8G-assembly1.cif
2026-05-11 06:57:59,286 - INFO - [908/2059] Asymmetric unit already cached: 5IAY.cif
2026-05-11 06:57:59,286 - INFO - [908/2059] Biological assembly already cached: 5IAY-assembly1.cif
2026-05-11 06:57:59,487 - INFO - [909/2059] Asymmetric unit already cached: 5IFR.cif
2026-05-11 06:57:59,487 - INFO - [909/2059] Biological assembly already cached: 5IFR-assembly1.cif
2026-05-11 06:57:59,687 - INFO - [910/2059] Asymmetric unit already cached: 5IGQ.cif
2026-05-11 06:57:59,687 - INFO - [910/2059] Biological assembly already cached: 5IGQ-assembly1.cif
2026-05-11 06:57:59,888 - INFO - [911/2059] Asymmetric unit already cached: 5IM8.cif
2026-05-11 06:57:59,888 - INFO - [911/2059] Biological assembly already cached: 5IM8-assembly1.cif
2026-05-11 06:58:00,088 - INFO - [912/2059] Asymmetric unit already cached: 5J0D.cif
2026-05-11 06:58:00,088 - INFO - [912/2059] Biological assembly already cached: 5J0D-assembly1.cif
2026-05-11 06:58:00,289 - INFO - [913/2059] Asymmetric unit already cached: 5J3X.cif
2026-05-11 06:58:00,289 - INFO - [913/2059] Biological assembly already cached: 5J3X-assembly1.cif
2026-05-11 06:58:00,489 - INFO - [914/2059] Asymmetric unit already cached: 5J7F.cif
2026-05-11 06:58:00,490 - INFO - [914/2059] Biological assembly already cached: 5J7F-assembly1.cif
2026-05-11 06:58:00,690 - INFO - [915/2059] Asymmetric unit already cached: 5J7G.cif
2026-05-11 06:58:00,690 - INFO - [915/2059] Biological assembly already cached: 5J7G-assembly1.cif
2026-05-11 06:58:00,891 - INFO - [916/2059] Asymmetric unit already cached: 5JEM.cif
2026-05-11 06:58:00,891 - INFO - [916/2059] Biological assembly already cached: 5JEM-assembly1.cif
2026-05-11 06:58:01,091 - INFO - [917/2059] Asymmetric unit already cached: 5JG6.cif
2026-05-11 06:58:01,091 - INFO - [917/2059] Biological assembly already cached: 5JG6-assembly1.cif
2026-05-11 06:58:01,292 - INFO - [918/2059] Asymmetric unit already cached: 5JH5.cif
2026-05-11 06:58:01,292 - INFO - [918/2059] Biological assembly already cached: 5JH5-assembly1.cif
2026-05-11 06:58:01,492 - INFO - [919/2059] Asymmetric unit already cached: 5JPX.cif
2026-05-11 06:58:01,492 - INFO - [919/2059] Biological assembly already cached: 5JPX-assembly1.cif
2026-05-11 06:58:01,693 - INFO - [920/2059] Asymmetric unit already cached: 5JW7.cif
2026-05-11 06:58:01,693 - INFO - [920/2059] Biological assembly already cached: 5JW7-assembly1.cif
2026-05-11 06:58:01,893 - INFO - [921/2059] Asymmetric unit already cached: 5K5F.cif
2026-05-11 06:58:01,893 - INFO - [921/2059] Biological assembly already cached: 5K5F-assembly1.cif
2026-05-11 06:58:02,094 - INFO - [922/2059] Asymmetric unit already cached: 5KH3.cif
2026-05-11 06:58:02,094 - INFO - [922/2059] Biological assembly already cached: 5KH3-assembly1.cif
2026-05-11 06:58:02,294 - INFO - [923/2059] Asymmetric unit already cached: 5KH7.cif
2026-05-11 06:58:02,295 - INFO - [923/2059] Biological assembly already cached: 5KH7-assembly1.cif
2026-05-11 06:58:02,495 - INFO - [924/2059] Asymmetric unit already cached: 5KH9.cif
2026-05-11 06:58:02,495 - INFO - [924/2059] Biological assembly already cached: 5KH9-assembly1.cif
2026-05-11 06:58:02,696 - INFO - [925/2059] Asymmetric unit already cached: 5KHR.cif
2026-05-11 06:58:02,696 - INFO - [925/2059] Biological assembly already cached: 5KHR-assembly1.cif
2026-05-11 06:58:02,896 - INFO - [926/2059] Asymmetric unit already cached: 5KHU.cif
2026-05-11 06:58:02,896 - INFO - [926/2059] Biological assembly already cached: 5KHU-assembly1.cif
2026-05-11 06:58:03,097 - INFO - [927/2059] Asymmetric unit already cached: 5KJ2.cif
2026-05-11 06:58:03,097 - INFO - [927/2059] Biological assembly already cached: 5KJ2-assembly1.cif
2026-05-11 06:58:03,297 - INFO - [928/2059] Asymmetric unit already cached: 5KTU.cif
2026-05-11 06:58:03,297 - INFO - [928/2059] Biological assembly already cached: 5KTU-assembly1.cif
2026-05-11 06:58:03,498 - INFO - [929/2059] Asymmetric unit already cached: 5KTW.cif
2026-05-11 06:58:03,498 - INFO - [929/2059] Biological assembly already cached: 5KTW-assembly1.cif
2026-05-11 06:58:03,698 - INFO - [930/2059] Asymmetric unit already cached: 5KTX.cif
2026-05-11 06:58:03,698 - INFO - [930/2059] Biological assembly already cached: 5KTX-assembly1.cif
2026-05-11 06:58:03,899 - INFO - [931/2059] Asymmetric unit already cached: 5L9T.cif
2026-05-11 06:58:03,899 - INFO - [931/2059] Biological assembly already cached: 5L9T-assembly1.cif
2026-05-11 06:58:04,099 - INFO - [932/2059] Asymmetric unit already cached: 5L9U.cif
2026-05-11 06:58:04,099 - INFO - [932/2059] Biological assembly already cached: 5L9U-assembly1.cif
2026-05-11 06:58:04,300 - INFO - [933/2059] Asymmetric unit already cached: 5LAV.cif
2026-05-11 06:58:04,300 - INFO - [933/2059] Biological assembly already cached: 5LAV-assembly1.cif
2026-05-11 06:58:04,500 - INFO - [934/2059] Asymmetric unit already cached: 5LAW.cif
2026-05-11 06:58:04,501 - INFO - [934/2059] Biological assembly already cached: 5LAW-assembly1.cif
2026-05-11 06:58:04,701 - INFO - [935/2059] Asymmetric unit already cached: 5LAY.cif
2026-05-11 06:58:04,701 - INFO - [935/2059] Biological assembly already cached: 5LAY-assembly1.cif
2026-05-11 06:58:04,902 - INFO - [936/2059] Asymmetric unit already cached: 5LAZ.cif
2026-05-11 06:58:04,902 - INFO - [936/2059] Biological assembly already cached: 5LAZ-assembly1.cif
2026-05-11 06:58:05,102 - INFO - [937/2059] Asymmetric unit already cached: 5LBN.cif
2026-05-11 06:58:05,102 - INFO - [937/2059] Biological assembly already cached: 5LBN-assembly1.cif
2026-05-11 06:58:05,303 - INFO - [938/2059] Asymmetric unit already cached: 5LCW.cif
2026-05-11 06:58:05,303 - INFO - [938/2059] Biological assembly already cached: 5LCW-assembly1.cif
2026-05-11 06:58:05,503 - INFO - [939/2059] Asymmetric unit already cached: 5LG0.cif
2026-05-11 06:58:05,503 - INFO - [939/2059] Biological assembly already cached: 5LG0-assembly1.cif
2026-05-11 06:58:05,704 - INFO - [940/2059] Asymmetric unit already cached: 5LG7.cif
2026-05-11 06:58:05,704 - INFO - [940/2059] Biological assembly already cached: 5LG7-assembly1.cif
2026-05-11 06:58:05,904 - INFO - [941/2059] Asymmetric unit already cached: 5LJN.cif
2026-05-11 06:58:05,904 - INFO - [941/2059] Biological assembly already cached: 5LJN-assembly1.cif
2026-05-11 06:58:06,105 - INFO - [942/2059] Asymmetric unit already cached: 5LKT.cif
2026-05-11 06:58:06,105 - INFO - [942/2059] Biological assembly already cached: 5LKT-assembly1.cif
2026-05-11 06:58:06,305 - INFO - [943/2059] Asymmetric unit already cached: 5LKU.cif
2026-05-11 06:58:06,305 - INFO - [943/2059] Biological assembly already cached: 5LKU-assembly1.cif
2026-05-11 06:58:06,506 - INFO - [944/2059] Asymmetric unit already cached: 5LKX.cif
2026-05-11 06:58:06,506 - INFO - [944/2059] Biological assembly already cached: 5LKX-assembly1.cif
2026-05-11 06:58:06,706 - INFO - [945/2059] Asymmetric unit already cached: 5LKZ.cif
2026-05-11 06:58:06,707 - INFO - [945/2059] Biological assembly already cached: 5LKZ-assembly1.cif
2026-05-11 06:58:06,907 - INFO - [946/2059] Asymmetric unit already cached: 5LN2.cif
2026-05-11 06:58:06,907 - INFO - [946/2059] Biological assembly already cached: 5LN2-assembly1.cif
2026-05-11 06:58:07,108 - INFO - [947/2059] Asymmetric unit already cached: 5LP8.cif
2026-05-11 06:58:07,108 - INFO - [947/2059] Biological assembly already cached: 5LP8-assembly1.cif
2026-05-11 06:58:07,308 - INFO - [948/2059] Asymmetric unit already cached: 5LPJ.cif
2026-05-11 06:58:07,308 - INFO - [948/2059] Biological assembly already cached: 5LPJ-assembly1.cif
2026-05-11 06:58:07,509 - INFO - [949/2059] Asymmetric unit already cached: 5LPK.cif
2026-05-11 06:58:07,509 - INFO - [949/2059] Biological assembly already cached: 5LPK-assembly1.cif
2026-05-11 06:58:07,709 - INFO - [950/2059] Asymmetric unit already cached: 5LPL.cif
2026-05-11 06:58:07,709 - INFO - [950/2059] Biological assembly already cached: 5LPL-assembly1.cif
2026-05-11 06:58:07,910 - INFO - [951/2059] Asymmetric unit already cached: 5LPM.cif
2026-05-11 06:58:07,910 - INFO - [951/2059] Biological assembly already cached: 5LPM-assembly1.cif
2026-05-11 06:58:08,110 - INFO - [952/2059] Asymmetric unit already cached: 5M6E.cif
2026-05-11 06:58:08,110 - INFO - [952/2059] Biological assembly already cached: 5M6E-assembly1.cif
2026-05-11 06:58:08,311 - INFO - [953/2059] Asymmetric unit already cached: 5M6F.cif
2026-05-11 06:58:08,311 - INFO - [953/2059] Biological assembly already cached: 5M6F-assembly1.cif
2026-05-11 06:58:08,511 - INFO - [954/2059] Asymmetric unit already cached: 5M6H.cif
2026-05-11 06:58:08,511 - INFO - [954/2059] Biological assembly already cached: 5M6H-assembly1.cif
2026-05-11 06:58:08,712 - INFO - [955/2059] Asymmetric unit already cached: 5M6L.cif
2026-05-11 06:58:08,712 - INFO - [955/2059] Biological assembly already cached: 5M6L-assembly1.cif
2026-05-11 06:58:08,912 - INFO - [956/2059] Asymmetric unit already cached: 5M6M.cif
2026-05-11 06:58:08,912 - INFO - [956/2059] Biological assembly already cached: 5M6M-assembly1.cif
2026-05-11 06:58:09,113 - INFO - [957/2059] Asymmetric unit already cached: 5M6N.cif
2026-05-11 06:58:09,113 - INFO - [957/2059] Biological assembly already cached: 5M6N-assembly1.cif
2026-05-11 06:58:09,313 - INFO - [958/2059] Asymmetric unit already cached: 5MME.cif
2026-05-11 06:58:09,314 - INFO - [958/2059] Biological assembly already cached: 5MME-assembly1.cif
2026-05-11 06:58:09,514 - INFO - [959/2059] Asymmetric unit already cached: 5MMG.cif
2026-05-11 06:58:09,514 - INFO - [959/2059] Biological assembly already cached: 5MMG-assembly1.cif
2026-05-11 06:58:09,715 - INFO - [960/2059] Asymmetric unit already cached: 5MNJ.cif
2026-05-11 06:58:09,715 - INFO - [960/2059] Biological assembly already cached: 5MNJ-assembly1.cif
2026-05-11 06:58:09,915 - INFO - [961/2059] Asymmetric unit already cached: 5MPK.cif
2026-05-11 06:58:09,915 - INFO - [961/2059] Biological assembly already cached: 5MPK-assembly1.cif
2026-05-11 06:58:10,116 - INFO - [962/2059] Asymmetric unit already cached: 5MPN.cif
2026-05-11 06:58:10,116 - INFO - [962/2059] Biological assembly already cached: 5MPN-assembly1.cif
2026-05-11 06:58:10,316 - INFO - [963/2059] Asymmetric unit already cached: 5MPZ.cif
2026-05-11 06:58:10,316 - INFO - [963/2059] Biological assembly already cached: 5MPZ-assembly1.cif
2026-05-11 06:58:10,517 - INFO - [964/2059] Asymmetric unit already cached: 5MQE.cif
2026-05-11 06:58:10,517 - INFO - [964/2059] Biological assembly already cached: 5MQE-assembly1.cif
2026-05-11 06:58:10,717 - INFO - [965/2059] Asymmetric unit already cached: 5MQF.cif
2026-05-11 06:58:10,717 - INFO - [965/2059] Biological assembly already cached: 5MQF-assembly1.cif
2026-05-11 06:58:10,918 - INFO - [966/2059] Asymmetric unit already cached: 5MQG.cif
2026-05-11 06:58:10,918 - INFO - [966/2059] Biological assembly already cached: 5MQG-assembly1.cif
2026-05-11 06:58:11,118 - INFO - [967/2059] Asymmetric unit already cached: 5MQK.cif
2026-05-11 06:58:11,118 - INFO - [967/2059] Biological assembly already cached: 5MQK-assembly1.cif
2026-05-11 06:58:11,319 - INFO - [968/2059] Asymmetric unit already cached: 5MR8.cif
2026-05-11 06:58:11,319 - INFO - [968/2059] Biological assembly already cached: 5MR8-assembly1.cif
2026-05-11 06:58:11,519 - INFO - [969/2059] Asymmetric unit already cached: 5N2W.cif
2026-05-11 06:58:11,520 - INFO - [969/2059] Biological assembly already cached: 5N2W-assembly1.cif
2026-05-11 06:58:11,720 - INFO - [970/2059] Asymmetric unit already cached: 5N38.cif
2026-05-11 06:58:11,720 - INFO - [970/2059] Biological assembly already cached: 5N38-assembly1.cif
2026-05-11 06:58:11,921 - INFO - [971/2059] Asymmetric unit already cached: 5N4W.cif
2026-05-11 06:58:11,921 - INFO - [971/2059] Biological assembly already cached: 5N4W-assembly1.cif
2026-05-11 06:58:12,121 - INFO - [972/2059] Asymmetric unit already cached: 5NGZ.cif
2026-05-11 06:58:12,121 - INFO - [972/2059] Biological assembly already cached: 5NGZ-assembly1.cif
2026-05-11 06:58:12,322 - INFO - [973/2059] Asymmetric unit already cached: 5NLK.cif
2026-05-11 06:58:12,322 - INFO - [973/2059] Biological assembly already cached: 5NLK-assembly1.cif
2026-05-11 06:58:12,522 - INFO - [974/2059] Asymmetric unit already cached: 5NRW.cif
2026-05-11 06:58:12,522 - INFO - [974/2059] Biological assembly already cached: 5NRW-assembly1.cif
2026-05-11 06:58:12,723 - INFO - [975/2059] Asymmetric unit already cached: 5NT1.cif
2026-05-11 06:58:12,723 - INFO - [975/2059] Biological assembly already cached: 5NT1-assembly1.cif
2026-05-11 06:58:12,923 - INFO - [976/2059] Asymmetric unit already cached: 5NT2.cif
2026-05-11 06:58:12,924 - INFO - [976/2059] Biological assembly already cached: 5NT2-assembly1.cif
2026-05-11 06:58:13,124 - INFO - [977/2059] Asymmetric unit already cached: 5NU3.cif
2026-05-11 06:58:13,124 - INFO - [977/2059] Biological assembly already cached: 5NU3-assembly1.cif
2026-05-11 06:58:13,325 - INFO - [978/2059] Asymmetric unit already cached: 5NU5.cif
2026-05-11 06:58:13,325 - INFO - [978/2059] Biological assembly already cached: 5NU5-assembly1.cif
2026-05-11 06:58:13,525 - INFO - [979/2059] Asymmetric unit already cached: 5O6C.cif
2026-05-11 06:58:13,525 - INFO - [979/2059] Biological assembly already cached: 5O6C-assembly1.cif
2026-05-11 06:58:13,726 - INFO - [980/2059] Asymmetric unit already cached: 5O6T.cif
2026-05-11 06:58:13,726 - INFO - [980/2059] Biological assembly already cached: 5O6T-assembly1.cif
2026-05-11 06:58:13,926 - INFO - [981/2059] Asymmetric unit already cached: 5O75.cif
2026-05-11 06:58:13,926 - INFO - [981/2059] Biological assembly already cached: 5O75-assembly1.cif
2026-05-11 06:58:14,127 - INFO - [982/2059] Asymmetric unit already cached: 5O76.cif
2026-05-11 06:58:14,127 - INFO - [982/2059] Biological assembly already cached: 5O76-assembly1.cif
2026-05-11 06:58:14,327 - INFO - [983/2059] Asymmetric unit already cached: 5OAI.cif
2026-05-11 06:58:14,327 - INFO - [983/2059] Biological assembly already cached: 5OAI-assembly1.cif
2026-05-11 06:58:14,528 - INFO - [984/2059] Asymmetric unit already cached: 5OC8.cif
2026-05-11 06:58:14,528 - INFO - [984/2059] Biological assembly already cached: 5OC8-assembly1.cif
2026-05-11 06:58:14,729 - INFO - [985/2059] Asymmetric unit already cached: 5OJJ.cif
2026-05-11 06:58:14,729 - INFO - [985/2059] Biological assembly already cached: 5OJJ-assembly1.cif
2026-05-11 06:58:14,929 - INFO - [986/2059] Asymmetric unit already cached: 5OLM.cif
2026-05-11 06:58:14,929 - INFO - [986/2059] Biological assembly already cached: 5OLM-assembly1.cif
2026-05-11 06:58:15,130 - INFO - [987/2059] Asymmetric unit already cached: 5OQW.cif
2026-05-11 06:58:15,130 - INFO - [987/2059] Biological assembly already cached: 5OQW-assembly1.cif
2026-05-11 06:58:15,330 - INFO - [988/2059] Asymmetric unit already cached: 5OWK.cif
2026-05-11 06:58:15,330 - INFO - [988/2059] Biological assembly already cached: 5OWK-assembly1.cif
2026-05-11 06:58:15,531 - INFO - [989/2059] Asymmetric unit already cached: 5SVH.cif
2026-05-11 06:58:15,531 - INFO - [989/2059] Biological assembly already cached: 5SVH-assembly1.cif
2026-05-11 06:58:15,731 - INFO - [990/2059] Asymmetric unit already cached: 5SWK.cif
2026-05-11 06:58:15,732 - INFO - [990/2059] Biological assembly already cached: 5SWK-assembly1.cif
2026-05-11 06:58:15,932 - INFO - [991/2059] Asymmetric unit already cached: 5SXP.cif
2026-05-11 06:58:15,932 - INFO - [991/2059] Biological assembly already cached: 5SXP-assembly1.cif
2026-05-11 06:58:16,133 - INFO - [992/2059] Asymmetric unit already cached: 5TB6.cif
2026-05-11 06:58:16,133 - INFO - [992/2059] Biological assembly already cached: 5TB6-assembly1.cif
2026-05-11 06:58:16,333 - INFO - [993/2059] Asymmetric unit already cached: 5TDA.cif
2026-05-11 06:58:16,333 - INFO - [993/2059] Biological assembly already cached: 5TDA-assembly1.cif
2026-05-11 06:58:16,534 - INFO - [994/2059] Asymmetric unit already cached: 5TDB.cif
2026-05-11 06:58:16,534 - INFO - [994/2059] Biological assembly already cached: 5TDB-assembly1.cif
2026-05-11 06:58:16,734 - INFO - [995/2059] Asymmetric unit already cached: 5TDC.cif
2026-05-11 06:58:16,734 - INFO - [995/2059] Biological assembly already cached: 5TDC-assembly1.cif
2026-05-11 06:58:16,935 - INFO - [996/2059] Asymmetric unit already cached: 5TDD.cif
2026-05-11 06:58:16,935 - INFO - [996/2059] Biological assembly already cached: 5TDD-assembly1.cif
2026-05-11 06:58:17,135 - INFO - [997/2059] Asymmetric unit already cached: 5TJ7.cif
2026-05-11 06:58:17,135 - INFO - [997/2059] Biological assembly already cached: 5TJ7-assembly1.cif
2026-05-11 06:58:17,336 - INFO - [998/2059] Asymmetric unit already cached: 5TJ8.cif
2026-05-11 06:58:17,336 - INFO - [998/2059] Biological assembly already cached: 5TJ8-assembly1.cif
2026-05-11 06:58:17,536 - INFO - [999/2059] Asymmetric unit already cached: 5TJQ.cif
2026-05-11 06:58:17,537 - INFO - [999/2059] Biological assembly already cached: 5TJQ-assembly1.cif
2026-05-11 06:58:17,737 - INFO - [1000/2059] Asymmetric unit already cached: 5TR5.cif
2026-05-11 06:58:17,737 - INFO - [1000/2059] Biological assembly already cached: 5TR5-assembly1.cif
2026-05-11 06:58:17,937 - INFO - [1001/2059] Asymmetric unit already cached: 5TRB.cif
2026-05-11 06:58:17,938 - INFO - [1001/2059] Biological assembly already cached: 5TRB-assembly1.cif
2026-05-11 06:58:18,138 - INFO - [1002/2059] Asymmetric unit already cached: 5TRF.cif
2026-05-11 06:58:18,138 - INFO - [1002/2059] Biological assembly already cached: 5TRF-assembly1.cif
2026-05-11 06:58:18,338 - INFO - [1003/2059] Asymmetric unit already cached: 5TTE.cif
2026-05-11 06:58:18,338 - INFO - [1003/2059] Biological assembly already cached: 5TTE-assembly1.cif
2026-05-11 06:58:18,539 - INFO - [1004/2059] Asymmetric unit already cached: 5TUT.cif
2026-05-11 06:58:18,539 - INFO - [1004/2059] Biological assembly already cached: 5TUT-assembly1.cif
2026-05-11 06:58:18,739 - INFO - [1005/2059] Asymmetric unit already cached: 5UDH.cif
2026-05-11 06:58:18,740 - INFO - [1005/2059] Biological assembly already cached: 5UDH-assembly1.cif
2026-05-11 06:58:18,940 - INFO - [1006/2059] Asymmetric unit already cached: 5ULF.cif
2026-05-11 06:58:18,940 - INFO - [1006/2059] Biological assembly already cached: 5ULF-assembly1.cif
2026-05-11 06:58:19,141 - INFO - [1007/2059] Asymmetric unit already cached: 5ULH.cif
2026-05-11 06:58:19,141 - INFO - [1007/2059] Biological assembly already cached: 5ULH-assembly1.cif
2026-05-11 06:58:19,341 - INFO - [1008/2059] Asymmetric unit already cached: 5ULK.cif
2026-05-11 06:58:19,341 - INFO - [1008/2059] Biological assembly already cached: 5ULK-assembly1.cif
2026-05-11 06:58:19,542 - INFO - [1009/2059] Asymmetric unit already cached: 5UM3.cif
2026-05-11 06:58:19,542 - INFO - [1009/2059] Biological assembly already cached: 5UM3-assembly1.cif
2026-05-11 06:58:19,742 - INFO - [1010/2059] Asymmetric unit already cached: 5UML.cif
2026-05-11 06:58:19,742 - INFO - [1010/2059] Biological assembly already cached: 5UML-assembly1.cif
2026-05-11 06:58:19,943 - INFO - [1011/2059] Asymmetric unit already cached: 5UMM.cif
2026-05-11 06:58:19,943 - INFO - [1011/2059] Biological assembly already cached: 5UMM-assembly1.cif
2026-05-11 06:58:20,143 - INFO - [1012/2059] Asymmetric unit already cached: 5VEY.cif
2026-05-11 06:58:20,144 - INFO - [1012/2059] Biological assembly already cached: 5VEY-assembly1.cif
2026-05-11 06:58:20,344 - INFO - [1013/2059] Asymmetric unit already cached: 5VF0.cif
2026-05-11 06:58:20,344 - INFO - [1013/2059] Biological assembly already cached: 5VF0-assembly1.cif
2026-05-11 06:58:20,545 - INFO - [1014/2059] Asymmetric unit already cached: 5VK0.cif
2026-05-11 06:58:20,545 - INFO - [1014/2059] Biological assembly already cached: 5VK0-assembly1.cif
2026-05-11 06:58:20,745 - INFO - [1015/2059] Asymmetric unit already cached: 5VK1.cif
2026-05-11 06:58:20,745 - INFO - [1015/2059] Biological assembly already cached: 5VK1-assembly1.cif
2026-05-11 06:58:20,946 - INFO - [1016/2059] Asymmetric unit already cached: 5VNZ.cif
2026-05-11 06:58:20,946 - INFO - [1016/2059] Biological assembly already cached: 5VNZ-assembly1.cif
2026-05-11 06:58:21,146 - INFO - [1017/2059] Asymmetric unit already cached: 5VO0.cif
2026-05-11 06:58:21,146 - INFO - [1017/2059] Biological assembly already cached: 5VO0-assembly1.cif
2026-05-11 06:58:21,347 - INFO - [1018/2059] Asymmetric unit already cached: 5VZV.cif
2026-05-11 06:58:21,347 - INFO - [1018/2059] Biological assembly already cached: 5VZV-assembly1.cif
2026-05-11 06:58:21,547 - INFO - [1019/2059] Asymmetric unit already cached: 5VZW.cif
2026-05-11 06:58:21,548 - INFO - [1019/2059] Biological assembly already cached: 5VZW-assembly1.cif
2026-05-11 06:58:21,748 - INFO - [1020/2059] Asymmetric unit already cached: 5W0E.cif
2026-05-11 06:58:21,748 - INFO - [1020/2059] Biological assembly already cached: 5W0E-assembly1.cif
2026-05-11 06:58:21,949 - INFO - [1021/2059] Asymmetric unit already cached: 5W0F.cif
2026-05-11 06:58:21,949 - INFO - [1021/2059] Biological assembly already cached: 5W0F-assembly1.cif
2026-05-11 06:58:22,149 - INFO - [1022/2059] Asymmetric unit already cached: 5W0L.cif
2026-05-11 06:58:22,149 - INFO - [1022/2059] Biological assembly already cached: 5W0L-assembly1.cif
2026-05-11 06:58:22,350 - INFO - [1023/2059] Asymmetric unit already cached: 5W0Q.cif
2026-05-11 06:58:22,350 - INFO - [1023/2059] Biological assembly already cached: 5W0Q-assembly1.cif
2026-05-11 06:58:22,550 - INFO - [1024/2059] Asymmetric unit already cached: 5W87.cif
2026-05-11 06:58:22,550 - INFO - [1024/2059] Biological assembly already cached: 5W87-assembly1.cif
2026-05-11 06:58:22,751 - INFO - [1025/2059] Asymmetric unit already cached: 5WBN.cif
2026-05-11 06:58:22,751 - INFO - [1025/2059] Biological assembly already cached: 5WBN-assembly1.cif
2026-05-11 06:58:22,951 - INFO - [1026/2059] Asymmetric unit already cached: 5WPB.cif
2026-05-11 06:58:22,952 - INFO - [1026/2059] Biological assembly already cached: 5WPB-assembly1.cif
2026-05-11 06:58:23,152 - INFO - [1027/2059] Asymmetric unit already cached: 5WTS.cif
2026-05-11 06:58:23,152 - INFO - [1027/2059] Biological assembly already cached: 5WTS-assembly1.cif
2026-05-11 06:58:23,353 - INFO - [1028/2059] Asymmetric unit already cached: 5WWW.cif
2026-05-11 06:58:23,353 - INFO - [1028/2059] Biological assembly already cached: 5WWW-assembly1.cif
2026-05-11 06:58:23,553 - INFO - [1029/2059] Asymmetric unit already cached: 5WWX.cif
2026-05-11 06:58:23,553 - INFO - [1029/2059] Biological assembly already cached: 5WWX-assembly1.cif
2026-05-11 06:58:23,754 - INFO - [1030/2059] Asymmetric unit already cached: 5WWZ.cif
2026-05-11 06:58:23,754 - INFO - [1030/2059] Biological assembly already cached: 5WWZ-assembly1.cif
2026-05-11 06:58:23,954 - INFO - [1031/2059] Asymmetric unit already cached: 5WY5.cif
2026-05-11 06:58:23,954 - INFO - [1031/2059] Biological assembly already cached: 5WY5-assembly1.cif
2026-05-11 06:58:24,155 - INFO - [1032/2059] Asymmetric unit already cached: 5WZZ.cif
2026-05-11 06:58:24,155 - INFO - [1032/2059] Biological assembly already cached: 5WZZ-assembly1.cif
2026-05-11 06:58:24,355 - INFO - [1033/2059] Asymmetric unit already cached: 5X0W.cif
2026-05-11 06:58:24,355 - INFO - [1033/2059] Biological assembly already cached: 5X0W-assembly1.cif
2026-05-11 06:58:24,556 - INFO - [1034/2059] Asymmetric unit already cached: 5XEK.cif
2026-05-11 06:58:24,556 - INFO - [1034/2059] Biological assembly already cached: 5XEK-assembly1.cif
2026-05-11 06:58:24,757 - INFO - [1035/2059] Asymmetric unit already cached: 5XIS.cif
2026-05-11 06:58:24,757 - INFO - [1035/2059] Biological assembly already cached: 5XIS-assembly1.cif
2026-05-11 06:58:24,957 - INFO - [1036/2059] Asymmetric unit already cached: 5XIT.cif
2026-05-11 06:58:24,957 - INFO - [1036/2059] Biological assembly already cached: 5XIT-assembly1.cif
2026-05-11 06:58:25,158 - INFO - [1037/2059] Asymmetric unit already cached: 5XIU.cif
2026-05-11 06:58:25,158 - INFO - [1037/2059] Biological assembly already cached: 5XIU-assembly1.cif
2026-05-11 06:58:25,358 - INFO - [1038/2059] Asymmetric unit already cached: 5XJC.cif
2026-05-11 06:58:25,358 - INFO - [1038/2059] Biological assembly already cached: 5XJC-assembly1.cif
2026-05-11 06:58:25,559 - INFO - [1039/2059] Asymmetric unit already cached: 5XPI.cif
2026-05-11 06:58:25,559 - INFO - [1039/2059] Biological assembly already cached: 5XPI-assembly1.cif
2026-05-11 06:58:25,759 - INFO - [1040/2059] Asymmetric unit already cached: 5XXH.cif
2026-05-11 06:58:25,760 - INFO - [1040/2059] Biological assembly already cached: 5XXH-assembly1.cif
2026-05-11 06:58:25,960 - INFO - [1041/2059] Asymmetric unit already cached: 5XXK.cif
2026-05-11 06:58:25,960 - INFO - [1041/2059] Biological assembly already cached: 5XXK-assembly1.cif
2026-05-11 06:58:26,160 - INFO - [1042/2059] Asymmetric unit already cached: 5XZC.cif
2026-05-11 06:58:26,161 - INFO - [1042/2059] Biological assembly already cached: 5XZC-assembly1.cif
2026-05-11 06:58:26,361 - INFO - [1043/2059] Asymmetric unit already cached: 5YC1.cif
2026-05-11 06:58:26,361 - INFO - [1043/2059] Biological assembly already cached: 5YC1-assembly1.cif
2026-05-11 06:58:26,562 - INFO - [1044/2059] Asymmetric unit already cached: 5YCO.cif
2026-05-11 06:58:26,562 - INFO - [1044/2059] Biological assembly already cached: 5YCO-assembly1.cif
2026-05-11 06:58:26,762 - INFO - [1045/2059] Asymmetric unit already cached: 5YDK.cif
2026-05-11 06:58:26,762 - INFO - [1045/2059] Biological assembly already cached: 5YDK-assembly1.cif
2026-05-11 06:58:26,963 - INFO - [1046/2059] Asymmetric unit already cached: 5YP7.cif
2026-05-11 06:58:26,963 - INFO - [1046/2059] Biological assembly already cached: 5YP7-assembly1.cif
2026-05-11 06:58:27,163 - INFO - [1047/2059] Asymmetric unit already cached: 5YP8.cif
2026-05-11 06:58:27,163 - INFO - [1047/2059] Biological assembly already cached: 5YP8-assembly1.cif
2026-05-11 06:58:27,364 - INFO - [1048/2059] Asymmetric unit already cached: 5YPA.cif
2026-05-11 06:58:27,364 - INFO - [1048/2059] Biological assembly already cached: 5YPA-assembly1.cif
2026-05-11 06:58:27,564 - INFO - [1049/2059] Asymmetric unit already cached: 5YPB.cif
2026-05-11 06:58:27,564 - INFO - [1049/2059] Biological assembly already cached: 5YPB-assembly1.cif
2026-05-11 06:58:27,765 - INFO - [1050/2059] Asymmetric unit already cached: 5YPC.cif
2026-05-11 06:58:27,765 - INFO - [1050/2059] Biological assembly already cached: 5YPC-assembly1.cif
2026-05-11 06:58:27,966 - INFO - [1051/2059] Asymmetric unit already cached: 5YPE.cif
2026-05-11 06:58:27,966 - INFO - [1051/2059] Biological assembly already cached: 5YPE-assembly1.cif
2026-05-11 06:58:28,166 - INFO - [1052/2059] Asymmetric unit already cached: 5YPF.cif
2026-05-11 06:58:28,166 - INFO - [1052/2059] Biological assembly already cached: 5YPF-assembly1.cif
2026-05-11 06:58:28,367 - INFO - [1053/2059] Asymmetric unit already cached: 5YPG.cif
2026-05-11 06:58:28,367 - INFO - [1053/2059] Biological assembly already cached: 5YPG-assembly1.cif
2026-05-11 06:58:28,567 - INFO - [1054/2059] Asymmetric unit already cached: 5YPH.cif
2026-05-11 06:58:28,567 - INFO - [1054/2059] Biological assembly already cached: 5YPH-assembly1.cif
2026-05-11 06:58:28,768 - INFO - [1055/2059] Asymmetric unit already cached: 5YUF.cif
2026-05-11 06:58:28,768 - INFO - [1055/2059] Biological assembly already cached: 5YUF-assembly1.cif
2026-05-11 06:58:28,968 - INFO - [1056/2059] Asymmetric unit already cached: 5YWR.cif
2026-05-11 06:58:28,968 - INFO - [1056/2059] Biological assembly already cached: 5YWR-assembly1.cif
2026-05-11 06:58:29,169 - INFO - [1057/2059] Asymmetric unit already cached: 5YY9.cif
2026-05-11 06:58:29,169 - INFO - [1057/2059] Biological assembly already cached: 5YY9-assembly1.cif
2026-05-11 06:58:29,369 - INFO - [1058/2059] Asymmetric unit already cached: 5YYA.cif
2026-05-11 06:58:29,370 - INFO - [1058/2059] Biological assembly already cached: 5YYA-assembly1.cif
2026-05-11 06:58:29,570 - INFO - [1059/2059] Asymmetric unit already cached: 5YZG.cif
2026-05-11 06:58:29,570 - INFO - [1059/2059] Biological assembly already cached: 5YZG-assembly1.cif
2026-05-11 06:58:29,771 - INFO - [1060/2059] Asymmetric unit already cached: 5Z02.cif
2026-05-11 06:58:29,771 - INFO - [1060/2059] Biological assembly already cached: 5Z02-assembly1.cif
2026-05-11 06:58:29,971 - INFO - [1061/2059] Asymmetric unit already cached: 5Z56.cif
2026-05-11 06:58:29,971 - INFO - [1061/2059] Biological assembly already cached: 5Z56-assembly1.cif
2026-05-11 06:58:30,172 - INFO - [1062/2059] Asymmetric unit already cached: 5Z57.cif
2026-05-11 06:58:30,172 - INFO - [1062/2059] Biological assembly already cached: 5Z57-assembly1.cif
2026-05-11 06:58:30,372 - INFO - [1063/2059] Asymmetric unit already cached: 5Z58.cif
2026-05-11 06:58:30,372 - INFO - [1063/2059] Biological assembly already cached: 5Z58-assembly1.cif
2026-05-11 06:58:30,573 - INFO - [1064/2059] Asymmetric unit already cached: 5ZBU.cif
2026-05-11 06:58:30,573 - INFO - [1064/2059] Biological assembly already cached: 5ZBU-assembly1.cif
2026-05-11 06:58:30,774 - INFO - [1065/2059] Asymmetric unit already cached: 5ZC4.cif
2026-05-11 06:58:30,774 - INFO - [1065/2059] Biological assembly already cached: 5ZC4-assembly1.cif
2026-05-11 06:58:30,974 - INFO - [1066/2059] Asymmetric unit already cached: 5ZI6.cif
2026-05-11 06:58:30,974 - INFO - [1066/2059] Biological assembly already cached: 5ZI6-assembly1.cif
2026-05-11 06:58:31,175 - INFO - [1067/2059] Asymmetric unit already cached: 5ZUJ.cif
2026-05-11 06:58:31,175 - INFO - [1067/2059] Biological assembly already cached: 5ZUJ-assembly1.cif
2026-05-11 06:58:31,375 - INFO - [1068/2059] Asymmetric unit already cached: 5ZXF.cif
2026-05-11 06:58:31,375 - INFO - [1068/2059] Biological assembly already cached: 5ZXF-assembly1.cif
2026-05-11 06:58:31,576 - INFO - [1069/2059] Asymmetric unit already cached: 6A33.cif
2026-05-11 06:58:31,576 - INFO - [1069/2059] Biological assembly already cached: 6A33-assembly1.cif
2026-05-11 06:58:31,777 - INFO - [1070/2059] Asymmetric unit already cached: 6A3Z.cif
2026-05-11 06:58:31,777 - INFO - [1070/2059] Biological assembly already cached: 6A3Z-assembly1.cif
2026-05-11 06:58:31,977 - INFO - [1071/2059] Asymmetric unit already cached: 6AAW.cif
2026-05-11 06:58:31,977 - INFO - [1071/2059] Biological assembly already cached: 6AAW-assembly1.cif
2026-05-11 06:58:32,178 - INFO - [1072/2059] Asymmetric unit already cached: 6ALB.cif
2026-05-11 06:58:32,178 - INFO - [1072/2059] Biological assembly already cached: 6ALB-assembly1.cif
2026-05-11 06:58:32,378 - INFO - [1073/2059] Asymmetric unit already cached: 6ALC.cif
2026-05-11 06:58:32,379 - INFO - [1073/2059] Biological assembly already cached: 6ALC-assembly1.cif
2026-05-11 06:58:32,579 - INFO - [1074/2059] Asymmetric unit already cached: 6AXQ.cif
2026-05-11 06:58:32,579 - INFO - [1074/2059] Biological assembly already cached: 6AXQ-assembly1.cif
2026-05-11 06:58:32,779 - INFO - [1075/2059] Asymmetric unit already cached: 6AY3.cif
2026-05-11 06:58:32,780 - INFO - [1075/2059] Biological assembly already cached: 6AY3-assembly1.cif
2026-05-11 06:58:32,980 - INFO - [1076/2059] Asymmetric unit already cached: 6AY5.cif
2026-05-11 06:58:32,980 - INFO - [1076/2059] Biological assembly already cached: 6AY5-assembly1.cif
2026-05-11 06:58:33,181 - INFO - [1077/2059] Asymmetric unit already cached: 6B9M.cif
2026-05-11 06:58:33,181 - INFO - [1077/2059] Biological assembly already cached: 6B9M-assembly1.cif
2026-05-11 06:58:33,381 - INFO - [1078/2059] Asymmetric unit already cached: 6CE6.cif
2026-05-11 06:58:33,381 - INFO - [1078/2059] Biological assembly already cached: 6CE6-assembly1.cif
2026-05-11 06:58:33,582 - INFO - [1079/2059] Asymmetric unit already cached: 6CE8.cif
2026-05-11 06:58:33,582 - INFO - [1079/2059] Biological assembly already cached: 6CE8-assembly1.cif
2026-05-11 06:58:33,782 - INFO - [1080/2059] Asymmetric unit already cached: 6CEA.cif
2026-05-11 06:58:33,782 - INFO - [1080/2059] Biological assembly already cached: 6CEA-assembly1.cif
2026-05-11 06:58:33,983 - INFO - [1081/2059] Asymmetric unit already cached: 6CEC.cif
2026-05-11 06:58:33,983 - INFO - [1081/2059] Biological assembly already cached: 6CEC-assembly1.cif
2026-05-11 06:58:34,183 - INFO - [1082/2059] Asymmetric unit already cached: 6CED.cif
2026-05-11 06:58:34,183 - INFO - [1082/2059] Biological assembly already cached: 6CED-assembly1.cif
2026-05-11 06:58:34,384 - INFO - [1083/2059] Asymmetric unit already cached: 6CEE.cif
2026-05-11 06:58:34,384 - INFO - [1083/2059] Biological assembly already cached: 6CEE-assembly1.cif
2026-05-11 06:58:34,584 - INFO - [1084/2059] Asymmetric unit already cached: 6CEF.cif
2026-05-11 06:58:34,585 - INFO - [1084/2059] Biological assembly already cached: 6CEF-assembly1.cif
2026-05-11 06:58:34,785 - INFO - [1085/2059] Asymmetric unit already cached: 6CF6.cif
2026-05-11 06:58:34,785 - INFO - [1085/2059] Biological assembly already cached: 6CF6-assembly1.cif
2026-05-11 06:58:34,986 - INFO - [1086/2059] Asymmetric unit already cached: 6CP0.cif
2026-05-11 06:58:34,986 - INFO - [1086/2059] Biological assembly already cached: 6CP0-assembly1.cif
2026-05-11 06:58:35,186 - INFO - [1087/2059] Asymmetric unit already cached: 6CP2.cif
2026-05-11 06:58:35,186 - INFO - [1087/2059] Biological assembly already cached: 6CP2-assembly1.cif
2026-05-11 06:58:35,387 - INFO - [1088/2059] Asymmetric unit already cached: 6CVZ.cif
2026-05-11 06:58:35,387 - INFO - [1088/2059] Biological assembly already cached: 6CVZ-assembly1.cif
2026-05-11 06:58:35,587 - INFO - [1089/2059] Asymmetric unit already cached: 6CYO.cif
2026-05-11 06:58:35,587 - INFO - [1089/2059] Biological assembly already cached: 6CYO-assembly1.cif
2026-05-11 06:58:35,788 - INFO - [1090/2059] Asymmetric unit already cached: 6CYR.cif
2026-05-11 06:58:35,788 - INFO - [1090/2059] Biological assembly already cached: 6CYR-assembly1.cif
2026-05-11 06:58:35,988 - INFO - [1091/2059] Asymmetric unit already cached: 6D4P.cif
2026-05-11 06:58:35,988 - INFO - [1091/2059] Biological assembly already cached: 6D4P-assembly1.cif
2026-05-11 06:58:36,189 - INFO - [1092/2059] Asymmetric unit already cached: 6D68.cif
2026-05-11 06:58:36,189 - INFO - [1092/2059] Biological assembly already cached: 6D68-assembly1.cif
2026-05-11 06:58:36,389 - INFO - [1093/2059] Asymmetric unit already cached: 6D6I.cif
2026-05-11 06:58:36,390 - INFO - [1093/2059] Biological assembly already cached: 6D6I-assembly1.cif
2026-05-11 06:58:36,590 - INFO - [1094/2059] Asymmetric unit already cached: 6DJW.cif
2026-05-11 06:58:36,590 - INFO - [1094/2059] Biological assembly already cached: 6DJW-assembly1.cif
2026-05-11 06:58:36,791 - INFO - [1095/2059] Asymmetric unit already cached: 6DJX.cif
2026-05-11 06:58:36,791 - INFO - [1095/2059] Biological assembly already cached: 6DJX-assembly1.cif
2026-05-11 06:58:36,991 - INFO - [1096/2059] Asymmetric unit already cached: 6DMK.cif
2026-05-11 06:58:36,991 - INFO - [1096/2059] Biological assembly already cached: 6DMK-assembly1.cif
2026-05-11 06:58:37,192 - INFO - [1097/2059] Asymmetric unit already cached: 6DS6.cif
2026-05-11 06:58:37,192 - INFO - [1097/2059] Biological assembly already cached: 6DS6-assembly1.cif
2026-05-11 06:58:37,392 - INFO - [1098/2059] Asymmetric unit already cached: 6E5X.cif
2026-05-11 06:58:37,392 - INFO - [1098/2059] Biological assembly already cached: 6E5X-assembly1.cif
2026-05-11 06:58:37,593 - INFO - [1099/2059] Asymmetric unit already cached: 6EFK.cif
2026-05-11 06:58:37,593 - INFO - [1099/2059] Biological assembly already cached: 6EFK-assembly1.cif
2026-05-11 06:58:37,793 - INFO - [1100/2059] Asymmetric unit already cached: 6ES5.cif
2026-05-11 06:58:37,794 - INFO - [1100/2059] Biological assembly already cached: 6ES5-assembly1.cif
2026-05-11 06:58:37,994 - INFO - [1101/2059] Asymmetric unit already cached: 6ES6.cif
2026-05-11 06:58:37,994 - INFO - [1101/2059] Biological assembly already cached: 6ES6-assembly1.cif
2026-05-11 06:58:38,194 - INFO - [1102/2059] Asymmetric unit already cached: 6ES7.cif
2026-05-11 06:58:38,195 - INFO - [1102/2059] Biological assembly already cached: 6ES7-assembly1.cif
2026-05-11 06:58:38,395 - INFO - [1103/2059] Asymmetric unit already cached: 6EXW.cif
2026-05-11 06:58:38,395 - INFO - [1103/2059] Biological assembly already cached: 6EXW-assembly1.cif
2026-05-11 06:58:38,596 - INFO - [1104/2059] Asymmetric unit already cached: 6EY2.cif
2026-05-11 06:58:38,596 - INFO - [1104/2059] Biological assembly already cached: 6EY2-assembly1.cif
2026-05-11 06:58:38,796 - INFO - [1105/2059] Asymmetric unit already cached: 6FF4.cif
2026-05-11 06:58:38,796 - INFO - [1105/2059] Biological assembly already cached: 6FF4-assembly1.cif
2026-05-11 06:58:38,997 - INFO - [1106/2059] Asymmetric unit already cached: 6FF7.cif
2026-05-11 06:58:38,997 - INFO - [1106/2059] Biological assembly already cached: 6FF7-assembly1.cif
2026-05-11 06:58:39,197 - INFO - [1107/2059] Asymmetric unit already cached: 6FGA.cif
2026-05-11 06:58:39,197 - INFO - [1107/2059] Biological assembly already cached: 6FGA-assembly1.cif
2026-05-11 06:58:39,398 - INFO - [1108/2059] Asymmetric unit already cached: 6FGN.cif
2026-05-11 06:58:39,398 - INFO - [1108/2059] Biological assembly already cached: 6FGN-assembly1.cif
2026-05-11 06:58:39,598 - INFO - [1109/2059] Asymmetric unit already cached: 6FGS.cif
2026-05-11 06:58:39,598 - INFO - [1109/2059] Biological assembly already cached: 6FGS-assembly1.cif
2026-05-11 06:58:39,799 - INFO - [1110/2059] Asymmetric unit already cached: 6FLM.cif
2026-05-11 06:58:39,799 - INFO - [1110/2059] Biological assembly already cached: 6FLM-assembly1.cif
2026-05-11 06:58:39,999 - INFO - [1111/2059] Asymmetric unit already cached: 6FLN.cif
2026-05-11 06:58:40,000 - INFO - [1111/2059] Biological assembly already cached: 6FLN-assembly1.cif
2026-05-11 06:58:40,200 - INFO - [1112/2059] Asymmetric unit already cached: 6FQO.cif
2026-05-11 06:58:40,200 - INFO - [1112/2059] Biological assembly already cached: 6FQO-assembly1.cif
2026-05-11 06:58:40,401 - INFO - [1113/2059] Asymmetric unit already cached: 6FQT.cif
2026-05-11 06:58:40,401 - INFO - [1113/2059] Biological assembly already cached: 6FQT-assembly1.cif
2026-05-11 06:58:40,601 - INFO - [1114/2059] Asymmetric unit already cached: 6FQU.cif
2026-05-11 06:58:40,601 - INFO - [1114/2059] Biological assembly already cached: 6FQU-assembly1.cif
2026-05-11 06:58:40,802 - INFO - [1115/2059] Asymmetric unit already cached: 6FR0.cif
2026-05-11 06:58:40,802 - INFO - [1115/2059] Biological assembly already cached: 6FR0-assembly1.cif
2026-05-11 06:58:41,002 - INFO - [1116/2059] Asymmetric unit already cached: 6FRF.cif
2026-05-11 06:58:41,002 - INFO - [1116/2059] Biological assembly already cached: 6FRF-assembly1.cif
2026-05-11 06:58:41,203 - INFO - [1117/2059] Asymmetric unit already cached: 6FX4.cif
2026-05-11 06:58:41,203 - INFO - [1117/2059] Biological assembly already cached: 6FX4-assembly1.cif
2026-05-11 06:58:41,403 - INFO - [1118/2059] Asymmetric unit already cached: 6FYH.cif
2026-05-11 06:58:41,403 - INFO - [1118/2059] Biological assembly already cached: 6FYH-assembly1.cif
2026-05-11 06:58:41,604 - INFO - [1119/2059] Asymmetric unit already cached: 6G2I.cif
2026-05-11 06:58:41,604 - INFO - [1119/2059] Biological assembly already cached: 6G2I-assembly1.cif
2026-05-11 06:58:41,804 - INFO - [1120/2059] Asymmetric unit already cached: 6GGN.cif
2026-05-11 06:58:41,804 - INFO - [1120/2059] Biological assembly already cached: 6GGN-assembly1.cif
2026-05-11 06:58:42,005 - INFO - [1121/2059] Asymmetric unit already cached: 6GJW.cif
2026-05-11 06:58:42,005 - INFO - [1121/2059] Biological assembly already cached: 6GJW-assembly1.cif
2026-05-11 06:58:42,205 - INFO - [1122/2059] Asymmetric unit already cached: 6GLC.cif
2026-05-11 06:58:42,206 - INFO - [1122/2059] Biological assembly already cached: 6GLC-assembly1.cif
2026-05-11 06:58:42,406 - INFO - [1123/2059] Asymmetric unit already cached: 6GYR.cif
2026-05-11 06:58:42,406 - INFO - [1123/2059] Biological assembly already cached: 6GYR-assembly1.cif
2026-05-11 06:58:42,607 - INFO - [1124/2059] Asymmetric unit already cached: 6GYT.cif
2026-05-11 06:58:42,607 - INFO - [1124/2059] Biological assembly already cached: 6GYT-assembly1.cif
2026-05-11 06:58:42,807 - INFO - [1125/2059] Asymmetric unit already cached: 6GZY.cif
2026-05-11 06:58:42,807 - INFO - [1125/2059] Biological assembly already cached: 6GZY-assembly1.cif
2026-05-11 06:58:43,008 - INFO - [1126/2059] Asymmetric unit already cached: 6H22.cif
2026-05-11 06:58:43,008 - INFO - [1126/2059] Biological assembly already cached: 6H22-assembly1.cif
2026-05-11 06:58:43,208 - INFO - [1127/2059] Asymmetric unit already cached: 6H3A.cif
2026-05-11 06:58:43,208 - INFO - [1127/2059] Biological assembly already cached: 6H3A-assembly1.cif
2026-05-11 06:58:43,409 - INFO - [1128/2059] Asymmetric unit already cached: 6H6Q.cif
2026-05-11 06:58:43,409 - INFO - [1128/2059] Biological assembly already cached: 6H6Q-assembly1.cif
2026-05-11 06:58:43,609 - INFO - [1129/2059] Asymmetric unit already cached: 6H6R.cif
2026-05-11 06:58:43,609 - INFO - [1129/2059] Biological assembly already cached: 6H6R-assembly1.cif
2026-05-11 06:58:43,810 - INFO - [1130/2059] Asymmetric unit already cached: 6HFA.cif
2026-05-11 06:58:43,810 - INFO - [1130/2059] Biological assembly already cached: 6HFA-assembly1.cif
2026-05-11 06:58:44,010 - INFO - [1131/2059] Asymmetric unit already cached: 6HPR.cif
2026-05-11 06:58:44,011 - INFO - [1131/2059] Biological assembly already cached: 6HPR-assembly1.cif
2026-05-11 06:58:44,211 - INFO - [1132/2059] Asymmetric unit already cached: 6HUE.cif
2026-05-11 06:58:44,211 - INFO - [1132/2059] Biological assembly already cached: 6HUE-assembly1.cif
2026-05-11 06:58:44,411 - INFO - [1133/2059] Asymmetric unit already cached: 6I29.cif
2026-05-11 06:58:44,412 - INFO - [1133/2059] Biological assembly already cached: 6I29-assembly1.cif
2026-05-11 06:58:44,612 - INFO - [1134/2059] Asymmetric unit already cached: 6I3S.cif
2026-05-11 06:58:44,612 - INFO - [1134/2059] Biological assembly already cached: 6I3S-assembly1.cif
2026-05-11 06:58:44,812 - INFO - [1135/2059] Asymmetric unit already cached: 6I9H.cif
2026-05-11 06:58:44,812 - INFO - [1135/2059] Biological assembly already cached: 6I9H-assembly1.cif
2026-05-11 06:58:45,013 - INFO - [1136/2059] Asymmetric unit already cached: 6ICZ.cif
2026-05-11 06:58:45,013 - INFO - [1136/2059] Biological assembly already cached: 6ICZ-assembly1.cif
2026-05-11 06:58:45,214 - INFO - [1137/2059] Asymmetric unit already cached: 6ID0.cif
2026-05-11 06:58:45,214 - INFO - [1137/2059] Biological assembly already cached: 6ID0-assembly1.cif
2026-05-11 06:58:45,414 - INFO - [1138/2059] Asymmetric unit already cached: 6ID1.cif
2026-05-11 06:58:45,414 - INFO - [1138/2059] Biological assembly already cached: 6ID1-assembly1.cif
2026-05-11 06:58:45,615 - INFO - [1139/2059] Asymmetric unit already cached: 6IF1.cif
2026-05-11 06:58:45,615 - INFO - [1139/2059] Biological assembly already cached: 6IF1-assembly1.cif
2026-05-11 06:58:45,815 - INFO - [1140/2059] Asymmetric unit already cached: 6IIW.cif
2026-05-11 06:58:45,815 - INFO - [1140/2059] Biological assembly already cached: 6IIW-assembly1.cif
2026-05-11 06:58:46,016 - INFO - [1141/2059] Asymmetric unit already cached: 6IM9.cif
2026-05-11 06:58:46,016 - INFO - [1141/2059] Biological assembly already cached: 6IM9-assembly1.cif
2026-05-11 06:58:46,216 - INFO - [1142/2059] Asymmetric unit already cached: 6IMQ.cif
2026-05-11 06:58:46,216 - INFO - [1142/2059] Biological assembly already cached: 6IMQ-assembly1.cif
2026-05-11 06:58:46,417 - INFO - [1143/2059] Asymmetric unit already cached: 6IR0.cif
2026-05-11 06:58:46,417 - INFO - [1143/2059] Biological assembly already cached: 6IR0-assembly1.cif
2026-05-11 06:58:46,617 - INFO - [1144/2059] Asymmetric unit already cached: 6J1X.cif
2026-05-11 06:58:46,617 - INFO - [1144/2059] Biological assembly already cached: 6J1X-assembly1.cif
2026-05-11 06:58:46,818 - INFO - [1145/2059] Asymmetric unit already cached: 6J1Y.cif
2026-05-11 06:58:46,818 - INFO - [1145/2059] Biological assembly already cached: 6J1Y-assembly1.cif
2026-05-11 06:58:47,018 - INFO - [1146/2059] Asymmetric unit already cached: 6J1Z.cif
2026-05-11 06:58:47,019 - INFO - [1146/2059] Biological assembly already cached: 6J1Z-assembly1.cif
2026-05-11 06:58:47,219 - INFO - [1147/2059] Asymmetric unit already cached: 6JB6.cif
2026-05-11 06:58:47,219 - INFO - [1147/2059] Biological assembly already cached: 6JB6-assembly1.cif
2026-05-11 06:58:47,419 - INFO - [1148/2059] Asymmetric unit already cached: 6JB7.cif
2026-05-11 06:58:47,420 - INFO - [1148/2059] Biological assembly already cached: 6JB7-assembly1.cif
2026-05-11 06:58:47,620 - INFO - [1149/2059] Asymmetric unit already cached: 6JKY.cif
2026-05-11 06:58:47,620 - INFO - [1149/2059] Biological assembly already cached: 6JKY-assembly1.cif
2026-05-11 06:58:47,821 - INFO - [1150/2059] Asymmetric unit already cached: 6JM4.cif
2026-05-11 06:58:47,821 - INFO - [1150/2059] Biological assembly already cached: 6JM4-assembly1.cif
2026-05-11 06:58:48,021 - INFO - [1151/2059] Asymmetric unit already cached: 6JX5.cif
2026-05-11 06:58:48,021 - INFO - [1151/2059] Biological assembly already cached: 6JX5-assembly1.cif
2026-05-11 06:58:48,222 - INFO - [1152/2059] Asymmetric unit already cached: 6K2C.cif
2026-05-11 06:58:48,222 - INFO - [1152/2059] Biological assembly already cached: 6K2C-assembly1.cif
2026-05-11 06:58:48,422 - INFO - [1153/2059] Asymmetric unit already cached: 6K2K.cif
2026-05-11 06:58:48,422 - INFO - [1153/2059] Biological assembly already cached: 6K2K-assembly1.cif
2026-05-11 06:58:48,623 - INFO - [1154/2059] Asymmetric unit already cached: 6K4N.cif
2026-05-11 06:58:48,623 - INFO - [1154/2059] Biological assembly already cached: 6K4N-assembly1.cif
2026-05-11 06:58:48,823 - INFO - [1155/2059] Asymmetric unit already cached: 6KC5.cif
2026-05-11 06:58:48,824 - INFO - [1155/2059] Biological assembly already cached: 6KC5-assembly1.cif
2026-05-11 06:58:49,024 - INFO - [1156/2059] Asymmetric unit already cached: 6KC6.cif
2026-05-11 06:58:49,024 - INFO - [1156/2059] Biological assembly already cached: 6KC6-assembly1.cif
2026-05-11 06:58:49,224 - INFO - [1157/2059] Asymmetric unit already cached: 6KCS.cif
2026-05-11 06:58:49,225 - INFO - [1157/2059] Biological assembly already cached: 6KCS-assembly1.cif
2026-05-11 06:58:49,425 - INFO - [1158/2059] Asymmetric unit already cached: 6KFP.cif
2026-05-11 06:58:49,425 - INFO - [1158/2059] Biological assembly already cached: 6KFP-assembly1.cif
2026-05-11 06:58:49,626 - INFO - [1159/2059] Asymmetric unit already cached: 6KG6.cif
2026-05-11 06:58:49,626 - INFO - [1159/2059] Biological assembly already cached: 6KG6-assembly1.cif
2026-05-11 06:58:49,826 - INFO - [1160/2059] Asymmetric unit already cached: 6KHZ.cif
2026-05-11 06:58:49,826 - INFO - [1160/2059] Biological assembly already cached: 6KHZ-assembly1.cif
2026-05-11 06:58:50,027 - INFO - [1161/2059] Asymmetric unit already cached: 6KIW.cif
2026-05-11 06:58:50,027 - INFO - [1161/2059] Biological assembly already cached: 6KIW-assembly1.cif
2026-05-11 06:58:50,227 - INFO - [1162/2059] Asymmetric unit already cached: 6KL4.cif
2026-05-11 06:58:50,227 - INFO - [1162/2059] Biological assembly already cached: 6KL4-assembly1.cif
2026-05-11 06:58:50,428 - INFO - [1163/2059] Asymmetric unit already cached: 6KZU.cif
2026-05-11 06:58:50,428 - INFO - [1163/2059] Biological assembly already cached: 6KZU-assembly1.cif
2026-05-11 06:58:50,628 - INFO - [1164/2059] Asymmetric unit already cached: 6L99.cif
2026-05-11 06:58:50,628 - INFO - [1164/2059] Biological assembly already cached: 6L99-assembly1.cif
2026-05-11 06:58:50,829 - INFO - [1165/2059] Asymmetric unit already cached: 6LOH.cif
2026-05-11 06:58:50,829 - INFO - [1165/2059] Biological assembly already cached: 6LOH-assembly1.cif
2026-05-11 06:58:51,029 - INFO - [1166/2059] Asymmetric unit already cached: 6LP2.cif
2026-05-11 06:58:51,029 - INFO - [1166/2059] Biological assembly already cached: 6LP2-assembly1.cif
2026-05-11 06:58:51,230 - INFO - [1167/2059] Asymmetric unit already cached: 6LQX.cif
2026-05-11 06:58:51,230 - INFO - [1167/2059] Biological assembly already cached: 6LQX-assembly1.cif
2026-05-11 06:58:51,430 - INFO - [1168/2059] Asymmetric unit already cached: 6M14.cif
2026-05-11 06:58:51,431 - INFO - [1168/2059] Biological assembly already cached: 6M14-assembly1.cif
2026-05-11 06:58:51,631 - INFO - [1169/2059] Asymmetric unit already cached: 6M2C.cif
2026-05-11 06:58:51,631 - INFO - [1169/2059] Biological assembly already cached: 6M2C-assembly1.cif
2026-05-11 06:58:51,831 - INFO - [1170/2059] Asymmetric unit already cached: 6M2D.cif
2026-05-11 06:58:51,832 - INFO - [1170/2059] Biological assembly already cached: 6M2D-assembly1.cif
2026-05-11 06:58:52,032 - INFO - [1171/2059] Asymmetric unit already cached: 6M64.cif
2026-05-11 06:58:52,032 - INFO - [1171/2059] Biological assembly already cached: 6M64-assembly1.cif
2026-05-11 06:58:52,233 - INFO - [1172/2059] Asymmetric unit already cached: 6MIU.cif
2026-05-11 06:58:52,233 - INFO - [1172/2059] Biological assembly already cached: 6MIU-assembly1.cif
2026-05-11 06:58:52,433 - INFO - [1173/2059] Asymmetric unit already cached: 6MIW.cif
2026-05-11 06:58:52,433 - INFO - [1173/2059] Biological assembly already cached: 6MIW-assembly1.cif
2026-05-11 06:58:52,634 - INFO - [1174/2059] Asymmetric unit already cached: 6MJ7.cif
2026-05-11 06:58:52,634 - INFO - [1174/2059] Biological assembly already cached: 6MJ7-assembly1.cif
2026-05-11 06:58:52,834 - INFO - [1175/2059] Asymmetric unit already cached: 6MLC.cif
2026-05-11 06:58:52,834 - INFO - [1175/2059] Biological assembly already cached: 6MLC-assembly1.cif
2026-05-11 06:58:53,035 - INFO - [1176/2059] Asymmetric unit already cached: 6N13.cif
2026-05-11 06:58:53,035 - INFO - [1176/2059] Biological assembly already cached: 6N13-assembly1.cif
2026-05-11 06:58:53,235 - INFO - [1177/2059] Asymmetric unit already cached: 6NMI.cif
2026-05-11 06:58:53,236 - INFO - [1177/2059] Biological assembly already cached: 6NMI-assembly1.cif
2026-05-11 06:58:53,436 - INFO - [1178/2059] Asymmetric unit already cached: 6NSV.cif
2026-05-11 06:58:53,436 - INFO - [1178/2059] Biological assembly already cached: 6NSV-assembly1.cif
2026-05-11 06:58:53,636 - INFO - [1179/2059] Asymmetric unit already cached: 6NYO.cif
2026-05-11 06:58:53,637 - INFO - [1179/2059] Biological assembly already cached: 6NYO-assembly1.cif
2026-05-11 06:58:53,837 - INFO - [1180/2059] Asymmetric unit already cached: 6O02.cif
2026-05-11 06:58:53,837 - INFO - [1180/2059] Biological assembly already cached: 6O02-assembly1.cif
2026-05-11 06:58:54,038 - INFO - [1181/2059] Asymmetric unit already cached: 6O03.cif
2026-05-11 06:58:54,038 - INFO - [1181/2059] Biological assembly already cached: 6O03-assembly1.cif
2026-05-11 06:58:54,238 - INFO - [1182/2059] Asymmetric unit already cached: 6O7G.cif
2026-05-11 06:58:54,238 - INFO - [1182/2059] Biological assembly already cached: 6O7G-assembly1.cif
2026-05-11 06:58:54,439 - INFO - [1183/2059] Asymmetric unit already cached: 6O9L.cif
2026-05-11 06:58:54,439 - INFO - [1183/2059] Biological assembly already cached: 6O9L-assembly1.cif
2026-05-11 06:58:54,639 - INFO - [1184/2059] Asymmetric unit already cached: 6O9M.cif
2026-05-11 06:58:54,639 - INFO - [1184/2059] Biological assembly already cached: 6O9M-assembly1.cif
2026-05-11 06:58:54,840 - INFO - [1185/2059] Asymmetric unit already cached: 6P5B.cif
2026-05-11 06:58:54,840 - INFO - [1185/2059] Biological assembly already cached: 6P5B-assembly1.cif
2026-05-11 06:58:55,041 - INFO - [1186/2059] Asymmetric unit already cached: 6PF1.cif
2026-05-11 06:58:55,041 - INFO - [1186/2059] Biological assembly already cached: 6PF1-assembly1.cif
2026-05-11 06:58:55,241 - INFO - [1187/2059] Asymmetric unit already cached: 6PFL.cif
2026-05-11 06:58:55,241 - INFO - [1187/2059] Biological assembly already cached: 6PFL-assembly1.cif
2026-05-11 06:58:55,442 - INFO - [1188/2059] Asymmetric unit already cached: 6PGU.cif
2026-05-11 06:58:55,442 - INFO - [1188/2059] Biological assembly already cached: 6PGU-assembly1.cif
2026-05-11 06:58:55,642 - INFO - [1189/2059] Asymmetric unit already cached: 6Q6G.cif
2026-05-11 06:58:55,642 - INFO - [1189/2059] Biological assembly already cached: 6Q6G-assembly1.cif
2026-05-11 06:58:55,843 - INFO - [1190/2059] Asymmetric unit already cached: 6Q6H.cif
2026-05-11 06:58:55,843 - INFO - [1190/2059] Biological assembly already cached: 6Q6H-assembly1.cif
2026-05-11 06:58:56,043 - INFO - [1191/2059] Asymmetric unit already cached: 6Q96.cif
2026-05-11 06:58:56,043 - INFO - [1191/2059] Biological assembly already cached: 6Q96-assembly1.cif
2026-05-11 06:58:56,244 - INFO - [1192/2059] Asymmetric unit already cached: 6Q9H.cif
2026-05-11 06:58:56,244 - INFO - [1192/2059] Biological assembly already cached: 6Q9H-assembly1.cif
2026-05-11 06:58:56,444 - INFO - [1193/2059] Asymmetric unit already cached: 6Q9L.cif
2026-05-11 06:58:56,444 - INFO - [1193/2059] Biological assembly already cached: 6Q9L-assembly1.cif
2026-05-11 06:58:56,645 - INFO - [1194/2059] Asymmetric unit already cached: 6Q9O.cif
2026-05-11 06:58:56,645 - INFO - [1194/2059] Biological assembly already cached: 6Q9O-assembly1.cif
2026-05-11 06:58:56,845 - INFO - [1195/2059] Asymmetric unit already cached: 6Q9Q.cif
2026-05-11 06:58:56,845 - INFO - [1195/2059] Biological assembly already cached: 6Q9Q-assembly1.cif
2026-05-11 06:58:57,046 - INFO - [1196/2059] Asymmetric unit already cached: 6Q9S.cif
2026-05-11 06:58:57,046 - INFO - [1196/2059] Biological assembly already cached: 6Q9S-assembly1.cif
2026-05-11 06:58:57,247 - INFO - [1197/2059] Asymmetric unit already cached: 6Q9U.cif
2026-05-11 06:58:57,247 - INFO - [1197/2059] Biological assembly already cached: 6Q9U-assembly1.cif
2026-05-11 06:58:57,447 - INFO - [1198/2059] Asymmetric unit already cached: 6Q9W.cif
2026-05-11 06:58:57,447 - INFO - [1198/2059] Biological assembly already cached: 6Q9W-assembly1.cif
2026-05-11 06:58:57,648 - INFO - [1199/2059] Asymmetric unit already cached: 6Q9Y.cif
2026-05-11 06:58:57,648 - INFO - [1199/2059] Biological assembly already cached: 6Q9Y-assembly1.cif
2026-05-11 06:58:57,848 - INFO - [1200/2059] Asymmetric unit already cached: 6QAJ.cif
2026-05-11 06:58:57,848 - INFO - [1200/2059] Biological assembly already cached: 6QAJ-assembly1.cif
2026-05-11 06:58:58,049 - INFO - [1201/2059] Asymmetric unit already cached: 6QCI.cif
2026-05-11 06:58:58,049 - INFO - [1201/2059] Biological assembly already cached: 6QCI-assembly1.cif
2026-05-11 06:58:58,249 - INFO - [1202/2059] Asymmetric unit already cached: 6QDV.cif
2026-05-11 06:58:58,249 - INFO - [1202/2059] Biological assembly already cached: 6QDV-assembly1.cif
2026-05-11 06:58:58,450 - INFO - [1203/2059] Asymmetric unit already cached: 6QH3.cif
2026-05-11 06:58:58,450 - INFO - [1203/2059] Biological assembly already cached: 6QH3-assembly1.cif
2026-05-11 06:58:58,650 - INFO - [1204/2059] Asymmetric unit already cached: 6QHK.cif
2026-05-11 06:58:58,651 - INFO - [1204/2059] Biological assembly already cached: 6QHK-assembly1.cif
2026-05-11 06:58:58,851 - INFO - [1205/2059] Asymmetric unit already cached: 6QLY.cif
2026-05-11 06:58:58,851 - INFO - [1205/2059] Biological assembly already cached: 6QLY-assembly1.cif
2026-05-11 06:58:59,051 - INFO - [1206/2059] Asymmetric unit already cached: 6QLZ.cif
2026-05-11 06:58:59,052 - INFO - [1206/2059] Biological assembly already cached: 6QLZ-assembly1.cif
2026-05-11 06:58:59,252 - INFO - [1207/2059] Asymmetric unit already cached: 6QST.cif
2026-05-11 06:58:59,252 - INFO - [1207/2059] Biological assembly already cached: 6QST-assembly1.cif
2026-05-11 06:58:59,452 - INFO - [1208/2059] Asymmetric unit already cached: 6QU1.cif
2026-05-11 06:58:59,453 - INFO - [1208/2059] Biological assembly already cached: 6QU1-assembly1.cif
2026-05-11 06:58:59,653 - INFO - [1209/2059] Asymmetric unit already cached: 6R6H.cif
2026-05-11 06:58:59,653 - INFO - [1209/2059] Biological assembly already cached: 6R6H-assembly1.cif
2026-05-11 06:58:59,854 - INFO - [1210/2059] Asymmetric unit already cached: 6R75.cif
2026-05-11 06:58:59,854 - INFO - [1210/2059] Biological assembly already cached: 6R75-assembly1.cif
2026-05-11 06:59:00,054 - INFO - [1211/2059] Asymmetric unit already cached: 6R7F.cif
2026-05-11 06:59:00,054 - INFO - [1211/2059] Biological assembly already cached: 6R7F-assembly1.cif
2026-05-11 06:59:00,254 - INFO - [1212/2059] Asymmetric unit already cached: 6R7H.cif
2026-05-11 06:59:00,255 - INFO - [1212/2059] Biological assembly already cached: 6R7H-assembly1.cif
2026-05-11 06:59:00,455 - INFO - [1213/2059] Asymmetric unit already cached: 6R7I.cif
2026-05-11 06:59:00,455 - INFO - [1213/2059] Biological assembly already cached: 6R7I-assembly1.cif
2026-05-11 06:59:00,656 - INFO - [1214/2059] Asymmetric unit already cached: 6R7N.cif
2026-05-11 06:59:00,656 - INFO - [1214/2059] Biological assembly already cached: 6R7N-assembly1.cif
2026-05-11 06:59:00,856 - INFO - [1215/2059] Asymmetric unit already cached: 6RSS.cif
2026-05-11 06:59:00,856 - INFO - [1215/2059] Biological assembly already cached: 6RSS-assembly1.cif
2026-05-11 06:59:01,057 - INFO - [1216/2059] Asymmetric unit already cached: 6S53.cif
2026-05-11 06:59:01,057 - INFO - [1216/2059] Biological assembly already cached: 6S53-assembly1.cif
2026-05-11 06:59:01,257 - INFO - [1217/2059] Asymmetric unit already cached: 6S96.cif
2026-05-11 06:59:01,257 - INFO - [1217/2059] Biological assembly already cached: 6S96-assembly1.cif
2026-05-11 06:59:01,458 - INFO - [1218/2059] Asymmetric unit already cached: 6S98.cif
2026-05-11 06:59:01,458 - INFO - [1218/2059] Biological assembly already cached: 6S98-assembly1.cif
2026-05-11 06:59:01,658 - INFO - [1219/2059] Asymmetric unit already cached: 6SC5.cif
2026-05-11 06:59:01,658 - INFO - [1219/2059] Biological assembly already cached: 6SC5-assembly1.cif
2026-05-11 06:59:01,859 - INFO - [1220/2059] Asymmetric unit already cached: 6SC6.cif
2026-05-11 06:59:01,859 - INFO - [1220/2059] Biological assembly already cached: 6SC6-assembly1.cif
2026-05-11 06:59:02,059 - INFO - [1221/2059] Asymmetric unit already cached: 6SC7.cif
2026-05-11 06:59:02,060 - INFO - [1221/2059] Biological assembly already cached: 6SC7-assembly1.cif
2026-05-11 06:59:02,260 - INFO - [1222/2059] Asymmetric unit already cached: 6SC8.cif
2026-05-11 06:59:02,260 - INFO - [1222/2059] Biological assembly already cached: 6SC8-assembly1.cif
2026-05-11 06:59:02,460 - INFO - [1223/2059] Asymmetric unit already cached: 6SC9.cif
2026-05-11 06:59:02,461 - INFO - [1223/2059] Biological assembly already cached: 6SC9-assembly1.cif
2026-05-11 06:59:02,661 - INFO - [1224/2059] Asymmetric unit already cached: 6SJV.cif
2026-05-11 06:59:02,661 - INFO - [1224/2059] Biological assembly already cached: 6SJV-assembly1.cif
2026-05-11 06:59:02,861 - INFO - [1225/2059] Asymmetric unit already cached: 6SLM.cif
2026-05-11 06:59:02,862 - INFO - [1225/2059] Biological assembly already cached: 6SLM-assembly1.cif
2026-05-11 06:59:03,062 - INFO - [1226/2059] Asymmetric unit already cached: 6SQE.cif
2026-05-11 06:59:03,062 - INFO - [1226/2059] Biological assembly already cached: 6SQE-assembly1.cif
2026-05-11 06:59:03,263 - INFO - [1227/2059] Asymmetric unit already cached: 6SQF.cif
2026-05-11 06:59:03,263 - INFO - [1227/2059] Biological assembly already cached: 6SQF-assembly1.cif
2026-05-11 06:59:03,463 - INFO - [1228/2059] Asymmetric unit already cached: 6SQM.cif
2026-05-11 06:59:03,463 - INFO - [1228/2059] Biological assembly already cached: 6SQM-assembly1.cif
2026-05-11 06:59:03,664 - INFO - [1229/2059] Asymmetric unit already cached: 6SQO.cif
2026-05-11 06:59:03,664 - INFO - [1229/2059] Biological assembly already cached: 6SQO-assembly1.cif
2026-05-11 06:59:03,864 - INFO - [1230/2059] Asymmetric unit already cached: 6SQR.cif
2026-05-11 06:59:03,864 - INFO - [1230/2059] Biological assembly already cached: 6SQR-assembly1.cif
2026-05-11 06:59:04,065 - INFO - [1231/2059] Asymmetric unit already cached: 6SQS.cif
2026-05-11 06:59:04,065 - INFO - [1231/2059] Biological assembly already cached: 6SQS-assembly1.cif
2026-05-11 06:59:04,265 - INFO - [1232/2059] Asymmetric unit already cached: 6SXX.cif
2026-05-11 06:59:04,265 - INFO - [1232/2059] Biological assembly already cached: 6SXX-assembly1.cif
2026-05-11 06:59:04,466 - INFO - [1233/2059] Asymmetric unit already cached: 6SYF.cif
2026-05-11 06:59:04,466 - INFO - [1233/2059] Biological assembly already cached: 6SYF-assembly1.cif
2026-05-11 06:59:04,666 - INFO - [1234/2059] Asymmetric unit already cached: 6T2D.cif
2026-05-11 06:59:04,667 - INFO - [1234/2059] Biological assembly already cached: 6T2D-assembly1.cif
2026-05-11 06:59:04,867 - INFO - [1235/2059] Asymmetric unit already cached: 6T2E.cif
2026-05-11 06:59:04,867 - INFO - [1235/2059] Biological assembly already cached: 6T2E-assembly1.cif
2026-05-11 06:59:05,067 - INFO - [1236/2059] Asymmetric unit already cached: 6T2F.cif
2026-05-11 06:59:05,068 - INFO - [1236/2059] Biological assembly already cached: 6T2F-assembly1.cif
2026-05-11 06:59:05,268 - INFO - [1237/2059] Asymmetric unit already cached: 6T7F.cif
2026-05-11 06:59:05,268 - INFO - [1237/2059] Biological assembly already cached: 6T7F-assembly1.cif
2026-05-11 06:59:05,468 - INFO - [1238/2059] Asymmetric unit already cached: 6TGK.cif
2026-05-11 06:59:05,469 - INFO - [1238/2059] Biological assembly already cached: 6TGK-assembly1.cif
2026-05-11 06:59:05,669 - INFO - [1239/2059] Asymmetric unit already cached: 6TGY.cif
2026-05-11 06:59:05,669 - INFO - [1239/2059] Biological assembly already cached: 6TGY-assembly1.cif
2026-05-11 06:59:05,870 - INFO - [1240/2059] Asymmetric unit already cached: 6TH3.cif
2026-05-11 06:59:05,870 - INFO - [1240/2059] Biological assembly already cached: 6TH3-assembly1.cif
2026-05-11 06:59:06,070 - INFO - [1241/2059] Asymmetric unit already cached: 6TLJ.cif
2026-05-11 06:59:06,070 - INFO - [1241/2059] Biological assembly already cached: 6TLJ-assembly1.cif
2026-05-11 06:59:06,271 - INFO - [1242/2059] Asymmetric unit already cached: 6TM5.cif
2026-05-11 06:59:06,271 - INFO - [1242/2059] Biological assembly already cached: 6TM5-assembly1.cif
2026-05-11 06:59:06,471 - INFO - [1243/2059] Asymmetric unit already cached: 6TNT.cif
2026-05-11 06:59:06,471 - INFO - [1243/2059] Biological assembly already cached: 6TNT-assembly1.cif
2026-05-11 06:59:06,672 - INFO - [1244/2059] Asymmetric unit already cached: 6TTU.cif
2026-05-11 06:59:06,672 - INFO - [1244/2059] Biological assembly already cached: 6TTU-assembly1.cif
2026-05-11 06:59:06,872 - INFO - [1245/2059] Asymmetric unit already cached: 6TUN.cif
2026-05-11 06:59:06,873 - INFO - [1245/2059] Biological assembly already cached: 6TUN-assembly1.cif
2026-05-11 06:59:07,073 - INFO - [1246/2059] Asymmetric unit already cached: 6U19.cif
2026-05-11 06:59:07,073 - INFO - [1246/2059] Biological assembly already cached: 6U19-assembly1.cif
2026-05-11 06:59:07,274 - INFO - [1247/2059] Asymmetric unit already cached: 6ULH.cif
2026-05-11 06:59:07,274 - INFO - [1247/2059] Biological assembly already cached: 6ULH-assembly1.cif
2026-05-11 06:59:07,474 - INFO - [1248/2059] Asymmetric unit already cached: 6UMA.cif
2026-05-11 06:59:07,475 - INFO - [1248/2059] Biological assembly already cached: 6UMA-assembly1.cif
2026-05-11 06:59:07,675 - INFO - [1249/2059] Asymmetric unit already cached: 6UMB.cif
2026-05-11 06:59:07,675 - INFO - [1249/2059] Biological assembly already cached: 6UMB-assembly1.cif
2026-05-11 06:59:07,876 - INFO - [1250/2059] Asymmetric unit already cached: 6UMP.cif
2026-05-11 06:59:07,876 - INFO - [1250/2059] Biological assembly already cached: 6UMP-assembly1.cif
2026-05-11 06:59:08,076 - INFO - [1251/2059] Asymmetric unit already cached: 6UMS.cif
2026-05-11 06:59:08,076 - INFO - [1251/2059] Biological assembly already cached: 6UMS-assembly1.cif
2026-05-11 06:59:08,277 - INFO - [1252/2059] Asymmetric unit already cached: 6UYO.cif
2026-05-11 06:59:08,277 - INFO - [1252/2059] Biological assembly already cached: 6UYO-assembly1.cif
2026-05-11 06:59:08,477 - INFO - [1253/2059] Asymmetric unit already cached: 6UYP.cif
2026-05-11 06:59:08,478 - INFO - [1253/2059] Biological assembly already cached: 6UYP-assembly1.cif
2026-05-11 06:59:08,678 - INFO - [1254/2059] Asymmetric unit already cached: 6UYQ.cif
2026-05-11 06:59:08,678 - INFO - [1254/2059] Biological assembly already cached: 6UYQ-assembly1.cif
2026-05-11 06:59:08,879 - INFO - [1255/2059] Asymmetric unit already cached: 6UYR.cif
2026-05-11 06:59:08,879 - INFO - [1255/2059] Biological assembly already cached: 6UYR-assembly1.cif
2026-05-11 06:59:09,079 - INFO - [1256/2059] Asymmetric unit already cached: 6UYS.cif
2026-05-11 06:59:09,079 - INFO - [1256/2059] Biological assembly already cached: 6UYS-assembly1.cif
2026-05-11 06:59:09,280 - INFO - [1257/2059] Asymmetric unit already cached: 6UYT.cif
2026-05-11 06:59:09,280 - INFO - [1257/2059] Biological assembly already cached: 6UYT-assembly1.cif
2026-05-11 06:59:09,480 - INFO - [1258/2059] Asymmetric unit already cached: 6UYU.cif
2026-05-11 06:59:09,480 - INFO - [1258/2059] Biological assembly already cached: 6UYU-assembly1.cif
2026-05-11 06:59:09,681 - INFO - [1259/2059] Asymmetric unit already cached: 6UYV.cif
2026-05-11 06:59:09,681 - INFO - [1259/2059] Biological assembly already cached: 6UYV-assembly1.cif
2026-05-11 06:59:09,882 - INFO - [1260/2059] Asymmetric unit already cached: 6V8B.cif
2026-05-11 06:59:09,882 - INFO - [1260/2059] Biological assembly already cached: 6V8B-assembly1.cif
2026-05-11 06:59:10,082 - INFO - [1261/2059] Asymmetric unit already cached: 6V8K.cif
2026-05-11 06:59:10,082 - INFO - [1261/2059] Biological assembly already cached: 6V8K-assembly1.cif
2026-05-11 06:59:10,283 - INFO - [1262/2059] Asymmetric unit already cached: 6V8N.cif
2026-05-11 06:59:10,283 - INFO - [1262/2059] Biological assembly already cached: 6V8N-assembly1.cif
2026-05-11 06:59:10,483 - INFO - [1263/2059] Asymmetric unit already cached: 6V90.cif
2026-05-11 06:59:10,484 - INFO - [1263/2059] Biological assembly already cached: 6V90-assembly1.cif
2026-05-11 06:59:10,684 - INFO - [1264/2059] Asymmetric unit already cached: 6VCS.cif
2026-05-11 06:59:10,684 - INFO - [1264/2059] Biological assembly already cached: 6VCS-assembly1.cif
2026-05-11 06:59:10,884 - INFO - [1265/2059] Asymmetric unit already cached: 6VED.cif
2026-05-11 06:59:10,885 - INFO - [1265/2059] Biological assembly already cached: 6VED-assembly1.cif
2026-05-11 06:59:11,085 - INFO - [1266/2059] Asymmetric unit already cached: 6VYJ.cif
2026-05-11 06:59:11,085 - INFO - [1266/2059] Biological assembly already cached: 6VYJ-assembly1.cif
2026-05-11 06:59:11,285 - INFO - [1267/2059] Asymmetric unit already cached: 6W74.cif
2026-05-11 06:59:11,286 - INFO - [1267/2059] Biological assembly already cached: 6W74-assembly1.cif
2026-05-11 06:59:11,486 - INFO - [1268/2059] Asymmetric unit already cached: 6W7O.cif
2026-05-11 06:59:11,486 - INFO - [1268/2059] Biological assembly already cached: 6W7O-assembly1.cif
2026-05-11 06:59:11,687 - INFO - [1269/2059] Asymmetric unit already cached: 6W7Z.cif
2026-05-11 06:59:11,687 - INFO - [1269/2059] Biological assembly already cached: 6W7Z-assembly1.cif
2026-05-11 06:59:11,887 - INFO - [1270/2059] Asymmetric unit already cached: 6W8I.cif
2026-05-11 06:59:11,887 - INFO - [1270/2059] Biological assembly already cached: 6W8I-assembly1.cif
2026-05-11 06:59:12,088 - INFO - [1271/2059] Asymmetric unit already cached: 6W92.cif
2026-05-11 06:59:12,088 - INFO - [1271/2059] Biological assembly already cached: 6W92-assembly1.cif
2026-05-11 06:59:12,288 - INFO - [1272/2059] Asymmetric unit already cached: 6W9A.cif
2026-05-11 06:59:12,288 - INFO - [1272/2059] Biological assembly already cached: 6W9A-assembly1.cif
2026-05-11 06:59:12,489 - INFO - [1273/2059] Asymmetric unit already cached: 6W9D.cif
2026-05-11 06:59:12,489 - INFO - [1273/2059] Biological assembly already cached: 6W9D-assembly1.cif
2026-05-11 06:59:12,689 - INFO - [1274/2059] Asymmetric unit already cached: 6WHB.cif
2026-05-11 06:59:12,689 - INFO - [1274/2059] Biological assembly already cached: 6WHB-assembly1.cif
2026-05-11 06:59:12,890 - INFO - [1275/2059] Asymmetric unit already cached: 6WI7.cif
2026-05-11 06:59:12,890 - INFO - [1275/2059] Biological assembly already cached: 6WI7-assembly1.cif
2026-05-11 06:59:13,090 - INFO - [1276/2059] Asymmetric unit already cached: 6WI8.cif
2026-05-11 06:59:13,091 - INFO - [1276/2059] Biological assembly already cached: 6WI8-assembly1.cif
2026-05-11 06:59:13,291 - INFO - [1277/2059] Asymmetric unit already cached: 6WW3.cif
2026-05-11 06:59:13,291 - INFO - [1277/2059] Biological assembly already cached: 6WW3-assembly1.cif
2026-05-11 06:59:13,491 - INFO - [1278/2059] Asymmetric unit already cached: 6WW4.cif
2026-05-11 06:59:13,492 - INFO - [1278/2059] Biological assembly already cached: 6WW4-assembly1.cif
2026-05-11 06:59:13,692 - INFO - [1279/2059] Asymmetric unit already cached: 6XAR.cif
2026-05-11 06:59:13,692 - INFO - [1279/2059] Biological assembly already cached: 6XAR-assembly1.cif
2026-05-11 06:59:13,893 - INFO - [1280/2059] Asymmetric unit already cached: 6XBZ.cif
2026-05-11 06:59:13,893 - INFO - [1280/2059] Biological assembly already cached: 6XBZ-assembly1.cif
2026-05-11 06:59:14,093 - INFO - [1281/2059] Asymmetric unit already cached: 6XD3.cif
2026-05-11 06:59:14,093 - INFO - [1281/2059] Biological assembly already cached: 6XD3-assembly1.cif
2026-05-11 06:59:14,294 - INFO - [1282/2059] Asymmetric unit already cached: 6XXU.cif
2026-05-11 06:59:14,294 - INFO - [1282/2059] Biological assembly already cached: 6XXU-assembly1.cif
2026-05-11 06:59:14,494 - INFO - [1283/2059] Asymmetric unit already cached: 6Y22.cif
2026-05-11 06:59:14,494 - INFO - [1283/2059] Biological assembly already cached: 6Y22-assembly1.cif
2026-05-11 06:59:14,695 - INFO - [1284/2059] Asymmetric unit already cached: 6Y2X.cif
2026-05-11 06:59:14,695 - INFO - [1284/2059] Biological assembly already cached: 6Y2X-assembly1.cif
2026-05-11 06:59:14,895 - INFO - [1285/2059] Asymmetric unit already cached: 6Y3J.cif
2026-05-11 06:59:14,895 - INFO - [1285/2059] Biological assembly already cached: 6Y3J-assembly1.cif
2026-05-11 06:59:15,096 - INFO - [1286/2059] Asymmetric unit already cached: 6Y4Q.cif
2026-05-11 06:59:15,096 - INFO - [1286/2059] Biological assembly already cached: 6Y4Q-assembly1.cif
2026-05-11 06:59:15,296 - INFO - [1287/2059] Asymmetric unit already cached: 6Y5N.cif
2026-05-11 06:59:15,296 - INFO - [1287/2059] Biological assembly already cached: 6Y5N-assembly1.cif
2026-05-11 06:59:15,497 - INFO - [1288/2059] Asymmetric unit already cached: 6Y5P.cif
2026-05-11 06:59:15,497 - INFO - [1288/2059] Biological assembly already cached: 6Y5P-assembly1.cif
2026-05-11 06:59:15,697 - INFO - [1289/2059] Asymmetric unit already cached: 6YIJ.cif
2026-05-11 06:59:15,698 - INFO - [1289/2059] Biological assembly already cached: 6YIJ-assembly1.cif
2026-05-11 06:59:15,898 - INFO - [1290/2059] Asymmetric unit already cached: 6YIK.cif
2026-05-11 06:59:15,898 - INFO - [1290/2059] Biological assembly already cached: 6YIK-assembly1.cif
2026-05-11 06:59:16,099 - INFO - [1291/2059] Asymmetric unit already cached: 6YIL.cif
2026-05-11 06:59:16,099 - INFO - [1291/2059] Biological assembly already cached: 6YIL-assembly1.cif
2026-05-11 06:59:16,299 - INFO - [1292/2059] Asymmetric unit already cached: 6YIM.cif
2026-05-11 06:59:16,299 - INFO - [1292/2059] Biological assembly already cached: 6YIM-assembly1.cif
2026-05-11 06:59:16,500 - INFO - [1293/2059] Asymmetric unit already cached: 6YR5.cif
2026-05-11 06:59:16,500 - INFO - [1293/2059] Biological assembly already cached: 6YR5-assembly1.cif
2026-05-11 06:59:16,700 - INFO - [1294/2059] Asymmetric unit already cached: 6YR6.cif
2026-05-11 06:59:16,701 - INFO - [1294/2059] Biological assembly already cached: 6YR6-assembly1.cif
2026-05-11 06:59:16,901 - INFO - [1295/2059] Asymmetric unit already cached: 6YR7.cif
2026-05-11 06:59:16,901 - INFO - [1295/2059] Biological assembly already cached: 6YR7-assembly1.cif
2026-05-11 06:59:17,102 - INFO - [1296/2059] Asymmetric unit already cached: 6YXE.cif
2026-05-11 06:59:17,102 - INFO - [1296/2059] Biological assembly already cached: 6YXE-assembly1.cif
2026-05-11 06:59:17,302 - INFO - [1297/2059] Asymmetric unit already cached: 6ZBT.cif
2026-05-11 06:59:17,302 - INFO - [1297/2059] Biological assembly already cached: 6ZBT-assembly1.cif
2026-05-11 06:59:17,503 - INFO - [1298/2059] Asymmetric unit already cached: 6ZC9.cif
2026-05-11 06:59:17,503 - INFO - [1298/2059] Biological assembly already cached: 6ZC9-assembly1.cif
2026-05-11 06:59:17,703 - INFO - [1299/2059] Asymmetric unit already cached: 7A5P.cif
2026-05-11 06:59:17,703 - INFO - [1299/2059] Biological assembly already cached: 7A5P-assembly1.cif
2026-05-11 06:59:17,904 - INFO - [1300/2059] Asymmetric unit already cached: 7ABI.cif
2026-05-11 06:59:17,904 - INFO - [1300/2059] Biological assembly already cached: 7ABI-assembly1.cif
2026-05-11 06:59:18,104 - INFO - [1301/2059] Asymmetric unit already cached: 7AD0.cif
2026-05-11 06:59:18,104 - INFO - [1301/2059] Biological assembly already cached: 7AD0-assembly1.cif
2026-05-11 06:59:18,305 - INFO - [1302/2059] Asymmetric unit already cached: 7AHF.cif
2026-05-11 06:59:18,305 - INFO - [1302/2059] Biological assembly already cached: 7AHF-assembly1.cif
2026-05-11 06:59:18,506 - INFO - [1303/2059] Asymmetric unit already cached: 7AI0.cif
2026-05-11 06:59:18,506 - INFO - [1303/2059] Biological assembly already cached: 7AI0-assembly1.cif
2026-05-11 06:59:18,706 - INFO - [1304/2059] Asymmetric unit already cached: 7AI1.cif
2026-05-11 06:59:18,706 - INFO - [1304/2059] Biological assembly already cached: 7AI1-assembly1.cif
2026-05-11 06:59:18,907 - INFO - [1305/2059] Asymmetric unit already cached: 7AYE.cif
2026-05-11 06:59:18,907 - INFO - [1305/2059] Biological assembly already cached: 7AYE-assembly1.cif
2026-05-11 06:59:19,107 - INFO - [1306/2059] Asymmetric unit already cached: 7AZX.cif
2026-05-11 06:59:19,107 - INFO - [1306/2059] Biological assembly already cached: 7AZX-assembly1.cif
2026-05-11 06:59:19,308 - INFO - [1307/2059] Asymmetric unit already cached: 7B2R.cif
2026-05-11 06:59:19,308 - INFO - [1307/2059] Biological assembly already cached: 7B2R-assembly1.cif
2026-05-11 06:59:19,509 - INFO - [1308/2059] Asymmetric unit already cached: 7B2S.cif
2026-05-11 06:59:19,509 - INFO - [1308/2059] Biological assembly already cached: 7B2S-assembly1.cif
2026-05-11 06:59:19,709 - INFO - [1309/2059] Asymmetric unit already cached: 7B5L.cif
2026-05-11 06:59:19,709 - INFO - [1309/2059] Biological assembly already cached: 7B5L-assembly1.cif
2026-05-11 06:59:19,910 - INFO - [1310/2059] Asymmetric unit already cached: 7B5M.cif
2026-05-11 06:59:19,910 - INFO - [1310/2059] Biological assembly already cached: 7B5M-assembly1.cif
2026-05-11 06:59:20,110 - INFO - [1311/2059] Asymmetric unit already cached: 7B5N.cif
2026-05-11 06:59:20,111 - INFO - [1311/2059] Biological assembly already cached: 7B5N-assembly1.cif
2026-05-11 06:59:20,311 - INFO - [1312/2059] Asymmetric unit already cached: 7B5O.cif
2026-05-11 06:59:20,311 - INFO - [1312/2059] Biological assembly already cached: 7B5O-assembly1.cif
2026-05-11 06:59:20,512 - INFO - [1313/2059] Asymmetric unit already cached: 7B5Q.cif
2026-05-11 06:59:20,512 - INFO - [1313/2059] Biological assembly already cached: 7B5Q-assembly1.cif
2026-05-11 06:59:20,712 - INFO - [1314/2059] Asymmetric unit already cached: 7B5S.cif
2026-05-11 06:59:20,712 - INFO - [1314/2059] Biological assembly already cached: 7B5S-assembly1.cif
2026-05-11 06:59:20,913 - INFO - [1315/2059] Asymmetric unit already cached: 7B96.cif
2026-05-11 06:59:20,913 - INFO - [1315/2059] Biological assembly already cached: 7B96-assembly1.cif
2026-05-11 06:59:21,113 - INFO - [1316/2059] Asymmetric unit already cached: 7B9X.cif
2026-05-11 06:59:21,114 - INFO - [1316/2059] Biological assembly already cached: 7B9X-assembly1.cif
2026-05-11 06:59:21,314 - INFO - [1317/2059] Asymmetric unit already cached: 7BBD.cif
2026-05-11 06:59:21,314 - INFO - [1317/2059] Biological assembly already cached: 7BBD-assembly1.cif
2026-05-11 06:59:21,515 - INFO - [1318/2059] Asymmetric unit already cached: 7BBF.cif
2026-05-11 06:59:21,515 - INFO - [1318/2059] Biological assembly already cached: 7BBF-assembly1.cif
2026-05-11 06:59:21,715 - INFO - [1319/2059] Asymmetric unit already cached: 7BIR.cif
2026-05-11 06:59:21,715 - INFO - [1319/2059] Biological assembly already cached: 7BIR-assembly1.cif
2026-05-11 06:59:21,916 - INFO - [1320/2059] Asymmetric unit already cached: 7BIT.cif
2026-05-11 06:59:21,916 - INFO - [1320/2059] Biological assembly already cached: 7BIT-assembly1.cif
2026-05-11 06:59:22,116 - INFO - [1321/2059] Asymmetric unit already cached: 7BIV.cif
2026-05-11 06:59:22,117 - INFO - [1321/2059] Biological assembly already cached: 7BIV-assembly1.cif
2026-05-11 06:59:22,317 - INFO - [1322/2059] Asymmetric unit already cached: 7BJ0.cif
2026-05-11 06:59:22,317 - INFO - [1322/2059] Biological assembly already cached: 7BJ0-assembly1.cif
2026-05-11 06:59:22,518 - INFO - [1323/2059] Asymmetric unit already cached: 7BJ6.cif
2026-05-11 06:59:22,518 - INFO - [1323/2059] Biological assembly already cached: 7BJ6-assembly1.cif
2026-05-11 06:59:22,718 - INFO - [1324/2059] Asymmetric unit already cached: 7BMG.cif
2026-05-11 06:59:22,718 - INFO - [1324/2059] Biological assembly already cached: 7BMG-assembly1.cif
2026-05-11 06:59:22,919 - INFO - [1325/2059] Asymmetric unit already cached: 7BOL.cif
2026-05-11 06:59:22,919 - INFO - [1325/2059] Biological assembly already cached: 7BOL-assembly1.cif
2026-05-11 06:59:23,119 - INFO - [1326/2059] Asymmetric unit already cached: 7BXG.cif
2026-05-11 06:59:23,119 - INFO - [1326/2059] Biological assembly already cached: 7BXG-assembly1.cif
2026-05-11 06:59:23,320 - INFO - [1327/2059] Asymmetric unit already cached: 7C3Q.cif
2026-05-11 06:59:23,320 - INFO - [1327/2059] Biological assembly already cached: 7C3Q-assembly1.cif
2026-05-11 06:59:23,520 - INFO - [1328/2059] Asymmetric unit already cached: 7C3Y.cif
2026-05-11 06:59:23,520 - INFO - [1328/2059] Biological assembly already cached: 7C3Y-assembly1.cif
2026-05-11 06:59:23,721 - INFO - [1329/2059] Asymmetric unit already cached: 7C44.cif
2026-05-11 06:59:23,721 - INFO - [1329/2059] Biological assembly already cached: 7C44-assembly1.cif
2026-05-11 06:59:23,921 - INFO - [1330/2059] Asymmetric unit already cached: 7CO1.cif
2026-05-11 06:59:23,922 - INFO - [1330/2059] Biological assembly already cached: 7CO1-assembly1.cif
2026-05-11 06:59:24,122 - INFO - [1331/2059] Asymmetric unit already cached: 7DVQ.cif
2026-05-11 06:59:24,122 - INFO - [1331/2059] Biological assembly already cached: 7DVQ-assembly1.cif
2026-05-11 06:59:24,322 - INFO - [1332/2059] Asymmetric unit already cached: 7E8I.cif
2026-05-11 06:59:24,323 - INFO - [1332/2059] Biological assembly already cached: 7E8I-assembly1.cif
2026-05-11 06:59:24,523 - INFO - [1333/2059] Asymmetric unit already cached: 7EGB.cif
2026-05-11 06:59:24,523 - INFO - [1333/2059] Biological assembly already cached: 7EGB-assembly1.cif
2026-05-11 06:59:24,723 - INFO - [1334/2059] Asymmetric unit already cached: 7EGC.cif
2026-05-11 06:59:24,724 - INFO - [1334/2059] Biological assembly already cached: 7EGC-assembly1.cif
2026-05-11 06:59:24,924 - INFO - [1335/2059] Asymmetric unit already cached: 7EL4.cif
2026-05-11 06:59:24,924 - INFO - [1335/2059] Biological assembly already cached: 7EL4-assembly1.cif
2026-05-11 06:59:25,124 - INFO - [1336/2059] Asymmetric unit already cached: 7ENA.cif
2026-05-11 06:59:25,125 - INFO - [1336/2059] Biological assembly already cached: 7ENA-assembly1.cif
2026-05-11 06:59:25,325 - INFO - [1337/2059] Asymmetric unit already cached: 7ENC.cif
2026-05-11 06:59:25,325 - INFO - [1337/2059] Biological assembly already cached: 7ENC-assembly1.cif
2026-05-11 06:59:25,525 - INFO - [1338/2059] Asymmetric unit already cached: 7EVJ.cif
2026-05-11 06:59:25,526 - INFO - [1338/2059] Biological assembly already cached: 7EVJ-assembly1.cif
2026-05-11 06:59:25,726 - INFO - [1339/2059] Asymmetric unit already cached: 7FB7.cif
2026-05-11 06:59:25,726 - INFO - [1339/2059] Biological assembly already cached: 7FB7-assembly1.cif
2026-05-11 06:59:25,926 - INFO - [1340/2059] Asymmetric unit already cached: 7JFL.cif
2026-05-11 06:59:25,927 - INFO - [1340/2059] Biological assembly already cached: 7JFL-assembly1.cif
2026-05-11 06:59:26,127 - INFO - [1341/2059] Asymmetric unit already cached: 7JFM.cif
2026-05-11 06:59:26,127 - INFO - [1341/2059] Biological assembly already cached: 7JFM-assembly1.cif
2026-05-11 06:59:26,327 - INFO - [1342/2059] Asymmetric unit already cached: 7JL0.cif
2026-05-11 06:59:26,328 - INFO - [1342/2059] Biological assembly already cached: 7JL0-assembly1.cif
2026-05-11 06:59:26,528 - INFO - [1343/2059] Asymmetric unit already cached: 7JL1.cif
2026-05-11 06:59:26,528 - INFO - [1343/2059] Biological assembly already cached: 7JL1-assembly1.cif
2026-05-11 06:59:26,729 - INFO - [1344/2059] Asymmetric unit already cached: 7JL2.cif
2026-05-11 06:59:26,729 - INFO - [1344/2059] Biological assembly already cached: 7JL2-assembly1.cif
2026-05-11 06:59:26,929 - INFO - [1345/2059] Asymmetric unit already cached: 7JL3.cif
2026-05-11 06:59:26,929 - INFO - [1345/2059] Biological assembly already cached: 7JL3-assembly1.cif
2026-05-11 06:59:27,130 - INFO - [1346/2059] Asymmetric unit already cached: 7JL4.cif
2026-05-11 06:59:27,130 - INFO - [1346/2059] Biological assembly already cached: 7JL4-assembly1.cif
2026-05-11 06:59:27,330 - INFO - [1347/2059] Asymmetric unit already cached: 7JQ9.cif
2026-05-11 06:59:27,330 - INFO - [1347/2059] Biological assembly already cached: 7JQ9-assembly1.cif
2026-05-11 06:59:27,531 - INFO - [1348/2059] Asymmetric unit already cached: 7JUO.cif
2026-05-11 06:59:27,531 - INFO - [1348/2059] Biological assembly already cached: 7JUO-assembly1.cif
2026-05-11 06:59:27,731 - INFO - [1349/2059] Asymmetric unit already cached: 7JZV.cif
2026-05-11 06:59:27,732 - INFO - [1349/2059] Biological assembly already cached: 7JZV-assembly1.cif
2026-05-11 06:59:27,932 - INFO - [1350/2059] Asymmetric unit already cached: 7KJM.cif
2026-05-11 06:59:27,932 - INFO - [1350/2059] Biological assembly already cached: 7KJM-assembly1.cif
2026-05-11 06:59:28,133 - INFO - [1351/2059] Asymmetric unit already cached: 7KJN.cif
2026-05-11 06:59:28,133 - INFO - [1351/2059] Biological assembly already cached: 7KJN-assembly1.cif
2026-05-11 06:59:28,333 - INFO - [1352/2059] Asymmetric unit already cached: 7KPY.cif
2026-05-11 06:59:28,333 - INFO - [1352/2059] Biological assembly already cached: 7KPY-assembly1.cif
2026-05-11 06:59:28,534 - INFO - [1353/2059] Asymmetric unit already cached: 7KZP.cif
2026-05-11 06:59:28,534 - INFO - [1353/2059] Biological assembly already cached: 7KZP-assembly1.cif
2026-05-11 06:59:28,734 - INFO - [1354/2059] Asymmetric unit already cached: 7KZQ.cif
2026-05-11 06:59:28,734 - INFO - [1354/2059] Biological assembly already cached: 7KZQ-assembly1.cif
2026-05-11 06:59:28,935 - INFO - [1355/2059] Asymmetric unit already cached: 7KZR.cif
2026-05-11 06:59:28,935 - INFO - [1355/2059] Biological assembly already cached: 7KZR-assembly1.cif
2026-05-11 06:59:29,135 - INFO - [1356/2059] Asymmetric unit already cached: 7KZS.cif
2026-05-11 06:59:29,136 - INFO - [1356/2059] Biological assembly already cached: 7KZS-assembly1.cif
2026-05-11 06:59:29,336 - INFO - [1357/2059] Asymmetric unit already cached: 7KZT.cif
2026-05-11 06:59:29,336 - INFO - [1357/2059] Biological assembly already cached: 7KZT-assembly1.cif
2026-05-11 06:59:29,537 - INFO - [1358/2059] Asymmetric unit already cached: 7KZV.cif
2026-05-11 06:59:29,537 - INFO - [1358/2059] Biological assembly already cached: 7KZV-assembly1.cif
2026-05-11 06:59:29,737 - INFO - [1359/2059] Asymmetric unit already cached: 7L3L.cif
2026-05-11 06:59:29,737 - INFO - [1359/2059] Biological assembly already cached: 7L3L-assembly1.cif
2026-05-11 06:59:29,938 - INFO - [1360/2059] Asymmetric unit already cached: 7LBM.cif
2026-05-11 06:59:29,938 - INFO - [1360/2059] Biological assembly already cached: 7LBM-assembly1.cif
2026-05-11 06:59:30,138 - INFO - [1361/2059] Asymmetric unit already cached: 7LEW.cif
2026-05-11 06:59:30,139 - INFO - [1361/2059] Biological assembly already cached: 7LEW-assembly1.cif
2026-05-11 06:59:30,339 - INFO - [1362/2059] Asymmetric unit already cached: 7LJE.cif
2026-05-11 06:59:30,339 - INFO - [1362/2059] Biological assembly already cached: 7LJE-assembly1.cif
2026-05-11 06:59:30,540 - INFO - [1363/2059] Asymmetric unit already cached: 7LP1.cif
2026-05-11 06:59:30,540 - INFO - [1363/2059] Biological assembly already cached: 7LP1-assembly1.cif
2026-05-11 06:59:30,740 - INFO - [1364/2059] Asymmetric unit already cached: 7LP2.cif
2026-05-11 06:59:30,740 - INFO - [1364/2059] Biological assembly already cached: 7LP2-assembly1.cif
2026-05-11 06:59:30,941 - INFO - [1365/2059] Asymmetric unit already cached: 7LP3.cif
2026-05-11 06:59:30,941 - INFO - [1365/2059] Biological assembly already cached: 7LP3-assembly1.cif
2026-05-11 06:59:31,141 - INFO - [1366/2059] Asymmetric unit already cached: 7LP4.cif
2026-05-11 06:59:31,142 - INFO - [1366/2059] Biological assembly already cached: 7LP4-assembly1.cif
2026-05-11 06:59:31,342 - INFO - [1367/2059] Asymmetric unit already cached: 7LP5.cif
2026-05-11 06:59:31,342 - INFO - [1367/2059] Biological assembly already cached: 7LP5-assembly1.cif
2026-05-11 06:59:31,543 - INFO - [1368/2059] Asymmetric unit already cached: 7LYB.cif
2026-05-11 06:59:31,543 - INFO - [1368/2059] Biological assembly already cached: 7LYB-assembly1.cif
2026-05-11 06:59:31,743 - INFO - [1369/2059] Asymmetric unit already cached: 7LYC.cif
2026-05-11 06:59:31,744 - INFO - [1369/2059] Biological assembly already cached: 7LYC-assembly1.cif
2026-05-11 06:59:31,944 - INFO - [1370/2059] Asymmetric unit already cached: 7M2K.cif
2026-05-11 06:59:31,944 - INFO - [1370/2059] Biological assembly already cached: 7M2K-assembly1.cif
2026-05-11 06:59:32,145 - INFO - [1371/2059] Asymmetric unit already cached: 7M3Q.cif
2026-05-11 06:59:32,145 - INFO - [1371/2059] Biological assembly already cached: 7M3Q-assembly1.cif
2026-05-11 06:59:32,345 - INFO - [1372/2059] Asymmetric unit already cached: 7M4M.cif
2026-05-11 06:59:32,345 - INFO - [1372/2059] Biological assembly already cached: 7M4M-assembly1.cif
2026-05-11 06:59:32,546 - INFO - [1373/2059] Asymmetric unit already cached: 7M4N.cif
2026-05-11 06:59:32,546 - INFO - [1373/2059] Biological assembly already cached: 7M4N-assembly1.cif
2026-05-11 06:59:32,746 - INFO - [1374/2059] Asymmetric unit already cached: 7M4O.cif
2026-05-11 06:59:32,746 - INFO - [1374/2059] Biological assembly already cached: 7M4O-assembly1.cif
2026-05-11 06:59:32,947 - INFO - [1375/2059] Asymmetric unit already cached: 7MLA.cif
2026-05-11 06:59:32,947 - INFO - [1375/2059] Biological assembly already cached: 7MLA-assembly1.cif
2026-05-11 06:59:33,147 - INFO - [1376/2059] Asymmetric unit already cached: 7MOP.cif
2026-05-11 06:59:33,147 - INFO - [1376/2059] Biological assembly already cached: 7MOP-assembly1.cif
2026-05-11 06:59:33,348 - INFO - [1377/2059] Asymmetric unit already cached: 7MWD.cif
2026-05-11 06:59:33,348 - INFO - [1377/2059] Biological assembly already cached: 7MWD-assembly1.cif
2026-05-11 06:59:33,548 - INFO - [1378/2059] Asymmetric unit already cached: 7MWE.cif
2026-05-11 06:59:33,549 - INFO - [1378/2059] Biological assembly already cached: 7MWE-assembly1.cif
2026-05-11 06:59:33,749 - INFO - [1379/2059] Asymmetric unit already cached: 7MWF.cif
2026-05-11 06:59:33,749 - INFO - [1379/2059] Biological assembly already cached: 7MWF-assembly1.cif
2026-05-11 06:59:33,950 - INFO - [1380/2059] Asymmetric unit already cached: 7MYF.cif
2026-05-11 06:59:33,950 - INFO - [1380/2059] Biological assembly already cached: 7MYF-assembly1.cif
2026-05-11 06:59:34,150 - INFO - [1381/2059] Asymmetric unit already cached: 7MYH.cif
2026-05-11 06:59:34,151 - INFO - [1381/2059] Biological assembly already cached: 7MYH-assembly1.cif
2026-05-11 06:59:34,351 - INFO - [1382/2059] Asymmetric unit already cached: 7NA1.cif
2026-05-11 06:59:34,351 - INFO - [1382/2059] Biological assembly already cached: 7NA1-assembly1.cif
2026-05-11 06:59:34,552 - INFO - [1383/2059] Asymmetric unit already cached: 7NA2.cif
2026-05-11 06:59:34,552 - INFO - [1383/2059] Biological assembly already cached: 7NA2-assembly1.cif
2026-05-11 06:59:34,752 - INFO - [1384/2059] Asymmetric unit already cached: 7NA3.cif
2026-05-11 06:59:34,753 - INFO - [1384/2059] Biological assembly already cached: 7NA3-assembly1.cif
2026-05-11 06:59:34,953 - INFO - [1385/2059] Asymmetric unit already cached: 7NA4.cif
2026-05-11 06:59:34,953 - INFO - [1385/2059] Biological assembly already cached: 7NA4-assembly1.cif
2026-05-11 06:59:35,154 - INFO - [1386/2059] Asymmetric unit already cached: 7ND1.cif
2026-05-11 06:59:35,154 - INFO - [1386/2059] Biological assembly already cached: 7ND1-assembly1.cif
2026-05-11 06:59:35,354 - INFO - [1387/2059] Asymmetric unit already cached: 7NK0.cif
2026-05-11 06:59:35,355 - INFO - [1387/2059] Biological assembly already cached: 7NK0-assembly1.cif
2026-05-11 06:59:35,555 - INFO - [1388/2059] Asymmetric unit already cached: 7NMZ.cif
2026-05-11 06:59:35,555 - INFO - [1388/2059] Biological assembly already cached: 7NMZ-assembly1.cif
2026-05-11 06:59:35,756 - INFO - [1389/2059] Asymmetric unit already cached: 7NUS.cif
2026-05-11 06:59:35,756 - INFO - [1389/2059] Biological assembly already cached: 7NUS-assembly1.cif
2026-05-11 06:59:35,956 - INFO - [1390/2059] Asymmetric unit already cached: 7NVR.cif
2026-05-11 06:59:35,957 - INFO - [1390/2059] Biological assembly already cached: 7NVR-assembly1.cif
2026-05-11 06:59:36,157 - INFO - [1391/2059] Asymmetric unit already cached: 7NVW.cif
2026-05-11 06:59:36,157 - INFO - [1391/2059] Biological assembly already cached: 7NVW-assembly1.cif
2026-05-11 06:59:36,358 - INFO - [1392/2059] Asymmetric unit already cached: 7NVX.cif
2026-05-11 06:59:36,358 - INFO - [1392/2059] Biological assembly already cached: 7NVX-assembly1.cif
2026-05-11 06:59:36,558 - INFO - [1393/2059] Asymmetric unit already cached: 7NVY.cif
2026-05-11 06:59:36,559 - INFO - [1393/2059] Biological assembly already cached: 7NVY-assembly1.cif
2026-05-11 06:59:36,759 - INFO - [1394/2059] Asymmetric unit already cached: 7NVZ.cif
2026-05-11 06:59:36,759 - INFO - [1394/2059] Biological assembly already cached: 7NVZ-assembly1.cif
2026-05-11 06:59:36,960 - INFO - [1395/2059] Asymmetric unit already cached: 7NW0.cif
2026-05-11 06:59:36,960 - INFO - [1395/2059] Biological assembly already cached: 7NW0-assembly1.cif
2026-05-11 06:59:37,160 - INFO - [1396/2059] Asymmetric unit already cached: 7NZC.cif
2026-05-11 06:59:37,161 - INFO - [1396/2059] Biological assembly already cached: 7NZC-assembly1.cif
2026-05-11 06:59:37,361 - INFO - [1397/2059] Asymmetric unit already cached: 7NZD.cif
2026-05-11 06:59:37,361 - INFO - [1397/2059] Biological assembly already cached: 7NZD-assembly1.cif
2026-05-11 06:59:37,562 - INFO - [1398/2059] Asymmetric unit already cached: 7O0B.cif
2026-05-11 06:59:37,562 - INFO - [1398/2059] Biological assembly already cached: 7O0B-assembly1.cif
2026-05-11 06:59:37,762 - INFO - [1399/2059] Asymmetric unit already cached: 7OD1.cif
2026-05-11 06:59:37,763 - INFO - [1399/2059] Biological assembly already cached: 7OD1-assembly1.cif
2026-05-11 06:59:37,963 - INFO - [1400/2059] Asymmetric unit already cached: 7OIK.cif
2026-05-11 06:59:37,963 - INFO - [1400/2059] Biological assembly already cached: 7OIK-assembly1.cif
2026-05-11 06:59:38,164 - INFO - [1401/2059] Asymmetric unit already cached: 7OJX.cif
2026-05-11 06:59:38,164 - INFO - [1401/2059] Biological assembly already cached: 7OJX-assembly1.cif
2026-05-11 06:59:38,364 - INFO - [1402/2059] Asymmetric unit already cached: 7OKQ.cif
2026-05-11 06:59:38,364 - INFO - [1402/2059] Biological assembly already cached: 7OKQ-assembly1.cif
2026-05-11 06:59:38,565 - INFO - [1403/2059] Asymmetric unit already cached: 7ONI.cif
2026-05-11 06:59:38,565 - INFO - [1403/2059] Biological assembly already cached: 7ONI-assembly1.cif
2026-05-11 06:59:38,765 - INFO - [1404/2059] Asymmetric unit already cached: 7OVX.cif
2026-05-11 06:59:38,765 - INFO - [1404/2059] Biological assembly already cached: 7OVX-assembly1.cif
2026-05-11 06:59:38,966 - INFO - [1405/2059] Asymmetric unit already cached: 7OW2.cif
2026-05-11 06:59:38,966 - INFO - [1405/2059] Biological assembly already cached: 7OW2-assembly1.cif
2026-05-11 06:59:39,166 - INFO - [1406/2059] Asymmetric unit already cached: 7P2K.cif
2026-05-11 06:59:39,166 - INFO - [1406/2059] Biological assembly already cached: 7P2K-assembly1.cif
2026-05-11 06:59:39,367 - INFO - [1407/2059] Asymmetric unit already cached: 7PLO.cif
2026-05-11 06:59:39,367 - INFO - [1407/2059] Biological assembly already cached: 7PLO-assembly1.cif
2026-05-11 06:59:39,567 - INFO - [1408/2059] Asymmetric unit already cached: 7Q40.cif
2026-05-11 06:59:39,567 - INFO - [1408/2059] Biological assembly already cached: 7Q40-assembly1.cif
2026-05-11 06:59:39,768 - INFO - [1409/2059] Asymmetric unit already cached: 7Q41.cif
2026-05-11 06:59:39,768 - INFO - [1409/2059] Biological assembly already cached: 7Q41-assembly1.cif
2026-05-11 06:59:39,968 - INFO - [1410/2059] Asymmetric unit already cached: 7Q42.cif
2026-05-11 06:59:39,969 - INFO - [1410/2059] Biological assembly already cached: 7Q42-assembly1.cif
2026-05-11 06:59:40,169 - INFO - [1411/2059] Asymmetric unit already cached: 7Q43.cif
2026-05-11 06:59:40,169 - INFO - [1411/2059] Biological assembly already cached: 7Q43-assembly1.cif
2026-05-11 06:59:40,370 - INFO - [1412/2059] Asymmetric unit already cached: 7Q44.cif
2026-05-11 06:59:40,370 - INFO - [1412/2059] Biological assembly already cached: 7Q44-assembly1.cif
2026-05-11 06:59:40,570 - INFO - [1413/2059] Asymmetric unit already cached: 7Q45.cif
2026-05-11 06:59:40,570 - INFO - [1413/2059] Biological assembly already cached: 7Q45-assembly1.cif
2026-05-11 06:59:40,771 - INFO - [1414/2059] Asymmetric unit already cached: 7Q46.cif
2026-05-11 06:59:40,771 - INFO - [1414/2059] Biological assembly already cached: 7Q46-assembly1.cif
2026-05-11 06:59:40,971 - INFO - [1415/2059] Asymmetric unit already cached: 7QCT.cif
2026-05-11 06:59:40,971 - INFO - [1415/2059] Biological assembly already cached: 7QCT-assembly1.cif
2026-05-11 06:59:41,172 - INFO - [1416/2059] Asymmetric unit already cached: 7QDQ.cif
2026-05-11 06:59:41,172 - INFO - [1416/2059] Biological assembly already cached: 7QDQ-assembly1.cif
2026-05-11 06:59:41,372 - INFO - [1417/2059] Asymmetric unit already cached: 7QGJ.cif
2026-05-11 06:59:41,372 - INFO - [1417/2059] Biological assembly already cached: 7QGJ-assembly1.cif
2026-05-11 06:59:41,573 - INFO - [1418/2059] Asymmetric unit already cached: 7QGS.cif
2026-05-11 06:59:41,573 - INFO - [1418/2059] Biological assembly already cached: 7QGS-assembly1.cif
2026-05-11 06:59:41,773 - INFO - [1419/2059] Asymmetric unit already cached: 7QPB.cif
2026-05-11 06:59:41,774 - INFO - [1419/2059] Biological assembly already cached: 7QPB-assembly1.cif
2026-05-11 06:59:41,974 - INFO - [1420/2059] Asymmetric unit already cached: 7QRV.cif
2026-05-11 06:59:41,974 - INFO - [1420/2059] Biological assembly already cached: 7QRV-assembly1.cif
2026-05-11 06:59:42,175 - INFO - [1421/2059] Asymmetric unit already cached: 7QRW.cif
2026-05-11 06:59:42,175 - INFO - [1421/2059] Biological assembly already cached: 7QRW-assembly1.cif
2026-05-11 06:59:42,375 - INFO - [1422/2059] Asymmetric unit already cached: 7QRX.cif
2026-05-11 06:59:42,376 - INFO - [1422/2059] Biological assembly already cached: 7QRX-assembly1.cif
2026-05-11 06:59:42,576 - INFO - [1423/2059] Asymmetric unit already cached: 7QRY.cif
2026-05-11 06:59:42,576 - INFO - [1423/2059] Biological assembly already cached: 7QRY-assembly1.cif
2026-05-11 06:59:42,776 - INFO - [1424/2059] Asymmetric unit already cached: 7QRZ.cif
2026-05-11 06:59:42,776 - INFO - [1424/2059] Biological assembly already cached: 7QRZ-assembly1.cif
2026-05-11 06:59:42,977 - INFO - [1425/2059] Asymmetric unit already cached: 7QS0.cif
2026-05-11 06:59:42,977 - INFO - [1425/2059] Biological assembly already cached: 7QS0-assembly1.cif
2026-05-11 06:59:43,177 - INFO - [1426/2059] Asymmetric unit already cached: 7QS1.cif
2026-05-11 06:59:43,178 - INFO - [1426/2059] Biological assembly already cached: 7QS1-assembly1.cif
2026-05-11 06:59:43,378 - INFO - [1427/2059] Asymmetric unit already cached: 7QS2.cif
2026-05-11 06:59:43,378 - INFO - [1427/2059] Biological assembly already cached: 7QS2-assembly1.cif
2026-05-11 06:59:43,579 - INFO - [1428/2059] Asymmetric unit already cached: 7QS4.cif
2026-05-11 06:59:43,579 - INFO - [1428/2059] Biological assembly already cached: 7QS4-assembly1.cif
2026-05-11 06:59:43,779 - INFO - [1429/2059] Asymmetric unit already cached: 7QS5.cif
2026-05-11 06:59:43,779 - INFO - [1429/2059] Biological assembly already cached: 7QS5-assembly1.cif
2026-05-11 06:59:43,980 - INFO - [1430/2059] Asymmetric unit already cached: 7QTT.cif
2026-05-11 06:59:43,980 - INFO - [1430/2059] Biological assembly already cached: 7QTT-assembly1.cif
2026-05-11 06:59:44,180 - INFO - [1431/2059] Asymmetric unit already cached: 7R1O.cif
2026-05-11 06:59:44,180 - INFO - [1431/2059] Biological assembly already cached: 7R1O-assembly1.cif
2026-05-11 06:59:44,381 - INFO - [1432/2059] Asymmetric unit already cached: 7R70.cif
2026-05-11 06:59:44,381 - INFO - [1432/2059] Biological assembly already cached: 7R70-assembly1.cif
2026-05-11 06:59:44,581 - INFO - [1433/2059] Asymmetric unit already cached: 7R71.cif
2026-05-11 06:59:44,582 - INFO - [1433/2059] Biological assembly already cached: 7R71-assembly1.cif
2026-05-11 06:59:44,782 - INFO - [1434/2059] Asymmetric unit already cached: 7RGW.cif
2026-05-11 06:59:44,782 - INFO - [1434/2059] Biological assembly already cached: 7RGW-assembly1.cif
2026-05-11 06:59:44,982 - INFO - [1435/2059] Asymmetric unit already cached: 7RLE.cif
2026-05-11 06:59:44,983 - INFO - [1435/2059] Biological assembly already cached: 7RLE-assembly1.cif
2026-05-11 06:59:45,183 - INFO - [1436/2059] Asymmetric unit already cached: 7SIY.cif
2026-05-11 06:59:45,183 - INFO - [1436/2059] Biological assembly already cached: 7SIY-assembly1.cif
2026-05-11 06:59:45,384 - INFO - [1437/2059] Asymmetric unit already cached: 7SS8.cif
2026-05-11 06:59:45,384 - INFO - [1437/2059] Biological assembly already cached: 7SS8-assembly1.cif
2026-05-11 06:59:45,584 - INFO - [1438/2059] Asymmetric unit already cached: 7SSK.cif
2026-05-11 06:59:45,584 - INFO - [1438/2059] Biological assembly already cached: 7SSK-assembly1.cif
2026-05-11 06:59:45,785 - INFO - [1439/2059] Asymmetric unit already cached: 7SZQ.cif
2026-05-11 06:59:45,785 - INFO - [1439/2059] Biological assembly already cached: 7SZQ-assembly1.cif
2026-05-11 06:59:45,985 - INFO - [1440/2059] Asymmetric unit already cached: 7TB1.cif
2026-05-11 06:59:45,985 - INFO - [1440/2059] Biological assembly already cached: 7TB1-assembly1.cif
2026-05-11 06:59:46,186 - INFO - [1441/2059] Asymmetric unit already cached: 7TB3.cif
2026-05-11 06:59:46,186 - INFO - [1441/2059] Biological assembly already cached: 7TB3-assembly1.cif
2026-05-11 06:59:46,386 - INFO - [1442/2059] Asymmetric unit already cached: 7TBH.cif
2026-05-11 06:59:46,386 - INFO - [1442/2059] Biological assembly already cached: 7TBH-assembly1.cif
2026-05-11 06:59:46,587 - INFO - [1443/2059] Asymmetric unit already cached: 7TRL.cif
2026-05-11 06:59:46,587 - INFO - [1443/2059] Biological assembly already cached: 7TRL-assembly1.cif
2026-05-11 06:59:46,787 - INFO - [1444/2059] Asymmetric unit already cached: 7TRM.cif
2026-05-11 06:59:46,788 - INFO - [1444/2059] Biological assembly already cached: 7TRM-assembly1.cif
2026-05-11 06:59:46,988 - INFO - [1445/2059] Asymmetric unit already cached: 7TV4.cif
2026-05-11 06:59:46,988 - INFO - [1445/2059] Biological assembly already cached: 7TV4-assembly1.cif
2026-05-11 06:59:47,189 - INFO - [1446/2059] Asymmetric unit already cached: 7UGE.cif
2026-05-11 06:59:47,189 - INFO - [1446/2059] Biological assembly already cached: 7UGE-assembly1.cif
2026-05-11 06:59:47,389 - INFO - [1447/2059] Asymmetric unit already cached: 7UGI.cif
2026-05-11 06:59:47,389 - INFO - [1447/2059] Biological assembly already cached: 7UGI-assembly1.cif
2026-05-11 06:59:47,590 - INFO - [1448/2059] Asymmetric unit already cached: 7UGL.cif
2026-05-11 06:59:47,590 - INFO - [1448/2059] Biological assembly already cached: 7UGL-assembly1.cif
2026-05-11 06:59:47,790 - INFO - [1449/2059] Asymmetric unit already cached: 7UHY.cif
2026-05-11 06:59:47,790 - INFO - [1449/2059] Biological assembly already cached: 7UHY-assembly1.cif
2026-05-11 06:59:47,991 - INFO - [1450/2059] Asymmetric unit already cached: 7UN3.cif
2026-05-11 06:59:47,991 - INFO - [1450/2059] Biological assembly already cached: 7UN3-assembly1.cif
2026-05-11 06:59:48,191 - INFO - [1451/2059] Asymmetric unit already cached: 7UN6.cif
2026-05-11 06:59:48,192 - INFO - [1451/2059] Biological assembly already cached: 7UN6-assembly1.cif
2026-05-11 06:59:48,392 - INFO - [1452/2059] Asymmetric unit already cached: 7UY2.cif
2026-05-11 06:59:48,392 - INFO - [1452/2059] Biological assembly already cached: 7UY2-assembly1.cif
2026-05-11 06:59:48,593 - INFO - [1453/2059] Asymmetric unit already cached: 7UYJ.cif
2026-05-11 06:59:48,593 - INFO - [1453/2059] Biological assembly already cached: 7UYJ-assembly1.cif
2026-05-11 06:59:48,793 - INFO - [1454/2059] Asymmetric unit already cached: 7UYK.cif
2026-05-11 06:59:48,793 - INFO - [1454/2059] Biological assembly already cached: 7UYK-assembly1.cif
2026-05-11 06:59:48,994 - INFO - [1455/2059] Asymmetric unit already cached: 7V8E.cif
2026-05-11 06:59:48,994 - INFO - [1455/2059] Biological assembly already cached: 7V8E-assembly1.cif
2026-05-11 06:59:49,194 - INFO - [1456/2059] Asymmetric unit already cached: 7V8F.cif
2026-05-11 06:59:49,194 - INFO - [1456/2059] Biological assembly already cached: 7V8F-assembly1.cif
2026-05-11 06:59:49,395 - INFO - [1457/2059] Asymmetric unit already cached: 7V8G.cif
2026-05-11 06:59:49,395 - INFO - [1457/2059] Biological assembly already cached: 7V8G-assembly1.cif
2026-05-11 06:59:49,595 - INFO - [1458/2059] Asymmetric unit already cached: 7VHY.cif
2026-05-11 06:59:49,596 - INFO - [1458/2059] Biological assembly already cached: 7VHY-assembly1.cif
2026-05-11 06:59:49,796 - INFO - [1459/2059] Asymmetric unit already cached: 7VHZ.cif
2026-05-11 06:59:49,796 - INFO - [1459/2059] Biological assembly already cached: 7VHZ-assembly1.cif
2026-05-11 06:59:49,997 - INFO - [1460/2059] Asymmetric unit already cached: 7VI0.cif
2026-05-11 06:59:49,997 - INFO - [1460/2059] Biological assembly already cached: 7VI0-assembly1.cif
2026-05-11 06:59:50,197 - INFO - [1461/2059] Asymmetric unit already cached: 7W0Q.cif
2026-05-11 06:59:50,198 - INFO - [1461/2059] Biological assembly already cached: 7W0Q-assembly1.cif
2026-05-11 06:59:50,398 - INFO - [1462/2059] Asymmetric unit already cached: 7W0S.cif
2026-05-11 06:59:50,398 - INFO - [1462/2059] Biological assembly already cached: 7W0S-assembly1.cif
2026-05-11 06:59:50,599 - INFO - [1463/2059] Asymmetric unit already cached: 7W0T.cif
2026-05-11 06:59:50,599 - INFO - [1463/2059] Biological assembly already cached: 7W0T-assembly1.cif
2026-05-11 06:59:50,799 - INFO - [1464/2059] Asymmetric unit already cached: 7W59.cif
2026-05-11 06:59:50,799 - INFO - [1464/2059] Biological assembly already cached: 7W59-assembly1.cif
2026-05-11 06:59:51,000 - INFO - [1465/2059] Asymmetric unit already cached: 7W5A.cif
2026-05-11 06:59:51,000 - INFO - [1465/2059] Biological assembly already cached: 7W5A-assembly1.cif
2026-05-11 06:59:51,200 - INFO - [1466/2059] Asymmetric unit already cached: 7W5B.cif
2026-05-11 06:59:51,200 - INFO - [1466/2059] Biological assembly already cached: 7W5B-assembly1.cif
2026-05-11 06:59:51,401 - INFO - [1467/2059] Asymmetric unit already cached: 7W6L.cif
2026-05-11 06:59:51,401 - INFO - [1467/2059] Biological assembly already cached: 7W6L-assembly1.cif
2026-05-11 06:59:51,601 - INFO - [1468/2059] Asymmetric unit already cached: 7W9V.cif
2026-05-11 06:59:51,602 - INFO - [1468/2059] Biological assembly already cached: 7W9V-assembly1.cif
2026-05-11 06:59:51,802 - INFO - [1469/2059] Asymmetric unit already cached: 7WX2.cif
2026-05-11 06:59:51,802 - INFO - [1469/2059] Biological assembly already cached: 7WX2-assembly1.cif
2026-05-11 06:59:52,003 - INFO - [1470/2059] Asymmetric unit already cached: 7X6Y.cif
2026-05-11 06:59:52,003 - INFO - [1470/2059] Biological assembly already cached: 7X6Y-assembly1.cif
2026-05-11 06:59:52,203 - INFO - [1471/2059] Asymmetric unit already cached: 7X6Z.cif
2026-05-11 06:59:52,203 - INFO - [1471/2059] Biological assembly already cached: 7X6Z-assembly1.cif
2026-05-11 06:59:52,404 - INFO - [1472/2059] Asymmetric unit already cached: 7X70.cif
2026-05-11 06:59:52,404 - INFO - [1472/2059] Biological assembly already cached: 7X70-assembly1.cif
2026-05-11 06:59:52,604 - INFO - [1473/2059] Asymmetric unit already cached: 7XEZ.cif
2026-05-11 06:59:52,604 - INFO - [1473/2059] Biological assembly already cached: 7XEZ-assembly1.cif
2026-05-11 06:59:52,805 - INFO - [1474/2059] Asymmetric unit already cached: 7XFG.cif
2026-05-11 06:59:52,805 - INFO - [1474/2059] Biological assembly already cached: 7XFG-assembly1.cif
2026-05-11 06:59:53,005 - INFO - [1475/2059] Asymmetric unit already cached: 7XH6.cif
2026-05-11 06:59:53,006 - INFO - [1475/2059] Biological assembly already cached: 7XH6-assembly1.cif
2026-05-11 06:59:53,206 - INFO - [1476/2059] Asymmetric unit already cached: 7XHE.cif
2026-05-11 06:59:53,206 - INFO - [1476/2059] Biological assembly already cached: 7XHE-assembly1.cif
2026-05-11 06:59:53,406 - INFO - [1477/2059] Asymmetric unit already cached: 7XI0.cif
2026-05-11 06:59:53,407 - INFO - [1477/2059] Biological assembly already cached: 7XI0-assembly1.cif
2026-05-11 06:59:53,607 - INFO - [1478/2059] Asymmetric unit already cached: 7XIJ.cif
2026-05-11 06:59:53,607 - INFO - [1478/2059] Biological assembly already cached: 7XIJ-assembly1.cif
2026-05-11 06:59:53,808 - INFO - [1479/2059] Asymmetric unit already cached: 7XM7.cif
2026-05-11 06:59:53,808 - INFO - [1479/2059] Biological assembly already cached: 7XM7-assembly1.cif
2026-05-11 06:59:54,008 - INFO - [1480/2059] Asymmetric unit already cached: 7XNE.cif
2026-05-11 06:59:54,008 - INFO - [1480/2059] Biological assembly already cached: 7XNE-assembly1.cif
2026-05-11 06:59:54,209 - INFO - [1481/2059] Asymmetric unit already cached: 7XNG.cif
2026-05-11 06:59:54,209 - INFO - [1481/2059] Biological assembly already cached: 7XNG-assembly1.cif
2026-05-11 06:59:54,409 - INFO - [1482/2059] Asymmetric unit already cached: 7XT2.cif
2026-05-11 06:59:54,410 - INFO - [1482/2059] Biological assembly already cached: 7XT2-assembly1.cif
2026-05-11 06:59:54,610 - INFO - [1483/2059] Asymmetric unit already cached: 7Y3A.cif
2026-05-11 06:59:54,610 - INFO - [1483/2059] Biological assembly already cached: 7Y3A-assembly1.cif
2026-05-11 06:59:54,811 - INFO - [1484/2059] Asymmetric unit already cached: 7Y3B.cif
2026-05-11 06:59:54,811 - INFO - [1484/2059] Biological assembly already cached: 7Y3B-assembly1.cif
2026-05-11 06:59:55,011 - INFO - [1485/2059] Asymmetric unit already cached: 7Y3C.cif
2026-05-11 06:59:55,011 - INFO - [1485/2059] Biological assembly already cached: 7Y3C-assembly1.cif
2026-05-11 06:59:55,212 - INFO - [1486/2059] Asymmetric unit already cached: 7Y4S.cif
2026-05-11 06:59:55,212 - INFO - [1486/2059] Biological assembly already cached: 7Y4S-assembly1.cif
2026-05-11 06:59:55,412 - INFO - [1487/2059] Asymmetric unit already cached: 7YNX.cif
2026-05-11 06:59:55,412 - INFO - [1487/2059] Biological assembly already cached: 7YNX-assembly1.cif
2026-05-11 06:59:55,613 - INFO - [1488/2059] Asymmetric unit already cached: 7YUI.cif
2026-05-11 06:59:55,613 - INFO - [1488/2059] Biological assembly already cached: 7YUI-assembly1.cif
2026-05-11 06:59:55,813 - INFO - [1489/2059] Asymmetric unit already cached: 7YUJ.cif
2026-05-11 06:59:55,814 - INFO - [1489/2059] Biological assembly already cached: 7YUJ-assembly1.cif
2026-05-11 06:59:56,014 - INFO - [1490/2059] Asymmetric unit already cached: 7Z36.cif
2026-05-11 06:59:56,014 - INFO - [1490/2059] Biological assembly already cached: 7Z36-assembly1.cif
2026-05-11 06:59:56,215 - INFO - [1491/2059] Asymmetric unit already cached: 7Z8B.cif
2026-05-11 06:59:56,215 - INFO - [1491/2059] Biological assembly already cached: 7Z8B-assembly1.cif
2026-05-11 06:59:56,415 - INFO - [1492/2059] Asymmetric unit already cached: 7Z8R.cif
2026-05-11 06:59:56,415 - INFO - [1492/2059] Biological assembly already cached: 7Z8R-assembly1.cif
2026-05-11 06:59:56,616 - INFO - [1493/2059] Asymmetric unit already cached: 7Z8T.cif
2026-05-11 06:59:56,616 - INFO - [1493/2059] Biological assembly already cached: 7Z8T-assembly1.cif
2026-05-11 06:59:56,816 - INFO - [1494/2059] Asymmetric unit already cached: 7Z8V.cif
2026-05-11 06:59:56,817 - INFO - [1494/2059] Biological assembly already cached: 7Z8V-assembly1.cif
2026-05-11 06:59:57,017 - INFO - [1495/2059] Asymmetric unit already cached: 7ZBW.cif
2026-05-11 06:59:57,017 - INFO - [1495/2059] Biological assembly already cached: 7ZBW-assembly1.cif
2026-05-11 06:59:57,218 - INFO - [1496/2059] Asymmetric unit already cached: 7ZBZ.cif
2026-05-11 06:59:57,218 - INFO - [1496/2059] Biological assembly already cached: 7ZBZ-assembly1.cif
2026-05-11 06:59:57,418 - INFO - [1497/2059] Asymmetric unit already cached: 7ZDD.cif
2026-05-11 06:59:57,418 - INFO - [1497/2059] Biological assembly already cached: 7ZDD-assembly1.cif
2026-05-11 06:59:57,619 - INFO - [1498/2059] Asymmetric unit already cached: 7ZJ3.cif
2026-05-11 06:59:57,619 - INFO - [1498/2059] Biological assembly already cached: 7ZJ3-assembly1.cif
2026-05-11 06:59:57,819 - INFO - [1499/2059] Asymmetric unit already cached: 7ZYU.cif
2026-05-11 06:59:57,819 - INFO - [1499/2059] Biological assembly already cached: 7ZYU-assembly1.cif
2026-05-11 06:59:58,020 - INFO - [1500/2059] Asymmetric unit already cached: 8A38.cif
2026-05-11 06:59:58,020 - INFO - [1500/2059] Biological assembly already cached: 8A38-assembly1.cif
2026-05-11 06:59:58,220 - INFO - [1501/2059] Asymmetric unit already cached: 8A58.cif
2026-05-11 06:59:58,220 - INFO - [1501/2059] Biological assembly already cached: 8A58-assembly1.cif
2026-05-11 06:59:58,421 - INFO - [1502/2059] Asymmetric unit already cached: 8A5L.cif
2026-05-11 06:59:58,421 - INFO - [1502/2059] Biological assembly already cached: 8A5L-assembly1.cif
2026-05-11 06:59:58,621 - INFO - [1503/2059] Asymmetric unit already cached: 8A5M.cif
2026-05-11 06:59:58,622 - INFO - [1503/2059] Biological assembly already cached: 8A5M-assembly1.cif
2026-05-11 06:59:58,822 - INFO - [1504/2059] Asymmetric unit already cached: 8A8X.cif
2026-05-11 06:59:58,822 - INFO - [1504/2059] Biological assembly already cached: 8A8X-assembly1.cif
2026-05-11 06:59:59,022 - INFO - [1505/2059] Asymmetric unit already cached: 8AEU.cif
2026-05-11 06:59:59,023 - INFO - [1505/2059] Biological assembly already cached: 8AEU-assembly1.cif
2026-05-11 06:59:59,223 - INFO - [1506/2059] Asymmetric unit already cached: 8AMR.cif
2026-05-11 06:59:59,223 - INFO - [1506/2059] Biological assembly already cached: 8AMR-assembly1.cif
2026-05-11 06:59:59,423 - INFO - [1507/2059] Asymmetric unit already cached: 8AMS.cif
2026-05-11 06:59:59,424 - INFO - [1507/2059] Biological assembly already cached: 8AMS-assembly1.cif
2026-05-11 06:59:59,624 - INFO - [1508/2059] Asymmetric unit already cached: 8ATM.cif
2026-05-11 06:59:59,624 - INFO - [1508/2059] Biological assembly already cached: 8ATM-assembly1.cif
2026-05-11 06:59:59,824 - INFO - [1509/2059] Asymmetric unit already cached: 8ATO.cif
2026-05-11 06:59:59,825 - INFO - [1509/2059] Biological assembly already cached: 8ATO-assembly1.cif
2026-05-11 07:00:00,025 - INFO - [1510/2059] Asymmetric unit already cached: 8ATU.cif
2026-05-11 07:00:00,025 - INFO - [1510/2059] Biological assembly already cached: 8ATU-assembly1.cif
2026-05-11 07:00:00,226 - INFO - [1511/2059] Asymmetric unit already cached: 8ATX.cif
2026-05-11 07:00:00,226 - INFO - [1511/2059] Biological assembly already cached: 8ATX-assembly1.cif
2026-05-11 07:00:00,426 - INFO - [1512/2059] Asymmetric unit already cached: 8AUK.cif
2026-05-11 07:00:00,426 - INFO - [1512/2059] Biological assembly already cached: 8AUK-assembly1.cif
2026-05-11 07:00:00,627 - INFO - [1513/2059] Asymmetric unit already cached: 8AUW.cif
2026-05-11 07:00:00,627 - INFO - [1513/2059] Biological assembly already cached: 8AUW-assembly1.cif
2026-05-11 07:00:00,827 - INFO - [1514/2059] Asymmetric unit already cached: 8AZA.cif
2026-05-11 07:00:00,827 - INFO - [1514/2059] Biological assembly already cached: 8AZA-assembly1.cif
2026-05-11 07:00:01,028 - INFO - [1515/2059] Asymmetric unit already cached: 8B3G.cif
2026-05-11 07:00:01,028 - INFO - [1515/2059] Biological assembly already cached: 8B3G-assembly1.cif
2026-05-11 07:00:01,228 - INFO - [1516/2059] Asymmetric unit already cached: 8B3I.cif
2026-05-11 07:00:01,229 - INFO - [1516/2059] Biological assembly already cached: 8B3I-assembly1.cif
2026-05-11 07:00:01,429 - INFO - [1517/2059] Asymmetric unit already cached: 8B5W.cif
2026-05-11 07:00:01,429 - INFO - [1517/2059] Biological assembly already cached: 8B5W-assembly1.cif
2026-05-11 07:00:01,629 - INFO - [1518/2059] Asymmetric unit already cached: 8BD8.cif
2026-05-11 07:00:01,630 - INFO - [1518/2059] Biological assembly already cached: 8BD8-assembly1.cif
2026-05-11 07:00:01,830 - INFO - [1519/2059] Asymmetric unit already cached: 8BD9.cif
2026-05-11 07:00:01,830 - INFO - [1519/2059] Biological assembly already cached: 8BD9-assembly1.cif
2026-05-11 07:00:02,030 - INFO - [1520/2059] Asymmetric unit already cached: 8BDY.cif
2026-05-11 07:00:02,031 - INFO - [1520/2059] Biological assembly already cached: 8BDY-assembly1.cif
2026-05-11 07:00:02,231 - INFO - [1521/2059] Asymmetric unit already cached: 8BGU.cif
2026-05-11 07:00:02,231 - INFO - [1521/2059] Biological assembly already cached: 8BGU-assembly1.cif
2026-05-11 07:00:02,432 - INFO - [1522/2059] Asymmetric unit already cached: 8BJA.cif
2026-05-11 07:00:02,432 - INFO - [1522/2059] Biological assembly already cached: 8BJA-assembly1.cif
2026-05-11 07:00:02,632 - INFO - [1523/2059] Asymmetric unit already cached: 8BTL.cif
2026-05-11 07:00:02,632 - INFO - [1523/2059] Biological assembly already cached: 8BTL-assembly1.cif
2026-05-11 07:00:02,833 - INFO - [1524/2059] Asymmetric unit already cached: 8BVL.cif
2026-05-11 07:00:02,833 - INFO - [1524/2059] Biological assembly already cached: 8BVL-assembly1.cif
2026-05-11 07:00:03,034 - INFO - [1525/2059] Asymmetric unit already cached: 8BVW.cif
2026-05-11 07:00:03,034 - INFO - [1525/2059] Biological assembly already cached: 8BVW-assembly1.cif
2026-05-11 07:00:03,234 - INFO - [1526/2059] Asymmetric unit already cached: 8BYQ.cif
2026-05-11 07:00:03,234 - INFO - [1526/2059] Biological assembly already cached: 8BYQ-assembly1.cif
2026-05-11 07:00:03,435 - INFO - [1527/2059] Asymmetric unit already cached: 8C06.cif
2026-05-11 07:00:03,435 - INFO - [1527/2059] Biological assembly already cached: 8C06-assembly1.cif
2026-05-11 07:00:03,636 - INFO - [1528/2059] Asymmetric unit already cached: 8C07.cif
2026-05-11 07:00:03,636 - INFO - [1528/2059] Biological assembly already cached: 8C07-assembly1.cif
2026-05-11 07:00:03,836 - INFO - [1529/2059] Asymmetric unit already cached: 8C6J.cif
2026-05-11 07:00:03,836 - INFO - [1529/2059] Biological assembly already cached: 8C6J-assembly1.cif
2026-05-11 07:00:04,037 - INFO - [1530/2059] Asymmetric unit already cached: 8CDJ.cif
2026-05-11 07:00:04,037 - INFO - [1530/2059] Biological assembly already cached: 8CDJ-assembly1.cif
2026-05-11 07:00:04,237 - INFO - [1531/2059] Asymmetric unit already cached: 8CDK.cif
2026-05-11 07:00:04,237 - INFO - [1531/2059] Biological assembly already cached: 8CDK-assembly1.cif
2026-05-11 07:00:04,438 - INFO - [1532/2059] Asymmetric unit already cached: 8CH6.cif
2026-05-11 07:00:04,438 - INFO - [1532/2059] Biological assembly already cached: 8CH6-assembly1.cif
2026-05-11 07:00:04,638 - INFO - [1533/2059] Asymmetric unit already cached: 8D4X.cif
2026-05-11 07:00:04,638 - INFO - [1533/2059] Biological assembly already cached: 8D4X-assembly1.cif
2026-05-11 07:00:04,839 - INFO - [1534/2059] Asymmetric unit already cached: 8DJH.cif
2026-05-11 07:00:04,839 - INFO - [1534/2059] Biological assembly already cached: 8DJH-assembly1.cif
2026-05-11 07:00:05,039 - INFO - [1535/2059] Asymmetric unit already cached: 8DJI.cif
2026-05-11 07:00:05,040 - INFO - [1535/2059] Biological assembly already cached: 8DJI-assembly1.cif
2026-05-11 07:00:05,240 - INFO - [1536/2059] Asymmetric unit already cached: 8DSF.cif
2026-05-11 07:00:05,240 - INFO - [1536/2059] Biological assembly already cached: 8DSF-assembly1.cif
2026-05-11 07:00:05,441 - INFO - [1537/2059] Asymmetric unit already cached: 8DSO.cif
2026-05-11 07:00:05,441 - INFO - [1537/2059] Biological assembly already cached: 8DSO-assembly1.cif
2026-05-11 07:00:05,641 - INFO - [1538/2059] Asymmetric unit already cached: 8E0Q.cif
2026-05-11 07:00:05,641 - INFO - [1538/2059] Biological assembly already cached: 8E0Q-assembly1.cif
2026-05-11 07:00:05,842 - INFO - [1539/2059] Asymmetric unit already cached: 8E1D.cif
2026-05-11 07:00:05,842 - INFO - [1539/2059] Biological assembly already cached: 8E1D-assembly1.cif
2026-05-11 07:00:06,042 - INFO - [1540/2059] Asymmetric unit already cached: 8E2D.cif
2026-05-11 07:00:06,043 - INFO - [1540/2059] Biological assembly already cached: 8E2D-assembly1.cif
2026-05-11 07:00:06,243 - INFO - [1541/2059] Asymmetric unit already cached: 8E2E.cif
2026-05-11 07:00:06,243 - INFO - [1541/2059] Biological assembly already cached: 8E2E-assembly1.cif
2026-05-11 07:00:06,444 - INFO - [1542/2059] Asymmetric unit already cached: 8E2F.cif
2026-05-11 07:00:06,444 - INFO - [1542/2059] Biological assembly already cached: 8E2F-assembly1.cif
2026-05-11 07:00:06,644 - INFO - [1543/2059] Asymmetric unit already cached: 8E2G.cif
2026-05-11 07:00:06,644 - INFO - [1543/2059] Biological assembly already cached: 8E2G-assembly1.cif
2026-05-11 07:00:06,845 - INFO - [1544/2059] Asymmetric unit already cached: 8E2H.cif
2026-05-11 07:00:06,845 - INFO - [1544/2059] Biological assembly already cached: 8E2H-assembly1.cif
2026-05-11 07:00:07,045 - INFO - [1545/2059] Asymmetric unit already cached: 8E2I.cif
2026-05-11 07:00:07,045 - INFO - [1545/2059] Biological assembly already cached: 8E2I-assembly1.cif
2026-05-11 07:00:07,246 - INFO - [1546/2059] Asymmetric unit already cached: 8E2K.cif
2026-05-11 07:00:07,246 - INFO - [1546/2059] Biological assembly already cached: 8E2K-assembly1.cif
2026-05-11 07:00:07,446 - INFO - [1547/2059] Asymmetric unit already cached: 8EAZ.cif
2026-05-11 07:00:07,447 - INFO - [1547/2059] Biological assembly already cached: 8EAZ-assembly1.cif
2026-05-11 07:00:07,647 - INFO - [1548/2059] Asymmetric unit already cached: 8EB0.cif
2026-05-11 07:00:07,647 - INFO - [1548/2059] Biological assembly already cached: 8EB0-assembly1.cif
2026-05-11 07:00:07,847 - INFO - [1549/2059] Asymmetric unit already cached: 8EHZ.cif
2026-05-11 07:00:07,848 - INFO - [1549/2059] Biological assembly already cached: 8EHZ-assembly1.cif
2026-05-11 07:00:08,048 - INFO - [1550/2059] Asymmetric unit already cached: 8EI0.cif
2026-05-11 07:00:08,048 - INFO - [1550/2059] Biological assembly already cached: 8EI0-assembly1.cif
2026-05-11 07:00:08,249 - INFO - [1551/2059] Asymmetric unit already cached: 8EI4.cif
2026-05-11 07:00:08,249 - INFO - [1551/2059] Biological assembly already cached: 8EI4-assembly1.cif
2026-05-11 07:00:08,449 - INFO - [1552/2059] Asymmetric unit already cached: 8EI5.cif
2026-05-11 07:00:08,449 - INFO - [1552/2059] Biological assembly already cached: 8EI5-assembly1.cif
2026-05-11 07:00:08,650 - INFO - [1553/2059] Asymmetric unit already cached: 8EI6.cif
2026-05-11 07:00:08,650 - INFO - [1553/2059] Biological assembly already cached: 8EI6-assembly1.cif
2026-05-11 07:00:08,850 - INFO - [1554/2059] Asymmetric unit already cached: 8EI7.cif
2026-05-11 07:00:08,851 - INFO - [1554/2059] Biological assembly already cached: 8EI7-assembly1.cif
2026-05-11 07:00:09,051 - INFO - [1555/2059] Asymmetric unit already cached: 8EI8.cif
2026-05-11 07:00:09,051 - INFO - [1555/2059] Biological assembly already cached: 8EI8-assembly1.cif
2026-05-11 07:00:09,252 - INFO - [1556/2059] Asymmetric unit already cached: 8EI9.cif
2026-05-11 07:00:09,252 - INFO - [1556/2059] Biological assembly already cached: 8EI9-assembly1.cif
2026-05-11 07:00:09,452 - INFO - [1557/2059] Asymmetric unit already cached: 8EIA.cif
2026-05-11 07:00:09,452 - INFO - [1557/2059] Biological assembly already cached: 8EIA-assembly1.cif
2026-05-11 07:00:09,653 - INFO - [1558/2059] Asymmetric unit already cached: 8EIB.cif
2026-05-11 07:00:09,653 - INFO - [1558/2059] Biological assembly already cached: 8EIB-assembly1.cif
2026-05-11 07:00:09,853 - INFO - [1559/2059] Asymmetric unit already cached: 8EIC.cif
2026-05-11 07:00:09,854 - INFO - [1559/2059] Biological assembly already cached: 8EIC-assembly1.cif
2026-05-11 07:00:10,054 - INFO - [1560/2059] Asymmetric unit already cached: 8ENP.cif
2026-05-11 07:00:10,054 - INFO - [1560/2059] Biological assembly already cached: 8ENP-assembly1.cif
2026-05-11 07:00:10,255 - INFO - [1561/2059] Asymmetric unit already cached: 8EPT.cif
2026-05-11 07:00:10,255 - INFO - [1561/2059] Biological assembly already cached: 8EPT-assembly1.cif
2026-05-11 07:00:10,455 - INFO - [1562/2059] Asymmetric unit already cached: 8EWI.cif
2026-05-11 07:00:10,455 - INFO - [1562/2059] Biological assembly already cached: 8EWI-assembly1.cif
2026-05-11 07:00:10,656 - INFO - [1563/2059] Asymmetric unit already cached: 8F0Z.cif
2026-05-11 07:00:10,656 - INFO - [1563/2059] Biological assembly already cached: 8F0Z-assembly1.cif
2026-05-11 07:00:10,856 - INFO - [1564/2059] Asymmetric unit already cached: 8F10.cif
2026-05-11 07:00:10,856 - INFO - [1564/2059] Biological assembly already cached: 8F10-assembly1.cif
2026-05-11 07:00:11,057 - INFO - [1565/2059] Asymmetric unit already cached: 8F12.cif
2026-05-11 07:00:11,057 - INFO - [1565/2059] Biological assembly already cached: 8F12-assembly1.cif
2026-05-11 07:00:11,257 - INFO - [1566/2059] Asymmetric unit already cached: 8F13.cif
2026-05-11 07:00:11,257 - INFO - [1566/2059] Biological assembly already cached: 8F13-assembly1.cif
2026-05-11 07:00:11,458 - INFO - [1567/2059] Asymmetric unit already cached: 8F14.cif
2026-05-11 07:00:11,458 - INFO - [1567/2059] Biological assembly already cached: 8F14-assembly1.cif
2026-05-11 07:00:11,658 - INFO - [1568/2059] Asymmetric unit already cached: 8F15.cif
2026-05-11 07:00:11,658 - INFO - [1568/2059] Biological assembly already cached: 8F15-assembly1.cif
2026-05-11 07:00:11,859 - INFO - [1569/2059] Asymmetric unit already cached: 8F16.cif
2026-05-11 07:00:11,859 - INFO - [1569/2059] Biological assembly already cached: 8F16-assembly1.cif
2026-05-11 07:00:12,059 - INFO - [1570/2059] Asymmetric unit already cached: 8F17.cif
2026-05-11 07:00:12,060 - INFO - [1570/2059] Biological assembly already cached: 8F17-assembly1.cif
2026-05-11 07:00:12,260 - INFO - [1571/2059] Asymmetric unit already cached: 8FUP.cif
2026-05-11 07:00:12,260 - INFO - [1571/2059] Biological assembly already cached: 8FUP-assembly1.cif
2026-05-11 07:00:12,460 - INFO - [1572/2059] Asymmetric unit already cached: 8FV2.cif
2026-05-11 07:00:12,461 - INFO - [1572/2059] Biological assembly already cached: 8FV2-assembly1.cif
2026-05-11 07:00:12,661 - INFO - [1573/2059] Asymmetric unit already cached: 8FVF.cif
2026-05-11 07:00:12,661 - INFO - [1573/2059] Biological assembly already cached: 8FVF-assembly1.cif
2026-05-11 07:00:12,861 - INFO - [1574/2059] Asymmetric unit already cached: 8FXA.cif
2026-05-11 07:00:12,862 - INFO - [1574/2059] Biological assembly already cached: 8FXA-assembly1.cif
2026-05-11 07:00:13,062 - INFO - [1575/2059] Asymmetric unit already cached: 8FXE.cif
2026-05-11 07:00:13,062 - INFO - [1575/2059] Biological assembly already cached: 8FXE-assembly1.cif
2026-05-11 07:00:13,263 - INFO - [1576/2059] Asymmetric unit already cached: 8FXN.cif
2026-05-11 07:00:13,263 - INFO - [1576/2059] Biological assembly already cached: 8FXN-assembly1.cif
2026-05-11 07:00:13,463 - INFO - [1577/2059] Asymmetric unit already cached: 8FXO.cif
2026-05-11 07:00:13,463 - INFO - [1577/2059] Biological assembly already cached: 8FXO-assembly1.cif
2026-05-11 07:00:13,664 - INFO - [1578/2059] Asymmetric unit already cached: 8FYU.cif
2026-05-11 07:00:13,664 - INFO - [1578/2059] Biological assembly already cached: 8FYU-assembly1.cif
2026-05-11 07:00:13,864 - INFO - [1579/2059] Asymmetric unit already cached: 8G43.cif
2026-05-11 07:00:13,864 - INFO - [1579/2059] Biological assembly already cached: 8G43-assembly1.cif
2026-05-11 07:00:14,065 - INFO - [1580/2059] Asymmetric unit already cached: 8G44.cif
2026-05-11 07:00:14,065 - INFO - [1580/2059] Biological assembly already cached: 8G44-assembly1.cif
2026-05-11 07:00:14,265 - INFO - [1581/2059] Asymmetric unit already cached: 8G45.cif
2026-05-11 07:00:14,266 - INFO - [1581/2059] Biological assembly already cached: 8G45-assembly1.cif
2026-05-11 07:00:14,466 - INFO - [1582/2059] Asymmetric unit already cached: 8G4Y.cif
2026-05-11 07:00:14,466 - INFO - [1582/2059] Biological assembly already cached: 8G4Y-assembly1.cif
2026-05-11 07:00:14,667 - INFO - [1583/2059] Asymmetric unit already cached: 8G6T.cif
2026-05-11 07:00:14,667 - INFO - [1583/2059] Biological assembly already cached: 8G6T-assembly1.cif
2026-05-11 07:00:14,867 - INFO - [1584/2059] Asymmetric unit already cached: 8G7T.cif
2026-05-11 07:00:14,867 - INFO - [1584/2059] Biological assembly already cached: 8G7T-assembly1.cif
2026-05-11 07:00:15,068 - INFO - [1585/2059] Asymmetric unit already cached: 8G7U.cif
2026-05-11 07:00:15,068 - INFO - [1585/2059] Biological assembly already cached: 8G7U-assembly1.cif
2026-05-11 07:00:15,268 - INFO - [1586/2059] Asymmetric unit already cached: 8G7V.cif
2026-05-11 07:00:15,268 - INFO - [1586/2059] Biological assembly already cached: 8G7V-assembly1.cif
2026-05-11 07:00:15,469 - INFO - [1587/2059] Asymmetric unit already cached: 8GA2.cif
2026-05-11 07:00:15,469 - INFO - [1587/2059] Biological assembly already cached: 8GA2-assembly1.cif
2026-05-11 07:00:15,669 - INFO - [1588/2059] Asymmetric unit already cached: 8GBQ.cif
2026-05-11 07:00:15,669 - INFO - [1588/2059] Biological assembly already cached: 8GBQ-assembly1.cif
2026-05-11 07:00:15,870 - INFO - [1589/2059] Asymmetric unit already cached: 8GCB.cif
2026-05-11 07:00:15,870 - INFO - [1589/2059] Biological assembly already cached: 8GCB-assembly1.cif
2026-05-11 07:00:16,070 - INFO - [1590/2059] Asymmetric unit already cached: 8GCG.cif
2026-05-11 07:00:16,071 - INFO - [1590/2059] Biological assembly already cached: 8GCG-assembly1.cif
2026-05-11 07:00:16,271 - INFO - [1591/2059] Asymmetric unit already cached: 8GCK.cif
2026-05-11 07:00:16,271 - INFO - [1591/2059] Biological assembly already cached: 8GCK-assembly1.cif
2026-05-11 07:00:16,472 - INFO - [1592/2059] Asymmetric unit already cached: 8GCR.cif
2026-05-11 07:00:16,472 - INFO - [1592/2059] Biological assembly already cached: 8GCR-assembly1.cif
2026-05-11 07:00:16,672 - INFO - [1593/2059] Asymmetric unit already cached: 8GCY.cif
2026-05-11 07:00:16,672 - INFO - [1593/2059] Biological assembly already cached: 8GCY-assembly1.cif
2026-05-11 07:00:16,873 - INFO - [1594/2059] Asymmetric unit already cached: 8GH7.cif
2026-05-11 07:00:16,873 - INFO - [1594/2059] Biological assembly already cached: 8GH7-assembly1.cif
2026-05-11 07:00:17,073 - INFO - [1595/2059] Asymmetric unit already cached: 8GQ6.cif
2026-05-11 07:00:17,073 - INFO - [1595/2059] Biological assembly already cached: 8GQ6-assembly1.cif
2026-05-11 07:00:17,274 - INFO - [1596/2059] Asymmetric unit already cached: 8GRM.cif
2026-05-11 07:00:17,274 - INFO - [1596/2059] Biological assembly already cached: 8GRM-assembly1.cif
2026-05-11 07:00:17,474 - INFO - [1597/2059] Asymmetric unit already cached: 8GRQ.cif
2026-05-11 07:00:17,474 - INFO - [1597/2059] Biological assembly already cached: 8GRQ-assembly1.cif
2026-05-11 07:00:17,675 - INFO - [1598/2059] Asymmetric unit already cached: 8GUI.cif
2026-05-11 07:00:17,675 - INFO - [1598/2059] Biological assembly already cached: 8GUI-assembly1.cif
2026-05-11 07:00:17,876 - INFO - [1599/2059] Asymmetric unit already cached: 8GUJ.cif
2026-05-11 07:00:17,876 - INFO - [1599/2059] Biological assembly already cached: 8GUJ-assembly1.cif
2026-05-11 07:00:18,076 - INFO - [1600/2059] Asymmetric unit already cached: 8GXQ.cif
2026-05-11 07:00:18,076 - INFO - [1600/2059] Biological assembly already cached: 8GXQ-assembly1.cif
2026-05-11 07:00:18,277 - INFO - [1601/2059] Asymmetric unit already cached: 8GXS.cif
2026-05-11 07:00:18,277 - INFO - [1601/2059] Biological assembly already cached: 8GXS-assembly1.cif
2026-05-11 07:00:18,477 - INFO - [1602/2059] Asymmetric unit already cached: 8GZC.cif
2026-05-11 07:00:18,478 - INFO - [1602/2059] Biological assembly already cached: 8GZC-assembly1.cif
2026-05-11 07:00:18,678 - INFO - [1603/2059] Asymmetric unit already cached: 8H33.cif
2026-05-11 07:00:18,678 - INFO - [1603/2059] Biological assembly already cached: 8H33-assembly1.cif
2026-05-11 07:00:18,879 - INFO - [1604/2059] Asymmetric unit already cached: 8H34.cif
2026-05-11 07:00:18,879 - INFO - [1604/2059] Biological assembly already cached: 8H34-assembly1.cif
2026-05-11 07:00:19,079 - INFO - [1605/2059] Asymmetric unit already cached: 8H35.cif
2026-05-11 07:00:19,080 - INFO - [1605/2059] Biological assembly already cached: 8H35-assembly1.cif
2026-05-11 07:00:19,280 - INFO - [1606/2059] Asymmetric unit already cached: 8H36.cif
2026-05-11 07:00:19,280 - INFO - [1606/2059] Biological assembly already cached: 8H36-assembly1.cif
2026-05-11 07:00:19,481 - INFO - [1607/2059] Asymmetric unit already cached: 8H37.cif
2026-05-11 07:00:19,481 - INFO - [1607/2059] Biological assembly already cached: 8H37-assembly1.cif
2026-05-11 07:00:19,681 - INFO - [1608/2059] Asymmetric unit already cached: 8H38.cif
2026-05-11 07:00:19,681 - INFO - [1608/2059] Biological assembly already cached: 8H38-assembly1.cif
2026-05-11 07:00:19,882 - INFO - [1609/2059] Asymmetric unit already cached: 8H3A.cif
2026-05-11 07:00:19,882 - INFO - [1609/2059] Biological assembly already cached: 8H3A-assembly1.cif
2026-05-11 07:00:20,082 - INFO - [1610/2059] Asymmetric unit already cached: 8H3F.cif
2026-05-11 07:00:20,083 - INFO - [1610/2059] Biological assembly already cached: 8H3F-assembly1.cif
2026-05-11 07:00:20,283 - INFO - [1611/2059] Asymmetric unit already cached: 8H3Q.cif
2026-05-11 07:00:20,283 - INFO - [1611/2059] Biological assembly already cached: 8H3Q-assembly1.cif
2026-05-11 07:00:20,484 - INFO - [1612/2059] Asymmetric unit already cached: 8H3R.cif
2026-05-11 07:00:20,484 - INFO - [1612/2059] Biological assembly already cached: 8H3R-assembly1.cif
2026-05-11 07:00:20,684 - INFO - [1613/2059] Asymmetric unit already cached: 8H8X.cif
2026-05-11 07:00:20,684 - INFO - [1613/2059] Biological assembly already cached: 8H8X-assembly1.cif
2026-05-11 07:00:20,885 - INFO - [1614/2059] Asymmetric unit already cached: 8HAE.cif
2026-05-11 07:00:20,885 - INFO - [1614/2059] Biological assembly already cached: 8HAE-assembly1.cif
2026-05-11 07:00:21,085 - INFO - [1615/2059] Asymmetric unit already cached: 8HAG.cif
2026-05-11 07:00:21,085 - INFO - [1615/2059] Biological assembly already cached: 8HAG-assembly1.cif
2026-05-11 07:00:21,286 - INFO - [1616/2059] Asymmetric unit already cached: 8HAH.cif
2026-05-11 07:00:21,286 - INFO - [1616/2059] Biological assembly already cached: 8HAH-assembly1.cif
2026-05-11 07:00:21,486 - INFO - [1617/2059] Asymmetric unit already cached: 8HAI.cif
2026-05-11 07:00:21,487 - INFO - [1617/2059] Biological assembly already cached: 8HAI-assembly1.cif
2026-05-11 07:00:21,687 - INFO - [1618/2059] Asymmetric unit already cached: 8HAJ.cif
2026-05-11 07:00:21,687 - INFO - [1618/2059] Biological assembly already cached: 8HAJ-assembly1.cif
2026-05-11 07:00:21,887 - INFO - [1619/2059] Asymmetric unit already cached: 8HAK.cif
2026-05-11 07:00:21,887 - INFO - [1619/2059] Biological assembly already cached: 8HAK-assembly1.cif
2026-05-11 07:00:22,088 - INFO - [1620/2059] Asymmetric unit already cached: 8HAL.cif
2026-05-11 07:00:22,088 - INFO - [1620/2059] Biological assembly already cached: 8HAL-assembly1.cif
2026-05-11 07:00:22,288 - INFO - [1621/2059] Asymmetric unit already cached: 8HAM.cif
2026-05-11 07:00:22,289 - INFO - [1621/2059] Biological assembly already cached: 8HAM-assembly1.cif
2026-05-11 07:00:22,489 - INFO - [1622/2059] Asymmetric unit already cached: 8HAN.cif
2026-05-11 07:00:22,489 - INFO - [1622/2059] Biological assembly already cached: 8HAN-assembly1.cif
2026-05-11 07:00:22,689 - INFO - [1623/2059] Asymmetric unit already cached: 8HCU.cif
2026-05-11 07:00:22,690 - INFO - [1623/2059] Biological assembly already cached: 8HCU-assembly1.cif
2026-05-11 07:00:22,890 - INFO - [1624/2059] Asymmetric unit already cached: 8HDG.cif
2026-05-11 07:00:22,890 - INFO - [1624/2059] Biological assembly already cached: 8HDG-assembly1.cif
2026-05-11 07:00:23,090 - INFO - [1625/2059] Asymmetric unit already cached: 8HEO.cif
2026-05-11 07:00:23,091 - INFO - [1625/2059] Biological assembly already cached: 8HEO-assembly1.cif
2026-05-11 07:00:23,291 - INFO - [1626/2059] Asymmetric unit already cached: 8HZ2.cif
2026-05-11 07:00:23,291 - INFO - [1626/2059] Biological assembly already cached: 8HZ2-assembly1.cif
2026-05-11 07:00:23,492 - INFO - [1627/2059] Asymmetric unit already cached: 8I0P.cif
2026-05-11 07:00:23,492 - INFO - [1627/2059] Biological assembly already cached: 8I0P-assembly1.cif
2026-05-11 07:00:23,692 - INFO - [1628/2059] Asymmetric unit already cached: 8I0R.cif
2026-05-11 07:00:23,692 - INFO - [1628/2059] Biological assembly already cached: 8I0R-assembly1.cif
2026-05-11 07:00:23,893 - INFO - [1629/2059] Asymmetric unit already cached: 8I0S.cif
2026-05-11 07:00:23,893 - INFO - [1629/2059] Biological assembly already cached: 8I0S-assembly1.cif
2026-05-11 07:00:24,093 - INFO - [1630/2059] Asymmetric unit already cached: 8I0T.cif
2026-05-11 07:00:24,093 - INFO - [1630/2059] Biological assembly already cached: 8I0T-assembly1.cif
2026-05-11 07:00:24,294 - INFO - [1631/2059] Asymmetric unit already cached: 8I0U.cif
2026-05-11 07:00:24,294 - INFO - [1631/2059] Biological assembly already cached: 8I0U-assembly1.cif
2026-05-11 07:00:24,494 - INFO - [1632/2059] Asymmetric unit already cached: 8I0V.cif
2026-05-11 07:00:24,494 - INFO - [1632/2059] Biological assembly already cached: 8I0V-assembly1.cif
2026-05-11 07:00:24,695 - INFO - [1633/2059] Asymmetric unit already cached: 8I0W.cif
2026-05-11 07:00:24,695 - INFO - [1633/2059] Biological assembly already cached: 8I0W-assembly1.cif
2026-05-11 07:00:24,895 - INFO - [1634/2059] Asymmetric unit already cached: 8IA5.cif
2026-05-11 07:00:24,896 - INFO - [1634/2059] Biological assembly already cached: 8IA5-assembly1.cif
2026-05-11 07:00:25,096 - INFO - [1635/2059] Asymmetric unit already cached: 8IEJ.cif
2026-05-11 07:00:25,096 - INFO - [1635/2059] Biological assembly already cached: 8IEJ-assembly1.cif
2026-05-11 07:00:25,297 - INFO - [1636/2059] Asymmetric unit already cached: 8IJ1.cif
2026-05-11 07:00:25,297 - INFO - [1636/2059] Biological assembly already cached: 8IJ1-assembly1.cif
2026-05-11 07:00:25,497 - INFO - [1637/2059] Asymmetric unit already cached: 8IK6.cif
2026-05-11 07:00:25,497 - INFO - [1637/2059] Biological assembly already cached: 8IK6-assembly1.cif
2026-05-11 07:00:25,698 - INFO - [1638/2059] Asymmetric unit already cached: 8IKM.cif
2026-05-11 07:00:25,698 - INFO - [1638/2059] Biological assembly already cached: 8IKM-assembly1.cif
2026-05-11 07:00:25,898 - INFO - [1639/2059] Asymmetric unit already cached: 8IKT.cif
2026-05-11 07:00:25,898 - INFO - [1639/2059] Biological assembly already cached: 8IKT-assembly1.cif
2026-05-11 07:00:26,099 - INFO - [1640/2059] Asymmetric unit already cached: 8IKV.cif
2026-05-11 07:00:26,099 - INFO - [1640/2059] Biological assembly already cached: 8IKV-assembly1.cif
2026-05-11 07:00:26,299 - INFO - [1641/2059] Asymmetric unit already cached: 8IMS.cif
2026-05-11 07:00:26,299 - INFO - [1641/2059] Biological assembly already cached: 8IMS-assembly1.cif
2026-05-11 07:00:26,500 - INFO - [1642/2059] Asymmetric unit already cached: 8IR2.cif
2026-05-11 07:00:26,500 - INFO - [1642/2059] Biological assembly already cached: 8IR2-assembly1.cif
2026-05-11 07:00:26,700 - INFO - [1643/2059] Asymmetric unit already cached: 8IR4.cif
2026-05-11 07:00:26,700 - INFO - [1643/2059] Biological assembly already cached: 8IR4-assembly1.cif
2026-05-11 07:00:26,901 - INFO - [1644/2059] Asymmetric unit already cached: 8IYA.cif
2026-05-11 07:00:26,901 - INFO - [1644/2059] Biological assembly already cached: 8IYA-assembly1.cif
2026-05-11 07:00:27,101 - INFO - [1645/2059] Asymmetric unit already cached: 8J25.cif
2026-05-11 07:00:27,102 - INFO - [1645/2059] Biological assembly already cached: 8J25-assembly1.cif
2026-05-11 07:00:27,302 - INFO - [1646/2059] Asymmetric unit already cached: 8J2P.cif
2026-05-11 07:00:27,302 - INFO - [1646/2059] Biological assembly already cached: 8J2P-assembly1.cif
2026-05-11 07:00:27,503 - INFO - [1647/2059] Asymmetric unit already cached: 8J81.cif
2026-05-11 07:00:27,503 - INFO - [1647/2059] Biological assembly already cached: 8J81-assembly1.cif
2026-05-11 07:00:27,703 - INFO - [1648/2059] Asymmetric unit already cached: 8J9Q.cif
2026-05-11 07:00:27,703 - INFO - [1648/2059] Biological assembly already cached: 8J9Q-assembly1.cif
2026-05-11 07:00:27,904 - INFO - [1649/2059] Asymmetric unit already cached: 8J9R.cif
2026-05-11 07:00:27,904 - INFO - [1649/2059] Biological assembly already cached: 8J9R-assembly1.cif
2026-05-11 07:00:28,104 - INFO - [1650/2059] Asymmetric unit already cached: 8JAQ.cif
2026-05-11 07:00:28,104 - INFO - [1650/2059] Biological assembly already cached: 8JAQ-assembly1.cif
2026-05-11 07:00:28,305 - INFO - [1651/2059] Asymmetric unit already cached: 8JAS.cif
2026-05-11 07:00:28,305 - INFO - [1651/2059] Biological assembly already cached: 8JAS-assembly1.cif
2026-05-11 07:00:28,505 - INFO - [1652/2059] Asymmetric unit already cached: 8JAV.cif
2026-05-11 07:00:28,505 - INFO - [1652/2059] Biological assembly already cached: 8JAV-assembly1.cif
2026-05-11 07:00:28,706 - INFO - [1653/2059] Asymmetric unit already cached: 8JE1.cif
2026-05-11 07:00:28,706 - INFO - [1653/2059] Biological assembly already cached: 8JE1-assembly1.cif
2026-05-11 07:00:28,906 - INFO - [1654/2059] Asymmetric unit already cached: 8JIG.cif
2026-05-11 07:00:28,906 - INFO - [1654/2059] Biological assembly already cached: 8JIG-assembly1.cif
2026-05-11 07:00:29,107 - INFO - [1655/2059] Asymmetric unit already cached: 8JRN.cif
2026-05-11 07:00:29,107 - INFO - [1655/2059] Biological assembly already cached: 8JRN-assembly1.cif
2026-05-11 07:00:29,307 - INFO - [1656/2059] Asymmetric unit already cached: 8JRO.cif
2026-05-11 07:00:29,307 - INFO - [1656/2059] Biological assembly already cached: 8JRO-assembly1.cif
2026-05-11 07:00:29,508 - INFO - [1657/2059] Asymmetric unit already cached: 8JRP.cif
2026-05-11 07:00:29,508 - INFO - [1657/2059] Biological assembly already cached: 8JRP-assembly1.cif
2026-05-11 07:00:29,708 - INFO - [1658/2059] Asymmetric unit already cached: 8JRQ.cif
2026-05-11 07:00:29,708 - INFO - [1658/2059] Biological assembly already cached: 8JRQ-assembly1.cif
2026-05-11 07:00:29,909 - INFO - [1659/2059] Asymmetric unit already cached: 8JRR.cif
2026-05-11 07:00:29,909 - INFO - [1659/2059] Biological assembly already cached: 8JRR-assembly1.cif
2026-05-11 07:00:30,109 - INFO - [1660/2059] Asymmetric unit already cached: 8JUC.cif
2026-05-11 07:00:30,110 - INFO - [1660/2059] Biological assembly already cached: 8JUC-assembly1.cif
2026-05-11 07:00:30,310 - INFO - [1661/2059] Asymmetric unit already cached: 8JVD.cif
2026-05-11 07:00:30,310 - INFO - [1661/2059] Biological assembly already cached: 8JVD-assembly1.cif
2026-05-11 07:00:30,511 - INFO - [1662/2059] Asymmetric unit already cached: 8JVE.cif
2026-05-11 07:00:30,511 - INFO - [1662/2059] Biological assembly already cached: 8JVE-assembly1.cif
2026-05-11 07:00:30,711 - INFO - [1663/2059] Asymmetric unit already cached: 8JVL.cif
2026-05-11 07:00:30,711 - INFO - [1663/2059] Biological assembly already cached: 8JVL-assembly1.cif
2026-05-11 07:00:30,912 - INFO - [1664/2059] Asymmetric unit already cached: 8JWJ.cif
2026-05-11 07:00:30,912 - INFO - [1664/2059] Biological assembly already cached: 8JWJ-assembly1.cif
2026-05-11 07:00:31,112 - INFO - [1665/2059] Asymmetric unit already cached: 8JWU.cif
2026-05-11 07:00:31,113 - INFO - [1665/2059] Biological assembly already cached: 8JWU-assembly1.cif
2026-05-11 07:00:31,313 - INFO - [1666/2059] Asymmetric unit already cached: 8JWV.cif
2026-05-11 07:00:31,313 - INFO - [1666/2059] Biological assembly already cached: 8JWV-assembly1.cif
2026-05-11 07:00:31,514 - INFO - [1667/2059] Asymmetric unit already cached: 8K6Q.cif
2026-05-11 07:00:31,514 - INFO - [1667/2059] Biological assembly already cached: 8K6Q-assembly1.cif
2026-05-11 07:00:31,714 - INFO - [1668/2059] Asymmetric unit already cached: 8K9I.cif
2026-05-11 07:00:31,714 - INFO - [1668/2059] Biological assembly already cached: 8K9I-assembly1.cif
2026-05-11 07:00:31,915 - INFO - [1669/2059] Asymmetric unit already cached: 8KES.cif
2026-05-11 07:00:31,915 - INFO - [1669/2059] Biological assembly already cached: 8KES-assembly1.cif
2026-05-11 07:00:32,115 - INFO - [1670/2059] Asymmetric unit already cached: 8KET.cif
2026-05-11 07:00:32,115 - INFO - [1670/2059] Biological assembly already cached: 8KET-assembly1.cif
2026-05-11 07:00:32,316 - INFO - [1671/2059] Asymmetric unit already cached: 8KEV.cif
2026-05-11 07:00:32,316 - INFO - [1671/2059] Biological assembly already cached: 8KEV-assembly1.cif
2026-05-11 07:00:32,516 - INFO - [1672/2059] Asymmetric unit already cached: 8KHP.cif
2026-05-11 07:00:32,516 - INFO - [1672/2059] Biological assembly already cached: 8KHP-assembly1.cif
2026-05-11 07:00:32,717 - INFO - [1673/2059] Asymmetric unit already cached: 8ODR.cif
2026-05-11 07:00:32,717 - INFO - [1673/2059] Biological assembly already cached: 8ODR-assembly1.cif
2026-05-11 07:00:32,917 - INFO - [1674/2059] Asymmetric unit already cached: 8OIF.cif
2026-05-11 07:00:32,917 - INFO - [1674/2059] Biological assembly already cached: 8OIF-assembly1.cif
2026-05-11 07:00:33,118 - INFO - [1675/2059] Asymmetric unit already cached: 8OR0.cif
2026-05-11 07:00:33,118 - INFO - [1675/2059] Biological assembly already cached: 8OR0-assembly1.cif
2026-05-11 07:00:33,318 - INFO - [1676/2059] Asymmetric unit already cached: 8OR2.cif
2026-05-11 07:00:33,319 - INFO - [1676/2059] Biological assembly already cached: 8OR2-assembly1.cif
2026-05-11 07:00:33,519 - INFO - [1677/2059] Asymmetric unit already cached: 8OR3.cif
2026-05-11 07:00:33,519 - INFO - [1677/2059] Biological assembly already cached: 8OR3-assembly1.cif
2026-05-11 07:00:33,719 - INFO - [1678/2059] Asymmetric unit already cached: 8OR4.cif
2026-05-11 07:00:33,719 - INFO - [1678/2059] Biological assembly already cached: 8OR4-assembly1.cif
2026-05-11 07:00:33,920 - INFO - [1679/2059] Asymmetric unit already cached: 8ORM.cif
2026-05-11 07:00:33,920 - INFO - [1679/2059] Biological assembly already cached: 8ORM-assembly1.cif
2026-05-11 07:00:34,120 - INFO - [1680/2059] Asymmetric unit already cached: 8P0D.cif
2026-05-11 07:00:34,121 - INFO - [1680/2059] Biological assembly already cached: 8P0D-assembly1.cif
2026-05-11 07:00:34,321 - INFO - [1681/2059] Asymmetric unit already cached: 8P6V.cif
2026-05-11 07:00:34,321 - INFO - [1681/2059] Biological assembly already cached: 8P6V-assembly1.cif
2026-05-11 07:00:34,522 - INFO - [1682/2059] Asymmetric unit already cached: 8P6W.cif
2026-05-11 07:00:34,522 - INFO - [1682/2059] Biological assembly already cached: 8P6W-assembly1.cif
2026-05-11 07:00:34,722 - INFO - [1683/2059] Asymmetric unit already cached: 8P6X.cif
2026-05-11 07:00:34,722 - INFO - [1683/2059] Biological assembly already cached: 8P6X-assembly1.cif
2026-05-11 07:00:34,923 - INFO - [1684/2059] Asymmetric unit already cached: 8P6Y.cif
2026-05-11 07:00:34,923 - INFO - [1684/2059] Biological assembly already cached: 8P6Y-assembly1.cif
2026-05-11 07:00:35,123 - INFO - [1685/2059] Asymmetric unit already cached: 8P6Z.cif
2026-05-11 07:00:35,123 - INFO - [1685/2059] Biological assembly already cached: 8P6Z-assembly1.cif
2026-05-11 07:00:35,324 - INFO - [1686/2059] Asymmetric unit already cached: 8P70.cif
2026-05-11 07:00:35,324 - INFO - [1686/2059] Biological assembly already cached: 8P70-assembly1.cif
2026-05-11 07:00:35,524 - INFO - [1687/2059] Asymmetric unit already cached: 8P71.cif
2026-05-11 07:00:35,525 - INFO - [1687/2059] Biological assembly already cached: 8P71-assembly1.cif
2026-05-11 07:00:35,725 - INFO - [1688/2059] Asymmetric unit already cached: 8P72.cif
2026-05-11 07:00:35,725 - INFO - [1688/2059] Biological assembly already cached: 8P72-assembly1.cif
2026-05-11 07:00:35,926 - INFO - [1689/2059] Asymmetric unit already cached: 8P73.cif
2026-05-11 07:00:35,926 - INFO - [1689/2059] Biological assembly already cached: 8P73-assembly1.cif
2026-05-11 07:00:36,126 - INFO - [1690/2059] Asymmetric unit already cached: 8P74.cif
2026-05-11 07:00:36,126 - INFO - [1690/2059] Biological assembly already cached: 8P74-assembly1.cif
2026-05-11 07:00:36,327 - INFO - [1691/2059] Asymmetric unit already cached: 8P75.cif
2026-05-11 07:00:36,327 - INFO - [1691/2059] Biological assembly already cached: 8P75-assembly1.cif
2026-05-11 07:00:36,527 - INFO - [1692/2059] Asymmetric unit already cached: 8P76.cif
2026-05-11 07:00:36,528 - INFO - [1692/2059] Biological assembly already cached: 8P76-assembly1.cif
2026-05-11 07:00:36,728 - INFO - [1693/2059] Asymmetric unit already cached: 8P77.cif
2026-05-11 07:00:36,728 - INFO - [1693/2059] Biological assembly already cached: 8P77-assembly1.cif
2026-05-11 07:00:36,929 - INFO - [1694/2059] Asymmetric unit already cached: 8P78.cif
2026-05-11 07:00:36,929 - INFO - [1694/2059] Biological assembly already cached: 8P78-assembly1.cif
2026-05-11 07:00:37,129 - INFO - [1695/2059] Asymmetric unit already cached: 8P79.cif
2026-05-11 07:00:37,129 - INFO - [1695/2059] Biological assembly already cached: 8P79-assembly1.cif
2026-05-11 07:00:37,330 - INFO - [1696/2059] Asymmetric unit already cached: 8P7L.cif
2026-05-11 07:00:37,330 - INFO - [1696/2059] Biological assembly already cached: 8P7L-assembly1.cif
2026-05-11 07:00:37,530 - INFO - [1697/2059] Asymmetric unit already cached: 8P82.cif
2026-05-11 07:00:37,531 - INFO - [1697/2059] Biological assembly already cached: 8P82-assembly1.cif
2026-05-11 07:00:37,731 - INFO - [1698/2059] Asymmetric unit already cached: 8P83.cif
2026-05-11 07:00:37,731 - INFO - [1698/2059] Biological assembly already cached: 8P83-assembly1.cif
2026-05-11 07:00:37,932 - INFO - [1699/2059] Asymmetric unit already cached: 8PD4.cif
2026-05-11 07:00:37,932 - INFO - [1699/2059] Biological assembly already cached: 8PD4-assembly1.cif
2026-05-11 07:00:38,132 - INFO - [1700/2059] Asymmetric unit already cached: 8PD6.cif
2026-05-11 07:00:38,132 - INFO - [1700/2059] Biological assembly already cached: 8PD6-assembly1.cif
2026-05-11 07:00:38,333 - INFO - [1701/2059] Asymmetric unit already cached: 8PJN.cif
2026-05-11 07:00:38,333 - INFO - [1701/2059] Biological assembly already cached: 8PJN-assembly1.cif
2026-05-11 07:00:38,534 - INFO - [1702/2059] Asymmetric unit already cached: 8PKP.cif
2026-05-11 07:00:38,534 - INFO - [1702/2059] Biological assembly already cached: 8PKP-assembly1.cif
2026-05-11 07:00:38,734 - INFO - [1703/2059] Asymmetric unit already cached: 8PLZ.cif
2026-05-11 07:00:38,734 - INFO - [1703/2059] Biological assembly already cached: 8PLZ-assembly1.cif
2026-05-11 07:00:38,935 - INFO - [1704/2059] Asymmetric unit already cached: 8PP7.cif
2026-05-11 07:00:38,935 - INFO - [1704/2059] Biological assembly already cached: 8PP7-assembly1.cif
2026-05-11 07:00:39,135 - INFO - [1705/2059] Asymmetric unit already cached: 8PQL.cif
2026-05-11 07:00:39,136 - INFO - [1705/2059] Biological assembly already cached: 8PQL-assembly1.cif
2026-05-11 07:00:39,336 - INFO - [1706/2059] Asymmetric unit already cached: 8PWC.cif
2026-05-11 07:00:39,336 - INFO - [1706/2059] Biological assembly already cached: 8PWC-assembly1.cif
2026-05-11 07:00:39,537 - INFO - [1707/2059] Asymmetric unit already cached: 8PWL.cif
2026-05-11 07:00:39,537 - INFO - [1707/2059] Biological assembly already cached: 8PWL-assembly1.cif
2026-05-11 07:00:39,737 - INFO - [1708/2059] Asymmetric unit already cached: 8PYR.cif
2026-05-11 07:00:39,737 - INFO - [1708/2059] Biological assembly already cached: 8PYR-assembly1.cif
2026-05-11 07:00:39,938 - INFO - [1709/2059] Asymmetric unit already cached: 8Q0N.cif
2026-05-11 07:00:39,938 - INFO - [1709/2059] Biological assembly already cached: 8Q0N-assembly1.cif
2026-05-11 07:00:40,138 - INFO - [1710/2059] Asymmetric unit already cached: 8Q7E.cif
2026-05-11 07:00:40,139 - INFO - [1710/2059] Biological assembly already cached: 8Q7E-assembly1.cif
2026-05-11 07:00:40,339 - INFO - [1711/2059] Asymmetric unit already cached: 8Q7H.cif
2026-05-11 07:00:40,339 - INFO - [1711/2059] Biological assembly already cached: 8Q7H-assembly1.cif
2026-05-11 07:00:40,539 - INFO - [1712/2059] Asymmetric unit already cached: 8Q7R.cif
2026-05-11 07:00:40,540 - INFO - [1712/2059] Biological assembly already cached: 8Q7R-assembly1.cif
2026-05-11 07:00:40,740 - INFO - [1713/2059] Asymmetric unit already cached: 8QNG.cif
2026-05-11 07:00:40,740 - INFO - [1713/2059] Biological assembly already cached: 8QNG-assembly1.cif
2026-05-11 07:00:40,940 - INFO - [1714/2059] Asymmetric unit already cached: 8QNH.cif
2026-05-11 07:00:40,941 - INFO - [1714/2059] Biological assembly already cached: 8QNH-assembly1.cif
2026-05-11 07:00:41,141 - INFO - [1715/2059] Asymmetric unit already cached: 8QNI.cif
2026-05-11 07:00:41,141 - INFO - [1715/2059] Biological assembly already cached: 8QNI-assembly1.cif
2026-05-11 07:00:41,342 - INFO - [1716/2059] Asymmetric unit already cached: 8QTG.cif
2026-05-11 07:00:41,342 - INFO - [1716/2059] Biological assembly already cached: 8QTG-assembly1.cif
2026-05-11 07:00:41,542 - INFO - [1717/2059] Asymmetric unit already cached: 8QTH.cif
2026-05-11 07:00:41,542 - INFO - [1717/2059] Biological assembly already cached: 8QTH-assembly1.cif
2026-05-11 07:00:41,743 - INFO - [1718/2059] Asymmetric unit already cached: 8QTJ.cif
2026-05-11 07:00:41,743 - INFO - [1718/2059] Biological assembly already cached: 8QTJ-assembly1.cif
2026-05-11 07:00:41,943 - INFO - [1719/2059] Asymmetric unit already cached: 8QTK.cif
2026-05-11 07:00:41,943 - INFO - [1719/2059] Biological assembly already cached: 8QTK-assembly1.cif
2026-05-11 07:00:42,144 - INFO - [1720/2059] Asymmetric unit already cached: 8QU8.cif
2026-05-11 07:00:42,144 - INFO - [1720/2059] Biological assembly already cached: 8QU8-assembly1.cif
2026-05-11 07:00:42,344 - INFO - [1721/2059] Asymmetric unit already cached: 8R1F.cif
2026-05-11 07:00:42,344 - INFO - [1721/2059] Biological assembly already cached: 8R1F-assembly1.cif
2026-05-11 07:00:42,545 - INFO - [1722/2059] Asymmetric unit already cached: 8R1G.cif
2026-05-11 07:00:42,545 - INFO - [1722/2059] Biological assembly already cached: 8R1G-assembly1.cif
2026-05-11 07:00:42,745 - INFO - [1723/2059] Asymmetric unit already cached: 8R5B.cif
2026-05-11 07:00:42,746 - INFO - [1723/2059] Biological assembly already cached: 8R5B-assembly1.cif
2026-05-11 07:00:42,946 - INFO - [1724/2059] Asymmetric unit already cached: 8R5C.cif
2026-05-11 07:00:42,946 - INFO - [1724/2059] Biological assembly already cached: 8R5C-assembly1.cif
2026-05-11 07:00:43,146 - INFO - [1725/2059] Asymmetric unit already cached: 8R5D.cif
2026-05-11 07:00:43,147 - INFO - [1725/2059] Biological assembly already cached: 8R5D-assembly1.cif
2026-05-11 07:00:43,347 - INFO - [1726/2059] Asymmetric unit already cached: 8R5H.cif
2026-05-11 07:00:43,347 - INFO - [1726/2059] Biological assembly already cached: 8R5H-assembly1.cif
2026-05-11 07:00:43,548 - INFO - [1727/2059] Asymmetric unit already cached: 8R5N.cif
2026-05-11 07:00:43,548 - INFO - [1727/2059] Biological assembly already cached: 8R5N-assembly1.cif
2026-05-11 07:00:43,748 - INFO - [1728/2059] Asymmetric unit already cached: 8R6A.cif
2026-05-11 07:00:43,748 - INFO - [1728/2059] Biological assembly already cached: 8R6A-assembly1.cif
2026-05-11 07:00:43,949 - INFO - [1729/2059] Asymmetric unit already cached: 8R6B.cif
2026-05-11 07:00:43,949 - INFO - [1729/2059] Biological assembly already cached: 8R6B-assembly1.cif
2026-05-11 07:00:44,149 - INFO - [1730/2059] Asymmetric unit already cached: 8R79.cif
2026-05-11 07:00:44,149 - INFO - [1730/2059] Biological assembly already cached: 8R79-assembly1.cif
2026-05-11 07:00:44,350 - INFO - [1731/2059] Asymmetric unit already cached: 8R7O.cif
2026-05-11 07:00:44,350 - INFO - [1731/2059] Biological assembly already cached: 8R7O-assembly1.cif
2026-05-11 07:00:44,550 - INFO - [1732/2059] Asymmetric unit already cached: 8RD0.cif
2026-05-11 07:00:44,551 - INFO - [1732/2059] Biological assembly already cached: 8RD0-assembly1.cif
2026-05-11 07:00:44,751 - INFO - [1733/2059] Asymmetric unit already cached: 8RD1.cif
2026-05-11 07:00:44,751 - INFO - [1733/2059] Biological assembly already cached: 8RD1-assembly1.cif
2026-05-11 07:00:44,951 - INFO - [1734/2059] Asymmetric unit already cached: 8RD7.cif
2026-05-11 07:00:44,952 - INFO - [1734/2059] Biological assembly already cached: 8RD7-assembly1.cif
2026-05-11 07:00:45,152 - INFO - [1735/2059] Asymmetric unit already cached: 8RHS.cif
2026-05-11 07:00:45,152 - INFO - [1735/2059] Biological assembly already cached: 8RHS-assembly1.cif
2026-05-11 07:00:45,353 - INFO - [1736/2059] Asymmetric unit already cached: 8RHZ.cif
2026-05-11 07:00:45,353 - INFO - [1736/2059] Biological assembly already cached: 8RHZ-assembly1.cif
2026-05-11 07:00:45,553 - INFO - [1737/2059] Asymmetric unit already cached: 8RO2.cif
2026-05-11 07:00:45,553 - INFO - [1737/2059] Biological assembly already cached: 8RO2-assembly1.cif
2026-05-11 07:00:45,754 - INFO - [1738/2059] Asymmetric unit already cached: 8RS8.cif
2026-05-11 07:00:45,754 - INFO - [1738/2059] Biological assembly already cached: 8RS8-assembly1.cif
2026-05-11 07:00:45,954 - INFO - [1739/2059] Asymmetric unit already cached: 8RWZ.cif
2026-05-11 07:00:45,954 - INFO - [1739/2059] Biological assembly already cached: 8RWZ-assembly1.cif
2026-05-11 07:00:46,155 - INFO - [1740/2059] Asymmetric unit already cached: 8RX0.cif
2026-05-11 07:00:46,155 - INFO - [1740/2059] Biological assembly already cached: 8RX0-assembly1.cif
2026-05-11 07:00:46,355 - INFO - [1741/2059] Asymmetric unit already cached: 8S0R.cif
2026-05-11 07:00:46,356 - INFO - [1741/2059] Biological assembly already cached: 8S0R-assembly1.cif
2026-05-11 07:00:46,556 - INFO - [1742/2059] Asymmetric unit already cached: 8S0T.cif
2026-05-11 07:00:46,556 - INFO - [1742/2059] Biological assembly already cached: 8S0T-assembly1.cif
2026-05-11 07:00:46,757 - INFO - [1743/2059] Asymmetric unit already cached: 8S24.cif
2026-05-11 07:00:46,757 - INFO - [1743/2059] Biological assembly already cached: 8S24-assembly1.cif
2026-05-11 07:00:46,957 - INFO - [1744/2059] Asymmetric unit already cached: 8SE9.cif
2026-05-11 07:00:46,957 - INFO - [1744/2059] Biological assembly already cached: 8SE9-assembly1.cif
2026-05-11 07:00:47,158 - INFO - [1745/2059] Asymmetric unit already cached: 8SEA.cif
2026-05-11 07:00:47,158 - INFO - [1745/2059] Biological assembly already cached: 8SEA-assembly1.cif
2026-05-11 07:00:47,358 - INFO - [1746/2059] Asymmetric unit already cached: 8SEB.cif
2026-05-11 07:00:47,358 - INFO - [1746/2059] Biological assembly already cached: 8SEB-assembly1.cif
2026-05-11 07:00:47,559 - INFO - [1747/2059] Asymmetric unit already cached: 8SMW.cif
2026-05-11 07:00:47,559 - INFO - [1747/2059] Biological assembly already cached: 8SMW-assembly1.cif
2026-05-11 07:00:47,759 - INFO - [1748/2059] Asymmetric unit already cached: 8SMX.cif
2026-05-11 07:00:47,759 - INFO - [1748/2059] Biological assembly already cached: 8SMX-assembly1.cif
2026-05-11 07:00:47,960 - INFO - [1749/2059] Asymmetric unit already cached: 8SMY.cif
2026-05-11 07:00:47,960 - INFO - [1749/2059] Biological assembly already cached: 8SMY-assembly1.cif
2026-05-11 07:00:48,160 - INFO - [1750/2059] Asymmetric unit already cached: 8SMZ.cif
2026-05-11 07:00:48,161 - INFO - [1750/2059] Biological assembly already cached: 8SMZ-assembly1.cif
2026-05-11 07:00:48,361 - INFO - [1751/2059] Asymmetric unit already cached: 8SN0.cif
2026-05-11 07:00:48,361 - INFO - [1751/2059] Biological assembly already cached: 8SN0-assembly1.cif
2026-05-11 07:00:48,562 - INFO - [1752/2059] Asymmetric unit already cached: 8SN1.cif
2026-05-11 07:00:48,562 - INFO - [1752/2059] Biological assembly already cached: 8SN1-assembly1.cif
2026-05-11 07:00:48,762 - INFO - [1753/2059] Asymmetric unit already cached: 8SN2.cif
2026-05-11 07:00:48,762 - INFO - [1753/2059] Biological assembly already cached: 8SN2-assembly1.cif
2026-05-11 07:00:48,963 - INFO - [1754/2059] Asymmetric unit already cached: 8SN3.cif
2026-05-11 07:00:48,963 - INFO - [1754/2059] Biological assembly already cached: 8SN3-assembly1.cif
2026-05-11 07:00:49,163 - INFO - [1755/2059] Asymmetric unit already cached: 8SN4.cif
2026-05-11 07:00:49,164 - INFO - [1755/2059] Biological assembly already cached: 8SN4-assembly1.cif
2026-05-11 07:00:49,364 - INFO - [1756/2059] Asymmetric unit already cached: 8SN5.cif
2026-05-11 07:00:49,364 - INFO - [1756/2059] Biological assembly already cached: 8SN5-assembly1.cif
2026-05-11 07:00:49,564 - INFO - [1757/2059] Asymmetric unit already cached: 8SN6.cif
2026-05-11 07:00:49,565 - INFO - [1757/2059] Biological assembly already cached: 8SN6-assembly1.cif
2026-05-11 07:00:49,765 - INFO - [1758/2059] Asymmetric unit already cached: 8SN7.cif
2026-05-11 07:00:49,765 - INFO - [1758/2059] Biological assembly already cached: 8SN7-assembly1.cif
2026-05-11 07:00:49,966 - INFO - [1759/2059] Asymmetric unit already cached: 8SN8.cif
2026-05-11 07:00:49,966 - INFO - [1759/2059] Biological assembly already cached: 8SN8-assembly1.cif
2026-05-11 07:00:50,166 - INFO - [1760/2059] Asymmetric unit already cached: 8SN9.cif
2026-05-11 07:00:50,166 - INFO - [1760/2059] Biological assembly already cached: 8SN9-assembly1.cif
2026-05-11 07:00:50,367 - INFO - [1761/2059] Asymmetric unit already cached: 8SNA.cif
2026-05-11 07:00:50,367 - INFO - [1761/2059] Biological assembly already cached: 8SNA-assembly1.cif
2026-05-11 07:00:50,567 - INFO - [1762/2059] Asymmetric unit already cached: 8SUV.cif
2026-05-11 07:00:50,567 - INFO - [1762/2059] Biological assembly already cached: 8SUV-assembly1.cif
2026-05-11 07:00:50,768 - INFO - [1763/2059] Asymmetric unit already cached: 8SV8.cif
2026-05-11 07:00:50,768 - INFO - [1763/2059] Biological assembly already cached: 8SV8-assembly1.cif
2026-05-11 07:00:50,968 - INFO - [1764/2059] Asymmetric unit already cached: 8T0S.cif
2026-05-11 07:00:50,968 - INFO - [1764/2059] Biological assembly already cached: 8T0S-assembly1.cif
2026-05-11 07:00:51,169 - INFO - [1765/2059] Asymmetric unit already cached: 8T5P.cif
2026-05-11 07:00:51,169 - INFO - [1765/2059] Biological assembly already cached: 8T5P-assembly1.cif
2026-05-11 07:00:51,369 - INFO - [1766/2059] Asymmetric unit already cached: 8T5Q.cif
2026-05-11 07:00:51,369 - INFO - [1766/2059] Biological assembly already cached: 8T5Q-assembly1.cif
2026-05-11 07:00:51,570 - INFO - [1767/2059] Asymmetric unit already cached: 8TAR.cif
2026-05-11 07:00:51,570 - INFO - [1767/2059] Biological assembly already cached: 8TAR-assembly1.cif
2026-05-11 07:00:51,770 - INFO - [1768/2059] Asymmetric unit already cached: 8TAU.cif
2026-05-11 07:00:51,771 - INFO - [1768/2059] Biological assembly already cached: 8TAU-assembly1.cif
2026-05-11 07:00:51,971 - INFO - [1769/2059] Asymmetric unit already cached: 8TXV.cif
2026-05-11 07:00:51,971 - INFO - [1769/2059] Biological assembly already cached: 8TXV-assembly1.cif
2026-05-11 07:00:52,172 - INFO - [1770/2059] Asymmetric unit already cached: 8TXW.cif
2026-05-11 07:00:52,172 - INFO - [1770/2059] Biological assembly already cached: 8TXW-assembly1.cif
2026-05-11 07:00:52,372 - INFO - [1771/2059] Asymmetric unit already cached: 8TXX.cif
2026-05-11 07:00:52,372 - INFO - [1771/2059] Biological assembly already cached: 8TXX-assembly1.cif
2026-05-11 07:00:52,573 - INFO - [1772/2059] Asymmetric unit already cached: 8U13.cif
2026-05-11 07:00:52,573 - INFO - [1772/2059] Biological assembly already cached: 8U13-assembly1.cif
2026-05-11 07:00:52,773 - INFO - [1773/2059] Asymmetric unit already cached: 8U14.cif
2026-05-11 07:00:52,774 - INFO - [1773/2059] Biological assembly already cached: 8U14-assembly1.cif
2026-05-11 07:00:52,974 - INFO - [1774/2059] Asymmetric unit already cached: 8U2Y.cif
2026-05-11 07:00:52,974 - INFO - [1774/2059] Biological assembly already cached: 8U2Y-assembly1.cif
2026-05-11 07:00:53,174 - INFO - [1775/2059] Asymmetric unit already cached: 8UBU.cif
2026-05-11 07:00:53,175 - INFO - [1775/2059] Biological assembly already cached: 8UBU-assembly1.cif
2026-05-11 07:00:53,375 - INFO - [1776/2059] Asymmetric unit already cached: 8UPF.cif
2026-05-11 07:00:53,375 - INFO - [1776/2059] Biological assembly already cached: 8UPF-assembly1.cif
2026-05-11 07:00:53,576 - INFO - [1777/2059] Asymmetric unit already cached: 8UQ8.cif
2026-05-11 07:00:53,576 - INFO - [1777/2059] Biological assembly already cached: 8UQ8-assembly1.cif
2026-05-11 07:00:53,776 - INFO - [1778/2059] Asymmetric unit already cached: 8UQ9.cif
2026-05-11 07:00:53,776 - INFO - [1778/2059] Biological assembly already cached: 8UQ9-assembly1.cif
2026-05-11 07:00:53,977 - INFO - [1779/2059] Asymmetric unit already cached: 8UQA.cif
2026-05-11 07:00:53,977 - INFO - [1779/2059] Biological assembly already cached: 8UQA-assembly1.cif
2026-05-11 07:00:54,177 - INFO - [1780/2059] Asymmetric unit already cached: 8UQB.cif
2026-05-11 07:00:54,177 - INFO - [1780/2059] Biological assembly already cached: 8UQB-assembly1.cif
2026-05-11 07:00:54,378 - INFO - [1781/2059] Asymmetric unit already cached: 8UQC.cif
2026-05-11 07:00:54,378 - INFO - [1781/2059] Biological assembly already cached: 8UQC-assembly1.cif
2026-05-11 07:00:54,578 - INFO - [1782/2059] Asymmetric unit already cached: 8UQD.cif
2026-05-11 07:00:54,578 - INFO - [1782/2059] Biological assembly already cached: 8UQD-assembly1.cif
2026-05-11 07:00:54,779 - INFO - [1783/2059] Asymmetric unit already cached: 8UQE.cif
2026-05-11 07:00:54,779 - INFO - [1783/2059] Biological assembly already cached: 8UQE-assembly1.cif
2026-05-11 07:00:54,980 - INFO - [1784/2059] Asymmetric unit already cached: 8V0D.cif
2026-05-11 07:00:54,980 - INFO - [1784/2059] Biological assembly already cached: 8V0D-assembly1.cif
2026-05-11 07:00:55,180 - INFO - [1785/2059] Asymmetric unit already cached: 8V0E.cif
2026-05-11 07:00:55,180 - INFO - [1785/2059] Biological assembly already cached: 8V0E-assembly1.cif
2026-05-11 07:00:55,381 - INFO - [1786/2059] Asymmetric unit already cached: 8VK8.cif
2026-05-11 07:00:55,381 - INFO - [1786/2059] Biological assembly already cached: 8VK8-assembly1.cif
2026-05-11 07:00:55,582 - INFO - [1787/2059] Asymmetric unit already cached: 8VK9.cif
2026-05-11 07:00:55,582 - INFO - [1787/2059] Biological assembly already cached: 8VK9-assembly1.cif
2026-05-11 07:00:55,782 - INFO - [1788/2059] Asymmetric unit already cached: 8VW4.cif
2026-05-11 07:00:55,782 - INFO - [1788/2059] Biological assembly already cached: 8VW4-assembly1.cif
2026-05-11 07:00:55,983 - INFO - [1789/2059] Asymmetric unit already cached: 8VW5.cif
2026-05-11 07:00:55,983 - INFO - [1789/2059] Biological assembly already cached: 8VW5-assembly1.cif
2026-05-11 07:00:56,183 - INFO - [1790/2059] Asymmetric unit already cached: 8W59.cif
2026-05-11 07:00:56,184 - INFO - [1790/2059] Biological assembly already cached: 8W59-assembly1.cif
2026-05-11 07:00:56,384 - INFO - [1791/2059] Asymmetric unit already cached: 8W5A.cif
2026-05-11 07:00:56,384 - INFO - [1791/2059] Biological assembly already cached: 8W5A-assembly1.cif
2026-05-11 07:00:56,585 - INFO - [1792/2059] Asymmetric unit already cached: 8WAK.cif
2026-05-11 07:00:56,585 - INFO - [1792/2059] Biological assembly already cached: 8WAK-assembly1.cif
2026-05-11 07:00:56,785 - INFO - [1793/2059] Asymmetric unit already cached: 8WAL.cif
2026-05-11 07:00:56,785 - INFO - [1793/2059] Biological assembly already cached: 8WAL-assembly1.cif
2026-05-11 07:00:56,986 - INFO - [1794/2059] Asymmetric unit already cached: 8WAN.cif
2026-05-11 07:00:56,986 - INFO - [1794/2059] Biological assembly already cached: 8WAN-assembly1.cif
2026-05-11 07:00:57,186 - INFO - [1795/2059] Asymmetric unit already cached: 8WAO.cif
2026-05-11 07:00:57,187 - INFO - [1795/2059] Biological assembly already cached: 8WAO-assembly1.cif
2026-05-11 07:00:57,387 - INFO - [1796/2059] Asymmetric unit already cached: 8WAP.cif
2026-05-11 07:00:57,387 - INFO - [1796/2059] Biological assembly already cached: 8WAP-assembly1.cif
2026-05-11 07:00:57,588 - INFO - [1797/2059] Asymmetric unit already cached: 8WAQ.cif
2026-05-11 07:00:57,588 - INFO - [1797/2059] Biological assembly already cached: 8WAQ-assembly1.cif
2026-05-11 07:00:57,788 - INFO - [1798/2059] Asymmetric unit already cached: 8WAR.cif
2026-05-11 07:00:57,788 - INFO - [1798/2059] Biological assembly already cached: 8WAR-assembly1.cif
2026-05-11 07:00:57,989 - INFO - [1799/2059] Asymmetric unit already cached: 8WAS.cif
2026-05-11 07:00:57,989 - INFO - [1799/2059] Biological assembly already cached: 8WAS-assembly1.cif
2026-05-11 07:00:58,190 - INFO - [1800/2059] Asymmetric unit already cached: 8WDK.cif
2026-05-11 07:00:58,190 - INFO - [1800/2059] Biological assembly already cached: 8WDK-assembly1.cif
2026-05-11 07:00:58,390 - INFO - [1801/2059] Asymmetric unit already cached: 8WMS.cif
2026-05-11 07:00:58,390 - INFO - [1801/2059] Biological assembly already cached: 8WMS-assembly1.cif
2026-05-11 07:00:58,591 - INFO - [1802/2059] Asymmetric unit already cached: 8WQA.cif
2026-05-11 07:00:58,591 - INFO - [1802/2059] Biological assembly already cached: 8WQA-assembly1.cif
2026-05-11 07:00:58,791 - INFO - [1803/2059] Asymmetric unit already cached: 8WQB.cif
2026-05-11 07:00:58,792 - INFO - [1803/2059] Biological assembly already cached: 8WQB-assembly1.cif
2026-05-11 07:00:58,992 - INFO - [1804/2059] Asymmetric unit already cached: 8WQC.cif
2026-05-11 07:00:58,992 - INFO - [1804/2059] Biological assembly already cached: 8WQC-assembly1.cif
2026-05-11 07:00:59,193 - INFO - [1805/2059] Asymmetric unit already cached: 8WQE.cif
2026-05-11 07:00:59,193 - INFO - [1805/2059] Biological assembly already cached: 8WQE-assembly1.cif
2026-05-11 07:00:59,393 - INFO - [1806/2059] Asymmetric unit already cached: 8WQF.cif
2026-05-11 07:00:59,393 - INFO - [1806/2059] Biological assembly already cached: 8WQF-assembly1.cif
2026-05-11 07:00:59,594 - INFO - [1807/2059] Asymmetric unit already cached: 8WQG.cif
2026-05-11 07:00:59,594 - INFO - [1807/2059] Biological assembly already cached: 8WQG-assembly1.cif
2026-05-11 07:00:59,794 - INFO - [1808/2059] Asymmetric unit already cached: 8WQH.cif
2026-05-11 07:00:59,795 - INFO - [1808/2059] Biological assembly already cached: 8WQH-assembly1.cif
2026-05-11 07:00:59,995 - INFO - [1809/2059] Asymmetric unit already cached: 8WR5.cif
2026-05-11 07:00:59,995 - INFO - [1809/2059] Biological assembly already cached: 8WR5-assembly1.cif
2026-05-11 07:01:00,196 - INFO - [1810/2059] Asymmetric unit already cached: 8WVU.cif
2026-05-11 07:01:00,196 - INFO - [1810/2059] Biological assembly already cached: 8WVU-assembly1.cif
2026-05-11 07:01:00,396 - INFO - [1811/2059] Asymmetric unit already cached: 8WZN.cif
2026-05-11 07:01:00,396 - INFO - [1811/2059] Biological assembly already cached: 8WZN-assembly1.cif
2026-05-11 07:01:00,597 - INFO - [1812/2059] Asymmetric unit already cached: 8WZO.cif
2026-05-11 07:01:00,597 - INFO - [1812/2059] Biological assembly already cached: 8WZO-assembly1.cif
2026-05-11 07:01:00,797 - INFO - [1813/2059] Asymmetric unit already cached: 8X7I.cif
2026-05-11 07:01:00,798 - INFO - [1813/2059] Biological assembly already cached: 8X7I-assembly1.cif
2026-05-11 07:01:00,998 - INFO - [1814/2059] Asymmetric unit already cached: 8X7J.cif
2026-05-11 07:01:00,998 - INFO - [1814/2059] Biological assembly already cached: 8X7J-assembly1.cif
2026-05-11 07:01:01,198 - INFO - [1815/2059] Asymmetric unit already cached: 8X7K.cif
2026-05-11 07:01:01,199 - INFO - [1815/2059] Biological assembly already cached: 8X7K-assembly1.cif
2026-05-11 07:01:01,399 - INFO - [1816/2059] Asymmetric unit already cached: 8XFP.cif
2026-05-11 07:01:01,399 - INFO - [1816/2059] Biological assembly already cached: 8XFP-assembly1.cif
2026-05-11 07:01:01,600 - INFO - [1817/2059] Asymmetric unit already cached: 8XFS.cif
2026-05-11 07:01:01,600 - INFO - [1817/2059] Biological assembly already cached: 8XFS-assembly1.cif
2026-05-11 07:01:01,800 - INFO - [1818/2059] Asymmetric unit already cached: 8XFT.cif
2026-05-11 07:01:01,800 - INFO - [1818/2059] Biological assembly already cached: 8XFT-assembly1.cif
2026-05-11 07:01:02,001 - INFO - [1819/2059] Asymmetric unit already cached: 8XV4.cif
2026-05-11 07:01:02,001 - INFO - [1819/2059] Biological assembly already cached: 8XV4-assembly1.cif
2026-05-11 07:01:02,202 - INFO - [1820/2059] Asymmetric unit already cached: 8XV6.cif
2026-05-11 07:01:02,202 - INFO - [1820/2059] Biological assembly already cached: 8XV6-assembly1.cif
2026-05-11 07:01:02,402 - INFO - [1821/2059] Asymmetric unit already cached: 8XV7.cif
2026-05-11 07:01:02,402 - INFO - [1821/2059] Biological assembly already cached: 8XV7-assembly1.cif
2026-05-11 07:01:02,603 - INFO - [1822/2059] Asymmetric unit already cached: 8XV8.cif
2026-05-11 07:01:02,603 - INFO - [1822/2059] Biological assembly already cached: 8XV8-assembly1.cif
2026-05-11 07:01:02,803 - INFO - [1823/2059] Asymmetric unit already cached: 8Y4Z.cif
2026-05-11 07:01:02,804 - INFO - [1823/2059] Biological assembly already cached: 8Y4Z-assembly1.cif
2026-05-11 07:01:03,004 - INFO - [1824/2059] Asymmetric unit already cached: 8Y58.cif
2026-05-11 07:01:03,004 - INFO - [1824/2059] Biological assembly already cached: 8Y58-assembly1.cif
2026-05-11 07:01:03,205 - INFO - [1825/2059] Asymmetric unit already cached: 8Y59.cif
2026-05-11 07:01:03,205 - INFO - [1825/2059] Biological assembly already cached: 8Y59-assembly1.cif
2026-05-11 07:01:03,405 - INFO - [1826/2059] Asymmetric unit already cached: 8Y5B.cif
2026-05-11 07:01:03,405 - INFO - [1826/2059] Biological assembly already cached: 8Y5B-assembly1.cif
2026-05-11 07:01:03,606 - INFO - [1827/2059] Asymmetric unit already cached: 8Y69.cif
2026-05-11 07:01:03,606 - INFO - [1827/2059] Biological assembly already cached: 8Y69-assembly1.cif
2026-05-11 07:01:03,806 - INFO - [1828/2059] Asymmetric unit already cached: 8YTC.cif
2026-05-11 07:01:03,806 - INFO - [1828/2059] Biological assembly already cached: 8YTC-assembly1.cif
2026-05-11 07:01:04,007 - INFO - [1829/2059] Asymmetric unit already cached: 8YTF.cif
2026-05-11 07:01:04,007 - INFO - [1829/2059] Biological assembly already cached: 8YTF-assembly1.cif
2026-05-11 07:01:04,208 - INFO - [1830/2059] Asymmetric unit already cached: 8YTG.cif
2026-05-11 07:01:04,208 - INFO - [1830/2059] Biological assembly already cached: 8YTG-assembly1.cif
2026-05-11 07:01:04,408 - INFO - [1831/2059] Asymmetric unit already cached: 8YTH.cif
2026-05-11 07:01:04,408 - INFO - [1831/2059] Biological assembly already cached: 8YTH-assembly1.cif
2026-05-11 07:01:04,609 - INFO - [1832/2059] Asymmetric unit already cached: 8Z30.cif
2026-05-11 07:01:04,609 - INFO - [1832/2059] Biological assembly already cached: 8Z30-assembly1.cif
2026-05-11 07:01:04,809 - INFO - [1833/2059] Asymmetric unit already cached: 8Z36.cif
2026-05-11 07:01:04,810 - INFO - [1833/2059] Biological assembly already cached: 8Z36-assembly1.cif
2026-05-11 07:01:05,010 - INFO - [1834/2059] Asymmetric unit already cached: 8ZUK.cif
2026-05-11 07:01:05,010 - INFO - [1834/2059] Biological assembly already cached: 8ZUK-assembly1.cif
2026-05-11 07:01:05,210 - INFO - [1835/2059] Asymmetric unit already cached: 8ZZM.cif
2026-05-11 07:01:05,211 - INFO - [1835/2059] Downloading biological assembly for 8ZZM
2026-05-11 07:01:05,626 - WARNING - Failed to download https://files.rcsb.org/download/8ZZM-assembly1.cif (status 404)
2026-05-11 07:01:05,826 - INFO - [1836/2059] Asymmetric unit already cached: 8ZZN.cif
2026-05-11 07:01:05,826 - INFO - [1836/2059] Downloading biological assembly for 8ZZN
2026-05-11 07:01:05,964 - WARNING - Failed to download https://files.rcsb.org/download/8ZZN-assembly1.cif (status 404)
2026-05-11 07:01:06,164 - INFO - [1837/2059] Asymmetric unit already cached: 8ZZS.cif
2026-05-11 07:01:06,165 - INFO - [1837/2059] Downloading biological assembly for 8ZZS
2026-05-11 07:01:06,331 - WARNING - Failed to download https://files.rcsb.org/download/8ZZS-assembly1.cif (status 404)
2026-05-11 07:01:06,532 - INFO - [1838/2059] Asymmetric unit already cached: 8ZZT.cif
2026-05-11 07:01:06,532 - INFO - [1838/2059] Downloading biological assembly for 8ZZT
2026-05-11 07:01:06,678 - WARNING - Failed to download https://files.rcsb.org/download/8ZZT-assembly1.cif (status 404)
2026-05-11 07:01:06,878 - INFO - [1839/2059] Asymmetric unit already cached: 9A1I.cif
2026-05-11 07:01:06,879 - INFO - [1839/2059] Downloading biological assembly for 9A1I
2026-05-11 07:01:07,020 - WARNING - Failed to download https://files.rcsb.org/download/9A1I-assembly1.cif (status 404)
2026-05-11 07:01:07,220 - INFO - [1840/2059] Asymmetric unit already cached: 9A1J.cif
2026-05-11 07:01:07,221 - INFO - [1840/2059] Downloading biological assembly for 9A1J
2026-05-11 07:01:07,392 - WARNING - Failed to download https://files.rcsb.org/download/9A1J-assembly1.cif (status 404)
2026-05-11 07:01:07,593 - INFO - [1841/2059] Asymmetric unit already cached: 9A40.cif
2026-05-11 07:01:07,593 - INFO - [1841/2059] Downloading biological assembly for 9A40
2026-05-11 07:01:07,745 - WARNING - Failed to download https://files.rcsb.org/download/9A40-assembly1.cif (status 404)
2026-05-11 07:01:07,946 - INFO - [1842/2059] Asymmetric unit already cached: 9ATN.cif
2026-05-11 07:01:07,946 - INFO - [1842/2059] Biological assembly already cached: 9ATN-assembly1.cif
2026-05-11 07:01:08,146 - INFO - [1843/2059] Asymmetric unit already cached: 9AZJ.cif
2026-05-11 07:01:08,146 - INFO - [1843/2059] Biological assembly already cached: 9AZJ-assembly1.cif
2026-05-11 07:01:08,347 - INFO - [1844/2059] Asymmetric unit already cached: 9B0B.cif
2026-05-11 07:01:08,347 - INFO - [1844/2059] Biological assembly already cached: 9B0B-assembly1.cif
2026-05-11 07:01:08,548 - INFO - [1845/2059] Asymmetric unit already cached: 9B0Z.cif
2026-05-11 07:01:08,548 - INFO - [1845/2059] Biological assembly already cached: 9B0Z-assembly1.cif
2026-05-11 07:01:08,748 - INFO - [1846/2059] Asymmetric unit already cached: 9B12.cif
2026-05-11 07:01:08,748 - INFO - [1846/2059] Biological assembly already cached: 9B12-assembly1.cif
2026-05-11 07:01:08,949 - INFO - [1847/2059] Asymmetric unit already cached: 9B62.cif
2026-05-11 07:01:08,949 - INFO - [1847/2059] Biological assembly already cached: 9B62-assembly1.cif
2026-05-11 07:01:09,149 - INFO - [1848/2059] Asymmetric unit already cached: 9BD3.cif
2026-05-11 07:01:09,150 - INFO - [1848/2059] Biological assembly already cached: 9BD3-assembly1.cif
2026-05-11 07:01:09,350 - INFO - [1849/2059] Asymmetric unit already cached: 9BIV.cif
2026-05-11 07:01:09,350 - INFO - [1849/2059] Biological assembly already cached: 9BIV-assembly1.cif
2026-05-11 07:01:09,551 - INFO - [1850/2059] Asymmetric unit already cached: 9BJ8.cif
2026-05-11 07:01:09,551 - INFO - [1850/2059] Biological assembly already cached: 9BJ8-assembly1.cif
2026-05-11 07:01:09,751 - INFO - [1851/2059] Asymmetric unit already cached: 9BJ9.cif
2026-05-11 07:01:09,752 - INFO - [1851/2059] Biological assembly already cached: 9BJ9-assembly1.cif
2026-05-11 07:01:09,952 - INFO - [1852/2059] Asymmetric unit already cached: 9BJZ.cif
2026-05-11 07:01:09,952 - INFO - [1852/2059] Biological assembly already cached: 9BJZ-assembly1.cif
2026-05-11 07:01:10,153 - INFO - [1853/2059] Asymmetric unit already cached: 9BKR.cif
2026-05-11 07:01:10,153 - INFO - [1853/2059] Biological assembly already cached: 9BKR-assembly1.cif
2026-05-11 07:01:10,353 - INFO - [1854/2059] Asymmetric unit already cached: 9BKS.cif
2026-05-11 07:01:10,353 - INFO - [1854/2059] Biological assembly already cached: 9BKS-assembly1.cif
2026-05-11 07:01:10,554 - INFO - [1855/2059] Asymmetric unit already cached: 9CDW.cif
2026-05-11 07:01:10,554 - INFO - [1855/2059] Biological assembly already cached: 9CDW-assembly1.cif
2026-05-11 07:01:10,754 - INFO - [1856/2059] Asymmetric unit already cached: 9CDZ.cif
2026-05-11 07:01:10,754 - INFO - [1856/2059] Biological assembly already cached: 9CDZ-assembly1.cif
2026-05-11 07:01:10,955 - INFO - [1857/2059] Asymmetric unit already cached: 9CHT.cif
2026-05-11 07:01:10,955 - INFO - [1857/2059] Biological assembly already cached: 9CHT-assembly1.cif
2026-05-11 07:01:11,155 - INFO - [1858/2059] Asymmetric unit already cached: 9D9Z.cif
2026-05-11 07:01:11,155 - INFO - [1858/2059] Biological assembly already cached: 9D9Z-assembly1.cif
2026-05-11 07:01:11,356 - INFO - [1859/2059] Asymmetric unit already cached: 9DBY.cif
2026-05-11 07:01:11,356 - INFO - [1859/2059] Biological assembly already cached: 9DBY-assembly1.cif
2026-05-11 07:01:11,556 - INFO - [1860/2059] Asymmetric unit already cached: 9DDE.cif
2026-05-11 07:01:11,557 - INFO - [1860/2059] Biological assembly already cached: 9DDE-assembly1.cif
2026-05-11 07:01:11,757 - INFO - [1861/2059] Asymmetric unit already cached: 9DGG.cif
2026-05-11 07:01:11,757 - INFO - [1861/2059] Biological assembly already cached: 9DGG-assembly1.cif
2026-05-11 07:01:11,958 - INFO - [1862/2059] Asymmetric unit already cached: 9DNO.cif
2026-05-11 07:01:11,958 - INFO - [1862/2059] Biological assembly already cached: 9DNO-assembly1.cif
2026-05-11 07:01:12,158 - INFO - [1863/2059] Asymmetric unit already cached: 9DNP.cif
2026-05-11 07:01:12,158 - INFO - [1863/2059] Biological assembly already cached: 9DNP-assembly1.cif
2026-05-11 07:01:12,359 - INFO - [1864/2059] Asymmetric unit already cached: 9DNQ.cif
2026-05-11 07:01:12,359 - INFO - [1864/2059] Biological assembly already cached: 9DNQ-assembly1.cif
2026-05-11 07:01:12,560 - INFO - [1865/2059] Asymmetric unit already cached: 9DNR.cif
2026-05-11 07:01:12,560 - INFO - [1865/2059] Biological assembly already cached: 9DNR-assembly1.cif
2026-05-11 07:01:12,760 - INFO - [1866/2059] Asymmetric unit already cached: 9DNS.cif
2026-05-11 07:01:12,760 - INFO - [1866/2059] Biological assembly already cached: 9DNS-assembly1.cif
2026-05-11 07:01:12,961 - INFO - [1867/2059] Asymmetric unit already cached: 9DQB.cif
2026-05-11 07:01:12,961 - INFO - [1867/2059] Biological assembly already cached: 9DQB-assembly1.cif
2026-05-11 07:01:13,161 - INFO - [1868/2059] Asymmetric unit already cached: 9DRJ.cif
2026-05-11 07:01:13,162 - INFO - [1868/2059] Biological assembly already cached: 9DRJ-assembly1.cif
2026-05-11 07:01:13,362 - INFO - [1869/2059] Asymmetric unit already cached: 9DRY.cif
2026-05-11 07:01:13,362 - INFO - [1869/2059] Biological assembly already cached: 9DRY-assembly1.cif
2026-05-11 07:01:13,563 - INFO - [1870/2059] Asymmetric unit already cached: 9DYA.cif
2026-05-11 07:01:13,563 - INFO - [1870/2059] Biological assembly already cached: 9DYA-assembly1.cif
2026-05-11 07:01:13,763 - INFO - [1871/2059] Asymmetric unit already cached: 9DYB.cif
2026-05-11 07:01:13,763 - INFO - [1871/2059] Biological assembly already cached: 9DYB-assembly1.cif
2026-05-11 07:01:13,964 - INFO - [1872/2059] Asymmetric unit already cached: 9EFM.cif
2026-05-11 07:01:13,964 - INFO - [1872/2059] Biological assembly already cached: 9EFM-assembly1.cif
2026-05-11 07:01:14,164 - INFO - [1873/2059] Asymmetric unit already cached: 9EFQ.cif
2026-05-11 07:01:14,165 - INFO - [1873/2059] Biological assembly already cached: 9EFQ-assembly1.cif
2026-05-11 07:01:14,365 - INFO - [1874/2059] Asymmetric unit already cached: 9EFV.cif
2026-05-11 07:01:14,365 - INFO - [1874/2059] Biological assembly already cached: 9EFV-assembly1.cif
2026-05-11 07:01:14,566 - INFO - [1875/2059] Asymmetric unit already cached: 9EG1.cif
2026-05-11 07:01:14,566 - INFO - [1875/2059] Biological assembly already cached: 9EG1-assembly1.cif
2026-05-11 07:01:14,766 - INFO - [1876/2059] Asymmetric unit already cached: 9EG8.cif
2026-05-11 07:01:14,767 - INFO - [1876/2059] Biological assembly already cached: 9EG8-assembly1.cif
2026-05-11 07:01:14,967 - INFO - [1877/2059] Asymmetric unit already cached: 9EGL.cif
2026-05-11 07:01:14,967 - INFO - [1877/2059] Biological assembly already cached: 9EGL-assembly1.cif
2026-05-11 07:01:15,168 - INFO - [1878/2059] Asymmetric unit already cached: 9EGV.cif
2026-05-11 07:01:15,168 - INFO - [1878/2059] Biological assembly already cached: 9EGV-assembly1.cif
2026-05-11 07:01:15,368 - INFO - [1879/2059] Asymmetric unit already cached: 9EGW.cif
2026-05-11 07:01:15,368 - INFO - [1879/2059] Biological assembly already cached: 9EGW-assembly1.cif
2026-05-11 07:01:15,569 - INFO - [1880/2059] Asymmetric unit already cached: 9EK5.cif
2026-05-11 07:01:15,569 - INFO - [1880/2059] Biological assembly already cached: 9EK5-assembly1.cif
2026-05-11 07:01:15,769 - INFO - [1881/2059] Asymmetric unit already cached: 9EQH.cif
2026-05-11 07:01:15,770 - INFO - [1881/2059] Biological assembly already cached: 9EQH-assembly1.cif
2026-05-11 07:01:15,970 - INFO - [1882/2059] Asymmetric unit already cached: 9EQK.cif
2026-05-11 07:01:15,970 - INFO - [1882/2059] Biological assembly already cached: 9EQK-assembly1.cif
2026-05-11 07:01:16,171 - INFO - [1883/2059] Asymmetric unit already cached: 9ERZ.cif
2026-05-11 07:01:16,171 - INFO - [1883/2059] Biological assembly already cached: 9ERZ-assembly1.cif
2026-05-11 07:01:16,371 - INFO - [1884/2059] Asymmetric unit already cached: 9FMD.cif
2026-05-11 07:01:16,371 - INFO - [1884/2059] Biological assembly already cached: 9FMD-assembly1.cif
2026-05-11 07:01:16,572 - INFO - [1885/2059] Asymmetric unit already cached: 9FQH.cif
2026-05-11 07:01:16,572 - INFO - [1885/2059] Biological assembly already cached: 9FQH-assembly1.cif
2026-05-11 07:01:16,773 - INFO - [1886/2059] Asymmetric unit already cached: 9FQI.cif
2026-05-11 07:01:16,773 - INFO - [1886/2059] Biological assembly already cached: 9FQI-assembly1.cif
2026-05-11 07:01:16,973 - INFO - [1887/2059] Asymmetric unit already cached: 9FQJ.cif
2026-05-11 07:01:16,973 - INFO - [1887/2059] Biological assembly already cached: 9FQJ-assembly1.cif
2026-05-11 07:01:17,174 - INFO - [1888/2059] Asymmetric unit already cached: 9FSH.cif
2026-05-11 07:01:17,174 - INFO - [1888/2059] Biological assembly already cached: 9FSH-assembly1.cif
2026-05-11 07:01:17,374 - INFO - [1889/2059] Asymmetric unit already cached: 9FSJ.cif
2026-05-11 07:01:17,375 - INFO - [1889/2059] Biological assembly already cached: 9FSJ-assembly1.cif
2026-05-11 07:01:17,575 - INFO - [1890/2059] Asymmetric unit already cached: 9FSK.cif
2026-05-11 07:01:17,575 - INFO - [1890/2059] Biological assembly already cached: 9FSK-assembly1.cif
2026-05-11 07:01:17,776 - INFO - [1891/2059] Asymmetric unit already cached: 9G08.cif
2026-05-11 07:01:17,776 - INFO - [1891/2059] Biological assembly already cached: 9G08-assembly1.cif
2026-05-11 07:01:17,976 - INFO - [1892/2059] Asymmetric unit already cached: 9G09.cif
2026-05-11 07:01:17,977 - INFO - [1892/2059] Biological assembly already cached: 9G09-assembly1.cif
2026-05-11 07:01:18,177 - INFO - [1893/2059] Asymmetric unit already cached: 9G0L.cif
2026-05-11 07:01:18,177 - INFO - [1893/2059] Biological assembly already cached: 9G0L-assembly1.cif
2026-05-11 07:01:18,378 - INFO - [1894/2059] Asymmetric unit already cached: 9GAW.cif
2026-05-11 07:01:18,378 - INFO - [1894/2059] Biological assembly already cached: 9GAW-assembly1.cif
2026-05-11 07:01:18,578 - INFO - [1895/2059] Asymmetric unit already cached: 9GD5.cif
2026-05-11 07:01:18,579 - INFO - [1895/2059] Biological assembly already cached: 9GD5-assembly1.cif
2026-05-11 07:01:18,779 - INFO - [1896/2059] Asymmetric unit already cached: 9GDG.cif
2026-05-11 07:01:18,779 - INFO - [1896/2059] Biological assembly already cached: 9GDG-assembly1.cif
2026-05-11 07:01:18,980 - INFO - [1897/2059] Asymmetric unit already cached: 9GES.cif
2026-05-11 07:01:18,980 - INFO - [1897/2059] Biological assembly already cached: 9GES-assembly1.cif
2026-05-11 07:01:19,180 - INFO - [1898/2059] Asymmetric unit already cached: 9GET.cif
2026-05-11 07:01:19,180 - INFO - [1898/2059] Biological assembly already cached: 9GET-assembly1.cif
2026-05-11 07:01:19,381 - INFO - [1899/2059] Asymmetric unit already cached: 9GEW.cif
2026-05-11 07:01:19,381 - INFO - [1899/2059] Biological assembly already cached: 9GEW-assembly1.cif
2026-05-11 07:01:19,581 - INFO - [1900/2059] Asymmetric unit already cached: 9GEY.cif
2026-05-11 07:01:19,582 - INFO - [1900/2059] Biological assembly already cached: 9GEY-assembly1.cif
2026-05-11 07:01:19,782 - INFO - [1901/2059] Asymmetric unit already cached: 9GFC.cif
2026-05-11 07:01:19,782 - INFO - [1901/2059] Biological assembly already cached: 9GFC-assembly1.cif
2026-05-11 07:01:19,983 - INFO - [1902/2059] Asymmetric unit already cached: 9GFK.cif
2026-05-11 07:01:19,983 - INFO - [1902/2059] Biological assembly already cached: 9GFK-assembly1.cif
2026-05-11 07:01:20,183 - INFO - [1903/2059] Asymmetric unit already cached: 9GIK.cif
2026-05-11 07:01:20,184 - INFO - [1903/2059] Biological assembly already cached: 9GIK-assembly1.cif
2026-05-11 07:01:20,384 - INFO - [1904/2059] Asymmetric unit already cached: 9GIM.cif
2026-05-11 07:01:20,384 - INFO - [1904/2059] Biological assembly already cached: 9GIM-assembly1.cif
2026-05-11 07:01:20,585 - INFO - [1905/2059] Asymmetric unit already cached: 9GKM.cif
2026-05-11 07:01:20,585 - INFO - [1905/2059] Biological assembly already cached: 9GKM-assembly1.cif
2026-05-11 07:01:20,785 - INFO - [1906/2059] Asymmetric unit already cached: 9GKN.cif
2026-05-11 07:01:20,785 - INFO - [1906/2059] Biological assembly already cached: 9GKN-assembly1.cif
2026-05-11 07:01:20,986 - INFO - [1907/2059] Asymmetric unit already cached: 9GLR.cif
2026-05-11 07:01:20,986 - INFO - [1907/2059] Biological assembly already cached: 9GLR-assembly1.cif
2026-05-11 07:01:21,187 - INFO - [1908/2059] Asymmetric unit already cached: 9GLS.cif
2026-05-11 07:01:21,187 - INFO - [1908/2059] Biological assembly already cached: 9GLS-assembly1.cif
2026-05-11 07:01:21,387 - INFO - [1909/2059] Asymmetric unit already cached: 9GY4.cif
2026-05-11 07:01:21,387 - INFO - [1909/2059] Biological assembly already cached: 9GY4-assembly1.cif
2026-05-11 07:01:21,588 - INFO - [1910/2059] Asymmetric unit already cached: 9H1J.cif
2026-05-11 07:01:21,588 - INFO - [1910/2059] Biological assembly already cached: 9H1J-assembly1.cif
2026-05-11 07:01:21,788 - INFO - [1911/2059] Asymmetric unit already cached: 9H9O.cif
2026-05-11 07:01:21,789 - INFO - [1911/2059] Biological assembly already cached: 9H9O-assembly1.cif
2026-05-11 07:01:21,989 - INFO - [1912/2059] Asymmetric unit already cached: 9H9T.cif
2026-05-11 07:01:21,989 - INFO - [1912/2059] Biological assembly already cached: 9H9T-assembly1.cif
2026-05-11 07:01:22,190 - INFO - [1913/2059] Asymmetric unit already cached: 9HGE.cif
2026-05-11 07:01:22,190 - INFO - [1913/2059] Biological assembly already cached: 9HGE-assembly1.cif
2026-05-11 07:01:22,390 - INFO - [1914/2059] Asymmetric unit already cached: 9HIN.cif
2026-05-11 07:01:22,391 - INFO - [1914/2059] Biological assembly already cached: 9HIN-assembly1.cif
2026-05-11 07:01:22,591 - INFO - [1915/2059] Asymmetric unit already cached: 9HIX.cif
2026-05-11 07:01:22,591 - INFO - [1915/2059] Biological assembly already cached: 9HIX-assembly1.cif
2026-05-11 07:01:22,792 - INFO - [1916/2059] Asymmetric unit already cached: 9HIY.cif
2026-05-11 07:01:22,792 - INFO - [1916/2059] Biological assembly already cached: 9HIY-assembly1.cif
2026-05-11 07:01:22,992 - INFO - [1917/2059] Asymmetric unit already cached: 9HJ0.cif
2026-05-11 07:01:22,992 - INFO - [1917/2059] Biological assembly already cached: 9HJ0-assembly1.cif
2026-05-11 07:01:23,193 - INFO - [1918/2059] Asymmetric unit already cached: 9HXW.cif
2026-05-11 07:01:23,193 - INFO - [1918/2059] Biological assembly already cached: 9HXW-assembly1.cif
2026-05-11 07:01:23,393 - INFO - [1919/2059] Asymmetric unit already cached: 9I0T.cif
2026-05-11 07:01:23,394 - INFO - [1919/2059] Biological assembly already cached: 9I0T-assembly1.cif
2026-05-11 07:01:23,594 - INFO - [1920/2059] Asymmetric unit already cached: 9I1J.cif
2026-05-11 07:01:23,594 - INFO - [1920/2059] Biological assembly already cached: 9I1J-assembly1.cif
2026-05-11 07:01:23,795 - INFO - [1921/2059] Asymmetric unit already cached: 9I9I.cif
2026-05-11 07:01:23,795 - INFO - [1921/2059] Biological assembly already cached: 9I9I-assembly1.cif
2026-05-11 07:01:23,995 - INFO - [1922/2059] Asymmetric unit already cached: 9I9J.cif
2026-05-11 07:01:23,995 - INFO - [1922/2059] Biological assembly already cached: 9I9J-assembly1.cif
2026-05-11 07:01:24,196 - INFO - [1923/2059] Asymmetric unit already cached: 9I9K.cif
2026-05-11 07:01:24,196 - INFO - [1923/2059] Biological assembly already cached: 9I9K-assembly1.cif
2026-05-11 07:01:24,396 - INFO - [1924/2059] Asymmetric unit already cached: 9IF9.cif
2026-05-11 07:01:24,396 - INFO - [1924/2059] Biological assembly already cached: 9IF9-assembly1.cif
2026-05-11 07:01:24,597 - INFO - [1925/2059] Asymmetric unit already cached: 9II5.cif
2026-05-11 07:01:24,597 - INFO - [1925/2059] Biological assembly already cached: 9II5-assembly1.cif
2026-05-11 07:01:24,797 - INFO - [1926/2059] Asymmetric unit already cached: 9IIC.cif
2026-05-11 07:01:24,797 - INFO - [1926/2059] Biological assembly already cached: 9IIC-assembly1.cif
2026-05-11 07:01:24,998 - INFO - [1927/2059] Asymmetric unit already cached: 9IPU.cif
2026-05-11 07:01:24,998 - INFO - [1927/2059] Biological assembly already cached: 9IPU-assembly1.cif
2026-05-11 07:01:25,198 - INFO - [1928/2059] Asymmetric unit already cached: 9IT5.cif
2026-05-11 07:01:25,199 - INFO - [1928/2059] Biological assembly already cached: 9IT5-assembly1.cif
2026-05-11 07:01:25,399 - INFO - [1929/2059] Asymmetric unit already cached: 9IUN.cif
2026-05-11 07:01:25,399 - INFO - [1929/2059] Biological assembly already cached: 9IUN-assembly1.cif
2026-05-11 07:01:25,600 - INFO - [1930/2059] Asymmetric unit already cached: 9IWL.cif
2026-05-11 07:01:25,600 - INFO - [1930/2059] Biological assembly already cached: 9IWL-assembly1.cif
2026-05-11 07:01:25,800 - INFO - [1931/2059] Asymmetric unit already cached: 9J63.cif
2026-05-11 07:01:25,800 - INFO - [1931/2059] Biological assembly already cached: 9J63-assembly1.cif
2026-05-11 07:01:26,001 - INFO - [1932/2059] Asymmetric unit already cached: 9J64.cif
2026-05-11 07:01:26,001 - INFO - [1932/2059] Biological assembly already cached: 9J64-assembly1.cif
2026-05-11 07:01:26,201 - INFO - [1933/2059] Asymmetric unit already cached: 9J6O.cif
2026-05-11 07:01:26,201 - INFO - [1933/2059] Biological assembly already cached: 9J6O-assembly1.cif
2026-05-11 07:01:26,402 - INFO - [1934/2059] Asymmetric unit already cached: 9J77.cif
2026-05-11 07:01:26,402 - INFO - [1934/2059] Biological assembly already cached: 9J77-assembly1.cif
2026-05-11 07:01:26,602 - INFO - [1935/2059] Asymmetric unit already cached: 9J78.cif
2026-05-11 07:01:26,602 - INFO - [1935/2059] Biological assembly already cached: 9J78-assembly1.cif
2026-05-11 07:01:26,803 - INFO - [1936/2059] Asymmetric unit already cached: 9J79.cif
2026-05-11 07:01:26,803 - INFO - [1936/2059] Biological assembly already cached: 9J79-assembly1.cif
2026-05-11 07:01:27,003 - INFO - [1937/2059] Asymmetric unit already cached: 9JEJ.cif
2026-05-11 07:01:27,003 - INFO - [1937/2059] Biological assembly already cached: 9JEJ-assembly1.cif
2026-05-11 07:01:27,204 - INFO - [1938/2059] Asymmetric unit already cached: 9JKB.cif
2026-05-11 07:01:27,204 - INFO - [1938/2059] Biological assembly already cached: 9JKB-assembly1.cif
2026-05-11 07:01:27,404 - INFO - [1939/2059] Asymmetric unit already cached: 9JNI.cif
2026-05-11 07:01:27,405 - INFO - [1939/2059] Biological assembly already cached: 9JNI-assembly1.cif
2026-05-11 07:01:27,605 - INFO - [1940/2059] Asymmetric unit already cached: 9JNL.cif
2026-05-11 07:01:27,605 - INFO - [1940/2059] Biological assembly already cached: 9JNL-assembly1.cif
2026-05-11 07:01:27,806 - INFO - [1941/2059] Asymmetric unit already cached: 9JNM.cif
2026-05-11 07:01:27,806 - INFO - [1941/2059] Biological assembly already cached: 9JNM-assembly1.cif
2026-05-11 07:01:28,006 - INFO - [1942/2059] Asymmetric unit already cached: 9JTA.cif
2026-05-11 07:01:28,006 - INFO - [1942/2059] Biological assembly already cached: 9JTA-assembly1.cif
2026-05-11 07:01:28,207 - INFO - [1943/2059] Asymmetric unit already cached: 9JUR.cif
2026-05-11 07:01:28,207 - INFO - [1943/2059] Biological assembly already cached: 9JUR-assembly1.cif
2026-05-11 07:01:28,407 - INFO - [1944/2059] Asymmetric unit already cached: 9JUT.cif
2026-05-11 07:01:28,408 - INFO - [1944/2059] Biological assembly already cached: 9JUT-assembly1.cif
2026-05-11 07:01:28,608 - INFO - [1945/2059] Asymmetric unit already cached: 9JUU.cif
2026-05-11 07:01:28,608 - INFO - [1945/2059] Biological assembly already cached: 9JUU-assembly1.cif
2026-05-11 07:01:28,809 - INFO - [1946/2059] Asymmetric unit already cached: 9JUY.cif
2026-05-11 07:01:28,809 - INFO - [1946/2059] Biological assembly already cached: 9JUY-assembly1.cif
2026-05-11 07:01:29,009 - INFO - [1947/2059] Asymmetric unit already cached: 9KB8.cif
2026-05-11 07:01:29,009 - INFO - [1947/2059] Biological assembly already cached: 9KB8-assembly1.cif
2026-05-11 07:01:29,210 - INFO - [1948/2059] Asymmetric unit already cached: 9KB9.cif
2026-05-11 07:01:29,210 - INFO - [1948/2059] Biological assembly already cached: 9KB9-assembly1.cif
2026-05-11 07:01:29,410 - INFO - [1949/2059] Asymmetric unit already cached: 9KBD.cif
2026-05-11 07:01:29,411 - INFO - [1949/2059] Biological assembly already cached: 9KBD-assembly1.cif
2026-05-11 07:01:29,611 - INFO - [1950/2059] Asymmetric unit already cached: 9KEN.cif
2026-05-11 07:01:29,611 - INFO - [1950/2059] Biological assembly already cached: 9KEN-assembly1.cif
2026-05-11 07:01:29,812 - INFO - [1951/2059] Asymmetric unit already cached: 9KQ2.cif
2026-05-11 07:01:29,812 - INFO - [1951/2059] Biological assembly already cached: 9KQ2-assembly1.cif
2026-05-11 07:01:30,012 - INFO - [1952/2059] Asymmetric unit already cached: 9KQO.cif
2026-05-11 07:01:30,012 - INFO - [1952/2059] Biological assembly already cached: 9KQO-assembly1.cif
2026-05-11 07:01:30,213 - INFO - [1953/2059] Asymmetric unit already cached: 9L3L.cif
2026-05-11 07:01:30,213 - INFO - [1953/2059] Biological assembly already cached: 9L3L-assembly1.cif
2026-05-11 07:01:30,414 - INFO - [1954/2059] Asymmetric unit already cached: 9L8Y.cif
2026-05-11 07:01:30,414 - INFO - [1954/2059] Biological assembly already cached: 9L8Y-assembly1.cif
2026-05-11 07:01:30,614 - INFO - [1955/2059] Asymmetric unit already cached: 9L93.cif
2026-05-11 07:01:30,614 - INFO - [1955/2059] Biological assembly already cached: 9L93-assembly1.cif
2026-05-11 07:01:30,815 - INFO - [1956/2059] Asymmetric unit already cached: 9LHJ.cif
2026-05-11 07:01:30,815 - INFO - [1956/2059] Biological assembly already cached: 9LHJ-assembly1.cif
2026-05-11 07:01:31,016 - INFO - [1957/2059] Asymmetric unit already cached: 9LKY.cif
2026-05-11 07:01:31,016 - INFO - [1957/2059] Biological assembly already cached: 9LKY-assembly1.cif
2026-05-11 07:01:31,216 - INFO - [1958/2059] Asymmetric unit already cached: 9LN6.cif
2026-05-11 07:01:31,216 - INFO - [1958/2059] Biological assembly already cached: 9LN6-assembly1.cif
2026-05-11 07:01:31,417 - INFO - [1959/2059] Asymmetric unit already cached: 9LPK.cif
2026-05-11 07:01:31,417 - INFO - [1959/2059] Biological assembly already cached: 9LPK-assembly1.cif
2026-05-11 07:01:31,617 - INFO - [1960/2059] Asymmetric unit already cached: 9LTO.cif
2026-05-11 07:01:31,618 - INFO - [1960/2059] Biological assembly already cached: 9LTO-assembly1.cif
2026-05-11 07:01:31,818 - INFO - [1961/2059] Asymmetric unit already cached: 9LTR.cif
2026-05-11 07:01:31,818 - INFO - [1961/2059] Biological assembly already cached: 9LTR-assembly1.cif
2026-05-11 07:01:32,019 - INFO - [1962/2059] Asymmetric unit already cached: 9LTZ.cif
2026-05-11 07:01:32,019 - INFO - [1962/2059] Biological assembly already cached: 9LTZ-assembly1.cif
2026-05-11 07:01:32,219 - INFO - [1963/2059] Asymmetric unit already cached: 9LU1.cif
2026-05-11 07:01:32,219 - INFO - [1963/2059] Biological assembly already cached: 9LU1-assembly1.cif
2026-05-11 07:01:32,420 - INFO - [1964/2059] Asymmetric unit already cached: 9LUL.cif
2026-05-11 07:01:32,420 - INFO - [1964/2059] Biological assembly already cached: 9LUL-assembly1.cif
2026-05-11 07:01:32,620 - INFO - [1965/2059] Asymmetric unit already cached: 9LVJ.cif
2026-05-11 07:01:32,620 - INFO - [1965/2059] Biological assembly already cached: 9LVJ-assembly1.cif
2026-05-11 07:01:32,821 - INFO - [1966/2059] Asymmetric unit already cached: 9LVK.cif
2026-05-11 07:01:32,821 - INFO - [1966/2059] Biological assembly already cached: 9LVK-assembly1.cif
2026-05-11 07:01:33,021 - INFO - [1967/2059] Asymmetric unit already cached: 9LWF.cif
2026-05-11 07:01:33,022 - INFO - [1967/2059] Biological assembly already cached: 9LWF-assembly1.cif
2026-05-11 07:01:33,222 - INFO - [1968/2059] Asymmetric unit already cached: 9LWI.cif
2026-05-11 07:01:33,222 - INFO - [1968/2059] Biological assembly already cached: 9LWI-assembly1.cif
2026-05-11 07:01:33,422 - INFO - [1969/2059] Asymmetric unit already cached: 9LWJ.cif
2026-05-11 07:01:33,423 - INFO - [1969/2059] Biological assembly already cached: 9LWJ-assembly1.cif
2026-05-11 07:01:33,623 - INFO - [1970/2059] Asymmetric unit already cached: 9LWL.cif
2026-05-11 07:01:33,623 - INFO - [1970/2059] Biological assembly already cached: 9LWL-assembly1.cif
2026-05-11 07:01:33,823 - INFO - [1971/2059] Asymmetric unit already cached: 9LWU.cif
2026-05-11 07:01:33,824 - INFO - [1971/2059] Biological assembly already cached: 9LWU-assembly1.cif
2026-05-11 07:01:34,024 - INFO - [1972/2059] Asymmetric unit already cached: 9M0Y.cif
2026-05-11 07:01:34,024 - INFO - [1972/2059] Biological assembly already cached: 9M0Y-assembly1.cif
2026-05-11 07:01:34,224 - INFO - [1973/2059] Asymmetric unit already cached: 9M3N.cif
2026-05-11 07:01:34,225 - INFO - [1973/2059] Biological assembly already cached: 9M3N-assembly1.cif
2026-05-11 07:01:34,425 - INFO - [1974/2059] Asymmetric unit already cached: 9M76.cif
2026-05-11 07:01:34,425 - INFO - [1974/2059] Biological assembly already cached: 9M76-assembly1.cif
2026-05-11 07:01:34,626 - INFO - [1975/2059] Asymmetric unit already cached: 9M77.cif
2026-05-11 07:01:34,626 - INFO - [1975/2059] Biological assembly already cached: 9M77-assembly1.cif
2026-05-11 07:01:34,826 - INFO - [1976/2059] Asymmetric unit already cached: 9MC4.cif
2026-05-11 07:01:34,826 - INFO - [1976/2059] Biological assembly already cached: 9MC4-assembly1.cif
2026-05-11 07:01:35,027 - INFO - [1977/2059] Asymmetric unit already cached: 9MC5.cif
2026-05-11 07:01:35,027 - INFO - [1977/2059] Biological assembly already cached: 9MC5-assembly1.cif
2026-05-11 07:01:35,227 - INFO - [1978/2059] Asymmetric unit already cached: 9MC6.cif
2026-05-11 07:01:35,227 - INFO - [1978/2059] Biological assembly already cached: 9MC6-assembly1.cif
2026-05-11 07:01:35,428 - INFO - [1979/2059] Asymmetric unit already cached: 9MC7.cif
2026-05-11 07:01:35,428 - INFO - [1979/2059] Biological assembly already cached: 9MC7-assembly1.cif
2026-05-11 07:01:35,628 - INFO - [1980/2059] Asymmetric unit already cached: 9MC9.cif
2026-05-11 07:01:35,628 - INFO - [1980/2059] Biological assembly already cached: 9MC9-assembly1.cif
2026-05-11 07:01:35,829 - INFO - [1981/2059] Asymmetric unit already cached: 9MCB.cif
2026-05-11 07:01:35,829 - INFO - [1981/2059] Biological assembly already cached: 9MCB-assembly1.cif
2026-05-11 07:01:36,029 - INFO - [1982/2059] Asymmetric unit already cached: 9MUX.cif
2026-05-11 07:01:36,029 - INFO - [1982/2059] Biological assembly already cached: 9MUX-assembly1.cif
2026-05-11 07:01:36,230 - INFO - [1983/2059] Asymmetric unit already cached: 9MZA.cif
2026-05-11 07:01:36,230 - INFO - [1983/2059] Biological assembly already cached: 9MZA-assembly1.cif
2026-05-11 07:01:36,430 - INFO - [1984/2059] Asymmetric unit already cached: 9N1F.cif
2026-05-11 07:01:36,430 - INFO - [1984/2059] Biological assembly already cached: 9N1F-assembly1.cif
2026-05-11 07:01:36,631 - INFO - [1985/2059] Asymmetric unit already cached: 9N1R.cif
2026-05-11 07:01:36,631 - INFO - [1985/2059] Biological assembly already cached: 9N1R-assembly1.cif
2026-05-11 07:01:36,832 - INFO - [1986/2059] Asymmetric unit already cached: 9N21.cif
2026-05-11 07:01:36,832 - INFO - [1986/2059] Biological assembly already cached: 9N21-assembly1.cif
2026-05-11 07:01:37,032 - INFO - [1987/2059] Asymmetric unit already cached: 9N23.cif
2026-05-11 07:01:37,032 - INFO - [1987/2059] Biological assembly already cached: 9N23-assembly1.cif
2026-05-11 07:01:37,233 - INFO - [1988/2059] Asymmetric unit already cached: 9N9R.cif
2026-05-11 07:01:37,233 - INFO - [1988/2059] Biological assembly already cached: 9N9R-assembly1.cif
2026-05-11 07:01:37,433 - INFO - [1989/2059] Asymmetric unit already cached: 9N9S.cif
2026-05-11 07:01:37,433 - INFO - [1989/2059] Biological assembly already cached: 9N9S-assembly1.cif
2026-05-11 07:01:37,634 - INFO - [1990/2059] Asymmetric unit already cached: 9NWD.cif
2026-05-11 07:01:37,634 - INFO - [1990/2059] Biological assembly already cached: 9NWD-assembly1.cif
2026-05-11 07:01:37,834 - INFO - [1991/2059] Asymmetric unit already cached: 9NWE.cif
2026-05-11 07:01:37,835 - INFO - [1991/2059] Biological assembly already cached: 9NWE-assembly1.cif
2026-05-11 07:01:38,035 - INFO - [1992/2059] Asymmetric unit already cached: 9OG0.cif
2026-05-11 07:01:38,035 - INFO - [1992/2059] Biological assembly already cached: 9OG0-assembly1.cif
2026-05-11 07:01:38,236 - INFO - [1993/2059] Asymmetric unit already cached: 9OGV.cif
2026-05-11 07:01:38,236 - INFO - [1993/2059] Biological assembly already cached: 9OGV-assembly1.cif
2026-05-11 07:01:38,436 - INFO - [1994/2059] Asymmetric unit already cached: 9OGW.cif
2026-05-11 07:01:38,436 - INFO - [1994/2059] Biological assembly already cached: 9OGW-assembly1.cif
2026-05-11 07:01:38,637 - INFO - [1995/2059] Asymmetric unit already cached: 9OLB.cif
2026-05-11 07:01:38,637 - INFO - [1995/2059] Biological assembly already cached: 9OLB-assembly1.cif
2026-05-11 07:01:38,837 - INFO - [1996/2059] Asymmetric unit already cached: 9OMA.cif
2026-05-11 07:01:38,838 - INFO - [1996/2059] Biological assembly already cached: 9OMA-assembly1.cif
2026-05-11 07:01:39,038 - INFO - [1997/2059] Asymmetric unit already cached: 9OSC.cif
2026-05-11 07:01:39,038 - INFO - [1997/2059] Biological assembly already cached: 9OSC-assembly1.cif
2026-05-11 07:01:39,239 - INFO - [1998/2059] Asymmetric unit already cached: 9OTI.cif
2026-05-11 07:01:39,239 - INFO - [1998/2059] Biological assembly already cached: 9OTI-assembly1.cif
2026-05-11 07:01:39,439 - INFO - [1999/2059] Asymmetric unit already cached: 9P2Q.cif
2026-05-11 07:01:39,440 - INFO - [1999/2059] Biological assembly already cached: 9P2Q-assembly1.cif
2026-05-11 07:01:39,640 - INFO - [2000/2059] Asymmetric unit already cached: 9Q88.cif
2026-05-11 07:01:39,640 - INFO - [2000/2059] Biological assembly already cached: 9Q88-assembly1.cif
2026-05-11 07:01:39,841 - INFO - [2001/2059] Asymmetric unit already cached: 9Q8Y.cif
2026-05-11 07:01:39,841 - INFO - [2001/2059] Biological assembly already cached: 9Q8Y-assembly1.cif
2026-05-11 07:01:40,041 - INFO - [2002/2059] Asymmetric unit already cached: 9Q9O.cif
2026-05-11 07:01:40,041 - INFO - [2002/2059] Biological assembly already cached: 9Q9O-assembly1.cif
2026-05-11 07:01:40,242 - INFO - [2003/2059] Asymmetric unit already cached: 9Q9P.cif
2026-05-11 07:01:40,242 - INFO - [2003/2059] Biological assembly already cached: 9Q9P-assembly1.cif
2026-05-11 07:01:40,442 - INFO - [2004/2059] Asymmetric unit already cached: 9Q9Q.cif
2026-05-11 07:01:40,443 - INFO - [2004/2059] Biological assembly already cached: 9Q9Q-assembly1.cif
2026-05-11 07:01:40,643 - INFO - [2005/2059] Asymmetric unit already cached: 9Q9R.cif
2026-05-11 07:01:40,643 - INFO - [2005/2059] Biological assembly already cached: 9Q9R-assembly1.cif
2026-05-11 07:01:40,844 - INFO - [2006/2059] Asymmetric unit already cached: 9QAL.cif
2026-05-11 07:01:40,844 - INFO - [2006/2059] Biological assembly already cached: 9QAL-assembly1.cif
2026-05-11 07:01:41,044 - INFO - [2007/2059] Asymmetric unit already cached: 9QBA.cif
2026-05-11 07:01:41,045 - INFO - [2007/2059] Biological assembly already cached: 9QBA-assembly1.cif
2026-05-11 07:01:41,245 - INFO - [2008/2059] Asymmetric unit already cached: 9QCV.cif
2026-05-11 07:01:41,245 - INFO - [2008/2059] Biological assembly already cached: 9QCV-assembly1.cif
2026-05-11 07:01:41,446 - INFO - [2009/2059] Asymmetric unit already cached: 9QCX.cif
2026-05-11 07:01:41,446 - INFO - [2009/2059] Biological assembly already cached: 9QCX-assembly1.cif
2026-05-11 07:01:41,646 - INFO - [2010/2059] Asymmetric unit already cached: 9QEU.cif
2026-05-11 07:01:41,646 - INFO - [2010/2059] Biological assembly already cached: 9QEU-assembly1.cif
2026-05-11 07:01:41,847 - INFO - [2011/2059] Asymmetric unit already cached: 9QF1.cif
2026-05-11 07:01:41,847 - INFO - [2011/2059] Biological assembly already cached: 9QF1-assembly1.cif
2026-05-11 07:01:42,047 - INFO - [2012/2059] Asymmetric unit already cached: 9QFS.cif
2026-05-11 07:01:42,047 - INFO - [2012/2059] Biological assembly already cached: 9QFS-assembly1.cif
2026-05-11 07:01:42,248 - INFO - [2013/2059] Asymmetric unit already cached: 9QFY.cif
2026-05-11 07:01:42,248 - INFO - [2013/2059] Biological assembly already cached: 9QFY-assembly1.cif
2026-05-11 07:01:42,448 - INFO - [2014/2059] Asymmetric unit already cached: 9QGW.cif
2026-05-11 07:01:42,449 - INFO - [2014/2059] Biological assembly already cached: 9QGW-assembly1.cif
2026-05-11 07:01:42,649 - INFO - [2015/2059] Asymmetric unit already cached: 9QH5.cif
2026-05-11 07:01:42,649 - INFO - [2015/2059] Biological assembly already cached: 9QH5-assembly1.cif
2026-05-11 07:01:42,850 - INFO - [2016/2059] Asymmetric unit already cached: 9QHI.cif
2026-05-11 07:01:42,850 - INFO - [2016/2059] Biological assembly already cached: 9QHI-assembly1.cif
2026-05-11 07:01:43,050 - INFO - [2017/2059] Asymmetric unit already cached: 9QIA.cif
2026-05-11 07:01:43,050 - INFO - [2017/2059] Biological assembly already cached: 9QIA-assembly1.cif
2026-05-11 07:01:43,251 - INFO - [2018/2059] Asymmetric unit already cached: 9QIM.cif
2026-05-11 07:01:43,251 - INFO - [2018/2059] Biological assembly already cached: 9QIM-assembly1.cif
2026-05-11 07:01:43,451 - INFO - [2019/2059] Asymmetric unit already cached: 9QIO.cif
2026-05-11 07:01:43,451 - INFO - [2019/2059] Biological assembly already cached: 9QIO-assembly1.cif
2026-05-11 07:01:43,652 - INFO - [2020/2059] Asymmetric unit already cached: 9QIP.cif
2026-05-11 07:01:43,652 - INFO - [2020/2059] Biological assembly already cached: 9QIP-assembly1.cif
2026-05-11 07:01:43,852 - INFO - [2021/2059] Asymmetric unit already cached: 9QIV.cif
2026-05-11 07:01:43,852 - INFO - [2021/2059] Biological assembly already cached: 9QIV-assembly1.cif
2026-05-11 07:01:44,053 - INFO - [2022/2059] Asymmetric unit already cached: 9QJN.cif
2026-05-11 07:01:44,053 - INFO - [2022/2059] Biological assembly already cached: 9QJN-assembly1.cif
2026-05-11 07:01:44,253 - INFO - [2023/2059] Asymmetric unit already cached: 9QO0.cif
2026-05-11 07:01:44,253 - INFO - [2023/2059] Biological assembly already cached: 9QO0-assembly1.cif
2026-05-11 07:01:44,454 - INFO - [2024/2059] Asymmetric unit already cached: 9QO1.cif
2026-05-11 07:01:44,454 - INFO - [2024/2059] Biological assembly already cached: 9QO1-assembly1.cif
2026-05-11 07:01:44,654 - INFO - [2025/2059] Asymmetric unit already cached: 9QO2.cif
2026-05-11 07:01:44,654 - INFO - [2025/2059] Biological assembly already cached: 9QO2-assembly1.cif
2026-05-11 07:01:44,855 - INFO - [2026/2059] Asymmetric unit already cached: 9QO4.cif
2026-05-11 07:01:44,855 - INFO - [2026/2059] Biological assembly already cached: 9QO4-assembly1.cif
2026-05-11 07:01:45,055 - INFO - [2027/2059] Asymmetric unit already cached: 9QO5.cif
2026-05-11 07:01:45,055 - INFO - [2027/2059] Biological assembly already cached: 9QO5-assembly1.cif
2026-05-11 07:01:45,256 - INFO - [2028/2059] Asymmetric unit already cached: 9QPX.cif
2026-05-11 07:01:45,256 - INFO - [2028/2059] Biological assembly already cached: 9QPX-assembly1.cif
2026-05-11 07:01:45,456 - INFO - [2029/2059] Asymmetric unit already cached: 9QUG.cif
2026-05-11 07:01:45,457 - INFO - [2029/2059] Biological assembly already cached: 9QUG-assembly1.cif
2026-05-11 07:01:45,657 - INFO - [2030/2059] Asymmetric unit already cached: 9QWS.cif
2026-05-11 07:01:45,657 - INFO - [2030/2059] Biological assembly already cached: 9QWS-assembly1.cif
2026-05-11 07:01:45,857 - INFO - [2031/2059] Asymmetric unit already cached: 9QWU.cif
2026-05-11 07:01:45,858 - INFO - [2031/2059] Biological assembly already cached: 9QWU-assembly1.cif
2026-05-11 07:01:46,058 - INFO - [2032/2059] Asymmetric unit already cached: 9QWX.cif
2026-05-11 07:01:46,058 - INFO - [2032/2059] Biological assembly already cached: 9QWX-assembly1.cif
2026-05-11 07:01:46,258 - INFO - [2033/2059] Asymmetric unit already cached: 9QWZ.cif
2026-05-11 07:01:46,259 - INFO - [2033/2059] Biological assembly already cached: 9QWZ-assembly1.cif
2026-05-11 07:01:46,459 - INFO - [2034/2059] Asymmetric unit already cached: 9QX0.cif
2026-05-11 07:01:46,459 - INFO - [2034/2059] Biological assembly already cached: 9QX0-assembly1.cif
2026-05-11 07:01:46,659 - INFO - [2035/2059] Asymmetric unit already cached: 9R11.cif
2026-05-11 07:01:46,660 - INFO - [2035/2059] Biological assembly already cached: 9R11-assembly1.cif
2026-05-11 07:01:46,860 - INFO - [2036/2059] Asymmetric unit already cached: 9R1P.cif
2026-05-11 07:01:46,860 - INFO - [2036/2059] Biological assembly already cached: 9R1P-assembly1.cif
2026-05-11 07:01:47,060 - INFO - [2037/2059] Asymmetric unit already cached: 9R6V.cif
2026-05-11 07:01:47,061 - INFO - [2037/2059] Biological assembly already cached: 9R6V-assembly1.cif
2026-05-11 07:01:47,261 - INFO - [2038/2059] Asymmetric unit already cached: 9R85.cif
2026-05-11 07:01:47,261 - INFO - [2038/2059] Biological assembly already cached: 9R85-assembly1.cif
2026-05-11 07:01:47,462 - INFO - [2039/2059] Asymmetric unit already cached: 9R8T.cif
2026-05-11 07:01:47,462 - INFO - [2039/2059] Biological assembly already cached: 9R8T-assembly1.cif
2026-05-11 07:01:47,662 - INFO - [2040/2059] Asymmetric unit already cached: 9R94.cif
2026-05-11 07:01:47,662 - INFO - [2040/2059] Biological assembly already cached: 9R94-assembly1.cif
2026-05-11 07:01:47,863 - INFO - [2041/2059] Asymmetric unit already cached: 9RFB.cif
2026-05-11 07:01:47,863 - INFO - [2041/2059] Biological assembly already cached: 9RFB-assembly1.cif
2026-05-11 07:01:48,063 - INFO - [2042/2059] Asymmetric unit already cached: 9RFF.cif
2026-05-11 07:01:48,063 - INFO - [2042/2059] Biological assembly already cached: 9RFF-assembly1.cif
2026-05-11 07:01:48,264 - INFO - [2043/2059] Asymmetric unit already cached: 9SA1.cif
2026-05-11 07:01:48,264 - INFO - [2043/2059] Biological assembly already cached: 9SA1-assembly1.cif
2026-05-11 07:01:48,464 - INFO - [2044/2059] Asymmetric unit already cached: 9SA2.cif
2026-05-11 07:01:48,465 - INFO - [2044/2059] Biological assembly already cached: 9SA2-assembly1.cif
2026-05-11 07:01:48,665 - INFO - [2045/2059] Asymmetric unit already cached: 9SDX.cif
2026-05-11 07:01:48,665 - INFO - [2045/2059] Biological assembly already cached: 9SDX-assembly1.cif
2026-05-11 07:01:48,865 - INFO - [2046/2059] Asymmetric unit already cached: 9SDY.cif
2026-05-11 07:01:48,866 - INFO - [2046/2059] Biological assembly already cached: 9SDY-assembly1.cif
2026-05-11 07:01:49,066 - INFO - [2047/2059] Asymmetric unit already cached: 9SKQ.cif
2026-05-11 07:01:49,066 - INFO - [2047/2059] Biological assembly already cached: 9SKQ-assembly1.cif
2026-05-11 07:01:49,266 - INFO - [2048/2059] Asymmetric unit already cached: 9T32.cif
2026-05-11 07:01:49,267 - INFO - [2048/2059] Biological assembly already cached: 9T32-assembly1.cif
2026-05-11 07:01:49,467 - INFO - [2049/2059] Asymmetric unit already cached: 9UAV.cif
2026-05-11 07:01:49,467 - INFO - [2049/2059] Biological assembly already cached: 9UAV-assembly1.cif
2026-05-11 07:01:49,668 - INFO - [2050/2059] Asymmetric unit already cached: 9UPZ.cif
2026-05-11 07:01:49,668 - INFO - [2050/2059] Biological assembly already cached: 9UPZ-assembly1.cif
2026-05-11 07:01:49,868 - INFO - [2051/2059] Asymmetric unit already cached: 9UV6.cif
2026-05-11 07:01:49,868 - INFO - [2051/2059] Biological assembly already cached: 9UV6-assembly1.cif
2026-05-11 07:01:50,069 - INFO - [2052/2059] Asymmetric unit already cached: 9V0K.cif
2026-05-11 07:01:50,069 - INFO - [2052/2059] Biological assembly already cached: 9V0K-assembly1.cif
2026-05-11 07:01:50,269 - INFO - [2053/2059] Asymmetric unit already cached: 9VG5.cif
2026-05-11 07:01:50,269 - INFO - [2053/2059] Biological assembly already cached: 9VG5-assembly1.cif
2026-05-11 07:01:50,470 - INFO - [2054/2059] Asymmetric unit already cached: 9W90.cif
2026-05-11 07:01:50,470 - INFO - [2054/2059] Biological assembly already cached: 9W90-assembly1.cif
2026-05-11 07:01:50,670 - INFO - [2055/2059] Asymmetric unit already cached: 9XZJ.cif
2026-05-11 07:01:50,670 - INFO - [2055/2059] Biological assembly already cached: 9XZJ-assembly1.cif
2026-05-11 07:01:50,871 - INFO - [2056/2059] Asymmetric unit already cached: 9XZK.cif
2026-05-11 07:01:50,871 - INFO - [2056/2059] Biological assembly already cached: 9XZK-assembly1.cif
2026-05-11 07:01:51,071 - INFO - [2057/2059] Asymmetric unit already cached: 9YE9.cif
2026-05-11 07:01:51,072 - INFO - [2057/2059] Biological assembly already cached: 9YE9-assembly1.cif
2026-05-11 07:01:51,272 - INFO - [2058/2059] Asymmetric unit already cached: 9YEA.cif
2026-05-11 07:01:51,272 - INFO - [2058/2059] Biological assembly already cached: 9YEA-assembly1.cif
2026-05-11 07:01:51,473 - INFO - [2059/2059] Asymmetric unit already cached: 9Z5Q.cif
2026-05-11 07:01:51,473 - INFO - [2059/2059] Biological assembly already cached: 9Z5Q-assembly1.cif
2026-05-11 07:01:51,673 - INFO - Download complete.
