2026-05-04 06:26:58,212 - INFO - Using CSV: /home/runner/work/UbiqCore/UbiqCore/util/data/pdb_updates/pdb_structures_detailed_update_20260504.csv
2026-05-04 06:26:58,219 - INFO - Found 2052 PDB IDs
2026-05-04 06:26:58,220 - INFO - [1/2052] Asymmetric unit already cached: 13RZ.cif
2026-05-04 06:26:58,220 - INFO - [1/2052] Biological assembly already cached: 13RZ-assembly1.cif
2026-05-04 06:26:58,420 - INFO - [2/2052] Asymmetric unit already cached: 13SA.cif
2026-05-04 06:26:58,421 - INFO - [2/2052] Biological assembly already cached: 13SA-assembly1.cif
2026-05-04 06:26:58,621 - INFO - [3/2052] Asymmetric unit already cached: 13SB.cif
2026-05-04 06:26:58,621 - INFO - [3/2052] Biological assembly already cached: 13SB-assembly1.cif
2026-05-04 06:26:58,822 - INFO - [4/2052] Asymmetric unit already cached: 13SC.cif
2026-05-04 06:26:58,822 - INFO - [4/2052] Biological assembly already cached: 13SC-assembly1.cif
2026-05-04 06:26:59,022 - INFO - [5/2052] Asymmetric unit already cached: 13SD.cif
2026-05-04 06:26:59,022 - INFO - [5/2052] Biological assembly already cached: 13SD-assembly1.cif
2026-05-04 06:26:59,223 - INFO - [6/2052] Asymmetric unit already cached: 13SE.cif
2026-05-04 06:26:59,223 - INFO - [6/2052] Biological assembly already cached: 13SE-assembly1.cif
2026-05-04 06:26:59,423 - INFO - [7/2052] Asymmetric unit already cached: 13SF.cif
2026-05-04 06:26:59,424 - INFO - [7/2052] Biological assembly already cached: 13SF-assembly1.cif
2026-05-04 06:26:59,624 - INFO - [8/2052] Asymmetric unit already cached: 13SG.cif
2026-05-04 06:26:59,624 - INFO - [8/2052] Biological assembly already cached: 13SG-assembly1.cif
2026-05-04 06:26:59,825 - INFO - [9/2052] Asymmetric unit already cached: 13SH.cif
2026-05-04 06:26:59,825 - INFO - [9/2052] Biological assembly already cached: 13SH-assembly1.cif
2026-05-04 06:27:00,025 - INFO - [10/2052] Asymmetric unit already cached: 13SI.cif
2026-05-04 06:27:00,025 - INFO - [10/2052] Biological assembly already cached: 13SI-assembly1.cif
2026-05-04 06:27:00,226 - INFO - [11/2052] Asymmetric unit already cached: 13SJ.cif
2026-05-04 06:27:00,226 - INFO - [11/2052] Biological assembly already cached: 13SJ-assembly1.cif
2026-05-04 06:27:00,426 - INFO - [12/2052] Asymmetric unit already cached: 13SK.cif
2026-05-04 06:27:00,427 - INFO - [12/2052] Biological assembly already cached: 13SK-assembly1.cif
2026-05-04 06:27:00,627 - INFO - [13/2052] Asymmetric unit already cached: 13SL.cif
2026-05-04 06:27:00,627 - INFO - [13/2052] Biological assembly already cached: 13SL-assembly1.cif
2026-05-04 06:27:00,828 - INFO - [14/2052] Asymmetric unit already cached: 13SM.cif
2026-05-04 06:27:00,828 - INFO - [14/2052] Biological assembly already cached: 13SM-assembly1.cif
2026-05-04 06:27:01,028 - INFO - [15/2052] Asymmetric unit already cached: 13SN.cif
2026-05-04 06:27:01,028 - INFO - [15/2052] Biological assembly already cached: 13SN-assembly1.cif
2026-05-04 06:27:01,229 - INFO - [16/2052] Asymmetric unit already cached: 13SO.cif
2026-05-04 06:27:01,229 - INFO - [16/2052] Biological assembly already cached: 13SO-assembly1.cif
2026-05-04 06:27:01,430 - INFO - [17/2052] Asymmetric unit already cached: 13SP.cif
2026-05-04 06:27:01,430 - INFO - [17/2052] Biological assembly already cached: 13SP-assembly1.cif
2026-05-04 06:27:01,630 - INFO - [18/2052] Asymmetric unit already cached: 13SQ.cif
2026-05-04 06:27:01,630 - INFO - [18/2052] Biological assembly already cached: 13SQ-assembly1.cif
2026-05-04 06:27:01,831 - INFO - [19/2052] Asymmetric unit already cached: 13SR.cif
2026-05-04 06:27:01,831 - INFO - [19/2052] Biological assembly already cached: 13SR-assembly1.cif
2026-05-04 06:27:02,031 - INFO - [20/2052] Asymmetric unit already cached: 13SS.cif
2026-05-04 06:27:02,031 - INFO - [20/2052] Biological assembly already cached: 13SS-assembly1.cif
2026-05-04 06:27:02,232 - INFO - [21/2052] Asymmetric unit already cached: 13ST.cif
2026-05-04 06:27:02,232 - INFO - [21/2052] Biological assembly already cached: 13ST-assembly1.cif
2026-05-04 06:27:02,432 - INFO - [22/2052] Asymmetric unit already cached: 13SU.cif
2026-05-04 06:27:02,433 - INFO - [22/2052] Biological assembly already cached: 13SU-assembly1.cif
2026-05-04 06:27:02,633 - INFO - [23/2052] Asymmetric unit already cached: 13SV.cif
2026-05-04 06:27:02,633 - INFO - [23/2052] Biological assembly already cached: 13SV-assembly1.cif
2026-05-04 06:27:02,834 - INFO - [24/2052] Asymmetric unit already cached: 13SW.cif
2026-05-04 06:27:02,834 - INFO - [24/2052] Biological assembly already cached: 13SW-assembly1.cif
2026-05-04 06:27:03,034 - INFO - [25/2052] Asymmetric unit already cached: 13SX.cif
2026-05-04 06:27:03,035 - INFO - [25/2052] Biological assembly already cached: 13SX-assembly1.cif
2026-05-04 06:27:03,235 - INFO - [26/2052] Asymmetric unit already cached: 13SY.cif
2026-05-04 06:27:03,235 - INFO - [26/2052] Biological assembly already cached: 13SY-assembly1.cif
2026-05-04 06:27:03,436 - INFO - [27/2052] Asymmetric unit already cached: 13SZ.cif
2026-05-04 06:27:03,436 - INFO - [27/2052] Biological assembly already cached: 13SZ-assembly1.cif
2026-05-04 06:27:03,636 - INFO - [28/2052] Asymmetric unit already cached: 13TA.cif
2026-05-04 06:27:03,636 - INFO - [28/2052] Biological assembly already cached: 13TA-assembly1.cif
2026-05-04 06:27:03,837 - INFO - [29/2052] Asymmetric unit already cached: 13TB.cif
2026-05-04 06:27:03,837 - INFO - [29/2052] Biological assembly already cached: 13TB-assembly1.cif
2026-05-04 06:27:04,037 - INFO - [30/2052] Asymmetric unit already cached: 1A3S.cif
2026-05-04 06:27:04,038 - INFO - [30/2052] Biological assembly already cached: 1A3S-assembly1.cif
2026-05-04 06:27:04,238 - INFO - [31/2052] Asymmetric unit already cached: 1B47.cif
2026-05-04 06:27:04,238 - INFO - [31/2052] Biological assembly already cached: 1B47-assembly1.cif
2026-05-04 06:27:04,439 - INFO - [32/2052] Asymmetric unit already cached: 1BOR.cif
2026-05-04 06:27:04,439 - INFO - [32/2052] Biological assembly already cached: 1BOR-assembly1.cif
2026-05-04 06:27:04,639 - INFO - [33/2052] Asymmetric unit already cached: 1C4Z.cif
2026-05-04 06:27:04,639 - INFO - [33/2052] Biological assembly already cached: 1C4Z-assembly1.cif
2026-05-04 06:27:04,840 - INFO - [34/2052] Asymmetric unit already cached: 1C9Q.cif
2026-05-04 06:27:04,840 - INFO - [34/2052] Biological assembly already cached: 1C9Q-assembly1.cif
2026-05-04 06:27:05,040 - INFO - [35/2052] Asymmetric unit already cached: 1CA4.cif
2026-05-04 06:27:05,041 - INFO - [35/2052] Biological assembly already cached: 1CA4-assembly1.cif
2026-05-04 06:27:05,241 - INFO - [36/2052] Asymmetric unit already cached: 1CA9.cif
2026-05-04 06:27:05,241 - INFO - [36/2052] Biological assembly already cached: 1CA9-assembly1.cif
2026-05-04 06:27:05,442 - INFO - [37/2052] Asymmetric unit already cached: 1CZY.cif
2026-05-04 06:27:05,442 - INFO - [37/2052] Biological assembly already cached: 1CZY-assembly1.cif
2026-05-04 06:27:05,642 - INFO - [38/2052] Asymmetric unit already cached: 1CZZ.cif
2026-05-04 06:27:05,642 - INFO - [38/2052] Biological assembly already cached: 1CZZ-assembly1.cif
2026-05-04 06:27:05,843 - INFO - [39/2052] Asymmetric unit already cached: 1D00.cif
2026-05-04 06:27:05,843 - INFO - [39/2052] Biological assembly already cached: 1D00-assembly1.cif
2026-05-04 06:27:06,043 - INFO - [40/2052] Asymmetric unit already cached: 1D01.cif
2026-05-04 06:27:06,044 - INFO - [40/2052] Biological assembly already cached: 1D01-assembly1.cif
2026-05-04 06:27:06,244 - INFO - [41/2052] Asymmetric unit already cached: 1D0A.cif
2026-05-04 06:27:06,244 - INFO - [41/2052] Biological assembly already cached: 1D0A-assembly1.cif
2026-05-04 06:27:06,445 - INFO - [42/2052] Asymmetric unit already cached: 1D0J.cif
2026-05-04 06:27:06,445 - INFO - [42/2052] Biological assembly already cached: 1D0J-assembly1.cif
2026-05-04 06:27:06,645 - INFO - [43/2052] Asymmetric unit already cached: 1D5F.cif
2026-05-04 06:27:06,645 - INFO - [43/2052] Biological assembly already cached: 1D5F-assembly1.cif
2026-05-04 06:27:06,846 - INFO - [44/2052] Asymmetric unit already cached: 1E4U.cif
2026-05-04 06:27:06,846 - INFO - [44/2052] Biological assembly already cached: 1E4U-assembly1.cif
2026-05-04 06:27:07,046 - INFO - [45/2052] Asymmetric unit already cached: 1EQX.cif
2026-05-04 06:27:07,047 - INFO - [45/2052] Biological assembly already cached: 1EQX-assembly1.cif
2026-05-04 06:27:07,247 - INFO - [46/2052] Asymmetric unit already cached: 1F3V.cif
2026-05-04 06:27:07,247 - INFO - [46/2052] Biological assembly already cached: 1F3V-assembly1.cif
2026-05-04 06:27:07,448 - INFO - [47/2052] Asymmetric unit already cached: 1F9X.cif
2026-05-04 06:27:07,448 - INFO - [47/2052] Biological assembly already cached: 1F9X-assembly1.cif
2026-05-04 06:27:07,648 - INFO - [48/2052] Asymmetric unit already cached: 1FBV.cif
2026-05-04 06:27:07,648 - INFO - [48/2052] Biological assembly already cached: 1FBV-assembly1.cif
2026-05-04 06:27:07,849 - INFO - [49/2052] Asymmetric unit already cached: 1FLK.cif
2026-05-04 06:27:07,849 - INFO - [49/2052] Biological assembly already cached: 1FLK-assembly1.cif
2026-05-04 06:27:08,049 - INFO - [50/2052] Asymmetric unit already cached: 1FLL.cif
2026-05-04 06:27:08,050 - INFO - [50/2052] Biological assembly already cached: 1FLL-assembly1.cif
2026-05-04 06:27:08,250 - INFO - [51/2052] Asymmetric unit already cached: 1FP0.cif
2026-05-04 06:27:08,250 - INFO - [51/2052] Biological assembly already cached: 1FP0-assembly1.cif
2026-05-04 06:27:08,450 - INFO - [52/2052] Asymmetric unit already cached: 1G25.cif
2026-05-04 06:27:08,451 - INFO - [52/2052] Biological assembly already cached: 1G25-assembly1.cif
2026-05-04 06:27:08,651 - INFO - [53/2052] Asymmetric unit already cached: 1G3F.cif
2026-05-04 06:27:08,651 - INFO - [53/2052] Biological assembly already cached: 1G3F-assembly1.cif
2026-05-04 06:27:08,852 - INFO - [54/2052] Asymmetric unit already cached: 1G73.cif
2026-05-04 06:27:08,852 - INFO - [54/2052] Biological assembly already cached: 1G73-assembly1.cif
2026-05-04 06:27:09,052 - INFO - [55/2052] Asymmetric unit already cached: 1I2T.cif
2026-05-04 06:27:09,052 - INFO - [55/2052] Biological assembly already cached: 1I2T-assembly1.cif
2026-05-04 06:27:09,253 - INFO - [56/2052] Asymmetric unit already cached: 1I3O.cif
2026-05-04 06:27:09,253 - INFO - [56/2052] Biological assembly already cached: 1I3O-assembly1.cif
2026-05-04 06:27:09,453 - INFO - [57/2052] Asymmetric unit already cached: 1I4O.cif
2026-05-04 06:27:09,454 - INFO - [57/2052] Biological assembly already cached: 1I4O-assembly1.cif
2026-05-04 06:27:09,654 - INFO - [58/2052] Asymmetric unit already cached: 1I51.cif
2026-05-04 06:27:09,654 - INFO - [58/2052] Biological assembly already cached: 1I51-assembly1.cif
2026-05-04 06:27:09,855 - INFO - [59/2052] Asymmetric unit already cached: 1I7K.cif
2026-05-04 06:27:09,855 - INFO - [59/2052] Biological assembly already cached: 1I7K-assembly1.cif
2026-05-04 06:27:10,055 - INFO - [60/2052] Asymmetric unit already cached: 1IYF.cif
2026-05-04 06:27:10,055 - INFO - [60/2052] Biological assembly already cached: 1IYF-assembly1.cif
2026-05-04 06:27:10,256 - INFO - [61/2052] Asymmetric unit already cached: 1J74.cif
2026-05-04 06:27:10,256 - INFO - [61/2052] Biological assembly already cached: 1J74-assembly1.cif
2026-05-04 06:27:10,456 - INFO - [62/2052] Asymmetric unit already cached: 1J7D.cif
2026-05-04 06:27:10,457 - INFO - [62/2052] Biological assembly already cached: 1J7D-assembly1.cif
2026-05-04 06:27:10,657 - INFO - [63/2052] Asymmetric unit already cached: 1JAS.cif
2026-05-04 06:27:10,657 - INFO - [63/2052] Biological assembly already cached: 1JAS-assembly1.cif
2026-05-04 06:27:10,858 - INFO - [64/2052] Asymmetric unit already cached: 1JM7.cif
2026-05-04 06:27:10,858 - INFO - [64/2052] Biological assembly already cached: 1JM7-assembly1.cif
2026-05-04 06:27:11,058 - INFO - [65/2052] Asymmetric unit already cached: 1JNX.cif
2026-05-04 06:27:11,058 - INFO - [65/2052] Biological assembly already cached: 1JNX-assembly1.cif
2026-05-04 06:27:11,259 - INFO - [66/2052] Asymmetric unit already cached: 1JSP.cif
2026-05-04 06:27:11,259 - INFO - [66/2052] Biological assembly already cached: 1JSP-assembly1.cif
2026-05-04 06:27:11,459 - INFO - [67/2052] Asymmetric unit already cached: 1KMC.cif
2026-05-04 06:27:11,460 - INFO - [67/2052] Biological assembly already cached: 1KMC-assembly1.cif
2026-05-04 06:27:11,660 - INFO - [68/2052] Asymmetric unit already cached: 1KPS.cif
2026-05-04 06:27:11,660 - INFO - [68/2052] Biological assembly already cached: 1KPS-assembly1.cif
2026-05-04 06:27:11,861 - INFO - [69/2052] Asymmetric unit already cached: 1KZZ.cif
2026-05-04 06:27:11,861 - INFO - [69/2052] Biological assembly already cached: 1KZZ-assembly1.cif
2026-05-04 06:27:12,061 - INFO - [70/2052] Asymmetric unit already cached: 1L0A.cif
2026-05-04 06:27:12,061 - INFO - [70/2052] Biological assembly already cached: 1L0A-assembly1.cif
2026-05-04 06:27:12,262 - INFO - [71/2052] Asymmetric unit already cached: 1L3E.cif
2026-05-04 06:27:12,262 - INFO - [71/2052] Biological assembly already cached: 1L3E-assembly1.cif
2026-05-04 06:27:12,463 - INFO - [72/2052] Asymmetric unit already cached: 1LB4.cif
2026-05-04 06:27:12,463 - INFO - [72/2052] Biological assembly already cached: 1LB4-assembly1.cif
2026-05-04 06:27:12,663 - INFO - [73/2052] Asymmetric unit already cached: 1LB5.cif
2026-05-04 06:27:12,663 - INFO - [73/2052] Biological assembly already cached: 1LB5-assembly1.cif
2026-05-04 06:27:12,864 - INFO - [74/2052] Asymmetric unit already cached: 1LB6.cif
2026-05-04 06:27:12,864 - INFO - [74/2052] Biological assembly already cached: 1LB6-assembly1.cif
2026-05-04 06:27:13,064 - INFO - [75/2052] Asymmetric unit already cached: 1LDJ.cif
2026-05-04 06:27:13,065 - INFO - [75/2052] Biological assembly already cached: 1LDJ-assembly1.cif
2026-05-04 06:27:13,265 - INFO - [76/2052] Asymmetric unit already cached: 1LDK.cif
2026-05-04 06:27:13,265 - INFO - [76/2052] Biological assembly already cached: 1LDK-assembly1.cif
2026-05-04 06:27:13,466 - INFO - [77/2052] Asymmetric unit already cached: 1LGP.cif
2026-05-04 06:27:13,466 - INFO - [77/2052] Biological assembly already cached: 1LGP-assembly1.cif
2026-05-04 06:27:13,666 - INFO - [78/2052] Asymmetric unit already cached: 1LGQ.cif
2026-05-04 06:27:13,667 - INFO - [78/2052] Biological assembly already cached: 1LGQ-assembly1.cif
2026-05-04 06:27:13,867 - INFO - [79/2052] Asymmetric unit already cached: 1LIQ.cif
2026-05-04 06:27:13,867 - INFO - [79/2052] Biological assembly already cached: 1LIQ-assembly1.cif
2026-05-04 06:27:14,068 - INFO - [80/2052] Asymmetric unit already cached: 1N5O.cif
2026-05-04 06:27:14,068 - INFO - [80/2052] Biological assembly already cached: 1N5O-assembly1.cif
2026-05-04 06:27:14,268 - INFO - [81/2052] Asymmetric unit already cached: 1ND7.cif
2026-05-04 06:27:14,268 - INFO - [81/2052] Biological assembly already cached: 1ND7-assembly1.cif
2026-05-04 06:27:14,469 - INFO - [82/2052] Asymmetric unit already cached: 1NW9.cif
2026-05-04 06:27:14,469 - INFO - [82/2052] Biological assembly already cached: 1NW9-assembly1.cif
2026-05-04 06:27:14,670 - INFO - [83/2052] Asymmetric unit already cached: 1OQA.cif
2026-05-04 06:27:14,670 - INFO - [83/2052] Biological assembly already cached: 1OQA-assembly1.cif
2026-05-04 06:27:14,870 - INFO - [84/2052] Asymmetric unit already cached: 1OXN.cif
2026-05-04 06:27:14,870 - INFO - [84/2052] Biological assembly already cached: 1OXN-assembly1.cif
2026-05-04 06:27:15,071 - INFO - [85/2052] Asymmetric unit already cached: 1OXQ.cif
2026-05-04 06:27:15,071 - INFO - [85/2052] Biological assembly already cached: 1OXQ-assembly1.cif
2026-05-04 06:27:15,271 - INFO - [86/2052] Asymmetric unit already cached: 1OY7.cif
2026-05-04 06:27:15,271 - INFO - [86/2052] Biological assembly already cached: 1OY7-assembly1.cif
2026-05-04 06:27:15,472 - INFO - [87/2052] Asymmetric unit already cached: 1P4Q.cif
2026-05-04 06:27:15,472 - INFO - [87/2052] Biological assembly already cached: 1P4Q-assembly1.cif
2026-05-04 06:27:15,673 - INFO - [88/2052] Asymmetric unit already cached: 1Q02.cif
2026-05-04 06:27:15,673 - INFO - [88/2052] Biological assembly already cached: 1Q02-assembly1.cif
2026-05-04 06:27:15,873 - INFO - [89/2052] Asymmetric unit already cached: 1QBH.cif
2026-05-04 06:27:15,873 - INFO - [89/2052] Biological assembly already cached: 1QBH-assembly1.cif
2026-05-04 06:27:16,074 - INFO - [90/2052] Asymmetric unit already cached: 1QSC.cif
2026-05-04 06:27:16,074 - INFO - [90/2052] Biological assembly already cached: 1QSC-assembly1.cif
2026-05-04 06:27:16,274 - INFO - [91/2052] Asymmetric unit already cached: 1RDT.cif
2026-05-04 06:27:16,274 - INFO - [91/2052] Biological assembly already cached: 1RDT-assembly1.cif
2026-05-04 06:27:16,475 - INFO - [92/2052] Asymmetric unit already cached: 1RF3.cif
2026-05-04 06:27:16,475 - INFO - [92/2052] Biological assembly already cached: 1RF3-assembly1.cif
2026-05-04 06:27:16,675 - INFO - [93/2052] Asymmetric unit already cached: 1RV1.cif
2026-05-04 06:27:16,676 - INFO - [93/2052] Biological assembly already cached: 1RV1-assembly1.cif
2026-05-04 06:27:16,876 - INFO - [94/2052] Asymmetric unit already cached: 1T15.cif
2026-05-04 06:27:16,876 - INFO - [94/2052] Biological assembly already cached: 1T15-assembly1.cif
2026-05-04 06:27:17,077 - INFO - [95/2052] Asymmetric unit already cached: 1T29.cif
2026-05-04 06:27:17,077 - INFO - [95/2052] Biological assembly already cached: 1T29-assembly1.cif
2026-05-04 06:27:17,277 - INFO - [96/2052] Asymmetric unit already cached: 1T2U.cif
2026-05-04 06:27:17,277 - INFO - [96/2052] Biological assembly already cached: 1T2U-assembly1.cif
2026-05-04 06:27:17,478 - INFO - [97/2052] Asymmetric unit already cached: 1T2V.cif
2026-05-04 06:27:17,478 - INFO - [97/2052] Biological assembly already cached: 1T2V-assembly1.cif
2026-05-04 06:27:17,679 - INFO - [98/2052] Asymmetric unit already cached: 1T4E.cif
2026-05-04 06:27:17,679 - INFO - [98/2052] Biological assembly already cached: 1T4E-assembly1.cif
2026-05-04 06:27:17,879 - INFO - [99/2052] Asymmetric unit already cached: 1T4F.cif
2026-05-04 06:27:17,879 - INFO - [99/2052] Biological assembly already cached: 1T4F-assembly1.cif
2026-05-04 06:27:18,080 - INFO - [100/2052] Asymmetric unit already cached: 1TFQ.cif
2026-05-04 06:27:18,080 - INFO - [100/2052] Biological assembly already cached: 1TFQ-assembly1.cif
2026-05-04 06:27:18,281 - INFO - [101/2052] Asymmetric unit already cached: 1TFT.cif
2026-05-04 06:27:18,281 - INFO - [101/2052] Biological assembly already cached: 1TFT-assembly1.cif
2026-05-04 06:27:18,481 - INFO - [102/2052] Asymmetric unit already cached: 1TT5.cif
2026-05-04 06:27:18,481 - INFO - [102/2052] Biological assembly already cached: 1TT5-assembly1.cif
2026-05-04 06:27:18,682 - INFO - [103/2052] Asymmetric unit already cached: 1TW6.cif
2026-05-04 06:27:18,682 - INFO - [103/2052] Biological assembly already cached: 1TW6-assembly1.cif
2026-05-04 06:27:18,882 - INFO - [104/2052] Asymmetric unit already cached: 1U6G.cif
2026-05-04 06:27:18,883 - INFO - [104/2052] Biological assembly already cached: 1U6G-assembly1.cif
2026-05-04 06:27:19,083 - INFO - [105/2052] Asymmetric unit already cached: 1UHP.cif
2026-05-04 06:27:19,083 - INFO - [105/2052] Biological assembly already cached: 1UHP-assembly1.cif
2026-05-04 06:27:19,284 - INFO - [106/2052] Asymmetric unit already cached: 1UR6.cif
2026-05-04 06:27:19,284 - INFO - [106/2052] Biological assembly already cached: 1UR6-assembly1.cif
2026-05-04 06:27:19,484 - INFO - [107/2052] Asymmetric unit already cached: 1W4U.cif
2026-05-04 06:27:19,485 - INFO - [107/2052] Biological assembly already cached: 1W4U-assembly1.cif
2026-05-04 06:27:19,685 - INFO - [108/2052] Asymmetric unit already cached: 1WD2.cif
2026-05-04 06:27:19,685 - INFO - [108/2052] Biological assembly already cached: 1WD2-assembly1.cif
2026-05-04 06:27:19,886 - INFO - [109/2052] Asymmetric unit already cached: 1WGM.cif
2026-05-04 06:27:19,886 - INFO - [109/2052] Biological assembly already cached: 1WGM-assembly1.cif
2026-05-04 06:27:20,086 - INFO - [110/2052] Asymmetric unit already cached: 1WH1.cif
2026-05-04 06:27:20,087 - INFO - [110/2052] Biological assembly already cached: 1WH1-assembly1.cif
2026-05-04 06:27:20,287 - INFO - [111/2052] Asymmetric unit already cached: 1WIM.cif
2026-05-04 06:27:20,287 - INFO - [111/2052] Biological assembly already cached: 1WIM-assembly1.cif
2026-05-04 06:27:20,488 - INFO - [112/2052] Asymmetric unit already cached: 1WO3.cif
2026-05-04 06:27:20,488 - INFO - [112/2052] Biological assembly already cached: 1WO3-assembly1.cif
2026-05-04 06:27:20,688 - INFO - [113/2052] Asymmetric unit already cached: 1WO4.cif
2026-05-04 06:27:20,689 - INFO - [113/2052] Biological assembly already cached: 1WO4-assembly1.cif
2026-05-04 06:27:20,889 - INFO - [114/2052] Asymmetric unit already cached: 1WO5.cif
2026-05-04 06:27:20,889 - INFO - [114/2052] Biological assembly already cached: 1WO5-assembly1.cif
2026-05-04 06:27:21,090 - INFO - [115/2052] Asymmetric unit already cached: 1WO6.cif
2026-05-04 06:27:21,090 - INFO - [115/2052] Biological assembly already cached: 1WO6-assembly1.cif
2026-05-04 06:27:21,290 - INFO - [116/2052] Asymmetric unit already cached: 1WO7.cif
2026-05-04 06:27:21,290 - INFO - [116/2052] Biological assembly already cached: 1WO7-assembly1.cif
2026-05-04 06:27:21,491 - INFO - [117/2052] Asymmetric unit already cached: 1WY8.cif
2026-05-04 06:27:21,491 - INFO - [117/2052] Biological assembly already cached: 1WY8-assembly1.cif
2026-05-04 06:27:21,692 - INFO - [118/2052] Asymmetric unit already cached: 1WZV.cif
2026-05-04 06:27:21,692 - INFO - [118/2052] Biological assembly already cached: 1WZV-assembly1.cif
2026-05-04 06:27:21,892 - INFO - [119/2052] Asymmetric unit already cached: 1WZW.cif
2026-05-04 06:27:21,892 - INFO - [119/2052] Biological assembly already cached: 1WZW-assembly1.cif
2026-05-04 06:27:22,093 - INFO - [120/2052] Asymmetric unit already cached: 1X23.cif
2026-05-04 06:27:22,093 - INFO - [120/2052] Biological assembly already cached: 1X23-assembly1.cif
2026-05-04 06:27:22,293 - INFO - [121/2052] Asymmetric unit already cached: 1X4J.cif
2026-05-04 06:27:22,293 - INFO - [121/2052] Biological assembly already cached: 1X4J-assembly1.cif
2026-05-04 06:27:22,494 - INFO - [122/2052] Asymmetric unit already cached: 1XB0.cif
2026-05-04 06:27:22,494 - INFO - [122/2052] Biological assembly already cached: 1XB0-assembly1.cif
2026-05-04 06:27:22,695 - INFO - [123/2052] Asymmetric unit already cached: 1XB1.cif
2026-05-04 06:27:22,695 - INFO - [123/2052] Biological assembly already cached: 1XB1-assembly1.cif
2026-05-04 06:27:22,895 - INFO - [124/2052] Asymmetric unit already cached: 1XR9.cif
2026-05-04 06:27:22,895 - INFO - [124/2052] Biological assembly already cached: 1XR9-assembly1.cif
2026-05-04 06:27:23,096 - INFO - [125/2052] Asymmetric unit already cached: 1Y02.cif
2026-05-04 06:27:23,096 - INFO - [125/2052] Biological assembly already cached: 1Y02-assembly1.cif
2026-05-04 06:27:23,297 - INFO - [126/2052] Asymmetric unit already cached: 1Y6L.cif
2026-05-04 06:27:23,297 - INFO - [126/2052] Biological assembly already cached: 1Y6L-assembly1.cif
2026-05-04 06:27:23,497 - INFO - [127/2052] Asymmetric unit already cached: 1Y8X.cif
2026-05-04 06:27:23,497 - INFO - [127/2052] Biological assembly already cached: 1Y8X-assembly1.cif
2026-05-04 06:27:23,698 - INFO - [128/2052] Asymmetric unit already cached: 1Y98.cif
2026-05-04 06:27:23,698 - INFO - [128/2052] Biological assembly already cached: 1Y98-assembly1.cif
2026-05-04 06:27:23,898 - INFO - [129/2052] Asymmetric unit already cached: 1YCR.cif
2026-05-04 06:27:23,899 - INFO - [129/2052] Biological assembly already cached: 1YCR-assembly1.cif
2026-05-04 06:27:24,099 - INFO - [130/2052] Asymmetric unit already cached: 1YH2.cif
2026-05-04 06:27:24,099 - INFO - [130/2052] Biological assembly already cached: 1YH2-assembly1.cif
2026-05-04 06:27:24,300 - INFO - [131/2052] Asymmetric unit already cached: 1YLA.cif
2026-05-04 06:27:24,300 - INFO - [131/2052] Biological assembly already cached: 1YLA-assembly1.cif
2026-05-04 06:27:24,500 - INFO - [132/2052] Asymmetric unit already cached: 1YRV.cif
2026-05-04 06:27:24,500 - INFO - [132/2052] Biological assembly already cached: 1YRV-assembly1.cif
2026-05-04 06:27:24,701 - INFO - [133/2052] Asymmetric unit already cached: 1YVH.cif
2026-05-04 06:27:24,701 - INFO - [133/2052] Biological assembly already cached: 1YVH-assembly1.cif
2026-05-04 06:27:24,902 - INFO - [134/2052] Asymmetric unit already cached: 1Z1M.cif
2026-05-04 06:27:24,902 - INFO - [134/2052] Biological assembly already cached: 1Z1M-assembly1.cif
2026-05-04 06:27:25,102 - INFO - [135/2052] Asymmetric unit already cached: 1Z5S.cif
2026-05-04 06:27:25,102 - INFO - [135/2052] Biological assembly already cached: 1Z5S-assembly1.cif
2026-05-04 06:27:25,303 - INFO - [136/2052] Asymmetric unit already cached: 1Z6U.cif
2026-05-04 06:27:25,303 - INFO - [136/2052] Biological assembly already cached: 1Z6U-assembly1.cif
2026-05-04 06:27:25,503 - INFO - [137/2052] Asymmetric unit already cached: 1ZDN.cif
2026-05-04 06:27:25,504 - INFO - [137/2052] Biological assembly already cached: 1ZDN-assembly1.cif
2026-05-04 06:27:25,704 - INFO - [138/2052] Asymmetric unit already cached: 1ZGU.cif
2026-05-04 06:27:25,704 - INFO - [138/2052] Biological assembly already cached: 1ZGU-assembly1.cif
2026-05-04 06:27:25,905 - INFO - [139/2052] Asymmetric unit already cached: 1ZKC.cif
2026-05-04 06:27:25,905 - INFO - [139/2052] Biological assembly already cached: 1ZKC-assembly1.cif
2026-05-04 06:27:26,105 - INFO - [140/2052] Asymmetric unit already cached: 1ZMS.cif
2026-05-04 06:27:26,105 - INFO - [140/2052] Biological assembly already cached: 1ZMS-assembly1.cif
2026-05-04 06:27:26,306 - INFO - [141/2052] Asymmetric unit already cached: 1ZOQ.cif
2026-05-04 06:27:26,306 - INFO - [141/2052] Biological assembly already cached: 1ZOQ-assembly1.cif
2026-05-04 06:27:26,506 - INFO - [142/2052] Asymmetric unit already cached: 1ZUO.cif
2026-05-04 06:27:26,507 - INFO - [142/2052] Biological assembly already cached: 1ZUO-assembly1.cif
2026-05-04 06:27:26,707 - INFO - [143/2052] Asymmetric unit already cached: 1ZVD.cif
2026-05-04 06:27:26,707 - INFO - [143/2052] Biological assembly already cached: 1ZVD-assembly1.cif
2026-05-04 06:27:26,908 - INFO - [144/2052] Asymmetric unit already cached: 2A25.cif
2026-05-04 06:27:26,908 - INFO - [144/2052] Biological assembly already cached: 2A25-assembly1.cif
2026-05-04 06:27:27,108 - INFO - [145/2052] Asymmetric unit already cached: 2A4D.cif
2026-05-04 06:27:27,108 - INFO - [145/2052] Biological assembly already cached: 2A4D-assembly1.cif
2026-05-04 06:27:27,309 - INFO - [146/2052] Asymmetric unit already cached: 2A7L.cif
2026-05-04 06:27:27,309 - INFO - [146/2052] Biological assembly already cached: 2A7L-assembly1.cif
2026-05-04 06:27:27,509 - INFO - [147/2052] Asymmetric unit already cached: 2AK5.cif
2026-05-04 06:27:27,510 - INFO - [147/2052] Biological assembly already cached: 2AK5-assembly1.cif
2026-05-04 06:27:27,710 - INFO - [148/2052] Asymmetric unit already cached: 2ASQ.cif
2026-05-04 06:27:27,710 - INFO - [148/2052] Biological assembly already cached: 2ASQ-assembly1.cif
2026-05-04 06:27:27,911 - INFO - [149/2052] Asymmetric unit already cached: 2AWF.cif
2026-05-04 06:27:27,911 - INFO - [149/2052] Biological assembly already cached: 2AWF-assembly1.cif
2026-05-04 06:27:28,111 - INFO - [150/2052] Asymmetric unit already cached: 2AXI.cif
2026-05-04 06:27:28,111 - INFO - [150/2052] Biological assembly already cached: 2AXI-assembly1.cif
2026-05-04 06:27:28,312 - INFO - [151/2052] Asymmetric unit already cached: 2BZ8.cif
2026-05-04 06:27:28,312 - INFO - [151/2052] Biological assembly already cached: 2BZ8-assembly1.cif
2026-05-04 06:27:28,512 - INFO - [152/2052] Asymmetric unit already cached: 2C2V.cif
2026-05-04 06:27:28,513 - INFO - [152/2052] Biological assembly already cached: 2C2V-assembly1.cif
2026-05-04 06:27:28,713 - INFO - [153/2052] Asymmetric unit already cached: 2C4P.cif
2026-05-04 06:27:28,713 - INFO - [153/2052] Biological assembly already cached: 2C4P-assembly1.cif
2026-05-04 06:27:28,913 - INFO - [154/2052] Asymmetric unit already cached: 2C6A.cif
2026-05-04 06:27:28,914 - INFO - [154/2052] Biological assembly already cached: 2C6A-assembly1.cif
2026-05-04 06:27:29,114 - INFO - [155/2052] Asymmetric unit already cached: 2C6B.cif
2026-05-04 06:27:29,114 - INFO - [155/2052] Biological assembly already cached: 2C6B-assembly1.cif
2026-05-04 06:27:29,315 - INFO - [156/2052] Asymmetric unit already cached: 2C7H.cif
2026-05-04 06:27:29,315 - INFO - [156/2052] Biological assembly already cached: 2C7H-assembly1.cif
2026-05-04 06:27:29,515 - INFO - [157/2052] Asymmetric unit already cached: 2CBL.cif
2026-05-04 06:27:29,515 - INFO - [157/2052] Biological assembly already cached: 2CBL-assembly1.cif
2026-05-04 06:27:29,716 - INFO - [158/2052] Asymmetric unit already cached: 2CLW.cif
2026-05-04 06:27:29,716 - INFO - [158/2052] Biological assembly already cached: 2CLW-assembly1.cif
2026-05-04 06:27:29,916 - INFO - [159/2052] Asymmetric unit already cached: 2CR8.cif
2026-05-04 06:27:29,917 - INFO - [159/2052] Biological assembly already cached: 2CR8-assembly1.cif
2026-05-04 06:27:30,117 - INFO - [160/2052] Asymmetric unit already cached: 2CRC.cif
2026-05-04 06:27:30,117 - INFO - [160/2052] Biological assembly already cached: 2CRC-assembly1.cif
2026-05-04 06:27:30,317 - INFO - [161/2052] Asymmetric unit already cached: 2CS3.cif
2026-05-04 06:27:30,318 - INFO - [161/2052] Biological assembly already cached: 2CS3-assembly1.cif
2026-05-04 06:27:30,518 - INFO - [162/2052] Asymmetric unit already cached: 2CSW.cif
2026-05-04 06:27:30,518 - INFO - [162/2052] Biological assembly already cached: 2CSW-assembly1.cif
2026-05-04 06:27:30,719 - INFO - [163/2052] Asymmetric unit already cached: 2CSY.cif
2026-05-04 06:27:30,719 - INFO - [163/2052] Biological assembly already cached: 2CSY-assembly1.cif
2026-05-04 06:27:30,919 - INFO - [164/2052] Asymmetric unit already cached: 2CT0.cif
2026-05-04 06:27:30,919 - INFO - [164/2052] Biological assembly already cached: 2CT0-assembly1.cif
2026-05-04 06:27:31,120 - INFO - [165/2052] Asymmetric unit already cached: 2CT2.cif
2026-05-04 06:27:31,120 - INFO - [165/2052] Biological assembly already cached: 2CT2-assembly1.cif
2026-05-04 06:27:31,320 - INFO - [166/2052] Asymmetric unit already cached: 2CT7.cif
2026-05-04 06:27:31,321 - INFO - [166/2052] Biological assembly already cached: 2CT7-assembly1.cif
2026-05-04 06:27:31,521 - INFO - [167/2052] Asymmetric unit already cached: 2CYX.cif
2026-05-04 06:27:31,521 - INFO - [167/2052] Biological assembly already cached: 2CYX-assembly1.cif
2026-05-04 06:27:31,722 - INFO - [168/2052] Asymmetric unit already cached: 2D82.cif
2026-05-04 06:27:31,722 - INFO - [168/2052] Biological assembly already cached: 2D82-assembly1.cif
2026-05-04 06:27:31,922 - INFO - [169/2052] Asymmetric unit already cached: 2D8S.cif
2026-05-04 06:27:31,922 - INFO - [169/2052] Biological assembly already cached: 2D8S-assembly1.cif
2026-05-04 06:27:32,123 - INFO - [170/2052] Asymmetric unit already cached: 2D8T.cif
2026-05-04 06:27:32,123 - INFO - [170/2052] Biological assembly already cached: 2D8T-assembly1.cif
2026-05-04 06:27:32,323 - INFO - [171/2052] Asymmetric unit already cached: 2D8U.cif
2026-05-04 06:27:32,323 - INFO - [171/2052] Biological assembly already cached: 2D8U-assembly1.cif
2026-05-04 06:27:32,524 - INFO - [172/2052] Asymmetric unit already cached: 2DAY.cif
2026-05-04 06:27:32,524 - INFO - [172/2052] Biological assembly already cached: 2DAY-assembly1.cif
2026-05-04 06:27:32,724 - INFO - [173/2052] Asymmetric unit already cached: 2DB8.cif
2026-05-04 06:27:32,725 - INFO - [173/2052] Biological assembly already cached: 2DB8-assembly1.cif
2026-05-04 06:27:32,925 - INFO - [174/2052] Asymmetric unit already cached: 2DGR.cif
2026-05-04 06:27:32,925 - INFO - [174/2052] Biological assembly already cached: 2DGR-assembly1.cif
2026-05-04 06:27:33,126 - INFO - [175/2052] Asymmetric unit already cached: 2DID.cif
2026-05-04 06:27:33,126 - INFO - [175/2052] Biological assembly already cached: 2DID-assembly1.cif
2026-05-04 06:27:33,326 - INFO - [176/2052] Asymmetric unit already cached: 2DIF.cif
2026-05-04 06:27:33,326 - INFO - [176/2052] Biological assembly already cached: 2DIF-assembly1.cif
2026-05-04 06:27:33,527 - INFO - [177/2052] Asymmetric unit already cached: 2DIP.cif
2026-05-04 06:27:33,527 - INFO - [177/2052] Biological assembly already cached: 2DIP-assembly1.cif
2026-05-04 06:27:33,727 - INFO - [178/2052] Asymmetric unit already cached: 2DJA.cif
2026-05-04 06:27:33,727 - INFO - [178/2052] Biological assembly already cached: 2DJA-assembly1.cif
2026-05-04 06:27:33,928 - INFO - [179/2052] Asymmetric unit already cached: 2DJB.cif
2026-05-04 06:27:33,928 - INFO - [179/2052] Biological assembly already cached: 2DJB-assembly1.cif
2026-05-04 06:27:34,128 - INFO - [180/2052] Asymmetric unit already cached: 2DJY.cif
2026-05-04 06:27:34,129 - INFO - [180/2052] Biological assembly already cached: 2DJY-assembly1.cif
2026-05-04 06:27:34,329 - INFO - [181/2052] Asymmetric unit already cached: 2DK3.cif
2026-05-04 06:27:34,329 - INFO - [181/2052] Biological assembly already cached: 2DK3-assembly1.cif
2026-05-04 06:27:34,530 - INFO - [182/2052] Asymmetric unit already cached: 2DMF.cif
2026-05-04 06:27:34,530 - INFO - [182/2052] Biological assembly already cached: 2DMF-assembly1.cif
2026-05-04 06:27:34,730 - INFO - [183/2052] Asymmetric unit already cached: 2DMK.cif
2026-05-04 06:27:34,730 - INFO - [183/2052] Biological assembly already cached: 2DMK-assembly1.cif
2026-05-04 06:27:34,931 - INFO - [184/2052] Asymmetric unit already cached: 2DMV.cif
2026-05-04 06:27:34,931 - INFO - [184/2052] Biological assembly already cached: 2DMV-assembly1.cif
2026-05-04 06:27:35,131 - INFO - [185/2052] Asymmetric unit already cached: 2DO6.cif
2026-05-04 06:27:35,132 - INFO - [185/2052] Biological assembly already cached: 2DO6-assembly1.cif
2026-05-04 06:27:35,332 - INFO - [186/2052] Asymmetric unit already cached: 2DQ5.cif
2026-05-04 06:27:35,332 - INFO - [186/2052] Biological assembly already cached: 2DQ5-assembly1.cif
2026-05-04 06:27:35,533 - INFO - [187/2052] Asymmetric unit already cached: 2DS4.cif
2026-05-04 06:27:35,533 - INFO - [187/2052] Biological assembly already cached: 2DS4-assembly1.cif
2026-05-04 06:27:35,733 - INFO - [188/2052] Asymmetric unit already cached: 2E6S.cif
2026-05-04 06:27:35,733 - INFO - [188/2052] Biological assembly already cached: 2E6S-assembly1.cif
2026-05-04 06:27:35,934 - INFO - [189/2052] Asymmetric unit already cached: 2EA5.cif
2026-05-04 06:27:35,934 - INFO - [189/2052] Biological assembly already cached: 2EA5-assembly1.cif
2026-05-04 06:27:36,134 - INFO - [190/2052] Asymmetric unit already cached: 2EA6.cif
2026-05-04 06:27:36,134 - INFO - [190/2052] Biological assembly already cached: 2EA6-assembly1.cif
2026-05-04 06:27:36,335 - INFO - [191/2052] Asymmetric unit already cached: 2ECG.cif
2026-05-04 06:27:36,335 - INFO - [191/2052] Biological assembly already cached: 2ECG-assembly1.cif
2026-05-04 06:27:36,535 - INFO - [192/2052] Asymmetric unit already cached: 2ECI.cif
2026-05-04 06:27:36,535 - INFO - [192/2052] Biological assembly already cached: 2ECI-assembly1.cif
2026-05-04 06:27:36,736 - INFO - [193/2052] Asymmetric unit already cached: 2ECJ.cif
2026-05-04 06:27:36,736 - INFO - [193/2052] Biological assembly already cached: 2ECJ-assembly1.cif
2026-05-04 06:27:36,936 - INFO - [194/2052] Asymmetric unit already cached: 2ECL.cif
2026-05-04 06:27:36,937 - INFO - [194/2052] Biological assembly already cached: 2ECL-assembly1.cif
2026-05-04 06:27:37,137 - INFO - [195/2052] Asymmetric unit already cached: 2ECN.cif
2026-05-04 06:27:37,137 - INFO - [195/2052] Biological assembly already cached: 2ECN-assembly1.cif
2026-05-04 06:27:37,338 - INFO - [196/2052] Asymmetric unit already cached: 2ECV.cif
2026-05-04 06:27:37,338 - INFO - [196/2052] Biological assembly already cached: 2ECV-assembly1.cif
2026-05-04 06:27:37,538 - INFO - [197/2052] Asymmetric unit already cached: 2ECY.cif
2026-05-04 06:27:37,538 - INFO - [197/2052] Biological assembly already cached: 2ECY-assembly1.cif
2026-05-04 06:27:37,739 - INFO - [198/2052] Asymmetric unit already cached: 2EDI.cif
2026-05-04 06:27:37,739 - INFO - [198/2052] Biological assembly already cached: 2EDI-assembly1.cif
2026-05-04 06:27:37,939 - INFO - [199/2052] Asymmetric unit already cached: 2EGM.cif
2026-05-04 06:27:37,939 - INFO - [199/2052] Biological assembly already cached: 2EGM-assembly1.cif
2026-05-04 06:27:38,140 - INFO - [200/2052] Asymmetric unit already cached: 2EGP.cif
2026-05-04 06:27:38,140 - INFO - [200/2052] Biological assembly already cached: 2EGP-assembly1.cif
2026-05-04 06:27:38,340 - INFO - [201/2052] Asymmetric unit already cached: 2EJS.cif
2026-05-04 06:27:38,341 - INFO - [201/2052] Biological assembly already cached: 2EJS-assembly1.cif
2026-05-04 06:27:38,541 - INFO - [202/2052] Asymmetric unit already cached: 2EKK.cif
2026-05-04 06:27:38,541 - INFO - [202/2052] Biological assembly already cached: 2EKK-assembly1.cif
2026-05-04 06:27:38,742 - INFO - [203/2052] Asymmetric unit already cached: 2EOD.cif
2026-05-04 06:27:38,742 - INFO - [203/2052] Biological assembly already cached: 2EOD-assembly1.cif
2026-05-04 06:27:38,942 - INFO - [204/2052] Asymmetric unit already cached: 2EP4.cif
2026-05-04 06:27:38,943 - INFO - [204/2052] Biological assembly already cached: 2EP4-assembly1.cif
2026-05-04 06:27:39,143 - INFO - [205/2052] Asymmetric unit already cached: 2EQK.cif
2026-05-04 06:27:39,143 - INFO - [205/2052] Biological assembly already cached: 2EQK-assembly1.cif
2026-05-04 06:27:39,344 - INFO - [206/2052] Asymmetric unit already cached: 2ESK.cif
2026-05-04 06:27:39,344 - INFO - [206/2052] Biological assembly already cached: 2ESK-assembly1.cif
2026-05-04 06:27:39,544 - INFO - [207/2052] Asymmetric unit already cached: 2ESO.cif
2026-05-04 06:27:39,545 - INFO - [207/2052] Biological assembly already cached: 2ESO-assembly1.cif
2026-05-04 06:27:39,745 - INFO - [208/2052] Asymmetric unit already cached: 2ESP.cif
2026-05-04 06:27:39,745 - INFO - [208/2052] Biological assembly already cached: 2ESP-assembly1.cif
2026-05-04 06:27:39,946 - INFO - [209/2052] Asymmetric unit already cached: 2ESQ.cif
2026-05-04 06:27:39,946 - INFO - [209/2052] Biological assembly already cached: 2ESQ-assembly1.cif
2026-05-04 06:27:40,146 - INFO - [210/2052] Asymmetric unit already cached: 2F1Y.cif
2026-05-04 06:27:40,147 - INFO - [210/2052] Biological assembly already cached: 2F1Y-assembly1.cif
2026-05-04 06:27:40,347 - INFO - [211/2052] Asymmetric unit already cached: 2F4W.cif
2026-05-04 06:27:40,347 - INFO - [211/2052] Biological assembly already cached: 2F4W-assembly1.cif
2026-05-04 06:27:40,548 - INFO - [212/2052] Asymmetric unit already cached: 2FAZ.cif
2026-05-04 06:27:40,548 - INFO - [212/2052] Biological assembly already cached: 2FAZ-assembly1.cif
2026-05-04 06:27:40,748 - INFO - [213/2052] Asymmetric unit already cached: 2FBE.cif
2026-05-04 06:27:40,748 - INFO - [213/2052] Biological assembly already cached: 2FBE-assembly1.cif
2026-05-04 06:27:40,949 - INFO - [214/2052] Asymmetric unit already cached: 2FFW.cif
2026-05-04 06:27:40,949 - INFO - [214/2052] Biological assembly already cached: 2FFW-assembly1.cif
2026-05-04 06:27:41,149 - INFO - [215/2052] Asymmetric unit already cached: 2FOP.cif
2026-05-04 06:27:41,150 - INFO - [215/2052] Biological assembly already cached: 2FOP-assembly1.cif
2026-05-04 06:27:41,350 - INFO - [216/2052] Asymmetric unit already cached: 2FUH.cif
2026-05-04 06:27:41,350 - INFO - [216/2052] Biological assembly already cached: 2FUH-assembly1.cif
2026-05-04 06:27:41,551 - INFO - [217/2052] Asymmetric unit already cached: 2FZP.cif
2026-05-04 06:27:41,551 - INFO - [217/2052] Biological assembly already cached: 2FZP-assembly1.cif
2026-05-04 06:27:41,751 - INFO - [218/2052] Asymmetric unit already cached: 2GKW.cif
2026-05-04 06:27:41,751 - INFO - [218/2052] Biological assembly already cached: 2GKW-assembly1.cif
2026-05-04 06:27:41,952 - INFO - [219/2052] Asymmetric unit already cached: 2GRN.cif
2026-05-04 06:27:41,952 - INFO - [219/2052] Biological assembly already cached: 2GRN-assembly1.cif
2026-05-04 06:27:42,152 - INFO - [220/2052] Asymmetric unit already cached: 2GRO.cif
2026-05-04 06:27:42,152 - INFO - [220/2052] Biological assembly already cached: 2GRO-assembly1.cif
2026-05-04 06:27:42,353 - INFO - [221/2052] Asymmetric unit already cached: 2GRP.cif
2026-05-04 06:27:42,353 - INFO - [221/2052] Biological assembly already cached: 2GRP-assembly1.cif
2026-05-04 06:27:42,553 - INFO - [222/2052] Asymmetric unit already cached: 2GRQ.cif
2026-05-04 06:27:42,554 - INFO - [222/2052] Biological assembly already cached: 2GRQ-assembly1.cif
2026-05-04 06:27:42,754 - INFO - [223/2052] Asymmetric unit already cached: 2GRR.cif
2026-05-04 06:27:42,754 - INFO - [223/2052] Biological assembly already cached: 2GRR-assembly1.cif
2026-05-04 06:27:42,954 - INFO - [224/2052] Asymmetric unit already cached: 2GV2.cif
2026-05-04 06:27:42,955 - INFO - [224/2052] Biological assembly already cached: 2GV2-assembly1.cif
2026-05-04 06:27:43,155 - INFO - [225/2052] Asymmetric unit already cached: 2GWF.cif
2026-05-04 06:27:43,155 - INFO - [225/2052] Biological assembly already cached: 2GWF-assembly1.cif
2026-05-04 06:27:43,355 - INFO - [226/2052] Asymmetric unit already cached: 2H0D.cif
2026-05-04 06:27:43,356 - INFO - [226/2052] Biological assembly already cached: 2H0D-assembly1.cif
2026-05-04 06:27:43,556 - INFO - [227/2052] Asymmetric unit already cached: 2HDP.cif
2026-05-04 06:27:43,556 - INFO - [227/2052] Biological assembly already cached: 2HDP-assembly1.cif
2026-05-04 06:27:43,757 - INFO - [228/2052] Asymmetric unit already cached: 2HLW.cif
2026-05-04 06:27:43,757 - INFO - [228/2052] Biological assembly already cached: 2HLW-assembly1.cif
2026-05-04 06:27:43,957 - INFO - [229/2052] Asymmetric unit already cached: 2HYE.cif
2026-05-04 06:27:43,957 - INFO - [229/2052] Biological assembly already cached: 2HYE-assembly1.cif
2026-05-04 06:27:44,158 - INFO - [230/2052] Asymmetric unit already cached: 2I3H.cif
2026-05-04 06:27:44,158 - INFO - [230/2052] Biological assembly already cached: 2I3H-assembly1.cif
2026-05-04 06:27:44,358 - INFO - [231/2052] Asymmetric unit already cached: 2I3I.cif
2026-05-04 06:27:44,359 - INFO - [231/2052] Biological assembly already cached: 2I3I-assembly1.cif
2026-05-04 06:27:44,559 - INFO - [232/2052] Asymmetric unit already cached: 2ING.cif
2026-05-04 06:27:44,559 - INFO - [232/2052] Biological assembly already cached: 2ING-assembly1.cif
2026-05-04 06:27:44,760 - INFO - [233/2052] Asymmetric unit already cached: 2IWG.cif
2026-05-04 06:27:44,760 - INFO - [233/2052] Biological assembly already cached: 2IWG-assembly1.cif
2026-05-04 06:27:44,960 - INFO - [234/2052] Asymmetric unit already cached: 2J6F.cif
2026-05-04 06:27:44,960 - INFO - [234/2052] Biological assembly already cached: 2J6F-assembly1.cif
2026-05-04 06:27:45,161 - INFO - [235/2052] Asymmetric unit already cached: 2JK7.cif
2026-05-04 06:27:45,161 - INFO - [235/2052] Biological assembly already cached: 2JK7-assembly1.cif
2026-05-04 06:27:45,362 - INFO - [236/2052] Asymmetric unit already cached: 2JMD.cif
2026-05-04 06:27:45,362 - INFO - [236/2052] Biological assembly already cached: 2JMD-assembly1.cif
2026-05-04 06:27:45,562 - INFO - [237/2052] Asymmetric unit already cached: 2JMO.cif
2026-05-04 06:27:45,562 - INFO - [237/2052] Biological assembly already cached: 2JMO-assembly1.cif
2026-05-04 06:27:45,763 - INFO - [238/2052] Asymmetric unit already cached: 2JNH.cif
2026-05-04 06:27:45,763 - INFO - [238/2052] Biological assembly already cached: 2JNH-assembly1.cif
2026-05-04 06:27:45,963 - INFO - [239/2052] Asymmetric unit already cached: 2JQZ.cif
2026-05-04 06:27:45,963 - INFO - [239/2052] Biological assembly already cached: 2JQZ-assembly1.cif
2026-05-04 06:27:46,164 - INFO - [240/2052] Asymmetric unit already cached: 2JRJ.cif
2026-05-04 06:27:46,164 - INFO - [240/2052] Biological assembly already cached: 2JRJ-assembly1.cif
2026-05-04 06:27:46,364 - INFO - [241/2052] Asymmetric unit already cached: 2JUF.cif
2026-05-04 06:27:46,365 - INFO - [241/2052] Biological assembly already cached: 2JUF-assembly1.cif
2026-05-04 06:27:46,565 - INFO - [242/2052] Asymmetric unit already cached: 2JUJ.cif
2026-05-04 06:27:46,565 - INFO - [242/2052] Biological assembly already cached: 2JUJ-assembly1.cif
2026-05-04 06:27:46,766 - INFO - [243/2052] Asymmetric unit already cached: 2JUN.cif
2026-05-04 06:27:46,766 - INFO - [243/2052] Biological assembly already cached: 2JUN-assembly1.cif
2026-05-04 06:27:46,966 - INFO - [244/2052] Asymmetric unit already cached: 2JY7.cif
2026-05-04 06:27:46,966 - INFO - [244/2052] Biological assembly already cached: 2JY7-assembly1.cif
2026-05-04 06:27:47,167 - INFO - [245/2052] Asymmetric unit already cached: 2JY8.cif
2026-05-04 06:27:47,167 - INFO - [245/2052] Biological assembly already cached: 2JY8-assembly1.cif
2026-05-04 06:27:47,367 - INFO - [246/2052] Asymmetric unit already cached: 2K0B.cif
2026-05-04 06:27:47,368 - INFO - [246/2052] Biological assembly already cached: 2K0B-assembly1.cif
2026-05-04 06:27:47,568 - INFO - [247/2052] Asymmetric unit already cached: 2K2C.cif
2026-05-04 06:27:47,568 - INFO - [247/2052] Biological assembly already cached: 2K2C-assembly1.cif
2026-05-04 06:27:47,769 - INFO - [248/2052] Asymmetric unit already cached: 2K2D.cif
2026-05-04 06:27:47,769 - INFO - [248/2052] Biological assembly already cached: 2K2D-assembly1.cif
2026-05-04 06:27:47,969 - INFO - [249/2052] Asymmetric unit already cached: 2K4D.cif
2026-05-04 06:27:47,969 - INFO - [249/2052] Biological assembly already cached: 2K4D-assembly1.cif
2026-05-04 06:27:48,170 - INFO - [250/2052] Asymmetric unit already cached: 2K8F.cif
2026-05-04 06:27:48,170 - INFO - [250/2052] Biological assembly already cached: 2K8F-assembly1.cif
2026-05-04 06:27:48,371 - INFO - [251/2052] Asymmetric unit already cached: 2KEO.cif
2026-05-04 06:27:48,371 - INFO - [251/2052] Biological assembly already cached: 2KEO-assembly1.cif
2026-05-04 06:27:48,571 - INFO - [252/2052] Asymmetric unit already cached: 2KIZ.cif
2026-05-04 06:27:48,571 - INFO - [252/2052] Biological assembly already cached: 2KIZ-assembly1.cif
2026-05-04 06:27:48,772 - INFO - [253/2052] Asymmetric unit already cached: 2KJE.cif
2026-05-04 06:27:48,772 - INFO - [253/2052] Biological assembly already cached: 2KJE-assembly1.cif
2026-05-04 06:27:48,972 - INFO - [254/2052] Asymmetric unit already cached: 2KJH.cif
2026-05-04 06:27:48,973 - INFO - [254/2052] Biological assembly already cached: 2KJH-assembly1.cif
2026-05-04 06:27:49,173 - INFO - [255/2052] Asymmetric unit already cached: 2KLY.cif
2026-05-04 06:27:49,173 - INFO - [255/2052] Biological assembly already cached: 2KLY-assembly1.cif
2026-05-04 06:27:49,374 - INFO - [256/2052] Asymmetric unit already cached: 2KNA.cif
2026-05-04 06:27:49,374 - INFO - [256/2052] Biological assembly already cached: 2KNA-assembly1.cif
2026-05-04 06:27:49,574 - INFO - [257/2052] Asymmetric unit already cached: 2KNV.cif
2026-05-04 06:27:49,575 - INFO - [257/2052] Biological assembly already cached: 2KNV-assembly1.cif
2026-05-04 06:27:49,775 - INFO - [258/2052] Asymmetric unit already cached: 2KPZ.cif
2026-05-04 06:27:49,775 - INFO - [258/2052] Biological assembly already cached: 2KPZ-assembly1.cif
2026-05-04 06:27:49,976 - INFO - [259/2052] Asymmetric unit already cached: 2KQ0.cif
2026-05-04 06:27:49,976 - INFO - [259/2052] Biological assembly already cached: 2KQ0-assembly1.cif
2026-05-04 06:27:50,176 - INFO - [260/2052] Asymmetric unit already cached: 2KR1.cif
2026-05-04 06:27:50,176 - INFO - [260/2052] Biological assembly already cached: 2KR1-assembly1.cif
2026-05-04 06:27:50,377 - INFO - [261/2052] Asymmetric unit already cached: 2KRE.cif
2026-05-04 06:27:50,377 - INFO - [261/2052] Biological assembly already cached: 2KRE-assembly1.cif
2026-05-04 06:27:50,577 - INFO - [262/2052] Asymmetric unit already cached: 2KWF.cif
2026-05-04 06:27:50,578 - INFO - [262/2052] Biological assembly already cached: 2KWF-assembly1.cif
2026-05-04 06:27:50,778 - INFO - [263/2052] Asymmetric unit already cached: 2KXQ.cif
2026-05-04 06:27:50,778 - INFO - [263/2052] Biological assembly already cached: 2KXQ-assembly1.cif
2026-05-04 06:27:50,979 - INFO - [264/2052] Asymmetric unit already cached: 2KYK.cif
2026-05-04 06:27:50,979 - INFO - [264/2052] Biological assembly already cached: 2KYK-assembly1.cif
2026-05-04 06:27:51,179 - INFO - [265/2052] Asymmetric unit already cached: 2L0B.cif
2026-05-04 06:27:51,179 - INFO - [265/2052] Biological assembly already cached: 2L0B-assembly1.cif
2026-05-04 06:27:51,380 - INFO - [266/2052] Asymmetric unit already cached: 2L3R.cif
2026-05-04 06:27:51,380 - INFO - [266/2052] Biological assembly already cached: 2L3R-assembly1.cif
2026-05-04 06:27:51,581 - INFO - [267/2052] Asymmetric unit already cached: 2L84.cif
2026-05-04 06:27:51,581 - INFO - [267/2052] Biological assembly already cached: 2L84-assembly1.cif
2026-05-04 06:27:51,781 - INFO - [268/2052] Asymmetric unit already cached: 2L85.cif
2026-05-04 06:27:51,781 - INFO - [268/2052] Biological assembly already cached: 2L85-assembly1.cif
2026-05-04 06:27:51,982 - INFO - [269/2052] Asymmetric unit already cached: 2L9M.cif
2026-05-04 06:27:51,982 - INFO - [269/2052] Biological assembly already cached: 2L9M-assembly1.cif
2026-05-04 06:27:52,182 - INFO - [270/2052] Asymmetric unit already cached: 2LAJ.cif
2026-05-04 06:27:52,182 - INFO - [270/2052] Biological assembly already cached: 2LAJ-assembly1.cif
2026-05-04 06:27:52,383 - INFO - [271/2052] Asymmetric unit already cached: 2LAZ.cif
2026-05-04 06:27:52,383 - INFO - [271/2052] Biological assembly already cached: 2LAZ-assembly1.cif
2026-05-04 06:27:52,584 - INFO - [272/2052] Asymmetric unit already cached: 2LB0.cif
2026-05-04 06:27:52,584 - INFO - [272/2052] Biological assembly already cached: 2LB0-assembly1.cif
2026-05-04 06:27:52,784 - INFO - [273/2052] Asymmetric unit already cached: 2LB1.cif
2026-05-04 06:27:52,784 - INFO - [273/2052] Biological assembly already cached: 2LB1-assembly1.cif
2026-05-04 06:27:52,985 - INFO - [274/2052] Asymmetric unit already cached: 2LB2.cif
2026-05-04 06:27:52,985 - INFO - [274/2052] Biological assembly already cached: 2LB2-assembly1.cif
2026-05-04 06:27:53,185 - INFO - [275/2052] Asymmetric unit already cached: 2LC3.cif
2026-05-04 06:27:53,185 - INFO - [275/2052] Biological assembly already cached: 2LC3-assembly1.cif
2026-05-04 06:27:53,386 - INFO - [276/2052] Asymmetric unit already cached: 2LDR.cif
2026-05-04 06:27:53,386 - INFO - [276/2052] Biological assembly already cached: 2LDR-assembly1.cif
2026-05-04 06:27:53,587 - INFO - [277/2052] Asymmetric unit already cached: 2LFE.cif
2026-05-04 06:27:53,587 - INFO - [277/2052] Biological assembly already cached: 2LFE-assembly1.cif
2026-05-04 06:27:53,787 - INFO - [278/2052] Asymmetric unit already cached: 2LGG.cif
2026-05-04 06:27:53,787 - INFO - [278/2052] Biological assembly already cached: 2LGG-assembly1.cif
2026-05-04 06:27:53,988 - INFO - [279/2052] Asymmetric unit already cached: 2LGK.cif
2026-05-04 06:27:53,988 - INFO - [279/2052] Biological assembly already cached: 2LGK-assembly1.cif
2026-05-04 06:27:54,189 - INFO - [280/2052] Asymmetric unit already cached: 2LGL.cif
2026-05-04 06:27:54,189 - INFO - [280/2052] Biological assembly already cached: 2LGL-assembly1.cif
2026-05-04 06:27:54,389 - INFO - [281/2052] Asymmetric unit already cached: 2LGV.cif
2026-05-04 06:27:54,389 - INFO - [281/2052] Biological assembly already cached: 2LGV-assembly1.cif
2026-05-04 06:27:54,590 - INFO - [282/2052] Asymmetric unit already cached: 2LGY.cif
2026-05-04 06:27:54,590 - INFO - [282/2052] Biological assembly already cached: 2LGY-assembly1.cif
2026-05-04 06:27:54,790 - INFO - [283/2052] Asymmetric unit already cached: 2LTX.cif
2026-05-04 06:27:54,791 - INFO - [283/2052] Biological assembly already cached: 2LTX-assembly1.cif
2026-05-04 06:27:54,991 - INFO - [284/2052] Asymmetric unit already cached: 2LTY.cif
2026-05-04 06:27:54,991 - INFO - [284/2052] Biological assembly already cached: 2LTY-assembly1.cif
2026-05-04 06:27:55,192 - INFO - [285/2052] Asymmetric unit already cached: 2LTZ.cif
2026-05-04 06:27:55,192 - INFO - [285/2052] Biological assembly already cached: 2LTZ-assembly1.cif
2026-05-04 06:27:55,392 - INFO - [286/2052] Asymmetric unit already cached: 2LVN.cif
2026-05-04 06:27:55,393 - INFO - [286/2052] Biological assembly already cached: 2LVN-assembly1.cif
2026-05-04 06:27:55,593 - INFO - [287/2052] Asymmetric unit already cached: 2LVO.cif
2026-05-04 06:27:55,593 - INFO - [287/2052] Biological assembly already cached: 2LVO-assembly1.cif
2026-05-04 06:27:55,794 - INFO - [288/2052] Asymmetric unit already cached: 2LVP.cif
2026-05-04 06:27:55,794 - INFO - [288/2052] Biological assembly already cached: 2LVP-assembly1.cif
2026-05-04 06:27:55,994 - INFO - [289/2052] Asymmetric unit already cached: 2LVQ.cif
2026-05-04 06:27:55,994 - INFO - [289/2052] Biological assembly already cached: 2LVQ-assembly1.cif
2026-05-04 06:27:56,195 - INFO - [290/2052] Asymmetric unit already cached: 2LXH.cif
2026-05-04 06:27:56,195 - INFO - [290/2052] Biological assembly already cached: 2LXH-assembly1.cif
2026-05-04 06:27:56,396 - INFO - [291/2052] Asymmetric unit already cached: 2LXP.cif
2026-05-04 06:27:56,396 - INFO - [291/2052] Biological assembly already cached: 2LXP-assembly1.cif
2026-05-04 06:27:56,596 - INFO - [292/2052] Asymmetric unit already cached: 2LXS.cif
2026-05-04 06:27:56,596 - INFO - [292/2052] Biological assembly already cached: 2LXS-assembly1.cif
2026-05-04 06:27:56,797 - INFO - [293/2052] Asymmetric unit already cached: 2LXT.cif
2026-05-04 06:27:56,797 - INFO - [293/2052] Biological assembly already cached: 2LXT-assembly1.cif
2026-05-04 06:27:56,997 - INFO - [294/2052] Asymmetric unit already cached: 2LZG.cif
2026-05-04 06:27:56,998 - INFO - [294/2052] Biological assembly already cached: 2LZG-assembly1.cif
2026-05-04 06:27:57,198 - INFO - [295/2052] Asymmetric unit already cached: 2M3O.cif
2026-05-04 06:27:57,198 - INFO - [295/2052] Biological assembly already cached: 2M3O-assembly1.cif
2026-05-04 06:27:57,399 - INFO - [296/2052] Asymmetric unit already cached: 2M85.cif
2026-05-04 06:27:57,399 - INFO - [296/2052] Biological assembly already cached: 2M85-assembly1.cif
2026-05-04 06:27:57,599 - INFO - [297/2052] Asymmetric unit already cached: 2M86.cif
2026-05-04 06:27:57,599 - INFO - [297/2052] Biological assembly already cached: 2M86-assembly1.cif
2026-05-04 06:27:57,800 - INFO - [298/2052] Asymmetric unit already cached: 2M9Y.cif
2026-05-04 06:27:57,800 - INFO - [298/2052] Biological assembly already cached: 2M9Y-assembly1.cif
2026-05-04 06:27:58,001 - INFO - [299/2052] Asymmetric unit already cached: 2MA6.cif
2026-05-04 06:27:58,001 - INFO - [299/2052] Biological assembly already cached: 2MA6-assembly1.cif
2026-05-04 06:27:58,201 - INFO - [300/2052] Asymmetric unit already cached: 2MH0.cif
2026-05-04 06:27:58,201 - INFO - [300/2052] Biological assembly already cached: 2MH0-assembly1.cif
2026-05-04 06:27:58,402 - INFO - [301/2052] Asymmetric unit already cached: 2MPS.cif
2026-05-04 06:27:58,402 - INFO - [301/2052] Biological assembly already cached: 2MPS-assembly1.cif
2026-05-04 06:27:58,602 - INFO - [302/2052] Asymmetric unit already cached: 2MPT.cif
2026-05-04 06:27:58,602 - INFO - [302/2052] Biological assembly already cached: 2MPT-assembly1.cif
2026-05-04 06:27:58,803 - INFO - [303/2052] Asymmetric unit already cached: 2MRE.cif
2026-05-04 06:27:58,803 - INFO - [303/2052] Biological assembly already cached: 2MRE-assembly1.cif
2026-05-04 06:27:59,003 - INFO - [304/2052] Asymmetric unit already cached: 2MRF.cif
2026-05-04 06:27:59,004 - INFO - [304/2052] Biological assembly already cached: 2MRF-assembly1.cif
2026-05-04 06:27:59,204 - INFO - [305/2052] Asymmetric unit already cached: 2MT5.cif
2026-05-04 06:27:59,204 - INFO - [305/2052] Biological assembly already cached: 2MT5-assembly1.cif
2026-05-04 06:27:59,405 - INFO - [306/2052] Asymmetric unit already cached: 2MT6.cif
2026-05-04 06:27:59,405 - INFO - [306/2052] Biological assembly already cached: 2MT6-assembly1.cif
2026-05-04 06:27:59,605 - INFO - [307/2052] Asymmetric unit already cached: 2MUL.cif
2026-05-04 06:27:59,605 - INFO - [307/2052] Biological assembly already cached: 2MUL-assembly1.cif
2026-05-04 06:27:59,806 - INFO - [308/2052] Asymmetric unit already cached: 2MVW.cif
2026-05-04 06:27:59,806 - INFO - [308/2052] Biological assembly already cached: 2MVW-assembly1.cif
2026-05-04 06:28:00,006 - INFO - [309/2052] Asymmetric unit already cached: 2MWX.cif
2026-05-04 06:28:00,007 - INFO - [309/2052] Biological assembly already cached: 2MWX-assembly1.cif
2026-05-04 06:28:00,207 - INFO - [310/2052] Asymmetric unit already cached: 2MWY.cif
2026-05-04 06:28:00,207 - INFO - [310/2052] Biological assembly already cached: 2MWY-assembly1.cif
2026-05-04 06:28:00,408 - INFO - [311/2052] Asymmetric unit already cached: 2MZD.cif
2026-05-04 06:28:00,408 - INFO - [311/2052] Biological assembly already cached: 2MZD-assembly1.cif
2026-05-04 06:28:00,608 - INFO - [312/2052] Asymmetric unit already cached: 2MZN.cif
2026-05-04 06:28:00,609 - INFO - [312/2052] Biological assembly already cached: 2MZN-assembly1.cif
2026-05-04 06:28:00,809 - INFO - [313/2052] Asymmetric unit already cached: 2N06.cif
2026-05-04 06:28:00,809 - INFO - [313/2052] Biological assembly already cached: 2N06-assembly1.cif
2026-05-04 06:28:01,010 - INFO - [314/2052] Asymmetric unit already cached: 2N0U.cif
2026-05-04 06:28:01,010 - INFO - [314/2052] Biological assembly already cached: 2N0U-assembly1.cif
2026-05-04 06:28:01,210 - INFO - [315/2052] Asymmetric unit already cached: 2N0W.cif
2026-05-04 06:28:01,210 - INFO - [315/2052] Biological assembly already cached: 2N0W-assembly1.cif
2026-05-04 06:28:01,411 - INFO - [316/2052] Asymmetric unit already cached: 2N14.cif
2026-05-04 06:28:01,411 - INFO - [316/2052] Biological assembly already cached: 2N14-assembly1.cif
2026-05-04 06:28:01,612 - INFO - [317/2052] Asymmetric unit already cached: 2N1A.cif
2026-05-04 06:28:01,612 - INFO - [317/2052] Biological assembly already cached: 2N1A-assembly1.cif
2026-05-04 06:28:01,812 - INFO - [318/2052] Asymmetric unit already cached: 2N9O.cif
2026-05-04 06:28:01,812 - INFO - [318/2052] Biological assembly already cached: 2N9O-assembly1.cif
2026-05-04 06:28:02,013 - INFO - [319/2052] Asymmetric unit already cached: 2N9P.cif
2026-05-04 06:28:02,013 - INFO - [319/2052] Biological assembly already cached: 2N9P-assembly1.cif
2026-05-04 06:28:02,213 - INFO - [320/2052] Asymmetric unit already cached: 2NA1.cif
2026-05-04 06:28:02,214 - INFO - [320/2052] Biological assembly already cached: 2NA1-assembly1.cif
2026-05-04 06:28:02,414 - INFO - [321/2052] Asymmetric unit already cached: 2NQ3.cif
2026-05-04 06:28:02,414 - INFO - [321/2052] Biological assembly already cached: 2NQ3-assembly1.cif
2026-05-04 06:28:02,615 - INFO - [322/2052] Asymmetric unit already cached: 2NSQ.cif
2026-05-04 06:28:02,615 - INFO - [322/2052] Biological assembly already cached: 2NSQ-assembly1.cif
2026-05-04 06:28:02,815 - INFO - [323/2052] Asymmetric unit already cached: 2NTE.cif
2026-05-04 06:28:02,815 - INFO - [323/2052] Biological assembly already cached: 2NTE-assembly1.cif
2026-05-04 06:28:03,016 - INFO - [324/2052] Asymmetric unit already cached: 2NVU.cif
2026-05-04 06:28:03,016 - INFO - [324/2052] Biological assembly already cached: 2NVU-assembly1.cif
2026-05-04 06:28:03,216 - INFO - [325/2052] Asymmetric unit already cached: 2O25.cif
2026-05-04 06:28:03,217 - INFO - [325/2052] Biological assembly already cached: 2O25-assembly1.cif
2026-05-04 06:28:03,417 - INFO - [326/2052] Asymmetric unit already cached: 2OB4.cif
2026-05-04 06:28:03,417 - INFO - [326/2052] Biological assembly already cached: 2OB4-assembly1.cif
2026-05-04 06:28:03,618 - INFO - [327/2052] Asymmetric unit already cached: 2ONI.cif
2026-05-04 06:28:03,618 - INFO - [327/2052] Biological assembly already cached: 2ONI-assembly1.cif
2026-05-04 06:28:03,818 - INFO - [328/2052] Asymmetric unit already cached: 2OO9.cif
2026-05-04 06:28:03,819 - INFO - [328/2052] Biological assembly already cached: 2OO9-assembly1.cif
2026-05-04 06:28:04,019 - INFO - [329/2052] Asymmetric unit already cached: 2OOA.cif
2026-05-04 06:28:04,019 - INFO - [329/2052] Biological assembly already cached: 2OOA-assembly1.cif
2026-05-04 06:28:04,220 - INFO - [330/2052] Asymmetric unit already cached: 2OOB.cif
2026-05-04 06:28:04,220 - INFO - [330/2052] Biological assembly already cached: 2OOB-assembly1.cif
2026-05-04 06:28:04,421 - INFO - [331/2052] Asymmetric unit already cached: 2OP7.cif
2026-05-04 06:28:04,421 - INFO - [331/2052] Biological assembly already cached: 2OP7-assembly1.cif
2026-05-04 06:28:04,621 - INFO - [332/2052] Asymmetric unit already cached: 2OPY.cif
2026-05-04 06:28:04,621 - INFO - [332/2052] Biological assembly already cached: 2OPY-assembly1.cif
2026-05-04 06:28:04,822 - INFO - [333/2052] Asymmetric unit already cached: 2OPZ.cif
2026-05-04 06:28:04,822 - INFO - [333/2052] Biological assembly already cached: 2OPZ-assembly1.cif
2026-05-04 06:28:05,022 - INFO - [334/2052] Asymmetric unit already cached: 2P4R.cif
2026-05-04 06:28:05,023 - INFO - [334/2052] Biological assembly already cached: 2P4R-assembly1.cif
2026-05-04 06:28:05,223 - INFO - [335/2052] Asymmetric unit already cached: 2PB7.cif
2026-05-04 06:28:05,223 - INFO - [335/2052] Biological assembly already cached: 2PB7-assembly1.cif
2026-05-04 06:28:05,424 - INFO - [336/2052] Asymmetric unit already cached: 2PE6.cif
2026-05-04 06:28:05,424 - INFO - [336/2052] Biological assembly already cached: 2PE6-assembly1.cif
2026-05-04 06:28:05,624 - INFO - [337/2052] Asymmetric unit already cached: 2PIE.cif
2026-05-04 06:28:05,624 - INFO - [337/2052] Biological assembly already cached: 2PIE-assembly1.cif
2026-05-04 06:28:05,825 - INFO - [338/2052] Asymmetric unit already cached: 2POI.cif
2026-05-04 06:28:05,825 - INFO - [338/2052] Biological assembly already cached: 2POI-assembly1.cif
2026-05-04 06:28:06,025 - INFO - [339/2052] Asymmetric unit already cached: 2POP.cif
2026-05-04 06:28:06,026 - INFO - [339/2052] Biological assembly already cached: 2POP-assembly1.cif
2026-05-04 06:28:06,226 - INFO - [340/2052] Asymmetric unit already cached: 2PX9.cif
2026-05-04 06:28:06,226 - INFO - [340/2052] Biological assembly already cached: 2PX9-assembly1.cif
2026-05-04 06:28:06,427 - INFO - [341/2052] Asymmetric unit already cached: 2QGX.cif
2026-05-04 06:28:06,427 - INFO - [341/2052] Biological assembly already cached: 2QGX-assembly1.cif
2026-05-04 06:28:06,627 - INFO - [342/2052] Asymmetric unit already cached: 2QHO.cif
2026-05-04 06:28:06,627 - INFO - [342/2052] Biological assembly already cached: 2QHO-assembly1.cif
2026-05-04 06:28:06,828 - INFO - [343/2052] Asymmetric unit already cached: 2QRA.cif
2026-05-04 06:28:06,828 - INFO - [343/2052] Biological assembly already cached: 2QRA-assembly1.cif
2026-05-04 06:28:07,028 - INFO - [344/2052] Asymmetric unit already cached: 2R1Z.cif
2026-05-04 06:28:07,029 - INFO - [344/2052] Biological assembly already cached: 2R1Z-assembly1.cif
2026-05-04 06:28:07,229 - INFO - [345/2052] Asymmetric unit already cached: 2RNY.cif
2026-05-04 06:28:07,229 - INFO - [345/2052] Biological assembly already cached: 2RNY-assembly1.cif
2026-05-04 06:28:07,430 - INFO - [346/2052] Asymmetric unit already cached: 2RO1.cif
2026-05-04 06:28:07,430 - INFO - [346/2052] Biological assembly already cached: 2RO1-assembly1.cif
2026-05-04 06:28:07,630 - INFO - [347/2052] Asymmetric unit already cached: 2RUH.cif
2026-05-04 06:28:07,630 - INFO - [347/2052] Biological assembly already cached: 2RUH-assembly1.cif
2026-05-04 06:28:07,831 - INFO - [348/2052] Asymmetric unit already cached: 2UVL.cif
2026-05-04 06:28:07,831 - INFO - [348/2052] Biological assembly already cached: 2UVL-assembly1.cif
2026-05-04 06:28:08,031 - INFO - [349/2052] Asymmetric unit already cached: 2VJE.cif
2026-05-04 06:28:08,031 - INFO - [349/2052] Biological assembly already cached: 2VJE-assembly1.cif
2026-05-04 06:28:08,232 - INFO - [350/2052] Asymmetric unit already cached: 2VJF.cif
2026-05-04 06:28:08,232 - INFO - [350/2052] Biological assembly already cached: 2VJF-assembly1.cif
2026-05-04 06:28:08,432 - INFO - [351/2052] Asymmetric unit already cached: 2VSL.cif
2026-05-04 06:28:08,433 - INFO - [351/2052] Biological assembly already cached: 2VSL-assembly1.cif
2026-05-04 06:28:08,633 - INFO - [352/2052] Asymmetric unit already cached: 2VWR.cif
2026-05-04 06:28:08,633 - INFO - [352/2052] Biological assembly already cached: 2VWR-assembly1.cif
2026-05-04 06:28:08,834 - INFO - [353/2052] Asymmetric unit already cached: 2VYR.cif
2026-05-04 06:28:08,834 - INFO - [353/2052] Biological assembly already cached: 2VYR-assembly1.cif
2026-05-04 06:28:09,034 - INFO - [354/2052] Asymmetric unit already cached: 2XBB.cif
2026-05-04 06:28:09,034 - INFO - [354/2052] Biological assembly already cached: 2XBB-assembly1.cif
2026-05-04 06:28:09,235 - INFO - [355/2052] Asymmetric unit already cached: 2XBF.cif
2026-05-04 06:28:09,235 - INFO - [355/2052] Biological assembly already cached: 2XBF-assembly1.cif
2026-05-04 06:28:09,435 - INFO - [356/2052] Asymmetric unit already cached: 2XEU.cif
2026-05-04 06:28:09,436 - INFO - [356/2052] Biological assembly already cached: 2XEU-assembly1.cif
2026-05-04 06:28:09,636 - INFO - [357/2052] Asymmetric unit already cached: 2XOC.cif
2026-05-04 06:28:09,636 - INFO - [357/2052] Biological assembly already cached: 2XOC-assembly1.cif
2026-05-04 06:28:09,837 - INFO - [358/2052] Asymmetric unit already cached: 2XOY.cif
2026-05-04 06:28:09,837 - INFO - [358/2052] Biological assembly already cached: 2XOY-assembly1.cif
2026-05-04 06:28:10,037 - INFO - [359/2052] Asymmetric unit already cached: 2XOZ.cif
2026-05-04 06:28:10,037 - INFO - [359/2052] Biological assembly already cached: 2XOZ-assembly1.cif
2026-05-04 06:28:10,238 - INFO - [360/2052] Asymmetric unit already cached: 2XP0.cif
2026-05-04 06:28:10,238 - INFO - [360/2052] Biological assembly already cached: 2XP0-assembly1.cif
2026-05-04 06:28:10,439 - INFO - [361/2052] Asymmetric unit already cached: 2XWU.cif
2026-05-04 06:28:10,439 - INFO - [361/2052] Biological assembly already cached: 2XWU-assembly1.cif
2026-05-04 06:28:10,639 - INFO - [362/2052] Asymmetric unit already cached: 2Y1M.cif
2026-05-04 06:28:10,639 - INFO - [362/2052] Biological assembly already cached: 2Y1M-assembly1.cif
2026-05-04 06:28:10,840 - INFO - [363/2052] Asymmetric unit already cached: 2Y1N.cif
2026-05-04 06:28:10,840 - INFO - [363/2052] Biological assembly already cached: 2Y1N-assembly1.cif
2026-05-04 06:28:11,040 - INFO - [364/2052] Asymmetric unit already cached: 2Y43.cif
2026-05-04 06:28:11,041 - INFO - [364/2052] Biological assembly already cached: 2Y43-assembly1.cif
2026-05-04 06:28:11,241 - INFO - [365/2052] Asymmetric unit already cached: 2Y4W.cif
2026-05-04 06:28:11,241 - INFO - [365/2052] Biological assembly already cached: 2Y4W-assembly1.cif
2026-05-04 06:28:11,442 - INFO - [366/2052] Asymmetric unit already cached: 2YB6.cif
2026-05-04 06:28:11,442 - INFO - [366/2052] Biological assembly already cached: 2YB6-assembly1.cif
2026-05-04 06:28:11,642 - INFO - [367/2052] Asymmetric unit already cached: 2YBF.cif
2026-05-04 06:28:11,642 - INFO - [367/2052] Biological assembly already cached: 2YBF-assembly1.cif
2026-05-04 06:28:11,843 - INFO - [368/2052] Asymmetric unit already cached: 2YHN.cif
2026-05-04 06:28:11,843 - INFO - [368/2052] Biological assembly already cached: 2YHN-assembly1.cif
2026-05-04 06:28:12,043 - INFO - [369/2052] Asymmetric unit already cached: 2YHO.cif
2026-05-04 06:28:12,043 - INFO - [369/2052] Biological assembly already cached: 2YHO-assembly1.cif
2026-05-04 06:28:12,244 - INFO - [370/2052] Asymmetric unit already cached: 2YRG.cif
2026-05-04 06:28:12,244 - INFO - [370/2052] Biological assembly already cached: 2YRG-assembly1.cif
2026-05-04 06:28:12,445 - INFO - [371/2052] Asymmetric unit already cached: 2YSA.cif
2026-05-04 06:28:12,445 - INFO - [371/2052] Biological assembly already cached: 2YSA-assembly1.cif
2026-05-04 06:28:12,645 - INFO - [372/2052] Asymmetric unit already cached: 2YSF.cif
2026-05-04 06:28:12,645 - INFO - [372/2052] Biological assembly already cached: 2YSF-assembly1.cif
2026-05-04 06:28:12,846 - INFO - [373/2052] Asymmetric unit already cached: 2YSJ.cif
2026-05-04 06:28:12,846 - INFO - [373/2052] Biological assembly already cached: 2YSJ-assembly1.cif
2026-05-04 06:28:13,046 - INFO - [374/2052] Asymmetric unit already cached: 2YSL.cif
2026-05-04 06:28:13,046 - INFO - [374/2052] Biological assembly already cached: 2YSL-assembly1.cif
2026-05-04 06:28:13,247 - INFO - [375/2052] Asymmetric unit already cached: 2YSM.cif
2026-05-04 06:28:13,247 - INFO - [375/2052] Biological assembly already cached: 2YSM-assembly1.cif
2026-05-04 06:28:13,448 - INFO - [376/2052] Asymmetric unit already cached: 2YU4.cif
2026-05-04 06:28:13,448 - INFO - [376/2052] Biological assembly already cached: 2YU4-assembly1.cif
2026-05-04 06:28:13,648 - INFO - [377/2052] Asymmetric unit already cached: 2YUC.cif
2026-05-04 06:28:13,648 - INFO - [377/2052] Biological assembly already cached: 2YUC-assembly1.cif
2026-05-04 06:28:13,849 - INFO - [378/2052] Asymmetric unit already cached: 2YUK.cif
2026-05-04 06:28:13,849 - INFO - [378/2052] Biological assembly already cached: 2YUK-assembly1.cif
2026-05-04 06:28:14,050 - INFO - [379/2052] Asymmetric unit already cached: 2YUR.cif
2026-05-04 06:28:14,050 - INFO - [379/2052] Biological assembly already cached: 2YUR-assembly1.cif
2026-05-04 06:28:14,250 - INFO - [380/2052] Asymmetric unit already cached: 2YVR.cif
2026-05-04 06:28:14,250 - INFO - [380/2052] Biological assembly already cached: 2YVR-assembly1.cif
2026-05-04 06:28:14,451 - INFO - [381/2052] Asymmetric unit already cached: 2YYN.cif
2026-05-04 06:28:14,451 - INFO - [381/2052] Biological assembly already cached: 2YYN-assembly1.cif
2026-05-04 06:28:14,652 - INFO - [382/2052] Asymmetric unit already cached: 2Z5D.cif
2026-05-04 06:28:14,652 - INFO - [382/2052] Biological assembly already cached: 2Z5D-assembly1.cif
2026-05-04 06:28:14,852 - INFO - [383/2052] Asymmetric unit already cached: 3A33.cif
2026-05-04 06:28:14,853 - INFO - [383/2052] Biological assembly already cached: 3A33-assembly1.cif
2026-05-04 06:28:15,053 - INFO - [384/2052] Asymmetric unit already cached: 3A4S.cif
2026-05-04 06:28:15,053 - INFO - [384/2052] Biological assembly already cached: 3A4S-assembly1.cif
2026-05-04 06:28:15,254 - INFO - [385/2052] Asymmetric unit already cached: 3ASK.cif
2026-05-04 06:28:15,254 - INFO - [385/2052] Biological assembly already cached: 3ASK-assembly1.cif
2026-05-04 06:28:15,454 - INFO - [386/2052] Asymmetric unit already cached: 3ASL.cif
2026-05-04 06:28:15,454 - INFO - [386/2052] Biological assembly already cached: 3ASL-assembly1.cif
2026-05-04 06:28:15,655 - INFO - [387/2052] Asymmetric unit already cached: 3B76.cif
2026-05-04 06:28:15,655 - INFO - [387/2052] Biological assembly already cached: 3B76-assembly1.cif
2026-05-04 06:28:15,855 - INFO - [388/2052] Asymmetric unit already cached: 3B7Y.cif
2026-05-04 06:28:15,856 - INFO - [388/2052] Biological assembly already cached: 3B7Y-assembly1.cif
2026-05-04 06:28:16,056 - INFO - [389/2052] Asymmetric unit already cached: 3BI7.cif
2026-05-04 06:28:16,056 - INFO - [389/2052] Biological assembly already cached: 3BI7-assembly1.cif
2026-05-04 06:28:16,257 - INFO - [390/2052] Asymmetric unit already cached: 3BIY.cif
2026-05-04 06:28:16,257 - INFO - [390/2052] Biological assembly already cached: 3BIY-assembly1.cif
2026-05-04 06:28:16,457 - INFO - [391/2052] Asymmetric unit already cached: 3BUM.cif
2026-05-04 06:28:16,457 - INFO - [391/2052] Biological assembly already cached: 3BUM-assembly1.cif
2026-05-04 06:28:16,658 - INFO - [392/2052] Asymmetric unit already cached: 3BUN.cif
2026-05-04 06:28:16,658 - INFO - [392/2052] Biological assembly already cached: 3BUN-assembly1.cif
2026-05-04 06:28:16,858 - INFO - [393/2052] Asymmetric unit already cached: 3BUO.cif
2026-05-04 06:28:16,859 - INFO - [393/2052] Biological assembly already cached: 3BUO-assembly1.cif
2026-05-04 06:28:17,059 - INFO - [394/2052] Asymmetric unit already cached: 3BUW.cif
2026-05-04 06:28:17,059 - INFO - [394/2052] Biological assembly already cached: 3BUW-assembly1.cif
2026-05-04 06:28:17,260 - INFO - [395/2052] Asymmetric unit already cached: 3BUX.cif
2026-05-04 06:28:17,260 - INFO - [395/2052] Biological assembly already cached: 3BUX-assembly1.cif
2026-05-04 06:28:17,460 - INFO - [396/2052] Asymmetric unit already cached: 3BZH.cif
2026-05-04 06:28:17,460 - INFO - [396/2052] Biological assembly already cached: 3BZH-assembly1.cif
2026-05-04 06:28:17,661 - INFO - [397/2052] Asymmetric unit already cached: 3C5K.cif
2026-05-04 06:28:17,661 - INFO - [397/2052] Biological assembly already cached: 3C5K-assembly1.cif
2026-05-04 06:28:17,861 - INFO - [398/2052] Asymmetric unit already cached: 3C5R.cif
2026-05-04 06:28:17,862 - INFO - [398/2052] Biological assembly already cached: 3C5R-assembly1.cif
2026-05-04 06:28:18,062 - INFO - [399/2052] Asymmetric unit already cached: 3CEG.cif
2026-05-04 06:28:18,062 - INFO - [399/2052] Biological assembly already cached: 3CEG-assembly1.cif
2026-05-04 06:28:18,263 - INFO - [400/2052] Asymmetric unit already cached: 3CLX.cif
2026-05-04 06:28:18,263 - INFO - [400/2052] Biological assembly already cached: 3CLX-assembly1.cif
2026-05-04 06:28:18,463 - INFO - [401/2052] Asymmetric unit already cached: 3CLZ.cif
2026-05-04 06:28:18,463 - INFO - [401/2052] Biological assembly already cached: 3CLZ-assembly1.cif
2026-05-04 06:28:18,664 - INFO - [402/2052] Asymmetric unit already cached: 3CM2.cif
2026-05-04 06:28:18,664 - INFO - [402/2052] Biological assembly already cached: 3CM2-assembly1.cif
2026-05-04 06:28:18,864 - INFO - [403/2052] Asymmetric unit already cached: 3CM7.cif
2026-05-04 06:28:18,865 - INFO - [403/2052] Biological assembly already cached: 3CM7-assembly1.cif
2026-05-04 06:28:19,065 - INFO - [404/2052] Asymmetric unit already cached: 3COJ.cif
2026-05-04 06:28:19,065 - INFO - [404/2052] Biological assembly already cached: 3COJ-assembly1.cif
2026-05-04 06:28:19,266 - INFO - [405/2052] Asymmetric unit already cached: 3D9T.cif
2026-05-04 06:28:19,266 - INFO - [405/2052] Biological assembly already cached: 3D9T-assembly1.cif
2026-05-04 06:28:19,466 - INFO - [406/2052] Asymmetric unit already cached: 3D9U.cif
2026-05-04 06:28:19,467 - INFO - [406/2052] Biological assembly already cached: 3D9U-assembly1.cif
2026-05-04 06:28:19,667 - INFO - [407/2052] Asymmetric unit already cached: 3DAB.cif
2026-05-04 06:28:19,667 - INFO - [407/2052] Biological assembly already cached: 3DAB-assembly1.cif
2026-05-04 06:28:19,868 - INFO - [408/2052] Asymmetric unit already cached: 3DB3.cif
2026-05-04 06:28:19,868 - INFO - [408/2052] Biological assembly already cached: 3DB3-assembly1.cif
2026-05-04 06:28:20,068 - INFO - [409/2052] Asymmetric unit already cached: 3DB4.cif
2026-05-04 06:28:20,069 - INFO - [409/2052] Biological assembly already cached: 3DB4-assembly1.cif
2026-05-04 06:28:20,269 - INFO - [410/2052] Asymmetric unit already cached: 3DDT.cif
2026-05-04 06:28:20,269 - INFO - [410/2052] Biological assembly already cached: 3DDT-assembly1.cif
2026-05-04 06:28:20,470 - INFO - [411/2052] Asymmetric unit already cached: 3DKM.cif
2026-05-04 06:28:20,470 - INFO - [411/2052] Biological assembly already cached: 3DKM-assembly1.cif
2026-05-04 06:28:20,670 - INFO - [412/2052] Asymmetric unit already cached: 3DPL.cif
2026-05-04 06:28:20,671 - INFO - [412/2052] Biological assembly already cached: 3DPL-assembly1.cif
2026-05-04 06:28:20,871 - INFO - [413/2052] Asymmetric unit already cached: 3DQV.cif
2026-05-04 06:28:20,871 - INFO - [413/2052] Biological assembly already cached: 3DQV-assembly1.cif
2026-05-04 06:28:21,072 - INFO - [414/2052] Asymmetric unit already cached: 3DWH.cif
2026-05-04 06:28:21,072 - INFO - [414/2052] Biological assembly already cached: 3DWH-assembly1.cif
2026-05-04 06:28:21,272 - INFO - [415/2052] Asymmetric unit already cached: 3DWY.cif
2026-05-04 06:28:21,273 - INFO - [415/2052] Biological assembly already cached: 3DWY-assembly1.cif
2026-05-04 06:28:21,473 - INFO - [416/2052] Asymmetric unit already cached: 3E46.cif
2026-05-04 06:28:21,473 - INFO - [416/2052] Biological assembly already cached: 3E46-assembly1.cif
2026-05-04 06:28:21,674 - INFO - [417/2052] Asymmetric unit already cached: 3EB5.cif
2026-05-04 06:28:21,674 - INFO - [417/2052] Biological assembly already cached: 3EB5-assembly1.cif
2026-05-04 06:28:21,874 - INFO - [418/2052] Asymmetric unit already cached: 3EB6.cif
2026-05-04 06:28:21,874 - INFO - [418/2052] Biological assembly already cached: 3EB6-assembly1.cif
2026-05-04 06:28:22,075 - INFO - [419/2052] Asymmetric unit already cached: 3EGA.cif
2026-05-04 06:28:22,075 - INFO - [419/2052] Biological assembly already cached: 3EGA-assembly1.cif
2026-05-04 06:28:22,276 - INFO - [420/2052] Asymmetric unit already cached: 3EGB.cif
2026-05-04 06:28:22,276 - INFO - [420/2052] Biological assembly already cached: 3EGB-assembly1.cif
2026-05-04 06:28:22,476 - INFO - [421/2052] Asymmetric unit already cached: 3EQS.cif
2026-05-04 06:28:22,476 - INFO - [421/2052] Biological assembly already cached: 3EQS-assembly1.cif
2026-05-04 06:28:22,677 - INFO - [422/2052] Asymmetric unit already cached: 3EQY.cif
2026-05-04 06:28:22,677 - INFO - [422/2052] Biological assembly already cached: 3EQY-assembly1.cif
2026-05-04 06:28:22,877 - INFO - [423/2052] Asymmetric unit already cached: 3EYL.cif
2026-05-04 06:28:22,878 - INFO - [423/2052] Biological assembly already cached: 3EYL-assembly1.cif
2026-05-04 06:28:23,078 - INFO - [424/2052] Asymmetric unit already cached: 3F7G.cif
2026-05-04 06:28:23,078 - INFO - [424/2052] Biological assembly already cached: 3F7G-assembly1.cif
2026-05-04 06:28:23,279 - INFO - [425/2052] Asymmetric unit already cached: 3F7H.cif
2026-05-04 06:28:23,279 - INFO - [425/2052] Biological assembly already cached: 3F7H-assembly1.cif
2026-05-04 06:28:23,479 - INFO - [426/2052] Asymmetric unit already cached: 3F7I.cif
2026-05-04 06:28:23,479 - INFO - [426/2052] Biological assembly already cached: 3F7I-assembly1.cif
2026-05-04 06:28:23,680 - INFO - [427/2052] Asymmetric unit already cached: 3F92.cif
2026-05-04 06:28:23,680 - INFO - [427/2052] Biological assembly already cached: 3F92-assembly1.cif
2026-05-04 06:28:23,880 - INFO - [428/2052] Asymmetric unit already cached: 3FA2.cif
2026-05-04 06:28:23,881 - INFO - [428/2052] Biological assembly already cached: 3FA2-assembly1.cif
2026-05-04 06:28:24,081 - INFO - [429/2052] Asymmetric unit already cached: 3FDO.cif
2026-05-04 06:28:24,081 - INFO - [429/2052] Biological assembly already cached: 3FDO-assembly1.cif
2026-05-04 06:28:24,282 - INFO - [430/2052] Asymmetric unit already cached: 3FE7.cif
2026-05-04 06:28:24,282 - INFO - [430/2052] Biological assembly already cached: 3FE7-assembly1.cif
2026-05-04 06:28:24,482 - INFO - [431/2052] Asymmetric unit already cached: 3FEA.cif
2026-05-04 06:28:24,483 - INFO - [431/2052] Biological assembly already cached: 3FEA-assembly1.cif
2026-05-04 06:28:24,683 - INFO - [432/2052] Asymmetric unit already cached: 3FL2.cif
2026-05-04 06:28:24,683 - INFO - [432/2052] Biological assembly already cached: 3FL2-assembly1.cif
2026-05-04 06:28:24,884 - INFO - [433/2052] Asymmetric unit already cached: 3FN1.cif
2026-05-04 06:28:24,884 - INFO - [433/2052] Biological assembly already cached: 3FN1-assembly1.cif
2026-05-04 06:28:25,084 - INFO - [434/2052] Asymmetric unit already cached: 3FSH.cif
2026-05-04 06:28:25,085 - INFO - [434/2052] Biological assembly already cached: 3FSH-assembly1.cif
2026-05-04 06:28:25,285 - INFO - [435/2052] Asymmetric unit already cached: 3G03.cif
2026-05-04 06:28:25,285 - INFO - [435/2052] Biological assembly already cached: 3G03-assembly1.cif
2026-05-04 06:28:25,486 - INFO - [436/2052] Asymmetric unit already cached: 3G1N.cif
2026-05-04 06:28:25,486 - INFO - [436/2052] Biological assembly already cached: 3G1N-assembly1.cif
2026-05-04 06:28:25,686 - INFO - [437/2052] Asymmetric unit already cached: 3G76.cif
2026-05-04 06:28:25,686 - INFO - [437/2052] Biological assembly already cached: 3G76-assembly1.cif
2026-05-04 06:28:25,887 - INFO - [438/2052] Asymmetric unit already cached: 3GS2.cif
2026-05-04 06:28:25,887 - INFO - [438/2052] Biological assembly already cached: 3GS2-assembly1.cif
2026-05-04 06:28:26,087 - INFO - [439/2052] Asymmetric unit already cached: 3GT9.cif
2026-05-04 06:28:26,088 - INFO - [439/2052] Biological assembly already cached: 3GT9-assembly1.cif
2026-05-04 06:28:26,288 - INFO - [440/2052] Asymmetric unit already cached: 3GTA.cif
2026-05-04 06:28:26,288 - INFO - [440/2052] Biological assembly already cached: 3GTA-assembly1.cif
2026-05-04 06:28:26,489 - INFO - [441/2052] Asymmetric unit already cached: 3GV4.cif
2026-05-04 06:28:26,489 - INFO - [441/2052] Biological assembly already cached: 3GV4-assembly1.cif
2026-05-04 06:28:26,689 - INFO - [442/2052] Asymmetric unit already cached: 3H1D.cif
2026-05-04 06:28:26,689 - INFO - [442/2052] Biological assembly already cached: 3H1D-assembly1.cif
2026-05-04 06:28:26,890 - INFO - [443/2052] Asymmetric unit already cached: 3H8H.cif
2026-05-04 06:28:26,890 - INFO - [443/2052] Biological assembly already cached: 3H8H-assembly1.cif
2026-05-04 06:28:27,090 - INFO - [444/2052] Asymmetric unit already cached: 3H8K.cif
2026-05-04 06:28:27,090 - INFO - [444/2052] Biological assembly already cached: 3H8K-assembly1.cif
2026-05-04 06:28:27,291 - INFO - [445/2052] Asymmetric unit already cached: 3HCS.cif
2026-05-04 06:28:27,291 - INFO - [445/2052] Biological assembly already cached: 3HCS-assembly1.cif
2026-05-04 06:28:27,491 - INFO - [446/2052] Asymmetric unit already cached: 3HCT.cif
2026-05-04 06:28:27,492 - INFO - [446/2052] Biological assembly already cached: 3HCT-assembly1.cif
2026-05-04 06:28:27,692 - INFO - [447/2052] Asymmetric unit already cached: 3HCU.cif
2026-05-04 06:28:27,692 - INFO - [447/2052] Biological assembly already cached: 3HCU-assembly1.cif
2026-05-04 06:28:27,893 - INFO - [448/2052] Asymmetric unit already cached: 3HL5.cif
2026-05-04 06:28:27,893 - INFO - [448/2052] Biological assembly already cached: 3HL5-assembly1.cif
2026-05-04 06:28:28,093 - INFO - [449/2052] Asymmetric unit already cached: 3I3J.cif
2026-05-04 06:28:28,093 - INFO - [449/2052] Biological assembly already cached: 3I3J-assembly1.cif
2026-05-04 06:28:28,294 - INFO - [450/2052] Asymmetric unit already cached: 3ICU.cif
2026-05-04 06:28:28,294 - INFO - [450/2052] Biological assembly already cached: 3ICU-assembly1.cif
2026-05-04 06:28:28,494 - INFO - [451/2052] Asymmetric unit already cached: 3IO2.cif
2026-05-04 06:28:28,494 - INFO - [451/2052] Biological assembly already cached: 3IO2-assembly1.cif
2026-05-04 06:28:28,695 - INFO - [452/2052] Asymmetric unit already cached: 3IUX.cif
2026-05-04 06:28:28,695 - INFO - [452/2052] Biological assembly already cached: 3IUX-assembly1.cif
2026-05-04 06:28:28,895 - INFO - [453/2052] Asymmetric unit already cached: 3IWY.cif
2026-05-04 06:28:28,896 - INFO - [453/2052] Biological assembly already cached: 3IWY-assembly1.cif
2026-05-04 06:28:29,096 - INFO - [454/2052] Asymmetric unit already cached: 3IXS.cif
2026-05-04 06:28:29,096 - INFO - [454/2052] Biological assembly already cached: 3IXS-assembly1.cif
2026-05-04 06:28:29,296 - INFO - [455/2052] Asymmetric unit already cached: 3J92.cif
2026-05-04 06:28:29,297 - INFO - [455/2052] Biological assembly already cached: 3J92-assembly1.cif
2026-05-04 06:28:29,497 - INFO - [456/2052] Asymmetric unit already cached: 3JVZ.cif
2026-05-04 06:28:29,497 - INFO - [456/2052] Biological assembly already cached: 3JVZ-assembly1.cif
2026-05-04 06:28:29,697 - INFO - [457/2052] Asymmetric unit already cached: 3JW0.cif
2026-05-04 06:28:29,698 - INFO - [457/2052] Biological assembly already cached: 3JW0-assembly1.cif
2026-05-04 06:28:29,898 - INFO - [458/2052] Asymmetric unit already cached: 3JZK.cif
2026-05-04 06:28:29,898 - INFO - [458/2052] Biological assembly already cached: 3JZK-assembly1.cif
2026-05-04 06:28:30,099 - INFO - [459/2052] Asymmetric unit already cached: 3JZO.cif
2026-05-04 06:28:30,099 - INFO - [459/2052] Biological assembly already cached: 3JZO-assembly1.cif
2026-05-04 06:28:30,299 - INFO - [460/2052] Asymmetric unit already cached: 3JZP.cif
2026-05-04 06:28:30,299 - INFO - [460/2052] Biological assembly already cached: 3JZP-assembly1.cif
2026-05-04 06:28:30,500 - INFO - [461/2052] Asymmetric unit already cached: 3JZQ.cif
2026-05-04 06:28:30,500 - INFO - [461/2052] Biological assembly already cached: 3JZQ-assembly1.cif
2026-05-04 06:28:30,700 - INFO - [462/2052] Asymmetric unit already cached: 3JZR.cif
2026-05-04 06:28:30,701 - INFO - [462/2052] Biological assembly already cached: 3JZR-assembly1.cif
2026-05-04 06:28:30,901 - INFO - [463/2052] Asymmetric unit already cached: 3JZS.cif
2026-05-04 06:28:30,901 - INFO - [463/2052] Biological assembly already cached: 3JZS-assembly1.cif
2026-05-04 06:28:31,102 - INFO - [464/2052] Asymmetric unit already cached: 3K0H.cif
2026-05-04 06:28:31,102 - INFO - [464/2052] Biological assembly already cached: 3K0H-assembly1.cif
2026-05-04 06:28:31,302 - INFO - [465/2052] Asymmetric unit already cached: 3K0K.cif
2026-05-04 06:28:31,302 - INFO - [465/2052] Biological assembly already cached: 3K0K-assembly1.cif
2026-05-04 06:28:31,503 - INFO - [466/2052] Asymmetric unit already cached: 3K15.cif
2026-05-04 06:28:31,503 - INFO - [466/2052] Biological assembly already cached: 3K15-assembly1.cif
2026-05-04 06:28:31,703 - INFO - [467/2052] Asymmetric unit already cached: 3K16.cif
2026-05-04 06:28:31,703 - INFO - [467/2052] Biological assembly already cached: 3K16-assembly1.cif
2026-05-04 06:28:31,904 - INFO - [468/2052] Asymmetric unit already cached: 3K9O.cif
2026-05-04 06:28:31,904 - INFO - [468/2052] Biological assembly already cached: 3K9O-assembly1.cif
2026-05-04 06:28:32,105 - INFO - [469/2052] Asymmetric unit already cached: 3K9P.cif
2026-05-04 06:28:32,105 - INFO - [469/2052] Biological assembly already cached: 3K9P-assembly1.cif
2026-05-04 06:28:32,305 - INFO - [470/2052] Asymmetric unit already cached: 3KB5.cif
2026-05-04 06:28:32,305 - INFO - [470/2052] Biological assembly already cached: 3KB5-assembly1.cif
2026-05-04 06:28:32,506 - INFO - [471/2052] Asymmetric unit already cached: 3KCI.cif
2026-05-04 06:28:32,506 - INFO - [471/2052] Biological assembly already cached: 3KCI-assembly1.cif
2026-05-04 06:28:32,706 - INFO - [472/2052] Asymmetric unit already cached: 3KNV.cif
2026-05-04 06:28:32,707 - INFO - [472/2052] Biological assembly already cached: 3KNV-assembly1.cif
2026-05-04 06:28:32,907 - INFO - [473/2052] Asymmetric unit already cached: 3L11.cif
2026-05-04 06:28:32,907 - INFO - [473/2052] Biological assembly already cached: 3L11-assembly1.cif
2026-05-04 06:28:33,108 - INFO - [474/2052] Asymmetric unit already cached: 3L1X.cif
2026-05-04 06:28:33,108 - INFO - [474/2052] Biological assembly already cached: 3L1X-assembly1.cif
2026-05-04 06:28:33,308 - INFO - [475/2052] Asymmetric unit already cached: 3L1Y.cif
2026-05-04 06:28:33,308 - INFO - [475/2052] Biological assembly already cached: 3L1Y-assembly1.cif
2026-05-04 06:28:33,509 - INFO - [476/2052] Asymmetric unit already cached: 3L1Z.cif
2026-05-04 06:28:33,509 - INFO - [476/2052] Biological assembly already cached: 3L1Z-assembly1.cif
2026-05-04 06:28:33,709 - INFO - [477/2052] Asymmetric unit already cached: 3L4H.cif
2026-05-04 06:28:33,709 - INFO - [477/2052] Biological assembly already cached: 3L4H-assembly1.cif
2026-05-04 06:28:33,910 - INFO - [478/2052] Asymmetric unit already cached: 3LBJ.cif
2026-05-04 06:28:33,910 - INFO - [478/2052] Biological assembly already cached: 3LBJ-assembly1.cif
2026-05-04 06:28:34,111 - INFO - [479/2052] Asymmetric unit already cached: 3LBK.cif
2026-05-04 06:28:34,111 - INFO - [479/2052] Biological assembly already cached: 3LBK-assembly1.cif
2026-05-04 06:28:34,312 - INFO - [480/2052] Asymmetric unit already cached: 3LBL.cif
2026-05-04 06:28:34,312 - INFO - [480/2052] Biological assembly already cached: 3LBL-assembly1.cif
2026-05-04 06:28:34,512 - INFO - [481/2052] Asymmetric unit already cached: 3LNJ.cif
2026-05-04 06:28:34,512 - INFO - [481/2052] Biological assembly already cached: 3LNJ-assembly1.cif
2026-05-04 06:28:34,713 - INFO - [482/2052] Asymmetric unit already cached: 3LNZ.cif
2026-05-04 06:28:34,713 - INFO - [482/2052] Biological assembly already cached: 3LNZ-assembly1.cif
2026-05-04 06:28:34,914 - INFO - [483/2052] Asymmetric unit already cached: 3LRQ.cif
2026-05-04 06:28:34,914 - INFO - [483/2052] Biological assembly already cached: 3LRQ-assembly1.cif
2026-05-04 06:28:35,114 - INFO - [484/2052] Asymmetric unit already cached: 3M06.cif
2026-05-04 06:28:35,114 - INFO - [484/2052] Biological assembly already cached: 3M06-assembly1.cif
2026-05-04 06:28:35,315 - INFO - [485/2052] Asymmetric unit already cached: 3M0A.cif
2026-05-04 06:28:35,315 - INFO - [485/2052] Biological assembly already cached: 3M0A-assembly1.cif
2026-05-04 06:28:35,515 - INFO - [486/2052] Asymmetric unit already cached: 3M0D.cif
2026-05-04 06:28:35,516 - INFO - [486/2052] Biological assembly already cached: 3M0D-assembly1.cif
2026-05-04 06:28:35,716 - INFO - [487/2052] Asymmetric unit already cached: 3M1D.cif
2026-05-04 06:28:35,716 - INFO - [487/2052] Biological assembly already cached: 3M1D-assembly1.cif
2026-05-04 06:28:35,917 - INFO - [488/2052] Asymmetric unit already cached: 3MQR.cif
2026-05-04 06:28:35,917 - INFO - [488/2052] Biological assembly already cached: 3MQR-assembly1.cif
2026-05-04 06:28:36,117 - INFO - [489/2052] Asymmetric unit already cached: 3MQS.cif
2026-05-04 06:28:36,117 - INFO - [489/2052] Biological assembly already cached: 3MQS-assembly1.cif
2026-05-04 06:28:36,318 - INFO - [490/2052] Asymmetric unit already cached: 3MUP.cif
2026-05-04 06:28:36,318 - INFO - [490/2052] Biological assembly already cached: 3MUP-assembly1.cif
2026-05-04 06:28:36,518 - INFO - [491/2052] Asymmetric unit already cached: 3NY1.cif
2026-05-04 06:28:36,519 - INFO - [491/2052] Biological assembly already cached: 3NY1-assembly1.cif
2026-05-04 06:28:36,719 - INFO - [492/2052] Asymmetric unit already cached: 3NY2.cif
2026-05-04 06:28:36,719 - INFO - [492/2052] Biological assembly already cached: 3NY2-assembly1.cif
2026-05-04 06:28:36,920 - INFO - [493/2052] Asymmetric unit already cached: 3NY3.cif
2026-05-04 06:28:36,920 - INFO - [493/2052] Biological assembly already cached: 3NY3-assembly1.cif
2026-05-04 06:28:37,120 - INFO - [494/2052] Asymmetric unit already cached: 3O33.cif
2026-05-04 06:28:37,120 - INFO - [494/2052] Biological assembly already cached: 3O33-assembly1.cif
2026-05-04 06:28:37,321 - INFO - [495/2052] Asymmetric unit already cached: 3O34.cif
2026-05-04 06:28:37,321 - INFO - [495/2052] Biological assembly already cached: 3O34-assembly1.cif
2026-05-04 06:28:37,521 - INFO - [496/2052] Asymmetric unit already cached: 3O35.cif
2026-05-04 06:28:37,521 - INFO - [496/2052] Biological assembly already cached: 3O35-assembly1.cif
2026-05-04 06:28:37,722 - INFO - [497/2052] Asymmetric unit already cached: 3O36.cif
2026-05-04 06:28:37,722 - INFO - [497/2052] Biological assembly already cached: 3O36-assembly1.cif
2026-05-04 06:28:37,923 - INFO - [498/2052] Asymmetric unit already cached: 3O37.cif
2026-05-04 06:28:37,923 - INFO - [498/2052] Biological assembly already cached: 3O37-assembly1.cif
2026-05-04 06:28:38,123 - INFO - [499/2052] Asymmetric unit already cached: 3OB1.cif
2026-05-04 06:28:38,123 - INFO - [499/2052] Biological assembly already cached: 3OB1-assembly1.cif
2026-05-04 06:28:38,324 - INFO - [500/2052] Asymmetric unit already cached: 3OB2.cif
2026-05-04 06:28:38,324 - INFO - [500/2052] Biological assembly already cached: 3OB2-assembly1.cif
2026-05-04 06:28:38,524 - INFO - [501/2052] Asymmetric unit already cached: 3OJ4.cif
2026-05-04 06:28:38,525 - INFO - [501/2052] Biological assembly already cached: 3OJ4-assembly1.cif
2026-05-04 06:28:38,725 - INFO - [502/2052] Asymmetric unit already cached: 3OLN.cif
2026-05-04 06:28:38,725 - INFO - [502/2052] Biological assembly already cached: 3OLN-assembly1.cif
2026-05-04 06:28:38,926 - INFO - [503/2052] Asymmetric unit already cached: 3OP0.cif
2026-05-04 06:28:38,926 - INFO - [503/2052] Biological assembly already cached: 3OP0-assembly1.cif
2026-05-04 06:28:39,126 - INFO - [504/2052] Asymmetric unit already cached: 3OZ1.cif
2026-05-04 06:28:39,126 - INFO - [504/2052] Biological assembly already cached: 3OZ1-assembly1.cif
2026-05-04 06:28:39,327 - INFO - [505/2052] Asymmetric unit already cached: 3P1C.cif
2026-05-04 06:28:39,327 - INFO - [505/2052] Biological assembly already cached: 3P1C-assembly1.cif
2026-05-04 06:28:39,527 - INFO - [506/2052] Asymmetric unit already cached: 3P1D.cif
2026-05-04 06:28:39,528 - INFO - [506/2052] Biological assembly already cached: 3P1D-assembly1.cif
2026-05-04 06:28:39,728 - INFO - [507/2052] Asymmetric unit already cached: 3P1E.cif
2026-05-04 06:28:39,728 - INFO - [507/2052] Biological assembly already cached: 3P1E-assembly1.cif
2026-05-04 06:28:39,929 - INFO - [508/2052] Asymmetric unit already cached: 3P1F.cif
2026-05-04 06:28:39,929 - INFO - [508/2052] Biological assembly already cached: 3P1F-assembly1.cif
2026-05-04 06:28:40,129 - INFO - [509/2052] Asymmetric unit already cached: 3P57.cif
2026-05-04 06:28:40,129 - INFO - [509/2052] Biological assembly already cached: 3P57-assembly1.cif
2026-05-04 06:28:40,330 - INFO - [510/2052] Asymmetric unit already cached: 3PFV.cif
2026-05-04 06:28:40,330 - INFO - [510/2052] Biological assembly already cached: 3PFV-assembly1.cif
2026-05-04 06:28:40,530 - INFO - [511/2052] Asymmetric unit already cached: 3PG6.cif
2026-05-04 06:28:40,531 - INFO - [511/2052] Biological assembly already cached: 3PG6-assembly1.cif
2026-05-04 06:28:40,731 - INFO - [512/2052] Asymmetric unit already cached: 3PHD.cif
2026-05-04 06:28:40,731 - INFO - [512/2052] Biological assembly already cached: 3PHD-assembly1.cif
2026-05-04 06:28:40,932 - INFO - [513/2052] Asymmetric unit already cached: 3PLF.cif
2026-05-04 06:28:40,932 - INFO - [513/2052] Biological assembly already cached: 3PLF-assembly1.cif
2026-05-04 06:28:41,132 - INFO - [514/2052] Asymmetric unit already cached: 3PT3.cif
2026-05-04 06:28:41,132 - INFO - [514/2052] Biological assembly already cached: 3PT3-assembly1.cif
2026-05-04 06:28:41,333 - INFO - [515/2052] Asymmetric unit already cached: 3PTF.cif
2026-05-04 06:28:41,333 - INFO - [515/2052] Biological assembly already cached: 3PTF-assembly1.cif
2026-05-04 06:28:41,533 - INFO - [516/2052] Asymmetric unit already cached: 3PXA.cif
2026-05-04 06:28:41,534 - INFO - [516/2052] Biological assembly already cached: 3PXA-assembly1.cif
2026-05-04 06:28:41,734 - INFO - [517/2052] Asymmetric unit already cached: 3PXB.cif
2026-05-04 06:28:41,734 - INFO - [517/2052] Biological assembly already cached: 3PXB-assembly1.cif
2026-05-04 06:28:41,934 - INFO - [518/2052] Asymmetric unit already cached: 3PXC.cif
2026-05-04 06:28:41,935 - INFO - [518/2052] Biological assembly already cached: 3PXC-assembly1.cif
2026-05-04 06:28:42,135 - INFO - [519/2052] Asymmetric unit already cached: 3PXD.cif
2026-05-04 06:28:42,135 - INFO - [519/2052] Biological assembly already cached: 3PXD-assembly1.cif
2026-05-04 06:28:42,336 - INFO - [520/2052] Asymmetric unit already cached: 3PXE.cif
2026-05-04 06:28:42,336 - INFO - [520/2052] Biological assembly already cached: 3PXE-assembly1.cif
2026-05-04 06:28:42,536 - INFO - [521/2052] Asymmetric unit already cached: 3PYC.cif
2026-05-04 06:28:42,536 - INFO - [521/2052] Biological assembly already cached: 3PYC-assembly1.cif
2026-05-04 06:28:42,737 - INFO - [522/2052] Asymmetric unit already cached: 3Q1D.cif
2026-05-04 06:28:42,737 - INFO - [522/2052] Biological assembly already cached: 3Q1D-assembly1.cif
2026-05-04 06:28:42,937 - INFO - [523/2052] Asymmetric unit already cached: 3RPG.cif
2026-05-04 06:28:42,938 - INFO - [523/2052] Biological assembly already cached: 3RPG-assembly1.cif
2026-05-04 06:28:43,138 - INFO - [524/2052] Asymmetric unit already cached: 3RTR.cif
2026-05-04 06:28:43,138 - INFO - [524/2052] Biological assembly already cached: 3RTR-assembly1.cif
2026-05-04 06:28:43,339 - INFO - [525/2052] Asymmetric unit already cached: 3RZ3.cif
2026-05-04 06:28:43,339 - INFO - [525/2052] Biological assembly already cached: 3RZ3-assembly1.cif
2026-05-04 06:28:43,539 - INFO - [526/2052] Asymmetric unit already cached: 3SHB.cif
2026-05-04 06:28:43,539 - INFO - [526/2052] Biological assembly already cached: 3SHB-assembly1.cif
2026-05-04 06:28:43,740 - INFO - [527/2052] Asymmetric unit already cached: 3SOU.cif
2026-05-04 06:28:43,740 - INFO - [527/2052] Biological assembly already cached: 3SOU-assembly1.cif
2026-05-04 06:28:43,940 - INFO - [528/2052] Asymmetric unit already cached: 3SOW.cif
2026-05-04 06:28:43,941 - INFO - [528/2052] Biological assembly already cached: 3SOW-assembly1.cif
2026-05-04 06:28:44,141 - INFO - [529/2052] Asymmetric unit already cached: 3SOX.cif
2026-05-04 06:28:44,141 - INFO - [529/2052] Biological assembly already cached: 3SOX-assembly1.cif
2026-05-04 06:28:44,342 - INFO - [530/2052] Asymmetric unit already cached: 3SQV.cif
2026-05-04 06:28:44,342 - INFO - [530/2052] Biological assembly already cached: 3SQV-assembly1.cif
2026-05-04 06:28:44,542 - INFO - [531/2052] Asymmetric unit already cached: 3SVH.cif
2026-05-04 06:28:44,542 - INFO - [531/2052] Biological assembly already cached: 3SVH-assembly1.cif
2026-05-04 06:28:44,743 - INFO - [532/2052] Asymmetric unit already cached: 3SY2.cif
2026-05-04 06:28:44,743 - INFO - [532/2052] Biological assembly already cached: 3SY2-assembly1.cif
2026-05-04 06:28:44,943 - INFO - [533/2052] Asymmetric unit already cached: 3T6P.cif
2026-05-04 06:28:44,944 - INFO - [533/2052] Biological assembly already cached: 3T6P-assembly1.cif
2026-05-04 06:28:45,144 - INFO - [534/2052] Asymmetric unit already cached: 3T6R.cif
2026-05-04 06:28:45,144 - INFO - [534/2052] Biological assembly already cached: 3T6R-assembly1.cif
2026-05-04 06:28:45,345 - INFO - [535/2052] Asymmetric unit already cached: 3T92.cif
2026-05-04 06:28:45,345 - INFO - [535/2052] Biological assembly already cached: 3T92-assembly1.cif
2026-05-04 06:28:45,545 - INFO - [536/2052] Asymmetric unit already cached: 3TDU.cif
2026-05-04 06:28:45,545 - INFO - [536/2052] Biological assembly already cached: 3TDU-assembly1.cif
2026-05-04 06:28:45,746 - INFO - [537/2052] Asymmetric unit already cached: 3TDZ.cif
2026-05-04 06:28:45,746 - INFO - [537/2052] Biological assembly already cached: 3TDZ-assembly1.cif
2026-05-04 06:28:45,946 - INFO - [538/2052] Asymmetric unit already cached: 3TGD.cif
2026-05-04 06:28:45,947 - INFO - [538/2052] Biological assembly already cached: 3TGD-assembly1.cif
2026-05-04 06:28:46,147 - INFO - [539/2052] Asymmetric unit already cached: 3TIW.cif
2026-05-04 06:28:46,147 - INFO - [539/2052] Biological assembly already cached: 3TIW-assembly1.cif
2026-05-04 06:28:46,348 - INFO - [540/2052] Asymmetric unit already cached: 3TJ2.cif
2026-05-04 06:28:46,348 - INFO - [540/2052] Biological assembly already cached: 3TJ2-assembly1.cif
2026-05-04 06:28:46,548 - INFO - [541/2052] Asymmetric unit already cached: 3TPX.cif
2026-05-04 06:28:46,548 - INFO - [541/2052] Biological assembly already cached: 3TPX-assembly1.cif
2026-05-04 06:28:46,749 - INFO - [542/2052] Asymmetric unit already cached: 3TU1.cif
2026-05-04 06:28:46,749 - INFO - [542/2052] Biological assembly already cached: 3TU1-assembly1.cif
2026-05-04 06:28:46,949 - INFO - [543/2052] Asymmetric unit already cached: 3TUG.cif
2026-05-04 06:28:46,949 - INFO - [543/2052] Biological assembly already cached: 3TUG-assembly1.cif
2026-05-04 06:28:47,150 - INFO - [544/2052] Asymmetric unit already cached: 3U15.cif
2026-05-04 06:28:47,150 - INFO - [544/2052] Biological assembly already cached: 3U15-assembly1.cif
2026-05-04 06:28:47,350 - INFO - [545/2052] Asymmetric unit already cached: 3U5M.cif
2026-05-04 06:28:47,351 - INFO - [545/2052] Biological assembly already cached: 3U5M-assembly1.cif
2026-05-04 06:28:47,551 - INFO - [546/2052] Asymmetric unit already cached: 3U5N.cif
2026-05-04 06:28:47,551 - INFO - [546/2052] Biological assembly already cached: 3U5N-assembly1.cif
2026-05-04 06:28:47,751 - INFO - [547/2052] Asymmetric unit already cached: 3U5O.cif
2026-05-04 06:28:47,752 - INFO - [547/2052] Biological assembly already cached: 3U5O-assembly1.cif
2026-05-04 06:28:47,952 - INFO - [548/2052] Asymmetric unit already cached: 3U5P.cif
2026-05-04 06:28:47,952 - INFO - [548/2052] Biological assembly already cached: 3U5P-assembly1.cif
2026-05-04 06:28:48,153 - INFO - [549/2052] Asymmetric unit already cached: 3UGB.cif
2026-05-04 06:28:48,153 - INFO - [549/2052] Biological assembly already cached: 3UGB-assembly1.cif
2026-05-04 06:28:48,353 - INFO - [550/2052] Asymmetric unit already cached: 3UIN.cif
2026-05-04 06:28:48,353 - INFO - [550/2052] Biological assembly already cached: 3UIN-assembly1.cif
2026-05-04 06:28:48,554 - INFO - [551/2052] Asymmetric unit already cached: 3UIO.cif
2026-05-04 06:28:48,554 - INFO - [551/2052] Biological assembly already cached: 3UIO-assembly1.cif
2026-05-04 06:28:48,754 - INFO - [552/2052] Asymmetric unit already cached: 3UIP.cif
2026-05-04 06:28:48,755 - INFO - [552/2052] Biological assembly already cached: 3UIP-assembly1.cif
2026-05-04 06:28:48,955 - INFO - [553/2052] Asymmetric unit already cached: 3UVK.cif
2026-05-04 06:28:48,955 - INFO - [553/2052] Biological assembly already cached: 3UVK-assembly1.cif
2026-05-04 06:28:49,156 - INFO - [554/2052] Asymmetric unit already cached: 3UVL.cif
2026-05-04 06:28:49,156 - INFO - [554/2052] Biological assembly already cached: 3UVL-assembly1.cif
2026-05-04 06:28:49,356 - INFO - [555/2052] Asymmetric unit already cached: 3UW4.cif
2026-05-04 06:28:49,356 - INFO - [555/2052] Biological assembly already cached: 3UW4-assembly1.cif
2026-05-04 06:28:49,557 - INFO - [556/2052] Asymmetric unit already cached: 3UW5.cif
2026-05-04 06:28:49,557 - INFO - [556/2052] Biological assembly already cached: 3UW5-assembly1.cif
2026-05-04 06:28:49,757 - INFO - [557/2052] Asymmetric unit already cached: 3V3B.cif
2026-05-04 06:28:49,757 - INFO - [557/2052] Biological assembly already cached: 3V3B-assembly1.cif
2026-05-04 06:28:49,958 - INFO - [558/2052] Asymmetric unit already cached: 3V3L.cif
2026-05-04 06:28:49,958 - INFO - [558/2052] Biological assembly already cached: 3V3L-assembly1.cif
2026-05-04 06:28:50,158 - INFO - [559/2052] Asymmetric unit already cached: 3VBG.cif
2026-05-04 06:28:50,159 - INFO - [559/2052] Biological assembly already cached: 3VBG-assembly1.cif
2026-05-04 06:28:50,359 - INFO - [560/2052] Asymmetric unit already cached: 3VGO.cif
2026-05-04 06:28:50,359 - INFO - [560/2052] Biological assembly already cached: 3VGO-assembly1.cif
2026-05-04 06:28:50,560 - INFO - [561/2052] Asymmetric unit already cached: 3VON.cif
2026-05-04 06:28:50,560 - INFO - [561/2052] Biological assembly already cached: 3VON-assembly1.cif
2026-05-04 06:28:50,760 - INFO - [562/2052] Asymmetric unit already cached: 3VRN.cif
2026-05-04 06:28:50,760 - INFO - [562/2052] Biological assembly already cached: 3VRN-assembly1.cif
2026-05-04 06:28:50,961 - INFO - [563/2052] Asymmetric unit already cached: 3VRO.cif
2026-05-04 06:28:50,961 - INFO - [563/2052] Biological assembly already cached: 3VRO-assembly1.cif
2026-05-04 06:28:51,161 - INFO - [564/2052] Asymmetric unit already cached: 3VRP.cif
2026-05-04 06:28:51,161 - INFO - [564/2052] Biological assembly already cached: 3VRP-assembly1.cif
2026-05-04 06:28:51,362 - INFO - [565/2052] Asymmetric unit already cached: 3VRQ.cif
2026-05-04 06:28:51,362 - INFO - [565/2052] Biological assembly already cached: 3VRQ-assembly1.cif
2026-05-04 06:28:51,562 - INFO - [566/2052] Asymmetric unit already cached: 3VRR.cif
2026-05-04 06:28:51,563 - INFO - [566/2052] Biological assembly already cached: 3VRR-assembly1.cif
2026-05-04 06:28:51,763 - INFO - [567/2052] Asymmetric unit already cached: 3VZV.cif
2026-05-04 06:28:51,763 - INFO - [567/2052] Biological assembly already cached: 3VZV-assembly1.cif
2026-05-04 06:28:51,964 - INFO - [568/2052] Asymmetric unit already cached: 3W31.cif
2026-05-04 06:28:51,964 - INFO - [568/2052] Biological assembly already cached: 3W31-assembly1.cif
2026-05-04 06:28:52,164 - INFO - [569/2052] Asymmetric unit already cached: 3W69.cif
2026-05-04 06:28:52,164 - INFO - [569/2052] Biological assembly already cached: 3W69-assembly1.cif
2026-05-04 06:28:52,365 - INFO - [570/2052] Asymmetric unit already cached: 3X1O.cif
2026-05-04 06:28:52,365 - INFO - [570/2052] Biological assembly already cached: 3X1O-assembly1.cif
2026-05-04 06:28:52,565 - INFO - [571/2052] Asymmetric unit already cached: 3ZJB.cif
2026-05-04 06:28:52,565 - INFO - [571/2052] Biological assembly already cached: 3ZJB-assembly1.cif
2026-05-04 06:28:52,766 - INFO - [572/2052] Asymmetric unit already cached: 3ZNI.cif
2026-05-04 06:28:52,766 - INFO - [572/2052] Biological assembly already cached: 3ZNI-assembly1.cif
2026-05-04 06:28:52,966 - INFO - [573/2052] Asymmetric unit already cached: 3ZQS.cif
2026-05-04 06:28:52,967 - INFO - [573/2052] Biological assembly already cached: 3ZQS-assembly1.cif
2026-05-04 06:28:53,167 - INFO - [574/2052] Asymmetric unit already cached: 3ZTG.cif
2026-05-04 06:28:53,167 - INFO - [574/2052] Biological assembly already cached: 3ZTG-assembly1.cif
2026-05-04 06:28:53,368 - INFO - [575/2052] Asymmetric unit already cached: 3ZVY.cif
2026-05-04 06:28:53,368 - INFO - [575/2052] Biological assembly already cached: 3ZVY-assembly1.cif
2026-05-04 06:28:53,568 - INFO - [576/2052] Asymmetric unit already cached: 3ZVZ.cif
2026-05-04 06:28:53,568 - INFO - [576/2052] Biological assembly already cached: 3ZVZ-assembly1.cif
2026-05-04 06:28:53,769 - INFO - [577/2052] Asymmetric unit already cached: 4A49.cif
2026-05-04 06:28:53,769 - INFO - [577/2052] Biological assembly already cached: 4A49-assembly1.cif
2026-05-04 06:28:53,969 - INFO - [578/2052] Asymmetric unit already cached: 4A4B.cif
2026-05-04 06:28:53,969 - INFO - [578/2052] Biological assembly already cached: 4A4B-assembly1.cif
2026-05-04 06:28:54,170 - INFO - [579/2052] Asymmetric unit already cached: 4A4C.cif
2026-05-04 06:28:54,170 - INFO - [579/2052] Biological assembly already cached: 4A4C-assembly1.cif
2026-05-04 06:28:54,371 - INFO - [580/2052] Asymmetric unit already cached: 4A9K.cif
2026-05-04 06:28:54,371 - INFO - [580/2052] Biological assembly already cached: 4A9K-assembly1.cif
2026-05-04 06:28:54,571 - INFO - [581/2052] Asymmetric unit already cached: 4AP4.cif
2026-05-04 06:28:54,571 - INFO - [581/2052] Biological assembly already cached: 4AP4-assembly1.cif
2026-05-04 06:28:54,772 - INFO - [582/2052] Asymmetric unit already cached: 4AUQ.cif
2026-05-04 06:28:54,772 - INFO - [582/2052] Biological assembly already cached: 4AUQ-assembly1.cif
2026-05-04 06:28:54,972 - INFO - [583/2052] Asymmetric unit already cached: 4AYC.cif
2026-05-04 06:28:54,972 - INFO - [583/2052] Biological assembly already cached: 4AYC-assembly1.cif
2026-05-04 06:28:55,173 - INFO - [584/2052] Asymmetric unit already cached: 4B7Y.cif
2026-05-04 06:28:55,173 - INFO - [584/2052] Biological assembly already cached: 4B7Y-assembly1.cif
2026-05-04 06:28:55,374 - INFO - [585/2052] Asymmetric unit already cached: 4B86.cif
2026-05-04 06:28:55,374 - INFO - [585/2052] Biological assembly already cached: 4B86-assembly1.cif
2026-05-04 06:28:55,574 - INFO - [586/2052] Asymmetric unit already cached: 4BBN.cif
2026-05-04 06:28:55,574 - INFO - [586/2052] Biological assembly already cached: 4BBN-assembly1.cif
2026-05-04 06:28:55,775 - INFO - [587/2052] Asymmetric unit already cached: 4BE8.cif
2026-05-04 06:28:55,775 - INFO - [587/2052] Biological assembly already cached: 4BE8-assembly1.cif
2026-05-04 06:28:55,975 - INFO - [588/2052] Asymmetric unit already cached: 4BHW.cif
2026-05-04 06:28:55,975 - INFO - [588/2052] Biological assembly already cached: 4BHW-assembly1.cif
2026-05-04 06:28:56,176 - INFO - [589/2052] Asymmetric unit already cached: 4BM9.cif
2026-05-04 06:28:56,176 - INFO - [589/2052] Biological assembly already cached: 4BM9-assembly1.cif
2026-05-04 06:28:56,376 - INFO - [590/2052] Asymmetric unit already cached: 4BVU.cif
2026-05-04 06:28:56,377 - INFO - [590/2052] Biological assembly already cached: 4BVU-assembly1.cif
2026-05-04 06:28:56,577 - INFO - [591/2052] Asymmetric unit already cached: 4C9Z.cif
2026-05-04 06:28:56,577 - INFO - [591/2052] Biological assembly already cached: 4C9Z-assembly1.cif
2026-05-04 06:28:56,778 - INFO - [592/2052] Asymmetric unit already cached: 4CA1.cif
2026-05-04 06:28:56,778 - INFO - [592/2052] Biological assembly already cached: 4CA1-assembly1.cif
2026-05-04 06:28:56,978 - INFO - [593/2052] Asymmetric unit already cached: 4CCG.cif
2026-05-04 06:28:56,978 - INFO - [593/2052] Biological assembly already cached: 4CCG-assembly1.cif
2026-05-04 06:28:57,179 - INFO - [594/2052] Asymmetric unit already cached: 4CFG.cif
2026-05-04 06:28:57,179 - INFO - [594/2052] Biological assembly already cached: 4CFG-assembly1.cif
2026-05-04 06:28:57,379 - INFO - [595/2052] Asymmetric unit already cached: 4DBG.cif
2026-05-04 06:28:57,379 - INFO - [595/2052] Biological assembly already cached: 4DBG-assembly1.cif
2026-05-04 06:28:57,580 - INFO - [596/2052] Asymmetric unit already cached: 4DDG.cif
2026-05-04 06:28:57,580 - INFO - [596/2052] Biological assembly already cached: 4DDG-assembly1.cif
2026-05-04 06:28:57,780 - INFO - [597/2052] Asymmetric unit already cached: 4DDI.cif
2026-05-04 06:28:57,781 - INFO - [597/2052] Biological assembly already cached: 4DDI-assembly1.cif
2026-05-04 06:28:57,981 - INFO - [598/2052] Asymmetric unit already cached: 4DHI.cif
2026-05-04 06:28:57,981 - INFO - [598/2052] Biological assembly already cached: 4DHI-assembly1.cif
2026-05-04 06:28:58,182 - INFO - [599/2052] Asymmetric unit already cached: 4DHJ.cif
2026-05-04 06:28:58,182 - INFO - [599/2052] Biological assembly already cached: 4DHJ-assembly1.cif
2026-05-04 06:28:58,382 - INFO - [600/2052] Asymmetric unit already cached: 4DHZ.cif
2026-05-04 06:28:58,382 - INFO - [600/2052] Biological assembly already cached: 4DHZ-assembly1.cif
2026-05-04 06:28:58,583 - INFO - [601/2052] Asymmetric unit already cached: 4DIJ.cif
2026-05-04 06:28:58,583 - INFO - [601/2052] Biological assembly already cached: 4DIJ-assembly1.cif
2026-05-04 06:28:58,783 - INFO - [602/2052] Asymmetric unit already cached: 4EB9.cif
2026-05-04 06:28:58,783 - INFO - [602/2052] Biological assembly already cached: 4EB9-assembly1.cif
2026-05-04 06:28:58,984 - INFO - [603/2052] Asymmetric unit already cached: 4EC4.cif
2026-05-04 06:28:58,984 - INFO - [603/2052] Biological assembly already cached: 4EC4-assembly1.cif
2026-05-04 06:28:59,184 - INFO - [604/2052] Asymmetric unit already cached: 4ERE.cif
2026-05-04 06:28:59,184 - INFO - [604/2052] Biological assembly already cached: 4ERE-assembly1.cif
2026-05-04 06:28:59,385 - INFO - [605/2052] Asymmetric unit already cached: 4ERF.cif
2026-05-04 06:28:59,385 - INFO - [605/2052] Biological assembly already cached: 4ERF-assembly1.cif
2026-05-04 06:28:59,585 - INFO - [606/2052] Asymmetric unit already cached: 4ERQ.cif
2026-05-04 06:28:59,586 - INFO - [606/2052] Biological assembly already cached: 4ERQ-assembly1.cif
2026-05-04 06:28:59,786 - INFO - [607/2052] Asymmetric unit already cached: 4ERY.cif
2026-05-04 06:28:59,786 - INFO - [607/2052] Biological assembly already cached: 4ERY-assembly1.cif
2026-05-04 06:28:59,987 - INFO - [608/2052] Asymmetric unit already cached: 4F52.cif
2026-05-04 06:28:59,987 - INFO - [608/2052] Biological assembly already cached: 4F52-assembly1.cif
2026-05-04 06:29:00,187 - INFO - [609/2052] Asymmetric unit already cached: 4FO9.cif
2026-05-04 06:29:00,187 - INFO - [609/2052] Biological assembly already cached: 4FO9-assembly1.cif
2026-05-04 06:29:00,388 - INFO - [610/2052] Asymmetric unit already cached: 4G3O.cif
2026-05-04 06:29:00,388 - INFO - [610/2052] Biological assembly already cached: 4G3O-assembly1.cif
2026-05-04 06:29:00,588 - INFO - [611/2052] Asymmetric unit already cached: 4GAO.cif
2026-05-04 06:29:00,588 - INFO - [611/2052] Biological assembly already cached: 4GAO-assembly1.cif
2026-05-04 06:29:00,789 - INFO - [612/2052] Asymmetric unit already cached: 4GB0.cif
2026-05-04 06:29:00,789 - INFO - [612/2052] Biological assembly already cached: 4GB0-assembly1.cif
2026-05-04 06:29:00,990 - INFO - [613/2052] Asymmetric unit already cached: 4GBA.cif
2026-05-04 06:29:00,990 - INFO - [613/2052] Biological assembly already cached: 4GBA-assembly1.cif
2026-05-04 06:29:01,190 - INFO - [614/2052] Asymmetric unit already cached: 4GIZ.cif
2026-05-04 06:29:01,190 - INFO - [614/2052] Biological assembly already cached: 4GIZ-assembly1.cif
2026-05-04 06:29:01,391 - INFO - [615/2052] Asymmetric unit already cached: 4GPL.cif
2026-05-04 06:29:01,391 - INFO - [615/2052] Biological assembly already cached: 4GPL-assembly1.cif
2026-05-04 06:29:01,591 - INFO - [616/2052] Asymmetric unit already cached: 4GY5.cif
2026-05-04 06:29:01,591 - INFO - [616/2052] Biological assembly already cached: 4GY5-assembly1.cif
2026-05-04 06:29:01,792 - INFO - [617/2052] Asymmetric unit already cached: 4HBM.cif
2026-05-04 06:29:01,792 - INFO - [617/2052] Biological assembly already cached: 4HBM-assembly1.cif
2026-05-04 06:29:01,993 - INFO - [618/2052] Asymmetric unit already cached: 4HFZ.cif
2026-05-04 06:29:01,993 - INFO - [618/2052] Biological assembly already cached: 4HFZ-assembly1.cif
2026-05-04 06:29:02,193 - INFO - [619/2052] Asymmetric unit already cached: 4HG7.cif
2026-05-04 06:29:02,193 - INFO - [619/2052] Biological assembly already cached: 4HG7-assembly1.cif
2026-05-04 06:29:02,394 - INFO - [620/2052] Asymmetric unit already cached: 4HPL.cif
2026-05-04 06:29:02,394 - INFO - [620/2052] Biological assembly already cached: 4HPL-assembly1.cif
2026-05-04 06:29:02,594 - INFO - [621/2052] Asymmetric unit already cached: 4HPM.cif
2026-05-04 06:29:02,594 - INFO - [621/2052] Biological assembly already cached: 4HPM-assembly1.cif
2026-05-04 06:29:02,795 - INFO - [622/2052] Asymmetric unit already cached: 4HRE.cif
2026-05-04 06:29:02,795 - INFO - [622/2052] Biological assembly already cached: 4HRE-assembly1.cif
2026-05-04 06:29:02,995 - INFO - [623/2052] Asymmetric unit already cached: 4HRH.cif
2026-05-04 06:29:02,996 - INFO - [623/2052] Biological assembly already cached: 4HRH-assembly1.cif
2026-05-04 06:29:03,196 - INFO - [624/2052] Asymmetric unit already cached: 4HY0.cif
2026-05-04 06:29:03,196 - INFO - [624/2052] Biological assembly already cached: 4HY0-assembly1.cif
2026-05-04 06:29:03,397 - INFO - [625/2052] Asymmetric unit already cached: 4HY4.cif
2026-05-04 06:29:03,397 - INFO - [625/2052] Biological assembly already cached: 4HY4-assembly1.cif
2026-05-04 06:29:03,597 - INFO - [626/2052] Asymmetric unit already cached: 4HY5.cif
2026-05-04 06:29:03,597 - INFO - [626/2052] Biological assembly already cached: 4HY5-assembly1.cif
2026-05-04 06:29:03,798 - INFO - [627/2052] Asymmetric unit already cached: 4I1F.cif
2026-05-04 06:29:03,798 - INFO - [627/2052] Biological assembly already cached: 4I1F-assembly1.cif
2026-05-04 06:29:03,998 - INFO - [628/2052] Asymmetric unit already cached: 4I1H.cif
2026-05-04 06:29:03,998 - INFO - [628/2052] Biological assembly already cached: 4I1H-assembly1.cif
2026-05-04 06:29:04,199 - INFO - [629/2052] Asymmetric unit already cached: 4I7B.cif
2026-05-04 06:29:04,199 - INFO - [629/2052] Biological assembly already cached: 4I7B-assembly1.cif
2026-05-04 06:29:04,399 - INFO - [630/2052] Asymmetric unit already cached: 4I7C.cif
2026-05-04 06:29:04,399 - INFO - [630/2052] Biological assembly already cached: 4I7C-assembly1.cif
2026-05-04 06:29:04,600 - INFO - [631/2052] Asymmetric unit already cached: 4I7D.cif
2026-05-04 06:29:04,600 - INFO - [631/2052] Biological assembly already cached: 4I7D-assembly1.cif
2026-05-04 06:29:04,800 - INFO - [632/2052] Asymmetric unit already cached: 4IC2.cif
2026-05-04 06:29:04,801 - INFO - [632/2052] Biological assembly already cached: 4IC2-assembly1.cif
2026-05-04 06:29:05,001 - INFO - [633/2052] Asymmetric unit already cached: 4IC3.cif
2026-05-04 06:29:05,001 - INFO - [633/2052] Biological assembly already cached: 4IC3-assembly1.cif
2026-05-04 06:29:05,202 - INFO - [634/2052] Asymmetric unit already cached: 4IFI.cif
2026-05-04 06:29:05,202 - INFO - [634/2052] Biological assembly already cached: 4IFI-assembly1.cif
2026-05-04 06:29:05,402 - INFO - [635/2052] Asymmetric unit already cached: 4IGK.cif
2026-05-04 06:29:05,402 - INFO - [635/2052] Biological assembly already cached: 4IGK-assembly1.cif
2026-05-04 06:29:05,603 - INFO - [636/2052] Asymmetric unit already cached: 4IP3.cif
2026-05-04 06:29:05,603 - INFO - [636/2052] Biological assembly already cached: 4IP3-assembly1.cif
2026-05-04 06:29:05,803 - INFO - [637/2052] Asymmetric unit already cached: 4J3Y.cif
2026-05-04 06:29:05,803 - INFO - [637/2052] Biological assembly already cached: 4J3Y-assembly1.cif
2026-05-04 06:29:06,004 - INFO - [638/2052] Asymmetric unit already cached: 4J44.cif
2026-05-04 06:29:06,004 - INFO - [638/2052] Biological assembly already cached: 4J44-assembly1.cif
2026-05-04 06:29:06,204 - INFO - [639/2052] Asymmetric unit already cached: 4J45.cif
2026-05-04 06:29:06,205 - INFO - [639/2052] Biological assembly already cached: 4J45-assembly1.cif
2026-05-04 06:29:06,405 - INFO - [640/2052] Asymmetric unit already cached: 4J46.cif
2026-05-04 06:29:06,405 - INFO - [640/2052] Biological assembly already cached: 4J46-assembly1.cif
2026-05-04 06:29:06,606 - INFO - [641/2052] Asymmetric unit already cached: 4J47.cif
2026-05-04 06:29:06,606 - INFO - [641/2052] Biological assembly already cached: 4J47-assembly1.cif
2026-05-04 06:29:06,806 - INFO - [642/2052] Asymmetric unit already cached: 4J48.cif
2026-05-04 06:29:06,806 - INFO - [642/2052] Biological assembly already cached: 4J48-assembly1.cif
2026-05-04 06:29:07,007 - INFO - [643/2052] Asymmetric unit already cached: 4JJQ.cif
2026-05-04 06:29:07,007 - INFO - [643/2052] Biological assembly already cached: 4JJQ-assembly1.cif
2026-05-04 06:29:07,207 - INFO - [644/2052] Asymmetric unit already cached: 4JLU.cif
2026-05-04 06:29:07,208 - INFO - [644/2052] Biological assembly already cached: 4JLU-assembly1.cif
2026-05-04 06:29:07,408 - INFO - [645/2052] Asymmetric unit already cached: 4JUY.cif
2026-05-04 06:29:07,408 - INFO - [645/2052] Biological assembly already cached: 4JUY-assembly1.cif
2026-05-04 06:29:07,609 - INFO - [646/2052] Asymmetric unit already cached: 4JV7.cif
2026-05-04 06:29:07,609 - INFO - [646/2052] Biological assembly already cached: 4JV7-assembly1.cif
2026-05-04 06:29:07,809 - INFO - [647/2052] Asymmetric unit already cached: 4JV9.cif
2026-05-04 06:29:07,809 - INFO - [647/2052] Biological assembly already cached: 4JV9-assembly1.cif
2026-05-04 06:29:08,010 - INFO - [648/2052] Asymmetric unit already cached: 4JVE.cif
2026-05-04 06:29:08,010 - INFO - [648/2052] Biological assembly already cached: 4JVE-assembly1.cif
2026-05-04 06:29:08,210 - INFO - [649/2052] Asymmetric unit already cached: 4JVR.cif
2026-05-04 06:29:08,211 - INFO - [649/2052] Biological assembly already cached: 4JVR-assembly1.cif
2026-05-04 06:29:08,411 - INFO - [650/2052] Asymmetric unit already cached: 4JWR.cif
2026-05-04 06:29:08,411 - INFO - [650/2052] Biological assembly already cached: 4JWR-assembly1.cif
2026-05-04 06:29:08,612 - INFO - [651/2052] Asymmetric unit already cached: 4K8U.cif
2026-05-04 06:29:08,612 - INFO - [651/2052] Biological assembly already cached: 4K8U-assembly1.cif
2026-05-04 06:29:08,812 - INFO - [652/2052] Asymmetric unit already cached: 4KBL.cif
2026-05-04 06:29:08,812 - INFO - [652/2052] Biological assembly already cached: 4KBL-assembly1.cif
2026-05-04 06:29:09,013 - INFO - [653/2052] Asymmetric unit already cached: 4KBQ.cif
2026-05-04 06:29:09,013 - INFO - [653/2052] Biological assembly already cached: 4KBQ-assembly1.cif
2026-05-04 06:29:09,213 - INFO - [654/2052] Asymmetric unit already cached: 4KC9.cif
2026-05-04 06:29:09,213 - INFO - [654/2052] Biological assembly already cached: 4KC9-assembly1.cif
2026-05-04 06:29:09,414 - INFO - [655/2052] Asymmetric unit already cached: 4KJU.cif
2026-05-04 06:29:09,414 - INFO - [655/2052] Biological assembly already cached: 4KJU-assembly1.cif
2026-05-04 06:29:09,614 - INFO - [656/2052] Asymmetric unit already cached: 4KJV.cif
2026-05-04 06:29:09,615 - INFO - [656/2052] Biological assembly already cached: 4KJV-assembly1.cif
2026-05-04 06:29:09,815 - INFO - [657/2052] Asymmetric unit already cached: 4KMN.cif
2026-05-04 06:29:09,815 - INFO - [657/2052] Biological assembly already cached: 4KMN-assembly1.cif
2026-05-04 06:29:10,016 - INFO - [658/2052] Asymmetric unit already cached: 4KMP.cif
2026-05-04 06:29:10,016 - INFO - [658/2052] Biological assembly already cached: 4KMP-assembly1.cif
2026-05-04 06:29:10,216 - INFO - [659/2052] Asymmetric unit already cached: 4KNG.cif
2026-05-04 06:29:10,216 - INFO - [659/2052] Biological assembly already cached: 4KNG-assembly1.cif
2026-05-04 06:29:10,417 - INFO - [660/2052] Asymmetric unit already cached: 4L1M.cif
2026-05-04 06:29:10,417 - INFO - [660/2052] Biological assembly already cached: 4L1M-assembly1.cif
2026-05-04 06:29:10,617 - INFO - [661/2052] Asymmetric unit already cached: 4LAD.cif
2026-05-04 06:29:10,617 - INFO - [661/2052] Biological assembly already cached: 4LAD-assembly1.cif
2026-05-04 06:29:10,818 - INFO - [662/2052] Asymmetric unit already cached: 4LDT.cif
2026-05-04 06:29:10,818 - INFO - [662/2052] Biological assembly already cached: 4LDT-assembly1.cif
2026-05-04 06:29:11,019 - INFO - [663/2052] Asymmetric unit already cached: 4LG8.cif
2026-05-04 06:29:11,019 - INFO - [663/2052] Biological assembly already cached: 4LG8-assembly1.cif
2026-05-04 06:29:11,219 - INFO - [664/2052] Asymmetric unit already cached: 4LGE.cif
2026-05-04 06:29:11,219 - INFO - [664/2052] Biological assembly already cached: 4LGE-assembly1.cif
2026-05-04 06:29:11,420 - INFO - [665/2052] Asymmetric unit already cached: 4LGU.cif
2026-05-04 06:29:11,420 - INFO - [665/2052] Biological assembly already cached: 4LGU-assembly1.cif
2026-05-04 06:29:11,620 - INFO - [666/2052] Asymmetric unit already cached: 4LJO.cif
2026-05-04 06:29:11,620 - INFO - [666/2052] Biological assembly already cached: 4LJO-assembly1.cif
2026-05-04 06:29:11,821 - INFO - [667/2052] Asymmetric unit already cached: 4LJP.cif
2026-05-04 06:29:11,821 - INFO - [667/2052] Biological assembly already cached: 4LJP-assembly1.cif
2026-05-04 06:29:12,022 - INFO - [668/2052] Asymmetric unit already cached: 4LJQ.cif
2026-05-04 06:29:12,022 - INFO - [668/2052] Biological assembly already cached: 4LJQ-assembly1.cif
2026-05-04 06:29:12,222 - INFO - [669/2052] Asymmetric unit already cached: 4LTB.cif
2026-05-04 06:29:12,222 - INFO - [669/2052] Biological assembly already cached: 4LTB-assembly1.cif
2026-05-04 06:29:12,423 - INFO - [670/2052] Asymmetric unit already cached: 4M3L.cif
2026-05-04 06:29:12,423 - INFO - [670/2052] Biological assembly already cached: 4M3L-assembly1.cif
2026-05-04 06:29:12,623 - INFO - [671/2052] Asymmetric unit already cached: 4M4E.cif
2026-05-04 06:29:12,623 - INFO - [671/2052] Biological assembly already cached: 4M4E-assembly1.cif
2026-05-04 06:29:12,824 - INFO - [672/2052] Asymmetric unit already cached: 4MDK.cif
2026-05-04 06:29:12,824 - INFO - [672/2052] Biological assembly already cached: 4MDK-assembly1.cif
2026-05-04 06:29:13,024 - INFO - [673/2052] Asymmetric unit already cached: 4MDN.cif
2026-05-04 06:29:13,025 - INFO - [673/2052] Biological assembly already cached: 4MDN-assembly1.cif
2026-05-04 06:29:13,225 - INFO - [674/2052] Asymmetric unit already cached: 4MDQ.cif
2026-05-04 06:29:13,225 - INFO - [674/2052] Biological assembly already cached: 4MDQ-assembly1.cif
2026-05-04 06:29:13,426 - INFO - [675/2052] Asymmetric unit already cached: 4MJS.cif
2026-05-04 06:29:13,426 - INFO - [675/2052] Biological assembly already cached: 4MJS-assembly1.cif
2026-05-04 06:29:13,626 - INFO - [676/2052] Asymmetric unit already cached: 4MTI.cif
2026-05-04 06:29:13,626 - INFO - [676/2052] Biological assembly already cached: 4MTI-assembly1.cif
2026-05-04 06:29:13,827 - INFO - [677/2052] Asymmetric unit already cached: 4MTZ.cif
2026-05-04 06:29:13,827 - INFO - [677/2052] Biological assembly already cached: 4MTZ-assembly1.cif
2026-05-04 06:29:14,027 - INFO - [678/2052] Asymmetric unit already cached: 4MU7.cif
2026-05-04 06:29:14,027 - INFO - [678/2052] Biological assembly already cached: 4MU7-assembly1.cif
2026-05-04 06:29:14,228 - INFO - [679/2052] Asymmetric unit already cached: 4N3W.cif
2026-05-04 06:29:14,228 - INFO - [679/2052] Biological assembly already cached: 4N3W-assembly1.cif
2026-05-04 06:29:14,428 - INFO - [680/2052] Asymmetric unit already cached: 4N4F.cif
2026-05-04 06:29:14,429 - INFO - [680/2052] Biological assembly already cached: 4N4F-assembly1.cif
2026-05-04 06:29:14,629 - INFO - [681/2052] Asymmetric unit already cached: 4N7F.cif
2026-05-04 06:29:14,629 - INFO - [681/2052] Biological assembly already cached: 4N7F-assembly1.cif
2026-05-04 06:29:14,830 - INFO - [682/2052] Asymmetric unit already cached: 4N7H.cif
2026-05-04 06:29:14,830 - INFO - [682/2052] Biological assembly already cached: 4N7H-assembly1.cif
2026-05-04 06:29:15,030 - INFO - [683/2052] Asymmetric unit already cached: 4NQJ.cif
2026-05-04 06:29:15,030 - INFO - [683/2052] Biological assembly already cached: 4NQJ-assembly1.cif
2026-05-04 06:29:15,231 - INFO - [684/2052] Asymmetric unit already cached: 4NR3.cif
2026-05-04 06:29:15,231 - INFO - [684/2052] Biological assembly already cached: 4NR3-assembly1.cif
2026-05-04 06:29:15,431 - INFO - [685/2052] Asymmetric unit already cached: 4NR4.cif
2026-05-04 06:29:15,432 - INFO - [685/2052] Biological assembly already cached: 4NR4-assembly1.cif
2026-05-04 06:29:15,632 - INFO - [686/2052] Asymmetric unit already cached: 4NR5.cif
2026-05-04 06:29:15,632 - INFO - [686/2052] Biological assembly already cached: 4NR5-assembly1.cif
2026-05-04 06:29:15,833 - INFO - [687/2052] Asymmetric unit already cached: 4NR6.cif
2026-05-04 06:29:15,833 - INFO - [687/2052] Biological assembly already cached: 4NR6-assembly1.cif
2026-05-04 06:29:16,033 - INFO - [688/2052] Asymmetric unit already cached: 4NR7.cif
2026-05-04 06:29:16,033 - INFO - [688/2052] Biological assembly already cached: 4NR7-assembly1.cif
2026-05-04 06:29:16,234 - INFO - [689/2052] Asymmetric unit already cached: 4NRG.cif
2026-05-04 06:29:16,234 - INFO - [689/2052] Biological assembly already cached: 4NRG-assembly1.cif
2026-05-04 06:29:16,434 - INFO - [690/2052] Asymmetric unit already cached: 4NRI.cif
2026-05-04 06:29:16,435 - INFO - [690/2052] Biological assembly already cached: 4NRI-assembly1.cif
2026-05-04 06:29:16,635 - INFO - [691/2052] Asymmetric unit already cached: 4NYV.cif
2026-05-04 06:29:16,635 - INFO - [691/2052] Biological assembly already cached: 4NYV-assembly1.cif
2026-05-04 06:29:16,836 - INFO - [692/2052] Asymmetric unit already cached: 4NYW.cif
2026-05-04 06:29:16,836 - INFO - [692/2052] Biological assembly already cached: 4NYW-assembly1.cif
2026-05-04 06:29:17,036 - INFO - [693/2052] Asymmetric unit already cached: 4NYX.cif
2026-05-04 06:29:17,036 - INFO - [693/2052] Biological assembly already cached: 4NYX-assembly1.cif
2026-05-04 06:29:17,237 - INFO - [694/2052] Asymmetric unit already cached: 4O2W.cif
2026-05-04 06:29:17,237 - INFO - [694/2052] Biological assembly already cached: 4O2W-assembly1.cif
2026-05-04 06:29:17,437 - INFO - [695/2052] Asymmetric unit already cached: 4OAS.cif
2026-05-04 06:29:17,438 - INFO - [695/2052] Biological assembly already cached: 4OAS-assembly1.cif
2026-05-04 06:29:17,638 - INFO - [696/2052] Asymmetric unit already cached: 4OBA.cif
2026-05-04 06:29:17,638 - INFO - [696/2052] Biological assembly already cached: 4OBA-assembly1.cif
2026-05-04 06:29:17,839 - INFO - [697/2052] Asymmetric unit already cached: 4OCC.cif
2026-05-04 06:29:17,839 - INFO - [697/2052] Biological assembly already cached: 4OCC-assembly1.cif
2026-05-04 06:29:18,039 - INFO - [698/2052] Asymmetric unit already cached: 4ODE.cif
2026-05-04 06:29:18,039 - INFO - [698/2052] Biological assembly already cached: 4ODE-assembly1.cif
2026-05-04 06:29:18,240 - INFO - [699/2052] Asymmetric unit already cached: 4ODF.cif
2026-05-04 06:29:18,240 - INFO - [699/2052] Biological assembly already cached: 4ODF-assembly1.cif
2026-05-04 06:29:18,440 - INFO - [700/2052] Asymmetric unit already cached: 4OFB.cif
2026-05-04 06:29:18,441 - INFO - [700/2052] Biological assembly already cached: 4OFB-assembly1.cif
2026-05-04 06:29:18,641 - INFO - [701/2052] Asymmetric unit already cached: 4OGN.cif
2026-05-04 06:29:18,641 - INFO - [701/2052] Biological assembly already cached: 4OGN-assembly1.cif
2026-05-04 06:29:18,842 - INFO - [702/2052] Asymmetric unit already cached: 4OGT.cif
2026-05-04 06:29:18,842 - INFO - [702/2052] Biological assembly already cached: 4OGT-assembly1.cif
2026-05-04 06:29:19,042 - INFO - [703/2052] Asymmetric unit already cached: 4OGV.cif
2026-05-04 06:29:19,042 - INFO - [703/2052] Biological assembly already cached: 4OGV-assembly1.cif
2026-05-04 06:29:19,243 - INFO - [704/2052] Asymmetric unit already cached: 4ONL.cif
2026-05-04 06:29:19,243 - INFO - [704/2052] Biological assembly already cached: 4ONL-assembly1.cif
2026-05-04 06:29:19,443 - INFO - [705/2052] Asymmetric unit already cached: 4ONM.cif
2026-05-04 06:29:19,444 - INFO - [705/2052] Biological assembly already cached: 4ONM-assembly1.cif
2026-05-04 06:29:19,644 - INFO - [706/2052] Asymmetric unit already cached: 4ONN.cif
2026-05-04 06:29:19,644 - INFO - [706/2052] Biological assembly already cached: 4ONN-assembly1.cif
2026-05-04 06:29:19,844 - INFO - [707/2052] Asymmetric unit already cached: 4OQ3.cif
2026-05-04 06:29:19,845 - INFO - [707/2052] Biological assembly already cached: 4OQ3-assembly1.cif
2026-05-04 06:29:20,045 - INFO - [708/2052] Asymmetric unit already cached: 4ORH.cif
2026-05-04 06:29:20,045 - INFO - [708/2052] Biological assembly already cached: 4ORH-assembly1.cif
2026-05-04 06:29:20,246 - INFO - [709/2052] Asymmetric unit already cached: 4OUF.cif
2026-05-04 06:29:20,246 - INFO - [709/2052] Biological assembly already cached: 4OUF-assembly1.cif
2026-05-04 06:29:20,446 - INFO - [710/2052] Asymmetric unit already cached: 4OWF.cif
2026-05-04 06:29:20,446 - INFO - [710/2052] Biological assembly already cached: 4OWF-assembly1.cif
2026-05-04 06:29:20,647 - INFO - [711/2052] Asymmetric unit already cached: 4OXC.cif
2026-05-04 06:29:20,647 - INFO - [711/2052] Biological assembly already cached: 4OXC-assembly1.cif
2026-05-04 06:29:20,847 - INFO - [712/2052] Asymmetric unit already cached: 4OYJ.cif
2026-05-04 06:29:20,848 - INFO - [712/2052] Biological assembly already cached: 4OYJ-assembly1.cif
2026-05-04 06:29:21,048 - INFO - [713/2052] Asymmetric unit already cached: 4OYK.cif
2026-05-04 06:29:21,048 - INFO - [713/2052] Biological assembly already cached: 4OYK-assembly1.cif
2026-05-04 06:29:21,249 - INFO - [714/2052] Asymmetric unit already cached: 4P09.cif
2026-05-04 06:29:21,249 - INFO - [714/2052] Biological assembly already cached: 4P09-assembly1.cif
2026-05-04 06:29:21,449 - INFO - [715/2052] Asymmetric unit already cached: 4P0A.cif
2026-05-04 06:29:21,449 - INFO - [715/2052] Biological assembly already cached: 4P0A-assembly1.cif
2026-05-04 06:29:21,650 - INFO - [716/2052] Asymmetric unit already cached: 4P0B.cif
2026-05-04 06:29:21,650 - INFO - [716/2052] Biological assembly already cached: 4P0B-assembly1.cif
2026-05-04 06:29:21,850 - INFO - [717/2052] Asymmetric unit already cached: 4P5O.cif
2026-05-04 06:29:21,851 - INFO - [717/2052] Biological assembly already cached: 4P5O-assembly1.cif
2026-05-04 06:29:22,051 - INFO - [718/2052] Asymmetric unit already cached: 4PPE.cif
2026-05-04 06:29:22,051 - INFO - [718/2052] Biological assembly already cached: 4PPE-assembly1.cif
2026-05-04 06:29:22,252 - INFO - [719/2052] Asymmetric unit already cached: 4PW5.cif
2026-05-04 06:29:22,252 - INFO - [719/2052] Biological assembly already cached: 4PW5-assembly1.cif
2026-05-04 06:29:22,452 - INFO - [720/2052] Asymmetric unit already cached: 4PW6.cif
2026-05-04 06:29:22,452 - INFO - [720/2052] Biological assembly already cached: 4PW6-assembly1.cif
2026-05-04 06:29:22,653 - INFO - [721/2052] Asymmetric unit already cached: 4PW7.cif
2026-05-04 06:29:22,653 - INFO - [721/2052] Biological assembly already cached: 4PW7-assembly1.cif
2026-05-04 06:29:22,853 - INFO - [722/2052] Asymmetric unit already cached: 4PZR.cif
2026-05-04 06:29:22,854 - INFO - [722/2052] Biological assembly already cached: 4PZR-assembly1.cif
2026-05-04 06:29:23,054 - INFO - [723/2052] Asymmetric unit already cached: 4PZS.cif
2026-05-04 06:29:23,054 - INFO - [723/2052] Biological assembly already cached: 4PZS-assembly1.cif
2026-05-04 06:29:23,255 - INFO - [724/2052] Asymmetric unit already cached: 4PZT.cif
2026-05-04 06:29:23,255 - INFO - [724/2052] Biological assembly already cached: 4PZT-assembly1.cif
2026-05-04 06:29:23,455 - INFO - [725/2052] Asymmetric unit already cached: 4Q5E.cif
2026-05-04 06:29:23,455 - INFO - [725/2052] Biological assembly already cached: 4Q5E-assembly1.cif
2026-05-04 06:29:23,656 - INFO - [726/2052] Asymmetric unit already cached: 4Q5H.cif
2026-05-04 06:29:23,656 - INFO - [726/2052] Biological assembly already cached: 4Q5H-assembly1.cif
2026-05-04 06:29:23,856 - INFO - [727/2052] Asymmetric unit already cached: 4QIK.cif
2026-05-04 06:29:23,857 - INFO - [727/2052] Biological assembly already cached: 4QIK-assembly1.cif
2026-05-04 06:29:24,057 - INFO - [728/2052] Asymmetric unit already cached: 4QIL.cif
2026-05-04 06:29:24,057 - INFO - [728/2052] Biological assembly already cached: 4QIL-assembly1.cif
2026-05-04 06:29:24,258 - INFO - [729/2052] Asymmetric unit already cached: 4QN1.cif
2026-05-04 06:29:24,258 - INFO - [729/2052] Biological assembly already cached: 4QN1-assembly1.cif
2026-05-04 06:29:24,458 - INFO - [730/2052] Asymmetric unit already cached: 4QO4.cif
2026-05-04 06:29:24,458 - INFO - [730/2052] Biological assembly already cached: 4QO4-assembly1.cif
2026-05-04 06:29:24,659 - INFO - [731/2052] Asymmetric unit already cached: 4QOC.cif
2026-05-04 06:29:24,659 - INFO - [731/2052] Biological assembly already cached: 4QOC-assembly1.cif
2026-05-04 06:29:24,860 - INFO - [732/2052] Asymmetric unit already cached: 4QPL.cif
2026-05-04 06:29:24,860 - INFO - [732/2052] Biological assembly already cached: 4QPL-assembly1.cif
2026-05-04 06:29:25,060 - INFO - [733/2052] Asymmetric unit already cached: 4QQD.cif
2026-05-04 06:29:25,060 - INFO - [733/2052] Biological assembly already cached: 4QQD-assembly1.cif
2026-05-04 06:29:25,261 - INFO - [734/2052] Asymmetric unit already cached: 4QT6.cif
2026-05-04 06:29:25,261 - INFO - [734/2052] Biological assembly already cached: 4QT6-assembly1.cif
2026-05-04 06:29:25,461 - INFO - [735/2052] Asymmetric unit already cached: 4R2Y.cif
2026-05-04 06:29:25,461 - INFO - [735/2052] Biological assembly already cached: 4R2Y-assembly1.cif
2026-05-04 06:29:25,662 - INFO - [736/2052] Asymmetric unit already cached: 4R8P.cif
2026-05-04 06:29:25,662 - INFO - [736/2052] Biological assembly already cached: 4R8P-assembly1.cif
2026-05-04 06:29:25,862 - INFO - [737/2052] Asymmetric unit already cached: 4ROF.cif
2026-05-04 06:29:25,863 - INFO - [737/2052] Biological assembly already cached: 4ROF-assembly1.cif
2026-05-04 06:29:26,063 - INFO - [738/2052] Asymmetric unit already cached: 4RXZ.cif
2026-05-04 06:29:26,063 - INFO - [738/2052] Biological assembly already cached: 4RXZ-assembly1.cif
2026-05-04 06:29:26,264 - INFO - [739/2052] Asymmetric unit already cached: 4S0N.cif
2026-05-04 06:29:26,264 - INFO - [739/2052] Biological assembly already cached: 4S0N-assembly1.cif
2026-05-04 06:29:26,464 - INFO - [740/2052] Asymmetric unit already cached: 4S3O.cif
2026-05-04 06:29:26,464 - INFO - [740/2052] Biological assembly already cached: 4S3O-assembly1.cif
2026-05-04 06:29:26,665 - INFO - [741/2052] Asymmetric unit already cached: 4TKP.cif
2026-05-04 06:29:26,665 - INFO - [741/2052] Biological assembly already cached: 4TKP-assembly1.cif
2026-05-04 06:29:26,866 - INFO - [742/2052] Asymmetric unit already cached: 4TQN.cif
2026-05-04 06:29:26,866 - INFO - [742/2052] Biological assembly already cached: 4TQN-assembly1.cif
2026-05-04 06:29:27,066 - INFO - [743/2052] Asymmetric unit already cached: 4TS8.cif
2026-05-04 06:29:27,066 - INFO - [743/2052] Biological assembly already cached: 4TS8-assembly1.cif
2026-05-04 06:29:27,267 - INFO - [744/2052] Asymmetric unit already cached: 4TSE.cif
2026-05-04 06:29:27,267 - INFO - [744/2052] Biological assembly already cached: 4TSE-assembly1.cif
2026-05-04 06:29:27,467 - INFO - [745/2052] Asymmetric unit already cached: 4TVR.cif
2026-05-04 06:29:27,468 - INFO - [745/2052] Biological assembly already cached: 4TVR-assembly1.cif
2026-05-04 06:29:27,668 - INFO - [746/2052] Asymmetric unit already cached: 4U4A.cif
2026-05-04 06:29:27,668 - INFO - [746/2052] Biological assembly already cached: 4U4A-assembly1.cif
2026-05-04 06:29:27,869 - INFO - [747/2052] Asymmetric unit already cached: 4UD7.cif
2026-05-04 06:29:27,869 - INFO - [747/2052] Biological assembly already cached: 4UD7-assembly1.cif
2026-05-04 06:29:28,069 - INFO - [748/2052] Asymmetric unit already cached: 4UE1.cif
2026-05-04 06:29:28,070 - INFO - [748/2052] Biological assembly already cached: 4UE1-assembly1.cif
2026-05-04 06:29:28,270 - INFO - [749/2052] Asymmetric unit already cached: 4UF8.cif
2026-05-04 06:29:28,270 - INFO - [749/2052] Biological assembly already cached: 4UF8-assembly1.cif
2026-05-04 06:29:28,471 - INFO - [750/2052] Asymmetric unit already cached: 4UF9.cif
2026-05-04 06:29:28,471 - INFO - [750/2052] Biological assembly already cached: 4UF9-assembly1.cif
2026-05-04 06:29:28,671 - INFO - [751/2052] Asymmetric unit already cached: 4UFS.cif
2026-05-04 06:29:28,672 - INFO - [751/2052] Biological assembly already cached: 4UFS-assembly1.cif
2026-05-04 06:29:28,872 - INFO - [752/2052] Asymmetric unit already cached: 4UI9.cif
2026-05-04 06:29:28,872 - INFO - [752/2052] Biological assembly already cached: 4UI9-assembly1.cif
2026-05-04 06:29:29,073 - INFO - [753/2052] Asymmetric unit already cached: 4ULW.cif
2026-05-04 06:29:29,073 - INFO - [753/2052] Biological assembly already cached: 4ULW-assembly1.cif
2026-05-04 06:29:29,273 - INFO - [754/2052] Asymmetric unit already cached: 4UMN.cif
2026-05-04 06:29:29,274 - INFO - [754/2052] Biological assembly already cached: 4UMN-assembly1.cif
2026-05-04 06:29:29,474 - INFO - [755/2052] Asymmetric unit already cached: 4V3K.cif
2026-05-04 06:29:29,474 - INFO - [755/2052] Biological assembly already cached: 4V3K-assembly1.cif
2026-05-04 06:29:29,675 - INFO - [756/2052] Asymmetric unit already cached: 4V3L.cif
2026-05-04 06:29:29,675 - INFO - [756/2052] Biological assembly already cached: 4V3L-assembly1.cif
2026-05-04 06:29:29,875 - INFO - [757/2052] Asymmetric unit already cached: 4W5V.cif
2026-05-04 06:29:29,876 - INFO - [757/2052] Biological assembly already cached: 4W5V-assembly1.cif
2026-05-04 06:29:30,076 - INFO - [758/2052] Asymmetric unit already cached: 4WHU.cif
2026-05-04 06:29:30,076 - INFO - [758/2052] Biological assembly already cached: 4WHU-assembly1.cif
2026-05-04 06:29:30,277 - INFO - [759/2052] Asymmetric unit already cached: 4WHV.cif
2026-05-04 06:29:30,277 - INFO - [759/2052] Biological assembly already cached: 4WHV-assembly1.cif
2026-05-04 06:29:30,477 - INFO - [760/2052] Asymmetric unit already cached: 4WJN.cif
2026-05-04 06:29:30,477 - INFO - [760/2052] Biological assembly already cached: 4WJN-assembly1.cif
2026-05-04 06:29:30,678 - INFO - [761/2052] Asymmetric unit already cached: 4WJO.cif
2026-05-04 06:29:30,678 - INFO - [761/2052] Biological assembly already cached: 4WJO-assembly1.cif
2026-05-04 06:29:30,878 - INFO - [762/2052] Asymmetric unit already cached: 4WT2.cif
2026-05-04 06:29:30,879 - INFO - [762/2052] Biological assembly already cached: 4WT2-assembly1.cif
2026-05-04 06:29:31,079 - INFO - [763/2052] Asymmetric unit already cached: 4WVS.cif
2026-05-04 06:29:31,079 - INFO - [763/2052] Biological assembly already cached: 4WVS-assembly1.cif
2026-05-04 06:29:31,280 - INFO - [764/2052] Asymmetric unit already cached: 4WVT.cif
2026-05-04 06:29:31,280 - INFO - [764/2052] Biological assembly already cached: 4WVT-assembly1.cif
2026-05-04 06:29:31,480 - INFO - [765/2052] Asymmetric unit already cached: 4WVU.cif
2026-05-04 06:29:31,481 - INFO - [765/2052] Biological assembly already cached: 4WVU-assembly1.cif
2026-05-04 06:29:31,681 - INFO - [766/2052] Asymmetric unit already cached: 4WZ3.cif
2026-05-04 06:29:31,681 - INFO - [766/2052] Biological assembly already cached: 4WZ3-assembly1.cif
2026-05-04 06:29:31,881 - INFO - [767/2052] Asymmetric unit already cached: 4X3G.cif
2026-05-04 06:29:31,882 - INFO - [767/2052] Biological assembly already cached: 4X3G-assembly1.cif
2026-05-04 06:29:32,082 - INFO - [768/2052] Asymmetric unit already cached: 4XI6.cif
2026-05-04 06:29:32,082 - INFO - [768/2052] Biological assembly already cached: 4XI6-assembly1.cif
2026-05-04 06:29:32,283 - INFO - [769/2052] Asymmetric unit already cached: 4XI7.cif
2026-05-04 06:29:32,283 - INFO - [769/2052] Biological assembly already cached: 4XI7-assembly1.cif
2026-05-04 06:29:32,483 - INFO - [770/2052] Asymmetric unit already cached: 4XIB.cif
2026-05-04 06:29:32,483 - INFO - [770/2052] Biological assembly already cached: 4XIB-assembly1.cif
2026-05-04 06:29:32,684 - INFO - [771/2052] Asymmetric unit already cached: 4XR8.cif
2026-05-04 06:29:32,684 - INFO - [771/2052] Biological assembly already cached: 4XR8-assembly1.cif
2026-05-04 06:29:32,885 - INFO - [772/2052] Asymmetric unit already cached: 4XXB.cif
2026-05-04 06:29:32,885 - INFO - [772/2052] Biological assembly already cached: 4XXB-assembly1.cif
2026-05-04 06:29:33,085 - INFO - [773/2052] Asymmetric unit already cached: 4XZF.cif
2026-05-04 06:29:33,085 - INFO - [773/2052] Biological assembly already cached: 4XZF-assembly1.cif
2026-05-04 06:29:33,286 - INFO - [774/2052] Asymmetric unit already cached: 4XZG.cif
2026-05-04 06:29:33,286 - INFO - [774/2052] Biological assembly already cached: 4XZG-assembly1.cif
2026-05-04 06:29:33,486 - INFO - [775/2052] Asymmetric unit already cached: 4Y07.cif
2026-05-04 06:29:33,486 - INFO - [775/2052] Biological assembly already cached: 4Y07-assembly1.cif
2026-05-04 06:29:33,687 - INFO - [776/2052] Asymmetric unit already cached: 4Y18.cif
2026-05-04 06:29:33,687 - INFO - [776/2052] Biological assembly already cached: 4Y18-assembly1.cif
2026-05-04 06:29:33,888 - INFO - [777/2052] Asymmetric unit already cached: 4Y1L.cif
2026-05-04 06:29:33,888 - INFO - [777/2052] Biological assembly already cached: 4Y1L-assembly1.cif
2026-05-04 06:29:34,088 - INFO - [778/2052] Asymmetric unit already cached: 4Y2G.cif
2026-05-04 06:29:34,088 - INFO - [778/2052] Biological assembly already cached: 4Y2G-assembly1.cif
2026-05-04 06:29:34,289 - INFO - [779/2052] Asymmetric unit already cached: 4YAB.cif
2026-05-04 06:29:34,289 - INFO - [779/2052] Biological assembly already cached: 4YAB-assembly1.cif
2026-05-04 06:29:34,489 - INFO - [780/2052] Asymmetric unit already cached: 4YAD.cif
2026-05-04 06:29:34,489 - INFO - [780/2052] Biological assembly already cached: 4YAD-assembly1.cif
2026-05-04 06:29:34,690 - INFO - [781/2052] Asymmetric unit already cached: 4YAT.cif
2026-05-04 06:29:34,690 - INFO - [781/2052] Biological assembly already cached: 4YAT-assembly1.cif
2026-05-04 06:29:34,890 - INFO - [782/2052] Asymmetric unit already cached: 4YAX.cif
2026-05-04 06:29:34,891 - INFO - [782/2052] Biological assembly already cached: 4YAX-assembly1.cif
2026-05-04 06:29:35,091 - INFO - [783/2052] Asymmetric unit already cached: 4YBM.cif
2026-05-04 06:29:35,091 - INFO - [783/2052] Biological assembly already cached: 4YBM-assembly1.cif
2026-05-04 06:29:35,292 - INFO - [784/2052] Asymmetric unit already cached: 4YBS.cif
2026-05-04 06:29:35,292 - INFO - [784/2052] Biological assembly already cached: 4YBS-assembly1.cif
2026-05-04 06:29:35,492 - INFO - [785/2052] Asymmetric unit already cached: 4YBT.cif
2026-05-04 06:29:35,492 - INFO - [785/2052] Biological assembly already cached: 4YBT-assembly1.cif
2026-05-04 06:29:35,693 - INFO - [786/2052] Asymmetric unit already cached: 4YC9.cif
2026-05-04 06:29:35,693 - INFO - [786/2052] Biological assembly already cached: 4YC9-assembly1.cif
2026-05-04 06:29:35,893 - INFO - [787/2052] Asymmetric unit already cached: 4YII.cif
2026-05-04 06:29:35,893 - INFO - [787/2052] Biological assembly already cached: 4YII-assembly1.cif
2026-05-04 06:29:36,094 - INFO - [788/2052] Asymmetric unit already cached: 4YK0.cif
2026-05-04 06:29:36,094 - INFO - [788/2052] Biological assembly already cached: 4YK0-assembly1.cif
2026-05-04 06:29:36,294 - INFO - [789/2052] Asymmetric unit already cached: 4YWQ.cif
2026-05-04 06:29:36,295 - INFO - [789/2052] Biological assembly already cached: 4YWQ-assembly1.cif
2026-05-04 06:29:36,495 - INFO - [790/2052] Asymmetric unit already cached: 4Z30.cif
2026-05-04 06:29:36,495 - INFO - [790/2052] Biological assembly already cached: 4Z30-assembly1.cif
2026-05-04 06:29:36,695 - INFO - [791/2052] Asymmetric unit already cached: 4Z31.cif
2026-05-04 06:29:36,696 - INFO - [791/2052] Biological assembly already cached: 4Z31-assembly1.cif
2026-05-04 06:29:36,896 - INFO - [792/2052] Asymmetric unit already cached: 4Z4P.cif
2026-05-04 06:29:36,896 - INFO - [792/2052] Biological assembly already cached: 4Z4P-assembly1.cif
2026-05-04 06:29:37,097 - INFO - [793/2052] Asymmetric unit already cached: 4Z8M.cif
2026-05-04 06:29:37,097 - INFO - [793/2052] Biological assembly already cached: 4Z8M-assembly1.cif
2026-05-04 06:29:37,297 - INFO - [794/2052] Asymmetric unit already cached: 4ZFI.cif
2026-05-04 06:29:37,297 - INFO - [794/2052] Biological assembly already cached: 4ZFI-assembly1.cif
2026-05-04 06:29:37,497 - INFO - [795/2052] Asymmetric unit already cached: 4ZGK.cif
2026-05-04 06:29:37,498 - INFO - [795/2052] Biological assembly already cached: 4ZGK-assembly1.cif
2026-05-04 06:29:37,698 - INFO - [796/2052] Asymmetric unit already cached: 4ZLC.cif
2026-05-04 06:29:37,698 - INFO - [796/2052] Biological assembly already cached: 4ZLC-assembly1.cif
2026-05-04 06:29:37,898 - INFO - [797/2052] Asymmetric unit already cached: 4ZLD.cif
2026-05-04 06:29:37,899 - INFO - [797/2052] Biological assembly already cached: 4ZLD-assembly1.cif
2026-05-04 06:29:38,099 - INFO - [798/2052] Asymmetric unit already cached: 4ZQL.cif
2026-05-04 06:29:38,099 - INFO - [798/2052] Biological assembly already cached: 4ZQL-assembly1.cif
2026-05-04 06:29:38,299 - INFO - [799/2052] Asymmetric unit already cached: 4ZTD.cif
2026-05-04 06:29:38,300 - INFO - [799/2052] Biological assembly already cached: 4ZTD-assembly1.cif
2026-05-04 06:29:38,500 - INFO - [800/2052] Asymmetric unit already cached: 4ZYC.cif
2026-05-04 06:29:38,500 - INFO - [800/2052] Biological assembly already cached: 4ZYC-assembly1.cif
2026-05-04 06:29:38,700 - INFO - [801/2052] Asymmetric unit already cached: 4ZYF.cif
2026-05-04 06:29:38,701 - INFO - [801/2052] Biological assembly already cached: 4ZYF-assembly1.cif
2026-05-04 06:29:38,901 - INFO - [802/2052] Asymmetric unit already cached: 4ZYI.cif
2026-05-04 06:29:38,901 - INFO - [802/2052] Biological assembly already cached: 4ZYI-assembly1.cif
2026-05-04 06:29:39,102 - INFO - [803/2052] Asymmetric unit already cached: 5A31.cif
2026-05-04 06:29:39,102 - INFO - [803/2052] Biological assembly already cached: 5A31-assembly1.cif
2026-05-04 06:29:39,302 - INFO - [804/2052] Asymmetric unit already cached: 5A4P.cif
2026-05-04 06:29:39,302 - INFO - [804/2052] Biological assembly already cached: 5A4P-assembly1.cif
2026-05-04 06:29:39,503 - INFO - [805/2052] Asymmetric unit already cached: 5AFG.cif
2026-05-04 06:29:39,503 - INFO - [805/2052] Biological assembly already cached: 5AFG-assembly1.cif
2026-05-04 06:29:39,703 - INFO - [806/2052] Asymmetric unit already cached: 5AHT.cif
2026-05-04 06:29:39,703 - INFO - [806/2052] Biological assembly already cached: 5AHT-assembly1.cif
2026-05-04 06:29:39,904 - INFO - [807/2052] Asymmetric unit already cached: 5AIT.cif
2026-05-04 06:29:39,904 - INFO - [807/2052] Biological assembly already cached: 5AIT-assembly1.cif
2026-05-04 06:29:40,104 - INFO - [808/2052] Asymmetric unit already cached: 5AIU.cif
2026-05-04 06:29:40,104 - INFO - [808/2052] Biological assembly already cached: 5AIU-assembly1.cif
2026-05-04 06:29:40,305 - INFO - [809/2052] Asymmetric unit already cached: 5AIZ.cif
2026-05-04 06:29:40,305 - INFO - [809/2052] Biological assembly already cached: 5AIZ-assembly1.cif
2026-05-04 06:29:40,505 - INFO - [810/2052] Asymmetric unit already cached: 5B8D.cif
2026-05-04 06:29:40,505 - INFO - [810/2052] Biological assembly already cached: 5B8D-assembly1.cif
2026-05-04 06:29:40,706 - INFO - [811/2052] Asymmetric unit already cached: 5BNB.cif
2026-05-04 06:29:40,706 - INFO - [811/2052] Biological assembly already cached: 5BNB-assembly1.cif
2026-05-04 06:29:40,906 - INFO - [812/2052] Asymmetric unit already cached: 5BNH.cif
2026-05-04 06:29:40,907 - INFO - [812/2052] Biological assembly already cached: 5BNH-assembly1.cif
2026-05-04 06:29:41,107 - INFO - [813/2052] Asymmetric unit already cached: 5BT3.cif
2026-05-04 06:29:41,107 - INFO - [813/2052] Biological assembly already cached: 5BT3-assembly1.cif
2026-05-04 06:29:41,307 - INFO - [814/2052] Asymmetric unit already cached: 5C0K.cif
2026-05-04 06:29:41,308 - INFO - [814/2052] Biological assembly already cached: 5C0K-assembly1.cif
2026-05-04 06:29:41,508 - INFO - [815/2052] Asymmetric unit already cached: 5C0L.cif
2026-05-04 06:29:41,508 - INFO - [815/2052] Biological assembly already cached: 5C0L-assembly1.cif
2026-05-04 06:29:41,708 - INFO - [816/2052] Asymmetric unit already cached: 5C1Z.cif
2026-05-04 06:29:41,709 - INFO - [816/2052] Biological assembly already cached: 5C1Z-assembly1.cif
2026-05-04 06:29:41,909 - INFO - [817/2052] Asymmetric unit already cached: 5C23.cif
2026-05-04 06:29:41,909 - INFO - [817/2052] Biological assembly already cached: 5C23-assembly1.cif
2026-05-04 06:29:42,110 - INFO - [818/2052] Asymmetric unit already cached: 5C3H.cif
2026-05-04 06:29:42,110 - INFO - [818/2052] Biological assembly already cached: 5C3H-assembly1.cif
2026-05-04 06:29:42,310 - INFO - [819/2052] Asymmetric unit already cached: 5C3K.cif
2026-05-04 06:29:42,310 - INFO - [819/2052] Biological assembly already cached: 5C3K-assembly1.cif
2026-05-04 06:29:42,511 - INFO - [820/2052] Asymmetric unit already cached: 5C5A.cif
2026-05-04 06:29:42,511 - INFO - [820/2052] Biological assembly already cached: 5C5A-assembly1.cif
2026-05-04 06:29:42,711 - INFO - [821/2052] Asymmetric unit already cached: 5C6D.cif
2026-05-04 06:29:42,711 - INFO - [821/2052] Biological assembly already cached: 5C6D-assembly1.cif
2026-05-04 06:29:42,912 - INFO - [822/2052] Asymmetric unit already cached: 5C6H.cif
2026-05-04 06:29:42,912 - INFO - [822/2052] Biological assembly already cached: 5C6H-assembly1.cif
2026-05-04 06:29:43,112 - INFO - [823/2052] Asymmetric unit already cached: 5C7A.cif
2026-05-04 06:29:43,112 - INFO - [823/2052] Biological assembly already cached: 5C7A-assembly1.cif
2026-05-04 06:29:43,313 - INFO - [824/2052] Asymmetric unit already cached: 5C7B.cif
2026-05-04 06:29:43,313 - INFO - [824/2052] Biological assembly already cached: 5C7B-assembly1.cif
2026-05-04 06:29:43,513 - INFO - [825/2052] Asymmetric unit already cached: 5C7C.cif
2026-05-04 06:29:43,514 - INFO - [825/2052] Biological assembly already cached: 5C7C-assembly1.cif
2026-05-04 06:29:43,714 - INFO - [826/2052] Asymmetric unit already cached: 5C7D.cif
2026-05-04 06:29:43,714 - INFO - [826/2052] Biological assembly already cached: 5C7D-assembly1.cif
2026-05-04 06:29:43,915 - INFO - [827/2052] Asymmetric unit already cached: 5C7J.cif
2026-05-04 06:29:43,915 - INFO - [827/2052] Biological assembly already cached: 5C7J-assembly1.cif
2026-05-04 06:29:44,115 - INFO - [828/2052] Asymmetric unit already cached: 5C7M.cif
2026-05-04 06:29:44,115 - INFO - [828/2052] Biological assembly already cached: 5C7M-assembly1.cif
2026-05-04 06:29:44,316 - INFO - [829/2052] Asymmetric unit already cached: 5C83.cif
2026-05-04 06:29:44,316 - INFO - [829/2052] Biological assembly already cached: 5C83-assembly1.cif
2026-05-04 06:29:44,516 - INFO - [830/2052] Asymmetric unit already cached: 5C84.cif
2026-05-04 06:29:44,516 - INFO - [830/2052] Biological assembly already cached: 5C84-assembly1.cif
2026-05-04 06:29:44,717 - INFO - [831/2052] Asymmetric unit already cached: 5C91.cif
2026-05-04 06:29:44,717 - INFO - [831/2052] Biological assembly already cached: 5C91-assembly1.cif
2026-05-04 06:29:44,917 - INFO - [832/2052] Asymmetric unit already cached: 5C9V.cif
2026-05-04 06:29:44,917 - INFO - [832/2052] Biological assembly already cached: 5C9V-assembly1.cif
2026-05-04 06:29:45,118 - INFO - [833/2052] Asymmetric unit already cached: 5CGP.cif
2026-05-04 06:29:45,118 - INFO - [833/2052] Biological assembly already cached: 5CGP-assembly1.cif
2026-05-04 06:29:45,318 - INFO - [834/2052] Asymmetric unit already cached: 5CQ2.cif
2026-05-04 06:29:45,318 - INFO - [834/2052] Biological assembly already cached: 5CQ2-assembly1.cif
2026-05-04 06:29:45,519 - INFO - [835/2052] Asymmetric unit already cached: 5D0I.cif
2026-05-04 06:29:45,519 - INFO - [835/2052] Biological assembly already cached: 5D0I-assembly1.cif
2026-05-04 06:29:45,719 - INFO - [836/2052] Asymmetric unit already cached: 5D0K.cif
2026-05-04 06:29:45,720 - INFO - [836/2052] Biological assembly already cached: 5D0K-assembly1.cif
2026-05-04 06:29:45,920 - INFO - [837/2052] Asymmetric unit already cached: 5D0M.cif
2026-05-04 06:29:45,920 - INFO - [837/2052] Biological assembly already cached: 5D0M-assembly1.cif
2026-05-04 06:29:46,120 - INFO - [838/2052] Asymmetric unit already cached: 5D1K.cif
2026-05-04 06:29:46,121 - INFO - [838/2052] Biological assembly already cached: 5D1K-assembly1.cif
2026-05-04 06:29:46,321 - INFO - [839/2052] Asymmetric unit already cached: 5D1L.cif
2026-05-04 06:29:46,321 - INFO - [839/2052] Biological assembly already cached: 5D1L-assembly1.cif
2026-05-04 06:29:46,521 - INFO - [840/2052] Asymmetric unit already cached: 5D1M.cif
2026-05-04 06:29:46,522 - INFO - [840/2052] Biological assembly already cached: 5D1M-assembly1.cif
2026-05-04 06:29:46,722 - INFO - [841/2052] Asymmetric unit already cached: 5D2M.cif
2026-05-04 06:29:46,722 - INFO - [841/2052] Biological assembly already cached: 5D2M-assembly1.cif
2026-05-04 06:29:46,922 - INFO - [842/2052] Asymmetric unit already cached: 5DBM.cif
2026-05-04 06:29:46,923 - INFO - [842/2052] Biological assembly already cached: 5DBM-assembly1.cif
2026-05-04 06:29:47,123 - INFO - [843/2052] Asymmetric unit already cached: 5DFL.cif
2026-05-04 06:29:47,123 - INFO - [843/2052] Biological assembly already cached: 5DFL-assembly1.cif
2026-05-04 06:29:47,324 - INFO - [844/2052] Asymmetric unit already cached: 5DIN.cif
2026-05-04 06:29:47,324 - INFO - [844/2052] Biological assembly already cached: 5DIN-assembly1.cif
2026-05-04 06:29:47,524 - INFO - [845/2052] Asymmetric unit already cached: 5DKA.cif
2026-05-04 06:29:47,524 - INFO - [845/2052] Biological assembly already cached: 5DKA-assembly1.cif
2026-05-04 06:29:47,725 - INFO - [846/2052] Asymmetric unit already cached: 5DWS.cif
2026-05-04 06:29:47,725 - INFO - [846/2052] Biological assembly already cached: 5DWS-assembly1.cif
2026-05-04 06:29:47,926 - INFO - [847/2052] Asymmetric unit already cached: 5DZD.cif
2026-05-04 06:29:47,926 - INFO - [847/2052] Biological assembly already cached: 5DZD-assembly1.cif
2026-05-04 06:29:48,126 - INFO - [848/2052] Asymmetric unit already cached: 5E11.cif
2026-05-04 06:29:48,126 - INFO - [848/2052] Biological assembly already cached: 5E11-assembly1.cif
2026-05-04 06:29:48,327 - INFO - [849/2052] Asymmetric unit already cached: 5E1Y.cif
2026-05-04 06:29:48,327 - INFO - [849/2052] Biological assembly already cached: 5E1Y-assembly1.cif
2026-05-04 06:29:48,527 - INFO - [850/2052] Asymmetric unit already cached: 5E21.cif
2026-05-04 06:29:48,527 - INFO - [850/2052] Biological assembly already cached: 5E21-assembly1.cif
2026-05-04 06:29:48,728 - INFO - [851/2052] Asymmetric unit already cached: 5E22.cif
2026-05-04 06:29:48,728 - INFO - [851/2052] Biological assembly already cached: 5E22-assembly1.cif
2026-05-04 06:29:48,928 - INFO - [852/2052] Asymmetric unit already cached: 5EDU.cif
2026-05-04 06:29:48,929 - INFO - [852/2052] Biological assembly already cached: 5EDU-assembly1.cif
2026-05-04 06:29:49,129 - INFO - [853/2052] Asymmetric unit already cached: 5EDV.cif
2026-05-04 06:29:49,129 - INFO - [853/2052] Biological assembly already cached: 5EDV-assembly1.cif
2026-05-04 06:29:49,330 - INFO - [854/2052] Asymmetric unit already cached: 5EGG.cif
2026-05-04 06:29:49,330 - INFO - [854/2052] Biological assembly already cached: 5EGG-assembly1.cif
2026-05-04 06:29:49,530 - INFO - [855/2052] Asymmetric unit already cached: 5EIC.cif
2026-05-04 06:29:49,530 - INFO - [855/2052] Biological assembly already cached: 5EIC-assembly1.cif
2026-05-04 06:29:49,731 - INFO - [856/2052] Asymmetric unit already cached: 5ENG.cif
2026-05-04 06:29:49,731 - INFO - [856/2052] Biological assembly already cached: 5ENG-assembly1.cif
2026-05-04 06:29:49,932 - INFO - [857/2052] Asymmetric unit already cached: 5EP7.cif
2026-05-04 06:29:49,932 - INFO - [857/2052] Biological assembly already cached: 5EP7-assembly1.cif
2026-05-04 06:29:50,132 - INFO - [858/2052] Asymmetric unit already cached: 5EYA.cif
2026-05-04 06:29:50,132 - INFO - [858/2052] Biological assembly already cached: 5EYA-assembly1.cif
2026-05-04 06:29:50,333 - INFO - [859/2052] Asymmetric unit already cached: 5F59.cif
2026-05-04 06:29:50,333 - INFO - [859/2052] Biological assembly already cached: 5F59-assembly1.cif
2026-05-04 06:29:50,533 - INFO - [860/2052] Asymmetric unit already cached: 5F6D.cif
2026-05-04 06:29:50,533 - INFO - [860/2052] Biological assembly already cached: 5F6D-assembly1.cif
2026-05-04 06:29:50,734 - INFO - [861/2052] Asymmetric unit already cached: 5F6E.cif
2026-05-04 06:29:50,734 - INFO - [861/2052] Biological assembly already cached: 5F6E-assembly1.cif
2026-05-04 06:29:50,934 - INFO - [862/2052] Asymmetric unit already cached: 5F6K.cif
2026-05-04 06:29:50,935 - INFO - [862/2052] Biological assembly already cached: 5F6K-assembly1.cif
2026-05-04 06:29:51,135 - INFO - [863/2052] Asymmetric unit already cached: 5F6U.cif
2026-05-04 06:29:51,135 - INFO - [863/2052] Biological assembly already cached: 5F6U-assembly1.cif
2026-05-04 06:29:51,336 - INFO - [864/2052] Asymmetric unit already cached: 5F6V.cif
2026-05-04 06:29:51,336 - INFO - [864/2052] Biological assembly already cached: 5F6V-assembly1.cif
2026-05-04 06:29:51,536 - INFO - [865/2052] Asymmetric unit already cached: 5F6W.cif
2026-05-04 06:29:51,536 - INFO - [865/2052] Biological assembly already cached: 5F6W-assembly1.cif
2026-05-04 06:29:51,737 - INFO - [866/2052] Asymmetric unit already cached: 5F6X.cif
2026-05-04 06:29:51,737 - INFO - [866/2052] Biological assembly already cached: 5F6X-assembly1.cif
2026-05-04 06:29:51,937 - INFO - [867/2052] Asymmetric unit already cached: 5F6Y.cif
2026-05-04 06:29:51,938 - INFO - [867/2052] Biological assembly already cached: 5F6Y-assembly1.cif
2026-05-04 06:29:52,138 - INFO - [868/2052] Asymmetric unit already cached: 5FER.cif
2026-05-04 06:29:52,138 - INFO - [868/2052] Biological assembly already cached: 5FER-assembly1.cif
2026-05-04 06:29:52,338 - INFO - [869/2052] Asymmetric unit already cached: 5FEY.cif
2026-05-04 06:29:52,339 - INFO - [869/2052] Biological assembly already cached: 5FEY-assembly1.cif
2026-05-04 06:29:52,539 - INFO - [870/2052] Asymmetric unit already cached: 5FQ2.cif
2026-05-04 06:29:52,539 - INFO - [870/2052] Biological assembly already cached: 5FQ2-assembly1.cif
2026-05-04 06:29:52,740 - INFO - [871/2052] Asymmetric unit already cached: 5FR6.cif
2026-05-04 06:29:52,740 - INFO - [871/2052] Biological assembly already cached: 5FR6-assembly1.cif
2026-05-04 06:29:52,940 - INFO - [872/2052] Asymmetric unit already cached: 5G04.cif
2026-05-04 06:29:52,940 - INFO - [872/2052] Biological assembly already cached: 5G04-assembly1.cif
2026-05-04 06:29:53,141 - INFO - [873/2052] Asymmetric unit already cached: 5G05.cif
2026-05-04 06:29:53,141 - INFO - [873/2052] Biological assembly already cached: 5G05-assembly1.cif
2026-05-04 06:29:53,341 - INFO - [874/2052] Asymmetric unit already cached: 5GG4.cif
2026-05-04 06:29:53,341 - INFO - [874/2052] Biological assembly already cached: 5GG4-assembly1.cif
2026-05-04 06:29:53,542 - INFO - [875/2052] Asymmetric unit already cached: 5GH9.cif
2026-05-04 06:29:53,542 - INFO - [875/2052] Biological assembly already cached: 5GH9-assembly1.cif
2026-05-04 06:29:53,742 - INFO - [876/2052] Asymmetric unit already cached: 5H1T.cif
2026-05-04 06:29:53,742 - INFO - [876/2052] Biological assembly already cached: 5H1T-assembly1.cif
2026-05-04 06:29:53,943 - INFO - [877/2052] Asymmetric unit already cached: 5H1U.cif
2026-05-04 06:29:53,943 - INFO - [877/2052] Biological assembly already cached: 5H1U-assembly1.cif
2026-05-04 06:29:54,143 - INFO - [878/2052] Asymmetric unit already cached: 5H1V.cif
2026-05-04 06:29:54,143 - INFO - [878/2052] Biological assembly already cached: 5H1V-assembly1.cif
2026-05-04 06:29:54,344 - INFO - [879/2052] Asymmetric unit already cached: 5H7R.cif
2026-05-04 06:29:54,344 - INFO - [879/2052] Biological assembly already cached: 5H7R-assembly1.cif
2026-05-04 06:29:54,544 - INFO - [880/2052] Asymmetric unit already cached: 5H7S.cif
2026-05-04 06:29:54,544 - INFO - [880/2052] Biological assembly already cached: 5H7S-assembly1.cif
2026-05-04 06:29:54,745 - INFO - [881/2052] Asymmetric unit already cached: 5H85.cif
2026-05-04 06:29:54,745 - INFO - [881/2052] Biological assembly already cached: 5H85-assembly1.cif
2026-05-04 06:29:54,945 - INFO - [882/2052] Asymmetric unit already cached: 5H9M.cif
2026-05-04 06:29:54,945 - INFO - [882/2052] Biological assembly already cached: 5H9M-assembly1.cif
2026-05-04 06:29:55,146 - INFO - [883/2052] Asymmetric unit already cached: 5HKW.cif
2026-05-04 06:29:55,146 - INFO - [883/2052] Biological assembly already cached: 5HKW-assembly1.cif
2026-05-04 06:29:55,346 - INFO - [884/2052] Asymmetric unit already cached: 5HKX.cif
2026-05-04 06:29:55,346 - INFO - [884/2052] Biological assembly already cached: 5HKX-assembly1.cif
2026-05-04 06:29:55,547 - INFO - [885/2052] Asymmetric unit already cached: 5HKY.cif
2026-05-04 06:29:55,547 - INFO - [885/2052] Biological assembly already cached: 5HKY-assembly1.cif
2026-05-04 06:29:55,748 - INFO - [886/2052] Asymmetric unit already cached: 5HKZ.cif
2026-05-04 06:29:55,748 - INFO - [886/2052] Biological assembly already cached: 5HKZ-assembly1.cif
2026-05-04 06:29:55,948 - INFO - [887/2052] Asymmetric unit already cached: 5HL0.cif
2026-05-04 06:29:55,948 - INFO - [887/2052] Biological assembly already cached: 5HL0-assembly1.cif
2026-05-04 06:29:56,149 - INFO - [888/2052] Asymmetric unit already cached: 5HMH.cif
2026-05-04 06:29:56,149 - INFO - [888/2052] Biological assembly already cached: 5HMH-assembly1.cif
2026-05-04 06:29:56,349 - INFO - [889/2052] Asymmetric unit already cached: 5HMI.cif
2026-05-04 06:29:56,350 - INFO - [889/2052] Biological assembly already cached: 5HMI-assembly1.cif
2026-05-04 06:29:56,550 - INFO - [890/2052] Asymmetric unit already cached: 5HMK.cif
2026-05-04 06:29:56,550 - INFO - [890/2052] Biological assembly already cached: 5HMK-assembly1.cif
2026-05-04 06:29:56,751 - INFO - [891/2052] Asymmetric unit already cached: 5HPK.cif
2026-05-04 06:29:56,751 - INFO - [891/2052] Biological assembly already cached: 5HPK-assembly1.cif
2026-05-04 06:29:56,951 - INFO - [892/2052] Asymmetric unit already cached: 5HPS.cif
2026-05-04 06:29:56,951 - INFO - [892/2052] Biological assembly already cached: 5HPS-assembly1.cif
2026-05-04 06:29:57,152 - INFO - [893/2052] Asymmetric unit already cached: 5HPT.cif
2026-05-04 06:29:57,152 - INFO - [893/2052] Biological assembly already cached: 5HPT-assembly1.cif
2026-05-04 06:29:57,352 - INFO - [894/2052] Asymmetric unit already cached: 5HQG.cif
2026-05-04 06:29:57,352 - INFO - [894/2052] Biological assembly already cached: 5HQG-assembly1.cif
2026-05-04 06:29:57,553 - INFO - [895/2052] Asymmetric unit already cached: 5HVQ.cif
2026-05-04 06:29:57,553 - INFO - [895/2052] Biological assembly already cached: 5HVQ-assembly1.cif
2026-05-04 06:29:57,753 - INFO - [896/2052] Asymmetric unit already cached: 5I83.cif
2026-05-04 06:29:57,754 - INFO - [896/2052] Biological assembly already cached: 5I83-assembly1.cif
2026-05-04 06:29:57,954 - INFO - [897/2052] Asymmetric unit already cached: 5I86.cif
2026-05-04 06:29:57,954 - INFO - [897/2052] Biological assembly already cached: 5I86-assembly1.cif
2026-05-04 06:29:58,155 - INFO - [898/2052] Asymmetric unit already cached: 5I89.cif
2026-05-04 06:29:58,155 - INFO - [898/2052] Biological assembly already cached: 5I89-assembly1.cif
2026-05-04 06:29:58,355 - INFO - [899/2052] Asymmetric unit already cached: 5I8B.cif
2026-05-04 06:29:58,355 - INFO - [899/2052] Biological assembly already cached: 5I8B-assembly1.cif
2026-05-04 06:29:58,556 - INFO - [900/2052] Asymmetric unit already cached: 5I8G.cif
2026-05-04 06:29:58,556 - INFO - [900/2052] Biological assembly already cached: 5I8G-assembly1.cif
2026-05-04 06:29:58,756 - INFO - [901/2052] Asymmetric unit already cached: 5IAY.cif
2026-05-04 06:29:58,756 - INFO - [901/2052] Biological assembly already cached: 5IAY-assembly1.cif
2026-05-04 06:29:58,957 - INFO - [902/2052] Asymmetric unit already cached: 5IFR.cif
2026-05-04 06:29:58,957 - INFO - [902/2052] Biological assembly already cached: 5IFR-assembly1.cif
2026-05-04 06:29:59,157 - INFO - [903/2052] Asymmetric unit already cached: 5IGQ.cif
2026-05-04 06:29:59,157 - INFO - [903/2052] Biological assembly already cached: 5IGQ-assembly1.cif
2026-05-04 06:29:59,358 - INFO - [904/2052] Asymmetric unit already cached: 5IM8.cif
2026-05-04 06:29:59,358 - INFO - [904/2052] Biological assembly already cached: 5IM8-assembly1.cif
2026-05-04 06:29:59,558 - INFO - [905/2052] Asymmetric unit already cached: 5J0D.cif
2026-05-04 06:29:59,558 - INFO - [905/2052] Biological assembly already cached: 5J0D-assembly1.cif
2026-05-04 06:29:59,759 - INFO - [906/2052] Asymmetric unit already cached: 5J3X.cif
2026-05-04 06:29:59,759 - INFO - [906/2052] Biological assembly already cached: 5J3X-assembly1.cif
2026-05-04 06:29:59,959 - INFO - [907/2052] Asymmetric unit already cached: 5J7F.cif
2026-05-04 06:29:59,959 - INFO - [907/2052] Biological assembly already cached: 5J7F-assembly1.cif
2026-05-04 06:30:00,160 - INFO - [908/2052] Asymmetric unit already cached: 5J7G.cif
2026-05-04 06:30:00,160 - INFO - [908/2052] Biological assembly already cached: 5J7G-assembly1.cif
2026-05-04 06:30:00,360 - INFO - [909/2052] Asymmetric unit already cached: 5JEM.cif
2026-05-04 06:30:00,360 - INFO - [909/2052] Biological assembly already cached: 5JEM-assembly1.cif
2026-05-04 06:30:00,561 - INFO - [910/2052] Asymmetric unit already cached: 5JG6.cif
2026-05-04 06:30:00,561 - INFO - [910/2052] Biological assembly already cached: 5JG6-assembly1.cif
2026-05-04 06:30:00,761 - INFO - [911/2052] Asymmetric unit already cached: 5JH5.cif
2026-05-04 06:30:00,761 - INFO - [911/2052] Biological assembly already cached: 5JH5-assembly1.cif
2026-05-04 06:30:00,962 - INFO - [912/2052] Asymmetric unit already cached: 5JPX.cif
2026-05-04 06:30:00,962 - INFO - [912/2052] Biological assembly already cached: 5JPX-assembly1.cif
2026-05-04 06:30:01,162 - INFO - [913/2052] Asymmetric unit already cached: 5JW7.cif
2026-05-04 06:30:01,163 - INFO - [913/2052] Biological assembly already cached: 5JW7-assembly1.cif
2026-05-04 06:30:01,363 - INFO - [914/2052] Asymmetric unit already cached: 5K5F.cif
2026-05-04 06:30:01,363 - INFO - [914/2052] Biological assembly already cached: 5K5F-assembly1.cif
2026-05-04 06:30:01,564 - INFO - [915/2052] Asymmetric unit already cached: 5KH3.cif
2026-05-04 06:30:01,564 - INFO - [915/2052] Biological assembly already cached: 5KH3-assembly1.cif
2026-05-04 06:30:01,764 - INFO - [916/2052] Asymmetric unit already cached: 5KH7.cif
2026-05-04 06:30:01,764 - INFO - [916/2052] Biological assembly already cached: 5KH7-assembly1.cif
2026-05-04 06:30:01,965 - INFO - [917/2052] Asymmetric unit already cached: 5KH9.cif
2026-05-04 06:30:01,965 - INFO - [917/2052] Biological assembly already cached: 5KH9-assembly1.cif
2026-05-04 06:30:02,165 - INFO - [918/2052] Asymmetric unit already cached: 5KHR.cif
2026-05-04 06:30:02,166 - INFO - [918/2052] Biological assembly already cached: 5KHR-assembly1.cif
2026-05-04 06:30:02,366 - INFO - [919/2052] Asymmetric unit already cached: 5KHU.cif
2026-05-04 06:30:02,366 - INFO - [919/2052] Biological assembly already cached: 5KHU-assembly1.cif
2026-05-04 06:30:02,566 - INFO - [920/2052] Asymmetric unit already cached: 5KJ2.cif
2026-05-04 06:30:02,567 - INFO - [920/2052] Biological assembly already cached: 5KJ2-assembly1.cif
2026-05-04 06:30:02,767 - INFO - [921/2052] Asymmetric unit already cached: 5KTU.cif
2026-05-04 06:30:02,767 - INFO - [921/2052] Biological assembly already cached: 5KTU-assembly1.cif
2026-05-04 06:30:02,968 - INFO - [922/2052] Asymmetric unit already cached: 5KTW.cif
2026-05-04 06:30:02,968 - INFO - [922/2052] Biological assembly already cached: 5KTW-assembly1.cif
2026-05-04 06:30:03,168 - INFO - [923/2052] Asymmetric unit already cached: 5KTX.cif
2026-05-04 06:30:03,168 - INFO - [923/2052] Biological assembly already cached: 5KTX-assembly1.cif
2026-05-04 06:30:03,369 - INFO - [924/2052] Asymmetric unit already cached: 5L9T.cif
2026-05-04 06:30:03,369 - INFO - [924/2052] Biological assembly already cached: 5L9T-assembly1.cif
2026-05-04 06:30:03,569 - INFO - [925/2052] Asymmetric unit already cached: 5L9U.cif
2026-05-04 06:30:03,569 - INFO - [925/2052] Biological assembly already cached: 5L9U-assembly1.cif
2026-05-04 06:30:03,770 - INFO - [926/2052] Asymmetric unit already cached: 5LAV.cif
2026-05-04 06:30:03,770 - INFO - [926/2052] Biological assembly already cached: 5LAV-assembly1.cif
2026-05-04 06:30:03,970 - INFO - [927/2052] Asymmetric unit already cached: 5LAW.cif
2026-05-04 06:30:03,971 - INFO - [927/2052] Biological assembly already cached: 5LAW-assembly1.cif
2026-05-04 06:30:04,171 - INFO - [928/2052] Asymmetric unit already cached: 5LAY.cif
2026-05-04 06:30:04,171 - INFO - [928/2052] Biological assembly already cached: 5LAY-assembly1.cif
2026-05-04 06:30:04,372 - INFO - [929/2052] Asymmetric unit already cached: 5LAZ.cif
2026-05-04 06:30:04,372 - INFO - [929/2052] Biological assembly already cached: 5LAZ-assembly1.cif
2026-05-04 06:30:04,572 - INFO - [930/2052] Asymmetric unit already cached: 5LBN.cif
2026-05-04 06:30:04,573 - INFO - [930/2052] Biological assembly already cached: 5LBN-assembly1.cif
2026-05-04 06:30:04,773 - INFO - [931/2052] Asymmetric unit already cached: 5LCW.cif
2026-05-04 06:30:04,773 - INFO - [931/2052] Biological assembly already cached: 5LCW-assembly1.cif
2026-05-04 06:30:04,974 - INFO - [932/2052] Asymmetric unit already cached: 5LG0.cif
2026-05-04 06:30:04,974 - INFO - [932/2052] Biological assembly already cached: 5LG0-assembly1.cif
2026-05-04 06:30:05,174 - INFO - [933/2052] Asymmetric unit already cached: 5LG7.cif
2026-05-04 06:30:05,174 - INFO - [933/2052] Biological assembly already cached: 5LG7-assembly1.cif
2026-05-04 06:30:05,375 - INFO - [934/2052] Asymmetric unit already cached: 5LJN.cif
2026-05-04 06:30:05,375 - INFO - [934/2052] Biological assembly already cached: 5LJN-assembly1.cif
2026-05-04 06:30:05,575 - INFO - [935/2052] Asymmetric unit already cached: 5LKT.cif
2026-05-04 06:30:05,575 - INFO - [935/2052] Biological assembly already cached: 5LKT-assembly1.cif
2026-05-04 06:30:05,776 - INFO - [936/2052] Asymmetric unit already cached: 5LKU.cif
2026-05-04 06:30:05,776 - INFO - [936/2052] Biological assembly already cached: 5LKU-assembly1.cif
2026-05-04 06:30:05,977 - INFO - [937/2052] Asymmetric unit already cached: 5LKX.cif
2026-05-04 06:30:05,977 - INFO - [937/2052] Biological assembly already cached: 5LKX-assembly1.cif
2026-05-04 06:30:06,177 - INFO - [938/2052] Asymmetric unit already cached: 5LKZ.cif
2026-05-04 06:30:06,177 - INFO - [938/2052] Biological assembly already cached: 5LKZ-assembly1.cif
2026-05-04 06:30:06,378 - INFO - [939/2052] Asymmetric unit already cached: 5LN2.cif
2026-05-04 06:30:06,378 - INFO - [939/2052] Biological assembly already cached: 5LN2-assembly1.cif
2026-05-04 06:30:06,578 - INFO - [940/2052] Asymmetric unit already cached: 5LP8.cif
2026-05-04 06:30:06,578 - INFO - [940/2052] Biological assembly already cached: 5LP8-assembly1.cif
2026-05-04 06:30:06,779 - INFO - [941/2052] Asymmetric unit already cached: 5LPJ.cif
2026-05-04 06:30:06,779 - INFO - [941/2052] Biological assembly already cached: 5LPJ-assembly1.cif
2026-05-04 06:30:06,979 - INFO - [942/2052] Asymmetric unit already cached: 5LPK.cif
2026-05-04 06:30:06,980 - INFO - [942/2052] Biological assembly already cached: 5LPK-assembly1.cif
2026-05-04 06:30:07,180 - INFO - [943/2052] Asymmetric unit already cached: 5LPL.cif
2026-05-04 06:30:07,180 - INFO - [943/2052] Biological assembly already cached: 5LPL-assembly1.cif
2026-05-04 06:30:07,381 - INFO - [944/2052] Asymmetric unit already cached: 5LPM.cif
2026-05-04 06:30:07,381 - INFO - [944/2052] Biological assembly already cached: 5LPM-assembly1.cif
2026-05-04 06:30:07,581 - INFO - [945/2052] Asymmetric unit already cached: 5M6E.cif
2026-05-04 06:30:07,581 - INFO - [945/2052] Biological assembly already cached: 5M6E-assembly1.cif
2026-05-04 06:30:07,782 - INFO - [946/2052] Asymmetric unit already cached: 5M6F.cif
2026-05-04 06:30:07,782 - INFO - [946/2052] Biological assembly already cached: 5M6F-assembly1.cif
2026-05-04 06:30:07,982 - INFO - [947/2052] Asymmetric unit already cached: 5M6H.cif
2026-05-04 06:30:07,982 - INFO - [947/2052] Biological assembly already cached: 5M6H-assembly1.cif
2026-05-04 06:30:08,183 - INFO - [948/2052] Asymmetric unit already cached: 5M6L.cif
2026-05-04 06:30:08,183 - INFO - [948/2052] Biological assembly already cached: 5M6L-assembly1.cif
2026-05-04 06:30:08,383 - INFO - [949/2052] Asymmetric unit already cached: 5M6M.cif
2026-05-04 06:30:08,383 - INFO - [949/2052] Biological assembly already cached: 5M6M-assembly1.cif
2026-05-04 06:30:08,584 - INFO - [950/2052] Asymmetric unit already cached: 5M6N.cif
2026-05-04 06:30:08,584 - INFO - [950/2052] Biological assembly already cached: 5M6N-assembly1.cif
2026-05-04 06:30:08,784 - INFO - [951/2052] Asymmetric unit already cached: 5MME.cif
2026-05-04 06:30:08,785 - INFO - [951/2052] Biological assembly already cached: 5MME-assembly1.cif
2026-05-04 06:30:08,985 - INFO - [952/2052] Asymmetric unit already cached: 5MMG.cif
2026-05-04 06:30:08,985 - INFO - [952/2052] Biological assembly already cached: 5MMG-assembly1.cif
2026-05-04 06:30:09,186 - INFO - [953/2052] Asymmetric unit already cached: 5MNJ.cif
2026-05-04 06:30:09,186 - INFO - [953/2052] Biological assembly already cached: 5MNJ-assembly1.cif
2026-05-04 06:30:09,386 - INFO - [954/2052] Asymmetric unit already cached: 5MPK.cif
2026-05-04 06:30:09,386 - INFO - [954/2052] Biological assembly already cached: 5MPK-assembly1.cif
2026-05-04 06:30:09,587 - INFO - [955/2052] Asymmetric unit already cached: 5MPN.cif
2026-05-04 06:30:09,587 - INFO - [955/2052] Biological assembly already cached: 5MPN-assembly1.cif
2026-05-04 06:30:09,788 - INFO - [956/2052] Asymmetric unit already cached: 5MPZ.cif
2026-05-04 06:30:09,788 - INFO - [956/2052] Biological assembly already cached: 5MPZ-assembly1.cif
2026-05-04 06:30:09,988 - INFO - [957/2052] Asymmetric unit already cached: 5MQE.cif
2026-05-04 06:30:09,988 - INFO - [957/2052] Biological assembly already cached: 5MQE-assembly1.cif
2026-05-04 06:30:10,189 - INFO - [958/2052] Asymmetric unit already cached: 5MQF.cif
2026-05-04 06:30:10,189 - INFO - [958/2052] Biological assembly already cached: 5MQF-assembly1.cif
2026-05-04 06:30:10,389 - INFO - [959/2052] Asymmetric unit already cached: 5MQG.cif
2026-05-04 06:30:10,390 - INFO - [959/2052] Biological assembly already cached: 5MQG-assembly1.cif
2026-05-04 06:30:10,590 - INFO - [960/2052] Asymmetric unit already cached: 5MQK.cif
2026-05-04 06:30:10,590 - INFO - [960/2052] Biological assembly already cached: 5MQK-assembly1.cif
2026-05-04 06:30:10,791 - INFO - [961/2052] Asymmetric unit already cached: 5MR8.cif
2026-05-04 06:30:10,791 - INFO - [961/2052] Biological assembly already cached: 5MR8-assembly1.cif
2026-05-04 06:30:10,991 - INFO - [962/2052] Asymmetric unit already cached: 5N2W.cif
2026-05-04 06:30:10,991 - INFO - [962/2052] Biological assembly already cached: 5N2W-assembly1.cif
2026-05-04 06:30:11,192 - INFO - [963/2052] Asymmetric unit already cached: 5N38.cif
2026-05-04 06:30:11,192 - INFO - [963/2052] Biological assembly already cached: 5N38-assembly1.cif
2026-05-04 06:30:11,392 - INFO - [964/2052] Asymmetric unit already cached: 5N4W.cif
2026-05-04 06:30:11,392 - INFO - [964/2052] Biological assembly already cached: 5N4W-assembly1.cif
2026-05-04 06:30:11,593 - INFO - [965/2052] Asymmetric unit already cached: 5NGZ.cif
2026-05-04 06:30:11,593 - INFO - [965/2052] Biological assembly already cached: 5NGZ-assembly1.cif
2026-05-04 06:30:11,793 - INFO - [966/2052] Asymmetric unit already cached: 5NLK.cif
2026-05-04 06:30:11,794 - INFO - [966/2052] Biological assembly already cached: 5NLK-assembly1.cif
2026-05-04 06:30:11,994 - INFO - [967/2052] Asymmetric unit already cached: 5NRW.cif
2026-05-04 06:30:11,994 - INFO - [967/2052] Biological assembly already cached: 5NRW-assembly1.cif
2026-05-04 06:30:12,195 - INFO - [968/2052] Asymmetric unit already cached: 5NT1.cif
2026-05-04 06:30:12,195 - INFO - [968/2052] Biological assembly already cached: 5NT1-assembly1.cif
2026-05-04 06:30:12,395 - INFO - [969/2052] Asymmetric unit already cached: 5NT2.cif
2026-05-04 06:30:12,395 - INFO - [969/2052] Biological assembly already cached: 5NT2-assembly1.cif
2026-05-04 06:30:12,596 - INFO - [970/2052] Asymmetric unit already cached: 5NU3.cif
2026-05-04 06:30:12,596 - INFO - [970/2052] Biological assembly already cached: 5NU3-assembly1.cif
2026-05-04 06:30:12,796 - INFO - [971/2052] Asymmetric unit already cached: 5NU5.cif
2026-05-04 06:30:12,796 - INFO - [971/2052] Biological assembly already cached: 5NU5-assembly1.cif
2026-05-04 06:30:12,997 - INFO - [972/2052] Asymmetric unit already cached: 5O6C.cif
2026-05-04 06:30:12,997 - INFO - [972/2052] Biological assembly already cached: 5O6C-assembly1.cif
2026-05-04 06:30:13,197 - INFO - [973/2052] Asymmetric unit already cached: 5O6T.cif
2026-05-04 06:30:13,197 - INFO - [973/2052] Biological assembly already cached: 5O6T-assembly1.cif
2026-05-04 06:30:13,398 - INFO - [974/2052] Asymmetric unit already cached: 5O75.cif
2026-05-04 06:30:13,398 - INFO - [974/2052] Biological assembly already cached: 5O75-assembly1.cif
2026-05-04 06:30:13,598 - INFO - [975/2052] Asymmetric unit already cached: 5O76.cif
2026-05-04 06:30:13,598 - INFO - [975/2052] Biological assembly already cached: 5O76-assembly1.cif
2026-05-04 06:30:13,799 - INFO - [976/2052] Asymmetric unit already cached: 5OAI.cif
2026-05-04 06:30:13,799 - INFO - [976/2052] Biological assembly already cached: 5OAI-assembly1.cif
2026-05-04 06:30:13,999 - INFO - [977/2052] Asymmetric unit already cached: 5OC8.cif
2026-05-04 06:30:13,999 - INFO - [977/2052] Biological assembly already cached: 5OC8-assembly1.cif
2026-05-04 06:30:14,200 - INFO - [978/2052] Asymmetric unit already cached: 5OJJ.cif
2026-05-04 06:30:14,200 - INFO - [978/2052] Biological assembly already cached: 5OJJ-assembly1.cif
2026-05-04 06:30:14,400 - INFO - [979/2052] Asymmetric unit already cached: 5OLM.cif
2026-05-04 06:30:14,400 - INFO - [979/2052] Biological assembly already cached: 5OLM-assembly1.cif
2026-05-04 06:30:14,601 - INFO - [980/2052] Asymmetric unit already cached: 5OQW.cif
2026-05-04 06:30:14,601 - INFO - [980/2052] Biological assembly already cached: 5OQW-assembly1.cif
2026-05-04 06:30:14,801 - INFO - [981/2052] Asymmetric unit already cached: 5OWK.cif
2026-05-04 06:30:14,801 - INFO - [981/2052] Biological assembly already cached: 5OWK-assembly1.cif
2026-05-04 06:30:15,002 - INFO - [982/2052] Asymmetric unit already cached: 5SVH.cif
2026-05-04 06:30:15,002 - INFO - [982/2052] Biological assembly already cached: 5SVH-assembly1.cif
2026-05-04 06:30:15,202 - INFO - [983/2052] Asymmetric unit already cached: 5SWK.cif
2026-05-04 06:30:15,203 - INFO - [983/2052] Biological assembly already cached: 5SWK-assembly1.cif
2026-05-04 06:30:15,403 - INFO - [984/2052] Asymmetric unit already cached: 5SXP.cif
2026-05-04 06:30:15,403 - INFO - [984/2052] Biological assembly already cached: 5SXP-assembly1.cif
2026-05-04 06:30:15,604 - INFO - [985/2052] Asymmetric unit already cached: 5TB6.cif
2026-05-04 06:30:15,604 - INFO - [985/2052] Biological assembly already cached: 5TB6-assembly1.cif
2026-05-04 06:30:15,804 - INFO - [986/2052] Asymmetric unit already cached: 5TDA.cif
2026-05-04 06:30:15,804 - INFO - [986/2052] Biological assembly already cached: 5TDA-assembly1.cif
2026-05-04 06:30:16,005 - INFO - [987/2052] Asymmetric unit already cached: 5TDB.cif
2026-05-04 06:30:16,005 - INFO - [987/2052] Biological assembly already cached: 5TDB-assembly1.cif
2026-05-04 06:30:16,205 - INFO - [988/2052] Asymmetric unit already cached: 5TDC.cif
2026-05-04 06:30:16,205 - INFO - [988/2052] Biological assembly already cached: 5TDC-assembly1.cif
2026-05-04 06:30:16,406 - INFO - [989/2052] Asymmetric unit already cached: 5TDD.cif
2026-05-04 06:30:16,406 - INFO - [989/2052] Biological assembly already cached: 5TDD-assembly1.cif
2026-05-04 06:30:16,606 - INFO - [990/2052] Asymmetric unit already cached: 5TJ7.cif
2026-05-04 06:30:16,606 - INFO - [990/2052] Biological assembly already cached: 5TJ7-assembly1.cif
2026-05-04 06:30:16,807 - INFO - [991/2052] Asymmetric unit already cached: 5TJ8.cif
2026-05-04 06:30:16,807 - INFO - [991/2052] Biological assembly already cached: 5TJ8-assembly1.cif
2026-05-04 06:30:17,007 - INFO - [992/2052] Asymmetric unit already cached: 5TJQ.cif
2026-05-04 06:30:17,008 - INFO - [992/2052] Biological assembly already cached: 5TJQ-assembly1.cif
2026-05-04 06:30:17,208 - INFO - [993/2052] Asymmetric unit already cached: 5TR5.cif
2026-05-04 06:30:17,208 - INFO - [993/2052] Biological assembly already cached: 5TR5-assembly1.cif
2026-05-04 06:30:17,409 - INFO - [994/2052] Asymmetric unit already cached: 5TRB.cif
2026-05-04 06:30:17,409 - INFO - [994/2052] Biological assembly already cached: 5TRB-assembly1.cif
2026-05-04 06:30:17,609 - INFO - [995/2052] Asymmetric unit already cached: 5TRF.cif
2026-05-04 06:30:17,609 - INFO - [995/2052] Biological assembly already cached: 5TRF-assembly1.cif
2026-05-04 06:30:17,810 - INFO - [996/2052] Asymmetric unit already cached: 5TTE.cif
2026-05-04 06:30:17,810 - INFO - [996/2052] Biological assembly already cached: 5TTE-assembly1.cif
2026-05-04 06:30:18,010 - INFO - [997/2052] Asymmetric unit already cached: 5TUT.cif
2026-05-04 06:30:18,010 - INFO - [997/2052] Biological assembly already cached: 5TUT-assembly1.cif
2026-05-04 06:30:18,211 - INFO - [998/2052] Asymmetric unit already cached: 5UDH.cif
2026-05-04 06:30:18,211 - INFO - [998/2052] Biological assembly already cached: 5UDH-assembly1.cif
2026-05-04 06:30:18,411 - INFO - [999/2052] Asymmetric unit already cached: 5ULF.cif
2026-05-04 06:30:18,412 - INFO - [999/2052] Biological assembly already cached: 5ULF-assembly1.cif
2026-05-04 06:30:18,612 - INFO - [1000/2052] Asymmetric unit already cached: 5ULH.cif
2026-05-04 06:30:18,612 - INFO - [1000/2052] Biological assembly already cached: 5ULH-assembly1.cif
2026-05-04 06:30:18,812 - INFO - [1001/2052] Asymmetric unit already cached: 5ULK.cif
2026-05-04 06:30:18,813 - INFO - [1001/2052] Biological assembly already cached: 5ULK-assembly1.cif
2026-05-04 06:30:19,013 - INFO - [1002/2052] Asymmetric unit already cached: 5UM3.cif
2026-05-04 06:30:19,013 - INFO - [1002/2052] Biological assembly already cached: 5UM3-assembly1.cif
2026-05-04 06:30:19,214 - INFO - [1003/2052] Asymmetric unit already cached: 5UML.cif
2026-05-04 06:30:19,214 - INFO - [1003/2052] Biological assembly already cached: 5UML-assembly1.cif
2026-05-04 06:30:19,414 - INFO - [1004/2052] Asymmetric unit already cached: 5UMM.cif
2026-05-04 06:30:19,414 - INFO - [1004/2052] Biological assembly already cached: 5UMM-assembly1.cif
2026-05-04 06:30:19,615 - INFO - [1005/2052] Asymmetric unit already cached: 5VEY.cif
2026-05-04 06:30:19,615 - INFO - [1005/2052] Biological assembly already cached: 5VEY-assembly1.cif
2026-05-04 06:30:19,815 - INFO - [1006/2052] Asymmetric unit already cached: 5VF0.cif
2026-05-04 06:30:19,815 - INFO - [1006/2052] Biological assembly already cached: 5VF0-assembly1.cif
2026-05-04 06:30:20,016 - INFO - [1007/2052] Asymmetric unit already cached: 5VK0.cif
2026-05-04 06:30:20,016 - INFO - [1007/2052] Biological assembly already cached: 5VK0-assembly1.cif
2026-05-04 06:30:20,216 - INFO - [1008/2052] Asymmetric unit already cached: 5VK1.cif
2026-05-04 06:30:20,217 - INFO - [1008/2052] Biological assembly already cached: 5VK1-assembly1.cif
2026-05-04 06:30:20,417 - INFO - [1009/2052] Asymmetric unit already cached: 5VNZ.cif
2026-05-04 06:30:20,417 - INFO - [1009/2052] Biological assembly already cached: 5VNZ-assembly1.cif
2026-05-04 06:30:20,618 - INFO - [1010/2052] Asymmetric unit already cached: 5VO0.cif
2026-05-04 06:30:20,618 - INFO - [1010/2052] Biological assembly already cached: 5VO0-assembly1.cif
2026-05-04 06:30:20,818 - INFO - [1011/2052] Asymmetric unit already cached: 5VZV.cif
2026-05-04 06:30:20,818 - INFO - [1011/2052] Biological assembly already cached: 5VZV-assembly1.cif
2026-05-04 06:30:21,019 - INFO - [1012/2052] Asymmetric unit already cached: 5VZW.cif
2026-05-04 06:30:21,019 - INFO - [1012/2052] Biological assembly already cached: 5VZW-assembly1.cif
2026-05-04 06:30:21,219 - INFO - [1013/2052] Asymmetric unit already cached: 5W0E.cif
2026-05-04 06:30:21,219 - INFO - [1013/2052] Biological assembly already cached: 5W0E-assembly1.cif
2026-05-04 06:30:21,420 - INFO - [1014/2052] Asymmetric unit already cached: 5W0F.cif
2026-05-04 06:30:21,420 - INFO - [1014/2052] Biological assembly already cached: 5W0F-assembly1.cif
2026-05-04 06:30:21,620 - INFO - [1015/2052] Asymmetric unit already cached: 5W0L.cif
2026-05-04 06:30:21,621 - INFO - [1015/2052] Biological assembly already cached: 5W0L-assembly1.cif
2026-05-04 06:30:21,821 - INFO - [1016/2052] Asymmetric unit already cached: 5W0Q.cif
2026-05-04 06:30:21,821 - INFO - [1016/2052] Biological assembly already cached: 5W0Q-assembly1.cif
2026-05-04 06:30:22,021 - INFO - [1017/2052] Asymmetric unit already cached: 5W87.cif
2026-05-04 06:30:22,022 - INFO - [1017/2052] Biological assembly already cached: 5W87-assembly1.cif
2026-05-04 06:30:22,222 - INFO - [1018/2052] Asymmetric unit already cached: 5WBN.cif
2026-05-04 06:30:22,222 - INFO - [1018/2052] Biological assembly already cached: 5WBN-assembly1.cif
2026-05-04 06:30:22,423 - INFO - [1019/2052] Asymmetric unit already cached: 5WPB.cif
2026-05-04 06:30:22,423 - INFO - [1019/2052] Biological assembly already cached: 5WPB-assembly1.cif
2026-05-04 06:30:22,623 - INFO - [1020/2052] Asymmetric unit already cached: 5WTS.cif
2026-05-04 06:30:22,623 - INFO - [1020/2052] Biological assembly already cached: 5WTS-assembly1.cif
2026-05-04 06:30:22,824 - INFO - [1021/2052] Asymmetric unit already cached: 5WWW.cif
2026-05-04 06:30:22,824 - INFO - [1021/2052] Biological assembly already cached: 5WWW-assembly1.cif
2026-05-04 06:30:23,024 - INFO - [1022/2052] Asymmetric unit already cached: 5WWX.cif
2026-05-04 06:30:23,024 - INFO - [1022/2052] Biological assembly already cached: 5WWX-assembly1.cif
2026-05-04 06:30:23,225 - INFO - [1023/2052] Asymmetric unit already cached: 5WWZ.cif
2026-05-04 06:30:23,225 - INFO - [1023/2052] Biological assembly already cached: 5WWZ-assembly1.cif
2026-05-04 06:30:23,425 - INFO - [1024/2052] Asymmetric unit already cached: 5WY5.cif
2026-05-04 06:30:23,425 - INFO - [1024/2052] Biological assembly already cached: 5WY5-assembly1.cif
2026-05-04 06:30:23,626 - INFO - [1025/2052] Asymmetric unit already cached: 5WZZ.cif
2026-05-04 06:30:23,626 - INFO - [1025/2052] Biological assembly already cached: 5WZZ-assembly1.cif
2026-05-04 06:30:23,826 - INFO - [1026/2052] Asymmetric unit already cached: 5X0W.cif
2026-05-04 06:30:23,827 - INFO - [1026/2052] Biological assembly already cached: 5X0W-assembly1.cif
2026-05-04 06:30:24,027 - INFO - [1027/2052] Asymmetric unit already cached: 5XEK.cif
2026-05-04 06:30:24,027 - INFO - [1027/2052] Biological assembly already cached: 5XEK-assembly1.cif
2026-05-04 06:30:24,228 - INFO - [1028/2052] Asymmetric unit already cached: 5XIS.cif
2026-05-04 06:30:24,228 - INFO - [1028/2052] Biological assembly already cached: 5XIS-assembly1.cif
2026-05-04 06:30:24,428 - INFO - [1029/2052] Asymmetric unit already cached: 5XIT.cif
2026-05-04 06:30:24,428 - INFO - [1029/2052] Biological assembly already cached: 5XIT-assembly1.cif
2026-05-04 06:30:24,629 - INFO - [1030/2052] Asymmetric unit already cached: 5XIU.cif
2026-05-04 06:30:24,629 - INFO - [1030/2052] Biological assembly already cached: 5XIU-assembly1.cif
2026-05-04 06:30:24,829 - INFO - [1031/2052] Asymmetric unit already cached: 5XJC.cif
2026-05-04 06:30:24,829 - INFO - [1031/2052] Biological assembly already cached: 5XJC-assembly1.cif
2026-05-04 06:30:25,030 - INFO - [1032/2052] Asymmetric unit already cached: 5XPI.cif
2026-05-04 06:30:25,030 - INFO - [1032/2052] Biological assembly already cached: 5XPI-assembly1.cif
2026-05-04 06:30:25,230 - INFO - [1033/2052] Asymmetric unit already cached: 5XXH.cif
2026-05-04 06:30:25,230 - INFO - [1033/2052] Biological assembly already cached: 5XXH-assembly1.cif
2026-05-04 06:30:25,431 - INFO - [1034/2052] Asymmetric unit already cached: 5XXK.cif
2026-05-04 06:30:25,431 - INFO - [1034/2052] Biological assembly already cached: 5XXK-assembly1.cif
2026-05-04 06:30:25,631 - INFO - [1035/2052] Asymmetric unit already cached: 5XZC.cif
2026-05-04 06:30:25,632 - INFO - [1035/2052] Biological assembly already cached: 5XZC-assembly1.cif
2026-05-04 06:30:25,832 - INFO - [1036/2052] Asymmetric unit already cached: 5YC1.cif
2026-05-04 06:30:25,832 - INFO - [1036/2052] Biological assembly already cached: 5YC1-assembly1.cif
2026-05-04 06:30:26,033 - INFO - [1037/2052] Asymmetric unit already cached: 5YCO.cif
2026-05-04 06:30:26,033 - INFO - [1037/2052] Biological assembly already cached: 5YCO-assembly1.cif
2026-05-04 06:30:26,233 - INFO - [1038/2052] Asymmetric unit already cached: 5YDK.cif
2026-05-04 06:30:26,233 - INFO - [1038/2052] Biological assembly already cached: 5YDK-assembly1.cif
2026-05-04 06:30:26,434 - INFO - [1039/2052] Asymmetric unit already cached: 5YP7.cif
2026-05-04 06:30:26,434 - INFO - [1039/2052] Biological assembly already cached: 5YP7-assembly1.cif
2026-05-04 06:30:26,634 - INFO - [1040/2052] Asymmetric unit already cached: 5YP8.cif
2026-05-04 06:30:26,635 - INFO - [1040/2052] Biological assembly already cached: 5YP8-assembly1.cif
2026-05-04 06:30:26,835 - INFO - [1041/2052] Asymmetric unit already cached: 5YPA.cif
2026-05-04 06:30:26,835 - INFO - [1041/2052] Biological assembly already cached: 5YPA-assembly1.cif
2026-05-04 06:30:27,035 - INFO - [1042/2052] Asymmetric unit already cached: 5YPB.cif
2026-05-04 06:30:27,036 - INFO - [1042/2052] Biological assembly already cached: 5YPB-assembly1.cif
2026-05-04 06:30:27,236 - INFO - [1043/2052] Asymmetric unit already cached: 5YPC.cif
2026-05-04 06:30:27,236 - INFO - [1043/2052] Biological assembly already cached: 5YPC-assembly1.cif
2026-05-04 06:30:27,437 - INFO - [1044/2052] Asymmetric unit already cached: 5YPE.cif
2026-05-04 06:30:27,437 - INFO - [1044/2052] Biological assembly already cached: 5YPE-assembly1.cif
2026-05-04 06:30:27,637 - INFO - [1045/2052] Asymmetric unit already cached: 5YPF.cif
2026-05-04 06:30:27,637 - INFO - [1045/2052] Biological assembly already cached: 5YPF-assembly1.cif
2026-05-04 06:30:27,838 - INFO - [1046/2052] Asymmetric unit already cached: 5YPG.cif
2026-05-04 06:30:27,838 - INFO - [1046/2052] Biological assembly already cached: 5YPG-assembly1.cif
2026-05-04 06:30:28,038 - INFO - [1047/2052] Asymmetric unit already cached: 5YPH.cif
2026-05-04 06:30:28,039 - INFO - [1047/2052] Biological assembly already cached: 5YPH-assembly1.cif
2026-05-04 06:30:28,239 - INFO - [1048/2052] Asymmetric unit already cached: 5YUF.cif
2026-05-04 06:30:28,239 - INFO - [1048/2052] Biological assembly already cached: 5YUF-assembly1.cif
2026-05-04 06:30:28,440 - INFO - [1049/2052] Asymmetric unit already cached: 5YWR.cif
2026-05-04 06:30:28,440 - INFO - [1049/2052] Biological assembly already cached: 5YWR-assembly1.cif
2026-05-04 06:30:28,640 - INFO - [1050/2052] Asymmetric unit already cached: 5YY9.cif
2026-05-04 06:30:28,640 - INFO - [1050/2052] Biological assembly already cached: 5YY9-assembly1.cif
2026-05-04 06:30:28,841 - INFO - [1051/2052] Asymmetric unit already cached: 5YYA.cif
2026-05-04 06:30:28,841 - INFO - [1051/2052] Biological assembly already cached: 5YYA-assembly1.cif
2026-05-04 06:30:29,041 - INFO - [1052/2052] Asymmetric unit already cached: 5YZG.cif
2026-05-04 06:30:29,042 - INFO - [1052/2052] Biological assembly already cached: 5YZG-assembly1.cif
2026-05-04 06:30:29,242 - INFO - [1053/2052] Asymmetric unit already cached: 5Z02.cif
2026-05-04 06:30:29,242 - INFO - [1053/2052] Biological assembly already cached: 5Z02-assembly1.cif
2026-05-04 06:30:29,443 - INFO - [1054/2052] Asymmetric unit already cached: 5Z56.cif
2026-05-04 06:30:29,443 - INFO - [1054/2052] Biological assembly already cached: 5Z56-assembly1.cif
2026-05-04 06:30:29,643 - INFO - [1055/2052] Asymmetric unit already cached: 5Z57.cif
2026-05-04 06:30:29,643 - INFO - [1055/2052] Biological assembly already cached: 5Z57-assembly1.cif
2026-05-04 06:30:29,844 - INFO - [1056/2052] Asymmetric unit already cached: 5Z58.cif
2026-05-04 06:30:29,844 - INFO - [1056/2052] Biological assembly already cached: 5Z58-assembly1.cif
2026-05-04 06:30:30,044 - INFO - [1057/2052] Asymmetric unit already cached: 5ZBU.cif
2026-05-04 06:30:30,045 - INFO - [1057/2052] Biological assembly already cached: 5ZBU-assembly1.cif
2026-05-04 06:30:30,245 - INFO - [1058/2052] Asymmetric unit already cached: 5ZC4.cif
2026-05-04 06:30:30,245 - INFO - [1058/2052] Biological assembly already cached: 5ZC4-assembly1.cif
2026-05-04 06:30:30,446 - INFO - [1059/2052] Asymmetric unit already cached: 5ZI6.cif
2026-05-04 06:30:30,446 - INFO - [1059/2052] Biological assembly already cached: 5ZI6-assembly1.cif
2026-05-04 06:30:30,646 - INFO - [1060/2052] Asymmetric unit already cached: 5ZUJ.cif
2026-05-04 06:30:30,646 - INFO - [1060/2052] Biological assembly already cached: 5ZUJ-assembly1.cif
2026-05-04 06:30:30,847 - INFO - [1061/2052] Asymmetric unit already cached: 5ZXF.cif
2026-05-04 06:30:30,847 - INFO - [1061/2052] Biological assembly already cached: 5ZXF-assembly1.cif
2026-05-04 06:30:31,047 - INFO - [1062/2052] Asymmetric unit already cached: 6A33.cif
2026-05-04 06:30:31,047 - INFO - [1062/2052] Biological assembly already cached: 6A33-assembly1.cif
2026-05-04 06:30:31,248 - INFO - [1063/2052] Asymmetric unit already cached: 6A3Z.cif
2026-05-04 06:30:31,248 - INFO - [1063/2052] Biological assembly already cached: 6A3Z-assembly1.cif
2026-05-04 06:30:31,448 - INFO - [1064/2052] Asymmetric unit already cached: 6AAW.cif
2026-05-04 06:30:31,449 - INFO - [1064/2052] Biological assembly already cached: 6AAW-assembly1.cif
2026-05-04 06:30:31,649 - INFO - [1065/2052] Asymmetric unit already cached: 6ALB.cif
2026-05-04 06:30:31,649 - INFO - [1065/2052] Biological assembly already cached: 6ALB-assembly1.cif
2026-05-04 06:30:31,850 - INFO - [1066/2052] Asymmetric unit already cached: 6ALC.cif
2026-05-04 06:30:31,850 - INFO - [1066/2052] Biological assembly already cached: 6ALC-assembly1.cif
2026-05-04 06:30:32,050 - INFO - [1067/2052] Asymmetric unit already cached: 6AXQ.cif
2026-05-04 06:30:32,050 - INFO - [1067/2052] Biological assembly already cached: 6AXQ-assembly1.cif
2026-05-04 06:30:32,251 - INFO - [1068/2052] Asymmetric unit already cached: 6AY3.cif
2026-05-04 06:30:32,251 - INFO - [1068/2052] Biological assembly already cached: 6AY3-assembly1.cif
2026-05-04 06:30:32,451 - INFO - [1069/2052] Asymmetric unit already cached: 6AY5.cif
2026-05-04 06:30:32,452 - INFO - [1069/2052] Biological assembly already cached: 6AY5-assembly1.cif
2026-05-04 06:30:32,652 - INFO - [1070/2052] Asymmetric unit already cached: 6B9M.cif
2026-05-04 06:30:32,652 - INFO - [1070/2052] Biological assembly already cached: 6B9M-assembly1.cif
2026-05-04 06:30:32,853 - INFO - [1071/2052] Asymmetric unit already cached: 6CE6.cif
2026-05-04 06:30:32,853 - INFO - [1071/2052] Biological assembly already cached: 6CE6-assembly1.cif
2026-05-04 06:30:33,053 - INFO - [1072/2052] Asymmetric unit already cached: 6CE8.cif
2026-05-04 06:30:33,053 - INFO - [1072/2052] Biological assembly already cached: 6CE8-assembly1.cif
2026-05-04 06:30:33,254 - INFO - [1073/2052] Asymmetric unit already cached: 6CEA.cif
2026-05-04 06:30:33,254 - INFO - [1073/2052] Biological assembly already cached: 6CEA-assembly1.cif
2026-05-04 06:30:33,454 - INFO - [1074/2052] Asymmetric unit already cached: 6CEC.cif
2026-05-04 06:30:33,455 - INFO - [1074/2052] Biological assembly already cached: 6CEC-assembly1.cif
2026-05-04 06:30:33,655 - INFO - [1075/2052] Asymmetric unit already cached: 6CED.cif
2026-05-04 06:30:33,655 - INFO - [1075/2052] Biological assembly already cached: 6CED-assembly1.cif
2026-05-04 06:30:33,856 - INFO - [1076/2052] Asymmetric unit already cached: 6CEE.cif
2026-05-04 06:30:33,856 - INFO - [1076/2052] Biological assembly already cached: 6CEE-assembly1.cif
2026-05-04 06:30:34,056 - INFO - [1077/2052] Asymmetric unit already cached: 6CEF.cif
2026-05-04 06:30:34,056 - INFO - [1077/2052] Biological assembly already cached: 6CEF-assembly1.cif
2026-05-04 06:30:34,257 - INFO - [1078/2052] Asymmetric unit already cached: 6CF6.cif
2026-05-04 06:30:34,257 - INFO - [1078/2052] Biological assembly already cached: 6CF6-assembly1.cif
2026-05-04 06:30:34,458 - INFO - [1079/2052] Asymmetric unit already cached: 6CP0.cif
2026-05-04 06:30:34,458 - INFO - [1079/2052] Biological assembly already cached: 6CP0-assembly1.cif
2026-05-04 06:30:34,658 - INFO - [1080/2052] Asymmetric unit already cached: 6CP2.cif
2026-05-04 06:30:34,658 - INFO - [1080/2052] Biological assembly already cached: 6CP2-assembly1.cif
2026-05-04 06:30:34,859 - INFO - [1081/2052] Asymmetric unit already cached: 6CVZ.cif
2026-05-04 06:30:34,859 - INFO - [1081/2052] Biological assembly already cached: 6CVZ-assembly1.cif
2026-05-04 06:30:35,059 - INFO - [1082/2052] Asymmetric unit already cached: 6CYO.cif
2026-05-04 06:30:35,060 - INFO - [1082/2052] Biological assembly already cached: 6CYO-assembly1.cif
2026-05-04 06:30:35,260 - INFO - [1083/2052] Asymmetric unit already cached: 6CYR.cif
2026-05-04 06:30:35,260 - INFO - [1083/2052] Biological assembly already cached: 6CYR-assembly1.cif
2026-05-04 06:30:35,461 - INFO - [1084/2052] Asymmetric unit already cached: 6D4P.cif
2026-05-04 06:30:35,461 - INFO - [1084/2052] Biological assembly already cached: 6D4P-assembly1.cif
2026-05-04 06:30:35,661 - INFO - [1085/2052] Asymmetric unit already cached: 6D68.cif
2026-05-04 06:30:35,661 - INFO - [1085/2052] Biological assembly already cached: 6D68-assembly1.cif
2026-05-04 06:30:35,862 - INFO - [1086/2052] Asymmetric unit already cached: 6D6I.cif
2026-05-04 06:30:35,862 - INFO - [1086/2052] Biological assembly already cached: 6D6I-assembly1.cif
2026-05-04 06:30:36,062 - INFO - [1087/2052] Asymmetric unit already cached: 6DJW.cif
2026-05-04 06:30:36,062 - INFO - [1087/2052] Biological assembly already cached: 6DJW-assembly1.cif
2026-05-04 06:30:36,263 - INFO - [1088/2052] Asymmetric unit already cached: 6DJX.cif
2026-05-04 06:30:36,263 - INFO - [1088/2052] Biological assembly already cached: 6DJX-assembly1.cif
2026-05-04 06:30:36,463 - INFO - [1089/2052] Asymmetric unit already cached: 6DMK.cif
2026-05-04 06:30:36,464 - INFO - [1089/2052] Biological assembly already cached: 6DMK-assembly1.cif
2026-05-04 06:30:36,664 - INFO - [1090/2052] Asymmetric unit already cached: 6DS6.cif
2026-05-04 06:30:36,664 - INFO - [1090/2052] Biological assembly already cached: 6DS6-assembly1.cif
2026-05-04 06:30:36,865 - INFO - [1091/2052] Asymmetric unit already cached: 6E5X.cif
2026-05-04 06:30:36,865 - INFO - [1091/2052] Biological assembly already cached: 6E5X-assembly1.cif
2026-05-04 06:30:37,065 - INFO - [1092/2052] Asymmetric unit already cached: 6EFK.cif
2026-05-04 06:30:37,065 - INFO - [1092/2052] Biological assembly already cached: 6EFK-assembly1.cif
2026-05-04 06:30:37,266 - INFO - [1093/2052] Asymmetric unit already cached: 6ES5.cif
2026-05-04 06:30:37,266 - INFO - [1093/2052] Biological assembly already cached: 6ES5-assembly1.cif
2026-05-04 06:30:37,466 - INFO - [1094/2052] Asymmetric unit already cached: 6ES6.cif
2026-05-04 06:30:37,466 - INFO - [1094/2052] Biological assembly already cached: 6ES6-assembly1.cif
2026-05-04 06:30:37,667 - INFO - [1095/2052] Asymmetric unit already cached: 6ES7.cif
2026-05-04 06:30:37,667 - INFO - [1095/2052] Biological assembly already cached: 6ES7-assembly1.cif
2026-05-04 06:30:37,867 - INFO - [1096/2052] Asymmetric unit already cached: 6EXW.cif
2026-05-04 06:30:37,868 - INFO - [1096/2052] Biological assembly already cached: 6EXW-assembly1.cif
2026-05-04 06:30:38,068 - INFO - [1097/2052] Asymmetric unit already cached: 6EY2.cif
2026-05-04 06:30:38,068 - INFO - [1097/2052] Biological assembly already cached: 6EY2-assembly1.cif
2026-05-04 06:30:38,269 - INFO - [1098/2052] Asymmetric unit already cached: 6FF4.cif
2026-05-04 06:30:38,269 - INFO - [1098/2052] Biological assembly already cached: 6FF4-assembly1.cif
2026-05-04 06:30:38,469 - INFO - [1099/2052] Asymmetric unit already cached: 6FF7.cif
2026-05-04 06:30:38,469 - INFO - [1099/2052] Biological assembly already cached: 6FF7-assembly1.cif
2026-05-04 06:30:38,670 - INFO - [1100/2052] Asymmetric unit already cached: 6FGA.cif
2026-05-04 06:30:38,670 - INFO - [1100/2052] Biological assembly already cached: 6FGA-assembly1.cif
2026-05-04 06:30:38,870 - INFO - [1101/2052] Asymmetric unit already cached: 6FGN.cif
2026-05-04 06:30:38,870 - INFO - [1101/2052] Biological assembly already cached: 6FGN-assembly1.cif
2026-05-04 06:30:39,071 - INFO - [1102/2052] Asymmetric unit already cached: 6FGS.cif
2026-05-04 06:30:39,071 - INFO - [1102/2052] Biological assembly already cached: 6FGS-assembly1.cif
2026-05-04 06:30:39,272 - INFO - [1103/2052] Asymmetric unit already cached: 6FLM.cif
2026-05-04 06:30:39,272 - INFO - [1103/2052] Biological assembly already cached: 6FLM-assembly1.cif
2026-05-04 06:30:39,472 - INFO - [1104/2052] Asymmetric unit already cached: 6FLN.cif
2026-05-04 06:30:39,472 - INFO - [1104/2052] Biological assembly already cached: 6FLN-assembly1.cif
2026-05-04 06:30:39,673 - INFO - [1105/2052] Asymmetric unit already cached: 6FQO.cif
2026-05-04 06:30:39,673 - INFO - [1105/2052] Biological assembly already cached: 6FQO-assembly1.cif
2026-05-04 06:30:39,873 - INFO - [1106/2052] Asymmetric unit already cached: 6FQT.cif
2026-05-04 06:30:39,874 - INFO - [1106/2052] Biological assembly already cached: 6FQT-assembly1.cif
2026-05-04 06:30:40,074 - INFO - [1107/2052] Asymmetric unit already cached: 6FQU.cif
2026-05-04 06:30:40,074 - INFO - [1107/2052] Biological assembly already cached: 6FQU-assembly1.cif
2026-05-04 06:30:40,275 - INFO - [1108/2052] Asymmetric unit already cached: 6FR0.cif
2026-05-04 06:30:40,275 - INFO - [1108/2052] Biological assembly already cached: 6FR0-assembly1.cif
2026-05-04 06:30:40,475 - INFO - [1109/2052] Asymmetric unit already cached: 6FRF.cif
2026-05-04 06:30:40,475 - INFO - [1109/2052] Biological assembly already cached: 6FRF-assembly1.cif
2026-05-04 06:30:40,676 - INFO - [1110/2052] Asymmetric unit already cached: 6FX4.cif
2026-05-04 06:30:40,676 - INFO - [1110/2052] Biological assembly already cached: 6FX4-assembly1.cif
2026-05-04 06:30:40,876 - INFO - [1111/2052] Asymmetric unit already cached: 6FYH.cif
2026-05-04 06:30:40,876 - INFO - [1111/2052] Biological assembly already cached: 6FYH-assembly1.cif
2026-05-04 06:30:41,077 - INFO - [1112/2052] Asymmetric unit already cached: 6G2I.cif
2026-05-04 06:30:41,077 - INFO - [1112/2052] Biological assembly already cached: 6G2I-assembly1.cif
2026-05-04 06:30:41,277 - INFO - [1113/2052] Asymmetric unit already cached: 6GGN.cif
2026-05-04 06:30:41,278 - INFO - [1113/2052] Biological assembly already cached: 6GGN-assembly1.cif
2026-05-04 06:30:41,478 - INFO - [1114/2052] Asymmetric unit already cached: 6GJW.cif
2026-05-04 06:30:41,478 - INFO - [1114/2052] Biological assembly already cached: 6GJW-assembly1.cif
2026-05-04 06:30:41,679 - INFO - [1115/2052] Asymmetric unit already cached: 6GLC.cif
2026-05-04 06:30:41,679 - INFO - [1115/2052] Biological assembly already cached: 6GLC-assembly1.cif
2026-05-04 06:30:41,879 - INFO - [1116/2052] Asymmetric unit already cached: 6GYR.cif
2026-05-04 06:30:41,879 - INFO - [1116/2052] Biological assembly already cached: 6GYR-assembly1.cif
2026-05-04 06:30:42,080 - INFO - [1117/2052] Asymmetric unit already cached: 6GYT.cif
2026-05-04 06:30:42,080 - INFO - [1117/2052] Biological assembly already cached: 6GYT-assembly1.cif
2026-05-04 06:30:42,280 - INFO - [1118/2052] Asymmetric unit already cached: 6GZY.cif
2026-05-04 06:30:42,280 - INFO - [1118/2052] Biological assembly already cached: 6GZY-assembly1.cif
2026-05-04 06:30:42,481 - INFO - [1119/2052] Asymmetric unit already cached: 6H22.cif
2026-05-04 06:30:42,481 - INFO - [1119/2052] Biological assembly already cached: 6H22-assembly1.cif
2026-05-04 06:30:42,681 - INFO - [1120/2052] Asymmetric unit already cached: 6H3A.cif
2026-05-04 06:30:42,681 - INFO - [1120/2052] Biological assembly already cached: 6H3A-assembly1.cif
2026-05-04 06:30:42,882 - INFO - [1121/2052] Asymmetric unit already cached: 6H6Q.cif
2026-05-04 06:30:42,882 - INFO - [1121/2052] Biological assembly already cached: 6H6Q-assembly1.cif
2026-05-04 06:30:43,082 - INFO - [1122/2052] Asymmetric unit already cached: 6H6R.cif
2026-05-04 06:30:43,082 - INFO - [1122/2052] Biological assembly already cached: 6H6R-assembly1.cif
2026-05-04 06:30:43,283 - INFO - [1123/2052] Asymmetric unit already cached: 6HFA.cif
2026-05-04 06:30:43,283 - INFO - [1123/2052] Biological assembly already cached: 6HFA-assembly1.cif
2026-05-04 06:30:43,483 - INFO - [1124/2052] Asymmetric unit already cached: 6HPR.cif
2026-05-04 06:30:43,484 - INFO - [1124/2052] Biological assembly already cached: 6HPR-assembly1.cif
2026-05-04 06:30:43,684 - INFO - [1125/2052] Asymmetric unit already cached: 6HUE.cif
2026-05-04 06:30:43,684 - INFO - [1125/2052] Biological assembly already cached: 6HUE-assembly1.cif
2026-05-04 06:30:43,885 - INFO - [1126/2052] Asymmetric unit already cached: 6I29.cif
2026-05-04 06:30:43,885 - INFO - [1126/2052] Biological assembly already cached: 6I29-assembly1.cif
2026-05-04 06:30:44,085 - INFO - [1127/2052] Asymmetric unit already cached: 6I3S.cif
2026-05-04 06:30:44,085 - INFO - [1127/2052] Biological assembly already cached: 6I3S-assembly1.cif
2026-05-04 06:30:44,286 - INFO - [1128/2052] Asymmetric unit already cached: 6I9H.cif
2026-05-04 06:30:44,286 - INFO - [1128/2052] Biological assembly already cached: 6I9H-assembly1.cif
2026-05-04 06:30:44,486 - INFO - [1129/2052] Asymmetric unit already cached: 6ICZ.cif
2026-05-04 06:30:44,486 - INFO - [1129/2052] Biological assembly already cached: 6ICZ-assembly1.cif
2026-05-04 06:30:44,687 - INFO - [1130/2052] Asymmetric unit already cached: 6ID0.cif
2026-05-04 06:30:44,687 - INFO - [1130/2052] Biological assembly already cached: 6ID0-assembly1.cif
2026-05-04 06:30:44,887 - INFO - [1131/2052] Asymmetric unit already cached: 6ID1.cif
2026-05-04 06:30:44,888 - INFO - [1131/2052] Biological assembly already cached: 6ID1-assembly1.cif
2026-05-04 06:30:45,088 - INFO - [1132/2052] Asymmetric unit already cached: 6IF1.cif
2026-05-04 06:30:45,088 - INFO - [1132/2052] Biological assembly already cached: 6IF1-assembly1.cif
2026-05-04 06:30:45,289 - INFO - [1133/2052] Asymmetric unit already cached: 6IIW.cif
2026-05-04 06:30:45,289 - INFO - [1133/2052] Biological assembly already cached: 6IIW-assembly1.cif
2026-05-04 06:30:45,489 - INFO - [1134/2052] Asymmetric unit already cached: 6IM9.cif
2026-05-04 06:30:45,489 - INFO - [1134/2052] Biological assembly already cached: 6IM9-assembly1.cif
2026-05-04 06:30:45,690 - INFO - [1135/2052] Asymmetric unit already cached: 6IMQ.cif
2026-05-04 06:30:45,690 - INFO - [1135/2052] Biological assembly already cached: 6IMQ-assembly1.cif
2026-05-04 06:30:45,890 - INFO - [1136/2052] Asymmetric unit already cached: 6IR0.cif
2026-05-04 06:30:45,891 - INFO - [1136/2052] Biological assembly already cached: 6IR0-assembly1.cif
2026-05-04 06:30:46,091 - INFO - [1137/2052] Asymmetric unit already cached: 6J1X.cif
2026-05-04 06:30:46,091 - INFO - [1137/2052] Biological assembly already cached: 6J1X-assembly1.cif
2026-05-04 06:30:46,291 - INFO - [1138/2052] Asymmetric unit already cached: 6J1Y.cif
2026-05-04 06:30:46,292 - INFO - [1138/2052] Biological assembly already cached: 6J1Y-assembly1.cif
2026-05-04 06:30:46,492 - INFO - [1139/2052] Asymmetric unit already cached: 6J1Z.cif
2026-05-04 06:30:46,492 - INFO - [1139/2052] Biological assembly already cached: 6J1Z-assembly1.cif
2026-05-04 06:30:46,693 - INFO - [1140/2052] Asymmetric unit already cached: 6JB6.cif
2026-05-04 06:30:46,693 - INFO - [1140/2052] Biological assembly already cached: 6JB6-assembly1.cif
2026-05-04 06:30:46,893 - INFO - [1141/2052] Asymmetric unit already cached: 6JB7.cif
2026-05-04 06:30:46,893 - INFO - [1141/2052] Biological assembly already cached: 6JB7-assembly1.cif
2026-05-04 06:30:47,094 - INFO - [1142/2052] Asymmetric unit already cached: 6JKY.cif
2026-05-04 06:30:47,094 - INFO - [1142/2052] Biological assembly already cached: 6JKY-assembly1.cif
2026-05-04 06:30:47,294 - INFO - [1143/2052] Asymmetric unit already cached: 6JM4.cif
2026-05-04 06:30:47,294 - INFO - [1143/2052] Biological assembly already cached: 6JM4-assembly1.cif
2026-05-04 06:30:47,495 - INFO - [1144/2052] Asymmetric unit already cached: 6JX5.cif
2026-05-04 06:30:47,495 - INFO - [1144/2052] Biological assembly already cached: 6JX5-assembly1.cif
2026-05-04 06:30:47,695 - INFO - [1145/2052] Asymmetric unit already cached: 6K2C.cif
2026-05-04 06:30:47,696 - INFO - [1145/2052] Biological assembly already cached: 6K2C-assembly1.cif
2026-05-04 06:30:47,896 - INFO - [1146/2052] Asymmetric unit already cached: 6K2K.cif
2026-05-04 06:30:47,896 - INFO - [1146/2052] Biological assembly already cached: 6K2K-assembly1.cif
2026-05-04 06:30:48,097 - INFO - [1147/2052] Asymmetric unit already cached: 6K4N.cif
2026-05-04 06:30:48,097 - INFO - [1147/2052] Biological assembly already cached: 6K4N-assembly1.cif
2026-05-04 06:30:48,297 - INFO - [1148/2052] Asymmetric unit already cached: 6KC5.cif
2026-05-04 06:30:48,297 - INFO - [1148/2052] Biological assembly already cached: 6KC5-assembly1.cif
2026-05-04 06:30:48,498 - INFO - [1149/2052] Asymmetric unit already cached: 6KC6.cif
2026-05-04 06:30:48,498 - INFO - [1149/2052] Biological assembly already cached: 6KC6-assembly1.cif
2026-05-04 06:30:48,698 - INFO - [1150/2052] Asymmetric unit already cached: 6KCS.cif
2026-05-04 06:30:48,698 - INFO - [1150/2052] Biological assembly already cached: 6KCS-assembly1.cif
2026-05-04 06:30:48,899 - INFO - [1151/2052] Asymmetric unit already cached: 6KFP.cif
2026-05-04 06:30:48,899 - INFO - [1151/2052] Biological assembly already cached: 6KFP-assembly1.cif
2026-05-04 06:30:49,100 - INFO - [1152/2052] Asymmetric unit already cached: 6KG6.cif
2026-05-04 06:30:49,100 - INFO - [1152/2052] Biological assembly already cached: 6KG6-assembly1.cif
2026-05-04 06:30:49,300 - INFO - [1153/2052] Asymmetric unit already cached: 6KHZ.cif
2026-05-04 06:30:49,300 - INFO - [1153/2052] Biological assembly already cached: 6KHZ-assembly1.cif
2026-05-04 06:30:49,501 - INFO - [1154/2052] Asymmetric unit already cached: 6KIW.cif
2026-05-04 06:30:49,501 - INFO - [1154/2052] Biological assembly already cached: 6KIW-assembly1.cif
2026-05-04 06:30:49,701 - INFO - [1155/2052] Asymmetric unit already cached: 6KL4.cif
2026-05-04 06:30:49,702 - INFO - [1155/2052] Biological assembly already cached: 6KL4-assembly1.cif
2026-05-04 06:30:49,902 - INFO - [1156/2052] Asymmetric unit already cached: 6KZU.cif
2026-05-04 06:30:49,902 - INFO - [1156/2052] Biological assembly already cached: 6KZU-assembly1.cif
2026-05-04 06:30:50,103 - INFO - [1157/2052] Asymmetric unit already cached: 6L99.cif
2026-05-04 06:30:50,103 - INFO - [1157/2052] Biological assembly already cached: 6L99-assembly1.cif
2026-05-04 06:30:50,303 - INFO - [1158/2052] Asymmetric unit already cached: 6LOH.cif
2026-05-04 06:30:50,303 - INFO - [1158/2052] Biological assembly already cached: 6LOH-assembly1.cif
2026-05-04 06:30:50,504 - INFO - [1159/2052] Asymmetric unit already cached: 6LP2.cif
2026-05-04 06:30:50,504 - INFO - [1159/2052] Biological assembly already cached: 6LP2-assembly1.cif
2026-05-04 06:30:50,704 - INFO - [1160/2052] Asymmetric unit already cached: 6LQX.cif
2026-05-04 06:30:50,705 - INFO - [1160/2052] Biological assembly already cached: 6LQX-assembly1.cif
2026-05-04 06:30:50,905 - INFO - [1161/2052] Asymmetric unit already cached: 6M14.cif
2026-05-04 06:30:50,905 - INFO - [1161/2052] Biological assembly already cached: 6M14-assembly1.cif
2026-05-04 06:30:51,106 - INFO - [1162/2052] Asymmetric unit already cached: 6M2C.cif
2026-05-04 06:30:51,106 - INFO - [1162/2052] Biological assembly already cached: 6M2C-assembly1.cif
2026-05-04 06:30:51,306 - INFO - [1163/2052] Asymmetric unit already cached: 6M2D.cif
2026-05-04 06:30:51,306 - INFO - [1163/2052] Biological assembly already cached: 6M2D-assembly1.cif
2026-05-04 06:30:51,507 - INFO - [1164/2052] Asymmetric unit already cached: 6M64.cif
2026-05-04 06:30:51,507 - INFO - [1164/2052] Biological assembly already cached: 6M64-assembly1.cif
2026-05-04 06:30:51,707 - INFO - [1165/2052] Asymmetric unit already cached: 6MIU.cif
2026-05-04 06:30:51,707 - INFO - [1165/2052] Biological assembly already cached: 6MIU-assembly1.cif
2026-05-04 06:30:51,908 - INFO - [1166/2052] Asymmetric unit already cached: 6MIW.cif
2026-05-04 06:30:51,908 - INFO - [1166/2052] Biological assembly already cached: 6MIW-assembly1.cif
2026-05-04 06:30:52,108 - INFO - [1167/2052] Asymmetric unit already cached: 6MJ7.cif
2026-05-04 06:30:52,109 - INFO - [1167/2052] Biological assembly already cached: 6MJ7-assembly1.cif
2026-05-04 06:30:52,309 - INFO - [1168/2052] Asymmetric unit already cached: 6MLC.cif
2026-05-04 06:30:52,309 - INFO - [1168/2052] Biological assembly already cached: 6MLC-assembly1.cif
2026-05-04 06:30:52,510 - INFO - [1169/2052] Asymmetric unit already cached: 6N13.cif
2026-05-04 06:30:52,510 - INFO - [1169/2052] Biological assembly already cached: 6N13-assembly1.cif
2026-05-04 06:30:52,710 - INFO - [1170/2052] Asymmetric unit already cached: 6NMI.cif
2026-05-04 06:30:52,710 - INFO - [1170/2052] Biological assembly already cached: 6NMI-assembly1.cif
2026-05-04 06:30:52,911 - INFO - [1171/2052] Asymmetric unit already cached: 6NSV.cif
2026-05-04 06:30:52,911 - INFO - [1171/2052] Biological assembly already cached: 6NSV-assembly1.cif
2026-05-04 06:30:53,111 - INFO - [1172/2052] Asymmetric unit already cached: 6NYO.cif
2026-05-04 06:30:53,112 - INFO - [1172/2052] Biological assembly already cached: 6NYO-assembly1.cif
2026-05-04 06:30:53,312 - INFO - [1173/2052] Asymmetric unit already cached: 6O02.cif
2026-05-04 06:30:53,312 - INFO - [1173/2052] Biological assembly already cached: 6O02-assembly1.cif
2026-05-04 06:30:53,513 - INFO - [1174/2052] Asymmetric unit already cached: 6O03.cif
2026-05-04 06:30:53,513 - INFO - [1174/2052] Biological assembly already cached: 6O03-assembly1.cif
2026-05-04 06:30:53,713 - INFO - [1175/2052] Asymmetric unit already cached: 6O7G.cif
2026-05-04 06:30:53,713 - INFO - [1175/2052] Biological assembly already cached: 6O7G-assembly1.cif
2026-05-04 06:30:53,914 - INFO - [1176/2052] Asymmetric unit already cached: 6O9L.cif
2026-05-04 06:30:53,914 - INFO - [1176/2052] Biological assembly already cached: 6O9L-assembly1.cif
2026-05-04 06:30:54,114 - INFO - [1177/2052] Asymmetric unit already cached: 6O9M.cif
2026-05-04 06:30:54,114 - INFO - [1177/2052] Biological assembly already cached: 6O9M-assembly1.cif
2026-05-04 06:30:54,315 - INFO - [1178/2052] Asymmetric unit already cached: 6P5B.cif
2026-05-04 06:30:54,315 - INFO - [1178/2052] Biological assembly already cached: 6P5B-assembly1.cif
2026-05-04 06:30:54,515 - INFO - [1179/2052] Asymmetric unit already cached: 6PF1.cif
2026-05-04 06:30:54,516 - INFO - [1179/2052] Biological assembly already cached: 6PF1-assembly1.cif
2026-05-04 06:30:54,716 - INFO - [1180/2052] Asymmetric unit already cached: 6PFL.cif
2026-05-04 06:30:54,716 - INFO - [1180/2052] Biological assembly already cached: 6PFL-assembly1.cif
2026-05-04 06:30:54,917 - INFO - [1181/2052] Asymmetric unit already cached: 6PGU.cif
2026-05-04 06:30:54,917 - INFO - [1181/2052] Biological assembly already cached: 6PGU-assembly1.cif
2026-05-04 06:30:55,117 - INFO - [1182/2052] Asymmetric unit already cached: 6Q6G.cif
2026-05-04 06:30:55,117 - INFO - [1182/2052] Biological assembly already cached: 6Q6G-assembly1.cif
2026-05-04 06:30:55,318 - INFO - [1183/2052] Asymmetric unit already cached: 6Q6H.cif
2026-05-04 06:30:55,318 - INFO - [1183/2052] Biological assembly already cached: 6Q6H-assembly1.cif
2026-05-04 06:30:55,519 - INFO - [1184/2052] Asymmetric unit already cached: 6Q96.cif
2026-05-04 06:30:55,519 - INFO - [1184/2052] Biological assembly already cached: 6Q96-assembly1.cif
2026-05-04 06:30:55,719 - INFO - [1185/2052] Asymmetric unit already cached: 6Q9H.cif
2026-05-04 06:30:55,719 - INFO - [1185/2052] Biological assembly already cached: 6Q9H-assembly1.cif
2026-05-04 06:30:55,920 - INFO - [1186/2052] Asymmetric unit already cached: 6Q9L.cif
2026-05-04 06:30:55,920 - INFO - [1186/2052] Biological assembly already cached: 6Q9L-assembly1.cif
2026-05-04 06:30:56,120 - INFO - [1187/2052] Asymmetric unit already cached: 6Q9O.cif
2026-05-04 06:30:56,120 - INFO - [1187/2052] Biological assembly already cached: 6Q9O-assembly1.cif
2026-05-04 06:30:56,321 - INFO - [1188/2052] Asymmetric unit already cached: 6Q9Q.cif
2026-05-04 06:30:56,321 - INFO - [1188/2052] Biological assembly already cached: 6Q9Q-assembly1.cif
2026-05-04 06:30:56,521 - INFO - [1189/2052] Asymmetric unit already cached: 6Q9S.cif
2026-05-04 06:30:56,522 - INFO - [1189/2052] Biological assembly already cached: 6Q9S-assembly1.cif
2026-05-04 06:30:56,722 - INFO - [1190/2052] Asymmetric unit already cached: 6Q9U.cif
2026-05-04 06:30:56,722 - INFO - [1190/2052] Biological assembly already cached: 6Q9U-assembly1.cif
2026-05-04 06:30:56,922 - INFO - [1191/2052] Asymmetric unit already cached: 6Q9W.cif
2026-05-04 06:30:56,923 - INFO - [1191/2052] Biological assembly already cached: 6Q9W-assembly1.cif
2026-05-04 06:30:57,123 - INFO - [1192/2052] Asymmetric unit already cached: 6Q9Y.cif
2026-05-04 06:30:57,123 - INFO - [1192/2052] Biological assembly already cached: 6Q9Y-assembly1.cif
2026-05-04 06:30:57,324 - INFO - [1193/2052] Asymmetric unit already cached: 6QAJ.cif
2026-05-04 06:30:57,324 - INFO - [1193/2052] Biological assembly already cached: 6QAJ-assembly1.cif
2026-05-04 06:30:57,524 - INFO - [1194/2052] Asymmetric unit already cached: 6QCI.cif
2026-05-04 06:30:57,524 - INFO - [1194/2052] Biological assembly already cached: 6QCI-assembly1.cif
2026-05-04 06:30:57,725 - INFO - [1195/2052] Asymmetric unit already cached: 6QDV.cif
2026-05-04 06:30:57,725 - INFO - [1195/2052] Biological assembly already cached: 6QDV-assembly1.cif
2026-05-04 06:30:57,925 - INFO - [1196/2052] Asymmetric unit already cached: 6QH3.cif
2026-05-04 06:30:57,925 - INFO - [1196/2052] Biological assembly already cached: 6QH3-assembly1.cif
2026-05-04 06:30:58,126 - INFO - [1197/2052] Asymmetric unit already cached: 6QHK.cif
2026-05-04 06:30:58,126 - INFO - [1197/2052] Biological assembly already cached: 6QHK-assembly1.cif
2026-05-04 06:30:58,326 - INFO - [1198/2052] Asymmetric unit already cached: 6QLY.cif
2026-05-04 06:30:58,327 - INFO - [1198/2052] Biological assembly already cached: 6QLY-assembly1.cif
2026-05-04 06:30:58,527 - INFO - [1199/2052] Asymmetric unit already cached: 6QLZ.cif
2026-05-04 06:30:58,527 - INFO - [1199/2052] Biological assembly already cached: 6QLZ-assembly1.cif
2026-05-04 06:30:58,728 - INFO - [1200/2052] Asymmetric unit already cached: 6QST.cif
2026-05-04 06:30:58,728 - INFO - [1200/2052] Biological assembly already cached: 6QST-assembly1.cif
2026-05-04 06:30:58,928 - INFO - [1201/2052] Asymmetric unit already cached: 6QU1.cif
2026-05-04 06:30:58,928 - INFO - [1201/2052] Biological assembly already cached: 6QU1-assembly1.cif
2026-05-04 06:30:59,129 - INFO - [1202/2052] Asymmetric unit already cached: 6R6H.cif
2026-05-04 06:30:59,129 - INFO - [1202/2052] Biological assembly already cached: 6R6H-assembly1.cif
2026-05-04 06:30:59,329 - INFO - [1203/2052] Asymmetric unit already cached: 6R75.cif
2026-05-04 06:30:59,330 - INFO - [1203/2052] Biological assembly already cached: 6R75-assembly1.cif
2026-05-04 06:30:59,530 - INFO - [1204/2052] Asymmetric unit already cached: 6R7F.cif
2026-05-04 06:30:59,530 - INFO - [1204/2052] Biological assembly already cached: 6R7F-assembly1.cif
2026-05-04 06:30:59,730 - INFO - [1205/2052] Asymmetric unit already cached: 6R7H.cif
2026-05-04 06:30:59,731 - INFO - [1205/2052] Biological assembly already cached: 6R7H-assembly1.cif
2026-05-04 06:30:59,931 - INFO - [1206/2052] Asymmetric unit already cached: 6R7I.cif
2026-05-04 06:30:59,931 - INFO - [1206/2052] Biological assembly already cached: 6R7I-assembly1.cif
2026-05-04 06:31:00,132 - INFO - [1207/2052] Asymmetric unit already cached: 6R7N.cif
2026-05-04 06:31:00,132 - INFO - [1207/2052] Biological assembly already cached: 6R7N-assembly1.cif
2026-05-04 06:31:00,332 - INFO - [1208/2052] Asymmetric unit already cached: 6RSS.cif
2026-05-04 06:31:00,332 - INFO - [1208/2052] Biological assembly already cached: 6RSS-assembly1.cif
2026-05-04 06:31:00,533 - INFO - [1209/2052] Asymmetric unit already cached: 6S53.cif
2026-05-04 06:31:00,533 - INFO - [1209/2052] Biological assembly already cached: 6S53-assembly1.cif
2026-05-04 06:31:00,733 - INFO - [1210/2052] Asymmetric unit already cached: 6S96.cif
2026-05-04 06:31:00,734 - INFO - [1210/2052] Biological assembly already cached: 6S96-assembly1.cif
2026-05-04 06:31:00,934 - INFO - [1211/2052] Asymmetric unit already cached: 6S98.cif
2026-05-04 06:31:00,934 - INFO - [1211/2052] Biological assembly already cached: 6S98-assembly1.cif
2026-05-04 06:31:01,135 - INFO - [1212/2052] Asymmetric unit already cached: 6SC5.cif
2026-05-04 06:31:01,135 - INFO - [1212/2052] Biological assembly already cached: 6SC5-assembly1.cif
2026-05-04 06:31:01,335 - INFO - [1213/2052] Asymmetric unit already cached: 6SC6.cif
2026-05-04 06:31:01,335 - INFO - [1213/2052] Biological assembly already cached: 6SC6-assembly1.cif
2026-05-04 06:31:01,536 - INFO - [1214/2052] Asymmetric unit already cached: 6SC7.cif
2026-05-04 06:31:01,536 - INFO - [1214/2052] Biological assembly already cached: 6SC7-assembly1.cif
2026-05-04 06:31:01,736 - INFO - [1215/2052] Asymmetric unit already cached: 6SC8.cif
2026-05-04 06:31:01,736 - INFO - [1215/2052] Biological assembly already cached: 6SC8-assembly1.cif
2026-05-04 06:31:01,937 - INFO - [1216/2052] Asymmetric unit already cached: 6SC9.cif
2026-05-04 06:31:01,937 - INFO - [1216/2052] Biological assembly already cached: 6SC9-assembly1.cif
2026-05-04 06:31:02,137 - INFO - [1217/2052] Asymmetric unit already cached: 6SJV.cif
2026-05-04 06:31:02,138 - INFO - [1217/2052] Biological assembly already cached: 6SJV-assembly1.cif
2026-05-04 06:31:02,338 - INFO - [1218/2052] Asymmetric unit already cached: 6SLM.cif
2026-05-04 06:31:02,338 - INFO - [1218/2052] Biological assembly already cached: 6SLM-assembly1.cif
2026-05-04 06:31:02,539 - INFO - [1219/2052] Asymmetric unit already cached: 6SQE.cif
2026-05-04 06:31:02,539 - INFO - [1219/2052] Biological assembly already cached: 6SQE-assembly1.cif
2026-05-04 06:31:02,739 - INFO - [1220/2052] Asymmetric unit already cached: 6SQF.cif
2026-05-04 06:31:02,739 - INFO - [1220/2052] Biological assembly already cached: 6SQF-assembly1.cif
2026-05-04 06:31:02,940 - INFO - [1221/2052] Asymmetric unit already cached: 6SQM.cif
2026-05-04 06:31:02,940 - INFO - [1221/2052] Biological assembly already cached: 6SQM-assembly1.cif
2026-05-04 06:31:03,141 - INFO - [1222/2052] Asymmetric unit already cached: 6SQO.cif
2026-05-04 06:31:03,141 - INFO - [1222/2052] Biological assembly already cached: 6SQO-assembly1.cif
2026-05-04 06:31:03,341 - INFO - [1223/2052] Asymmetric unit already cached: 6SQR.cif
2026-05-04 06:31:03,341 - INFO - [1223/2052] Biological assembly already cached: 6SQR-assembly1.cif
2026-05-04 06:31:03,542 - INFO - [1224/2052] Asymmetric unit already cached: 6SQS.cif
2026-05-04 06:31:03,542 - INFO - [1224/2052] Biological assembly already cached: 6SQS-assembly1.cif
2026-05-04 06:31:03,742 - INFO - [1225/2052] Asymmetric unit already cached: 6SXX.cif
2026-05-04 06:31:03,742 - INFO - [1225/2052] Biological assembly already cached: 6SXX-assembly1.cif
2026-05-04 06:31:03,943 - INFO - [1226/2052] Asymmetric unit already cached: 6SYF.cif
2026-05-04 06:31:03,943 - INFO - [1226/2052] Biological assembly already cached: 6SYF-assembly1.cif
2026-05-04 06:31:04,143 - INFO - [1227/2052] Asymmetric unit already cached: 6T2D.cif
2026-05-04 06:31:04,143 - INFO - [1227/2052] Biological assembly already cached: 6T2D-assembly1.cif
2026-05-04 06:31:04,344 - INFO - [1228/2052] Asymmetric unit already cached: 6T2E.cif
2026-05-04 06:31:04,344 - INFO - [1228/2052] Biological assembly already cached: 6T2E-assembly1.cif
2026-05-04 06:31:04,545 - INFO - [1229/2052] Asymmetric unit already cached: 6T2F.cif
2026-05-04 06:31:04,545 - INFO - [1229/2052] Biological assembly already cached: 6T2F-assembly1.cif
2026-05-04 06:31:04,745 - INFO - [1230/2052] Asymmetric unit already cached: 6T7F.cif
2026-05-04 06:31:04,745 - INFO - [1230/2052] Biological assembly already cached: 6T7F-assembly1.cif
2026-05-04 06:31:04,946 - INFO - [1231/2052] Asymmetric unit already cached: 6TGK.cif
2026-05-04 06:31:04,946 - INFO - [1231/2052] Biological assembly already cached: 6TGK-assembly1.cif
2026-05-04 06:31:05,146 - INFO - [1232/2052] Asymmetric unit already cached: 6TGY.cif
2026-05-04 06:31:05,147 - INFO - [1232/2052] Biological assembly already cached: 6TGY-assembly1.cif
2026-05-04 06:31:05,347 - INFO - [1233/2052] Asymmetric unit already cached: 6TH3.cif
2026-05-04 06:31:05,347 - INFO - [1233/2052] Biological assembly already cached: 6TH3-assembly1.cif
2026-05-04 06:31:05,548 - INFO - [1234/2052] Asymmetric unit already cached: 6TLJ.cif
2026-05-04 06:31:05,548 - INFO - [1234/2052] Biological assembly already cached: 6TLJ-assembly1.cif
2026-05-04 06:31:05,748 - INFO - [1235/2052] Asymmetric unit already cached: 6TM5.cif
2026-05-04 06:31:05,749 - INFO - [1235/2052] Biological assembly already cached: 6TM5-assembly1.cif
2026-05-04 06:31:05,949 - INFO - [1236/2052] Asymmetric unit already cached: 6TNT.cif
2026-05-04 06:31:05,949 - INFO - [1236/2052] Biological assembly already cached: 6TNT-assembly1.cif
2026-05-04 06:31:06,150 - INFO - [1237/2052] Asymmetric unit already cached: 6TTU.cif
2026-05-04 06:31:06,150 - INFO - [1237/2052] Biological assembly already cached: 6TTU-assembly1.cif
2026-05-04 06:31:06,350 - INFO - [1238/2052] Asymmetric unit already cached: 6TUN.cif
2026-05-04 06:31:06,350 - INFO - [1238/2052] Biological assembly already cached: 6TUN-assembly1.cif
2026-05-04 06:31:06,551 - INFO - [1239/2052] Asymmetric unit already cached: 6U19.cif
2026-05-04 06:31:06,551 - INFO - [1239/2052] Biological assembly already cached: 6U19-assembly1.cif
2026-05-04 06:31:06,751 - INFO - [1240/2052] Asymmetric unit already cached: 6ULH.cif
2026-05-04 06:31:06,751 - INFO - [1240/2052] Biological assembly already cached: 6ULH-assembly1.cif
2026-05-04 06:31:06,952 - INFO - [1241/2052] Asymmetric unit already cached: 6UMA.cif
2026-05-04 06:31:06,952 - INFO - [1241/2052] Biological assembly already cached: 6UMA-assembly1.cif
2026-05-04 06:31:07,153 - INFO - [1242/2052] Asymmetric unit already cached: 6UMB.cif
2026-05-04 06:31:07,153 - INFO - [1242/2052] Biological assembly already cached: 6UMB-assembly1.cif
2026-05-04 06:31:07,353 - INFO - [1243/2052] Asymmetric unit already cached: 6UMP.cif
2026-05-04 06:31:07,353 - INFO - [1243/2052] Biological assembly already cached: 6UMP-assembly1.cif
2026-05-04 06:31:07,554 - INFO - [1244/2052] Asymmetric unit already cached: 6UMS.cif
2026-05-04 06:31:07,554 - INFO - [1244/2052] Biological assembly already cached: 6UMS-assembly1.cif
2026-05-04 06:31:07,754 - INFO - [1245/2052] Asymmetric unit already cached: 6UYO.cif
2026-05-04 06:31:07,754 - INFO - [1245/2052] Biological assembly already cached: 6UYO-assembly1.cif
2026-05-04 06:31:07,955 - INFO - [1246/2052] Asymmetric unit already cached: 6UYP.cif
2026-05-04 06:31:07,955 - INFO - [1246/2052] Biological assembly already cached: 6UYP-assembly1.cif
2026-05-04 06:31:08,155 - INFO - [1247/2052] Asymmetric unit already cached: 6UYQ.cif
2026-05-04 06:31:08,156 - INFO - [1247/2052] Biological assembly already cached: 6UYQ-assembly1.cif
2026-05-04 06:31:08,356 - INFO - [1248/2052] Asymmetric unit already cached: 6UYR.cif
2026-05-04 06:31:08,356 - INFO - [1248/2052] Biological assembly already cached: 6UYR-assembly1.cif
2026-05-04 06:31:08,556 - INFO - [1249/2052] Asymmetric unit already cached: 6UYS.cif
2026-05-04 06:31:08,557 - INFO - [1249/2052] Biological assembly already cached: 6UYS-assembly1.cif
2026-05-04 06:31:08,757 - INFO - [1250/2052] Asymmetric unit already cached: 6UYT.cif
2026-05-04 06:31:08,757 - INFO - [1250/2052] Biological assembly already cached: 6UYT-assembly1.cif
2026-05-04 06:31:08,958 - INFO - [1251/2052] Asymmetric unit already cached: 6UYU.cif
2026-05-04 06:31:08,958 - INFO - [1251/2052] Biological assembly already cached: 6UYU-assembly1.cif
2026-05-04 06:31:09,158 - INFO - [1252/2052] Asymmetric unit already cached: 6UYV.cif
2026-05-04 06:31:09,158 - INFO - [1252/2052] Biological assembly already cached: 6UYV-assembly1.cif
2026-05-04 06:31:09,359 - INFO - [1253/2052] Asymmetric unit already cached: 6V8B.cif
2026-05-04 06:31:09,359 - INFO - [1253/2052] Biological assembly already cached: 6V8B-assembly1.cif
2026-05-04 06:31:09,559 - INFO - [1254/2052] Asymmetric unit already cached: 6V8K.cif
2026-05-04 06:31:09,560 - INFO - [1254/2052] Biological assembly already cached: 6V8K-assembly1.cif
2026-05-04 06:31:09,760 - INFO - [1255/2052] Asymmetric unit already cached: 6V8N.cif
2026-05-04 06:31:09,760 - INFO - [1255/2052] Biological assembly already cached: 6V8N-assembly1.cif
2026-05-04 06:31:09,961 - INFO - [1256/2052] Asymmetric unit already cached: 6V90.cif
2026-05-04 06:31:09,961 - INFO - [1256/2052] Biological assembly already cached: 6V90-assembly1.cif
2026-05-04 06:31:10,161 - INFO - [1257/2052] Asymmetric unit already cached: 6VCS.cif
2026-05-04 06:31:10,161 - INFO - [1257/2052] Biological assembly already cached: 6VCS-assembly1.cif
2026-05-04 06:31:10,362 - INFO - [1258/2052] Asymmetric unit already cached: 6VED.cif
2026-05-04 06:31:10,362 - INFO - [1258/2052] Biological assembly already cached: 6VED-assembly1.cif
2026-05-04 06:31:10,562 - INFO - [1259/2052] Asymmetric unit already cached: 6VYJ.cif
2026-05-04 06:31:10,562 - INFO - [1259/2052] Biological assembly already cached: 6VYJ-assembly1.cif
2026-05-04 06:31:10,763 - INFO - [1260/2052] Asymmetric unit already cached: 6W74.cif
2026-05-04 06:31:10,763 - INFO - [1260/2052] Biological assembly already cached: 6W74-assembly1.cif
2026-05-04 06:31:10,963 - INFO - [1261/2052] Asymmetric unit already cached: 6W7O.cif
2026-05-04 06:31:10,964 - INFO - [1261/2052] Biological assembly already cached: 6W7O-assembly1.cif
2026-05-04 06:31:11,164 - INFO - [1262/2052] Asymmetric unit already cached: 6W7Z.cif
2026-05-04 06:31:11,164 - INFO - [1262/2052] Biological assembly already cached: 6W7Z-assembly1.cif
2026-05-04 06:31:11,365 - INFO - [1263/2052] Asymmetric unit already cached: 6W8I.cif
2026-05-04 06:31:11,365 - INFO - [1263/2052] Biological assembly already cached: 6W8I-assembly1.cif
2026-05-04 06:31:11,565 - INFO - [1264/2052] Asymmetric unit already cached: 6W92.cif
2026-05-04 06:31:11,565 - INFO - [1264/2052] Biological assembly already cached: 6W92-assembly1.cif
2026-05-04 06:31:11,766 - INFO - [1265/2052] Asymmetric unit already cached: 6W9A.cif
2026-05-04 06:31:11,766 - INFO - [1265/2052] Biological assembly already cached: 6W9A-assembly1.cif
2026-05-04 06:31:11,966 - INFO - [1266/2052] Asymmetric unit already cached: 6W9D.cif
2026-05-04 06:31:11,966 - INFO - [1266/2052] Biological assembly already cached: 6W9D-assembly1.cif
2026-05-04 06:31:12,167 - INFO - [1267/2052] Asymmetric unit already cached: 6WHB.cif
2026-05-04 06:31:12,167 - INFO - [1267/2052] Biological assembly already cached: 6WHB-assembly1.cif
2026-05-04 06:31:12,367 - INFO - [1268/2052] Asymmetric unit already cached: 6WI7.cif
2026-05-04 06:31:12,368 - INFO - [1268/2052] Biological assembly already cached: 6WI7-assembly1.cif
2026-05-04 06:31:12,568 - INFO - [1269/2052] Asymmetric unit already cached: 6WI8.cif
2026-05-04 06:31:12,568 - INFO - [1269/2052] Biological assembly already cached: 6WI8-assembly1.cif
2026-05-04 06:31:12,769 - INFO - [1270/2052] Asymmetric unit already cached: 6WW3.cif
2026-05-04 06:31:12,769 - INFO - [1270/2052] Biological assembly already cached: 6WW3-assembly1.cif
2026-05-04 06:31:12,969 - INFO - [1271/2052] Asymmetric unit already cached: 6WW4.cif
2026-05-04 06:31:12,969 - INFO - [1271/2052] Biological assembly already cached: 6WW4-assembly1.cif
2026-05-04 06:31:13,170 - INFO - [1272/2052] Asymmetric unit already cached: 6XAR.cif
2026-05-04 06:31:13,170 - INFO - [1272/2052] Biological assembly already cached: 6XAR-assembly1.cif
2026-05-04 06:31:13,370 - INFO - [1273/2052] Asymmetric unit already cached: 6XBZ.cif
2026-05-04 06:31:13,370 - INFO - [1273/2052] Biological assembly already cached: 6XBZ-assembly1.cif
2026-05-04 06:31:13,571 - INFO - [1274/2052] Asymmetric unit already cached: 6XD3.cif
2026-05-04 06:31:13,571 - INFO - [1274/2052] Biological assembly already cached: 6XD3-assembly1.cif
2026-05-04 06:31:13,771 - INFO - [1275/2052] Asymmetric unit already cached: 6XXU.cif
2026-05-04 06:31:13,772 - INFO - [1275/2052] Biological assembly already cached: 6XXU-assembly1.cif
2026-05-04 06:31:13,972 - INFO - [1276/2052] Asymmetric unit already cached: 6Y22.cif
2026-05-04 06:31:13,972 - INFO - [1276/2052] Biological assembly already cached: 6Y22-assembly1.cif
2026-05-04 06:31:14,172 - INFO - [1277/2052] Asymmetric unit already cached: 6Y2X.cif
2026-05-04 06:31:14,173 - INFO - [1277/2052] Biological assembly already cached: 6Y2X-assembly1.cif
2026-05-04 06:31:14,373 - INFO - [1278/2052] Asymmetric unit already cached: 6Y3J.cif
2026-05-04 06:31:14,373 - INFO - [1278/2052] Biological assembly already cached: 6Y3J-assembly1.cif
2026-05-04 06:31:14,574 - INFO - [1279/2052] Asymmetric unit already cached: 6Y4Q.cif
2026-05-04 06:31:14,574 - INFO - [1279/2052] Biological assembly already cached: 6Y4Q-assembly1.cif
2026-05-04 06:31:14,774 - INFO - [1280/2052] Asymmetric unit already cached: 6Y5N.cif
2026-05-04 06:31:14,774 - INFO - [1280/2052] Biological assembly already cached: 6Y5N-assembly1.cif
2026-05-04 06:31:14,975 - INFO - [1281/2052] Asymmetric unit already cached: 6Y5P.cif
2026-05-04 06:31:14,975 - INFO - [1281/2052] Biological assembly already cached: 6Y5P-assembly1.cif
2026-05-04 06:31:15,175 - INFO - [1282/2052] Asymmetric unit already cached: 6YIJ.cif
2026-05-04 06:31:15,175 - INFO - [1282/2052] Biological assembly already cached: 6YIJ-assembly1.cif
2026-05-04 06:31:15,376 - INFO - [1283/2052] Asymmetric unit already cached: 6YIK.cif
2026-05-04 06:31:15,376 - INFO - [1283/2052] Biological assembly already cached: 6YIK-assembly1.cif
2026-05-04 06:31:15,577 - INFO - [1284/2052] Asymmetric unit already cached: 6YIL.cif
2026-05-04 06:31:15,577 - INFO - [1284/2052] Biological assembly already cached: 6YIL-assembly1.cif
2026-05-04 06:31:15,777 - INFO - [1285/2052] Asymmetric unit already cached: 6YIM.cif
2026-05-04 06:31:15,777 - INFO - [1285/2052] Biological assembly already cached: 6YIM-assembly1.cif
2026-05-04 06:31:15,978 - INFO - [1286/2052] Asymmetric unit already cached: 6YR5.cif
2026-05-04 06:31:15,978 - INFO - [1286/2052] Biological assembly already cached: 6YR5-assembly1.cif
2026-05-04 06:31:16,178 - INFO - [1287/2052] Asymmetric unit already cached: 6YR6.cif
2026-05-04 06:31:16,178 - INFO - [1287/2052] Biological assembly already cached: 6YR6-assembly1.cif
2026-05-04 06:31:16,379 - INFO - [1288/2052] Asymmetric unit already cached: 6YR7.cif
2026-05-04 06:31:16,379 - INFO - [1288/2052] Biological assembly already cached: 6YR7-assembly1.cif
2026-05-04 06:31:16,579 - INFO - [1289/2052] Asymmetric unit already cached: 6YXE.cif
2026-05-04 06:31:16,580 - INFO - [1289/2052] Biological assembly already cached: 6YXE-assembly1.cif
2026-05-04 06:31:16,780 - INFO - [1290/2052] Asymmetric unit already cached: 6ZBT.cif
2026-05-04 06:31:16,780 - INFO - [1290/2052] Biological assembly already cached: 6ZBT-assembly1.cif
2026-05-04 06:31:16,981 - INFO - [1291/2052] Asymmetric unit already cached: 6ZC9.cif
2026-05-04 06:31:16,981 - INFO - [1291/2052] Biological assembly already cached: 6ZC9-assembly1.cif
2026-05-04 06:31:17,181 - INFO - [1292/2052] Asymmetric unit already cached: 7A5P.cif
2026-05-04 06:31:17,181 - INFO - [1292/2052] Biological assembly already cached: 7A5P-assembly1.cif
2026-05-04 06:31:17,382 - INFO - [1293/2052] Asymmetric unit already cached: 7ABI.cif
2026-05-04 06:31:17,382 - INFO - [1293/2052] Biological assembly already cached: 7ABI-assembly1.cif
2026-05-04 06:31:17,582 - INFO - [1294/2052] Asymmetric unit already cached: 7AD0.cif
2026-05-04 06:31:17,583 - INFO - [1294/2052] Biological assembly already cached: 7AD0-assembly1.cif
2026-05-04 06:31:17,783 - INFO - [1295/2052] Asymmetric unit already cached: 7AHF.cif
2026-05-04 06:31:17,783 - INFO - [1295/2052] Biological assembly already cached: 7AHF-assembly1.cif
2026-05-04 06:31:17,984 - INFO - [1296/2052] Asymmetric unit already cached: 7AI0.cif
2026-05-04 06:31:17,984 - INFO - [1296/2052] Biological assembly already cached: 7AI0-assembly1.cif
2026-05-04 06:31:18,184 - INFO - [1297/2052] Asymmetric unit already cached: 7AI1.cif
2026-05-04 06:31:18,184 - INFO - [1297/2052] Biological assembly already cached: 7AI1-assembly1.cif
2026-05-04 06:31:18,385 - INFO - [1298/2052] Asymmetric unit already cached: 7AYE.cif
2026-05-04 06:31:18,385 - INFO - [1298/2052] Biological assembly already cached: 7AYE-assembly1.cif
2026-05-04 06:31:18,585 - INFO - [1299/2052] Asymmetric unit already cached: 7AZX.cif
2026-05-04 06:31:18,586 - INFO - [1299/2052] Biological assembly already cached: 7AZX-assembly1.cif
2026-05-04 06:31:18,786 - INFO - [1300/2052] Asymmetric unit already cached: 7B2R.cif
2026-05-04 06:31:18,786 - INFO - [1300/2052] Biological assembly already cached: 7B2R-assembly1.cif
2026-05-04 06:31:18,987 - INFO - [1301/2052] Asymmetric unit already cached: 7B2S.cif
2026-05-04 06:31:18,987 - INFO - [1301/2052] Biological assembly already cached: 7B2S-assembly1.cif
2026-05-04 06:31:19,187 - INFO - [1302/2052] Asymmetric unit already cached: 7B5L.cif
2026-05-04 06:31:19,187 - INFO - [1302/2052] Biological assembly already cached: 7B5L-assembly1.cif
2026-05-04 06:31:19,388 - INFO - [1303/2052] Asymmetric unit already cached: 7B5M.cif
2026-05-04 06:31:19,388 - INFO - [1303/2052] Biological assembly already cached: 7B5M-assembly1.cif
2026-05-04 06:31:19,588 - INFO - [1304/2052] Asymmetric unit already cached: 7B5N.cif
2026-05-04 06:31:19,589 - INFO - [1304/2052] Biological assembly already cached: 7B5N-assembly1.cif
2026-05-04 06:31:19,789 - INFO - [1305/2052] Asymmetric unit already cached: 7B5O.cif
2026-05-04 06:31:19,789 - INFO - [1305/2052] Biological assembly already cached: 7B5O-assembly1.cif
2026-05-04 06:31:19,990 - INFO - [1306/2052] Asymmetric unit already cached: 7B5Q.cif
2026-05-04 06:31:19,990 - INFO - [1306/2052] Biological assembly already cached: 7B5Q-assembly1.cif
2026-05-04 06:31:20,190 - INFO - [1307/2052] Asymmetric unit already cached: 7B5S.cif
2026-05-04 06:31:20,190 - INFO - [1307/2052] Biological assembly already cached: 7B5S-assembly1.cif
2026-05-04 06:31:20,391 - INFO - [1308/2052] Asymmetric unit already cached: 7B96.cif
2026-05-04 06:31:20,391 - INFO - [1308/2052] Biological assembly already cached: 7B96-assembly1.cif
2026-05-04 06:31:20,592 - INFO - [1309/2052] Asymmetric unit already cached: 7B9X.cif
2026-05-04 06:31:20,592 - INFO - [1309/2052] Biological assembly already cached: 7B9X-assembly1.cif
2026-05-04 06:31:20,792 - INFO - [1310/2052] Asymmetric unit already cached: 7BBD.cif
2026-05-04 06:31:20,792 - INFO - [1310/2052] Biological assembly already cached: 7BBD-assembly1.cif
2026-05-04 06:31:20,993 - INFO - [1311/2052] Asymmetric unit already cached: 7BBF.cif
2026-05-04 06:31:20,993 - INFO - [1311/2052] Biological assembly already cached: 7BBF-assembly1.cif
2026-05-04 06:31:21,193 - INFO - [1312/2052] Asymmetric unit already cached: 7BIR.cif
2026-05-04 06:31:21,193 - INFO - [1312/2052] Biological assembly already cached: 7BIR-assembly1.cif
2026-05-04 06:31:21,394 - INFO - [1313/2052] Asymmetric unit already cached: 7BIT.cif
2026-05-04 06:31:21,394 - INFO - [1313/2052] Biological assembly already cached: 7BIT-assembly1.cif
2026-05-04 06:31:21,594 - INFO - [1314/2052] Asymmetric unit already cached: 7BIV.cif
2026-05-04 06:31:21,595 - INFO - [1314/2052] Biological assembly already cached: 7BIV-assembly1.cif
2026-05-04 06:31:21,795 - INFO - [1315/2052] Asymmetric unit already cached: 7BJ0.cif
2026-05-04 06:31:21,795 - INFO - [1315/2052] Biological assembly already cached: 7BJ0-assembly1.cif
2026-05-04 06:31:21,996 - INFO - [1316/2052] Asymmetric unit already cached: 7BJ6.cif
2026-05-04 06:31:21,996 - INFO - [1316/2052] Biological assembly already cached: 7BJ6-assembly1.cif
2026-05-04 06:31:22,196 - INFO - [1317/2052] Asymmetric unit already cached: 7BMG.cif
2026-05-04 06:31:22,196 - INFO - [1317/2052] Biological assembly already cached: 7BMG-assembly1.cif
2026-05-04 06:31:22,397 - INFO - [1318/2052] Asymmetric unit already cached: 7BOL.cif
2026-05-04 06:31:22,397 - INFO - [1318/2052] Biological assembly already cached: 7BOL-assembly1.cif
2026-05-04 06:31:22,597 - INFO - [1319/2052] Asymmetric unit already cached: 7BXG.cif
2026-05-04 06:31:22,597 - INFO - [1319/2052] Biological assembly already cached: 7BXG-assembly1.cif
2026-05-04 06:31:22,798 - INFO - [1320/2052] Asymmetric unit already cached: 7C3Q.cif
2026-05-04 06:31:22,798 - INFO - [1320/2052] Biological assembly already cached: 7C3Q-assembly1.cif
2026-05-04 06:31:22,999 - INFO - [1321/2052] Asymmetric unit already cached: 7C3Y.cif
2026-05-04 06:31:22,999 - INFO - [1321/2052] Biological assembly already cached: 7C3Y-assembly1.cif
2026-05-04 06:31:23,199 - INFO - [1322/2052] Asymmetric unit already cached: 7C44.cif
2026-05-04 06:31:23,199 - INFO - [1322/2052] Biological assembly already cached: 7C44-assembly1.cif
2026-05-04 06:31:23,400 - INFO - [1323/2052] Asymmetric unit already cached: 7CO1.cif
2026-05-04 06:31:23,400 - INFO - [1323/2052] Biological assembly already cached: 7CO1-assembly1.cif
2026-05-04 06:31:23,600 - INFO - [1324/2052] Asymmetric unit already cached: 7DVQ.cif
2026-05-04 06:31:23,600 - INFO - [1324/2052] Biological assembly already cached: 7DVQ-assembly1.cif
2026-05-04 06:31:23,801 - INFO - [1325/2052] Asymmetric unit already cached: 7E8I.cif
2026-05-04 06:31:23,801 - INFO - [1325/2052] Biological assembly already cached: 7E8I-assembly1.cif
2026-05-04 06:31:24,001 - INFO - [1326/2052] Asymmetric unit already cached: 7EGB.cif
2026-05-04 06:31:24,002 - INFO - [1326/2052] Biological assembly already cached: 7EGB-assembly1.cif
2026-05-04 06:31:24,202 - INFO - [1327/2052] Asymmetric unit already cached: 7EGC.cif
2026-05-04 06:31:24,202 - INFO - [1327/2052] Biological assembly already cached: 7EGC-assembly1.cif
2026-05-04 06:31:24,403 - INFO - [1328/2052] Asymmetric unit already cached: 7EL4.cif
2026-05-04 06:31:24,403 - INFO - [1328/2052] Biological assembly already cached: 7EL4-assembly1.cif
2026-05-04 06:31:24,603 - INFO - [1329/2052] Asymmetric unit already cached: 7ENA.cif
2026-05-04 06:31:24,603 - INFO - [1329/2052] Biological assembly already cached: 7ENA-assembly1.cif
2026-05-04 06:31:24,804 - INFO - [1330/2052] Asymmetric unit already cached: 7ENC.cif
2026-05-04 06:31:24,804 - INFO - [1330/2052] Biological assembly already cached: 7ENC-assembly1.cif
2026-05-04 06:31:25,005 - INFO - [1331/2052] Asymmetric unit already cached: 7EVJ.cif
2026-05-04 06:31:25,005 - INFO - [1331/2052] Biological assembly already cached: 7EVJ-assembly1.cif
2026-05-04 06:31:25,205 - INFO - [1332/2052] Asymmetric unit already cached: 7FB7.cif
2026-05-04 06:31:25,205 - INFO - [1332/2052] Biological assembly already cached: 7FB7-assembly1.cif
2026-05-04 06:31:25,406 - INFO - [1333/2052] Asymmetric unit already cached: 7JFL.cif
2026-05-04 06:31:25,406 - INFO - [1333/2052] Biological assembly already cached: 7JFL-assembly1.cif
2026-05-04 06:31:25,607 - INFO - [1334/2052] Asymmetric unit already cached: 7JFM.cif
2026-05-04 06:31:25,607 - INFO - [1334/2052] Biological assembly already cached: 7JFM-assembly1.cif
2026-05-04 06:31:25,807 - INFO - [1335/2052] Asymmetric unit already cached: 7JL0.cif
2026-05-04 06:31:25,807 - INFO - [1335/2052] Biological assembly already cached: 7JL0-assembly1.cif
2026-05-04 06:31:26,008 - INFO - [1336/2052] Asymmetric unit already cached: 7JL1.cif
2026-05-04 06:31:26,008 - INFO - [1336/2052] Biological assembly already cached: 7JL1-assembly1.cif
2026-05-04 06:31:26,208 - INFO - [1337/2052] Asymmetric unit already cached: 7JL2.cif
2026-05-04 06:31:26,208 - INFO - [1337/2052] Biological assembly already cached: 7JL2-assembly1.cif
2026-05-04 06:31:26,409 - INFO - [1338/2052] Asymmetric unit already cached: 7JL3.cif
2026-05-04 06:31:26,409 - INFO - [1338/2052] Biological assembly already cached: 7JL3-assembly1.cif
2026-05-04 06:31:26,609 - INFO - [1339/2052] Asymmetric unit already cached: 7JL4.cif
2026-05-04 06:31:26,610 - INFO - [1339/2052] Biological assembly already cached: 7JL4-assembly1.cif
2026-05-04 06:31:26,810 - INFO - [1340/2052] Asymmetric unit already cached: 7JQ9.cif
2026-05-04 06:31:26,810 - INFO - [1340/2052] Biological assembly already cached: 7JQ9-assembly1.cif
2026-05-04 06:31:27,011 - INFO - [1341/2052] Asymmetric unit already cached: 7JUO.cif
2026-05-04 06:31:27,011 - INFO - [1341/2052] Biological assembly already cached: 7JUO-assembly1.cif
2026-05-04 06:31:27,211 - INFO - [1342/2052] Asymmetric unit already cached: 7JZV.cif
2026-05-04 06:31:27,212 - INFO - [1342/2052] Biological assembly already cached: 7JZV-assembly1.cif
2026-05-04 06:31:27,412 - INFO - [1343/2052] Asymmetric unit already cached: 7KJM.cif
2026-05-04 06:31:27,412 - INFO - [1343/2052] Biological assembly already cached: 7KJM-assembly1.cif
2026-05-04 06:31:27,612 - INFO - [1344/2052] Asymmetric unit already cached: 7KJN.cif
2026-05-04 06:31:27,613 - INFO - [1344/2052] Biological assembly already cached: 7KJN-assembly1.cif
2026-05-04 06:31:27,813 - INFO - [1345/2052] Asymmetric unit already cached: 7KPY.cif
2026-05-04 06:31:27,813 - INFO - [1345/2052] Biological assembly already cached: 7KPY-assembly1.cif
2026-05-04 06:31:28,014 - INFO - [1346/2052] Asymmetric unit already cached: 7KZP.cif
2026-05-04 06:31:28,014 - INFO - [1346/2052] Biological assembly already cached: 7KZP-assembly1.cif
2026-05-04 06:31:28,214 - INFO - [1347/2052] Asymmetric unit already cached: 7KZQ.cif
2026-05-04 06:31:28,215 - INFO - [1347/2052] Biological assembly already cached: 7KZQ-assembly1.cif
2026-05-04 06:31:28,415 - INFO - [1348/2052] Asymmetric unit already cached: 7KZR.cif
2026-05-04 06:31:28,415 - INFO - [1348/2052] Biological assembly already cached: 7KZR-assembly1.cif
2026-05-04 06:31:28,616 - INFO - [1349/2052] Asymmetric unit already cached: 7KZS.cif
2026-05-04 06:31:28,616 - INFO - [1349/2052] Biological assembly already cached: 7KZS-assembly1.cif
2026-05-04 06:31:28,816 - INFO - [1350/2052] Asymmetric unit already cached: 7KZT.cif
2026-05-04 06:31:28,817 - INFO - [1350/2052] Biological assembly already cached: 7KZT-assembly1.cif
2026-05-04 06:31:29,017 - INFO - [1351/2052] Asymmetric unit already cached: 7KZV.cif
2026-05-04 06:31:29,017 - INFO - [1351/2052] Biological assembly already cached: 7KZV-assembly1.cif
2026-05-04 06:31:29,218 - INFO - [1352/2052] Asymmetric unit already cached: 7L3L.cif
2026-05-04 06:31:29,218 - INFO - [1352/2052] Biological assembly already cached: 7L3L-assembly1.cif
2026-05-04 06:31:29,418 - INFO - [1353/2052] Asymmetric unit already cached: 7LBM.cif
2026-05-04 06:31:29,419 - INFO - [1353/2052] Biological assembly already cached: 7LBM-assembly1.cif
2026-05-04 06:31:29,619 - INFO - [1354/2052] Asymmetric unit already cached: 7LEW.cif
2026-05-04 06:31:29,619 - INFO - [1354/2052] Biological assembly already cached: 7LEW-assembly1.cif
2026-05-04 06:31:29,820 - INFO - [1355/2052] Asymmetric unit already cached: 7LJE.cif
2026-05-04 06:31:29,820 - INFO - [1355/2052] Biological assembly already cached: 7LJE-assembly1.cif
2026-05-04 06:31:30,020 - INFO - [1356/2052] Asymmetric unit already cached: 7LP1.cif
2026-05-04 06:31:30,020 - INFO - [1356/2052] Biological assembly already cached: 7LP1-assembly1.cif
2026-05-04 06:31:30,221 - INFO - [1357/2052] Asymmetric unit already cached: 7LP2.cif
2026-05-04 06:31:30,221 - INFO - [1357/2052] Biological assembly already cached: 7LP2-assembly1.cif
2026-05-04 06:31:30,421 - INFO - [1358/2052] Asymmetric unit already cached: 7LP3.cif
2026-05-04 06:31:30,422 - INFO - [1358/2052] Biological assembly already cached: 7LP3-assembly1.cif
2026-05-04 06:31:30,622 - INFO - [1359/2052] Asymmetric unit already cached: 7LP4.cif
2026-05-04 06:31:30,622 - INFO - [1359/2052] Biological assembly already cached: 7LP4-assembly1.cif
2026-05-04 06:31:30,822 - INFO - [1360/2052] Asymmetric unit already cached: 7LP5.cif
2026-05-04 06:31:30,823 - INFO - [1360/2052] Biological assembly already cached: 7LP5-assembly1.cif
2026-05-04 06:31:31,023 - INFO - [1361/2052] Asymmetric unit already cached: 7LYB.cif
2026-05-04 06:31:31,023 - INFO - [1361/2052] Biological assembly already cached: 7LYB-assembly1.cif
2026-05-04 06:31:31,224 - INFO - [1362/2052] Asymmetric unit already cached: 7LYC.cif
2026-05-04 06:31:31,224 - INFO - [1362/2052] Biological assembly already cached: 7LYC-assembly1.cif
2026-05-04 06:31:31,424 - INFO - [1363/2052] Asymmetric unit already cached: 7M2K.cif
2026-05-04 06:31:31,424 - INFO - [1363/2052] Biological assembly already cached: 7M2K-assembly1.cif
2026-05-04 06:31:31,625 - INFO - [1364/2052] Asymmetric unit already cached: 7M3Q.cif
2026-05-04 06:31:31,625 - INFO - [1364/2052] Biological assembly already cached: 7M3Q-assembly1.cif
2026-05-04 06:31:31,826 - INFO - [1365/2052] Asymmetric unit already cached: 7M4M.cif
2026-05-04 06:31:31,826 - INFO - [1365/2052] Biological assembly already cached: 7M4M-assembly1.cif
2026-05-04 06:31:32,026 - INFO - [1366/2052] Asymmetric unit already cached: 7M4N.cif
2026-05-04 06:31:32,026 - INFO - [1366/2052] Biological assembly already cached: 7M4N-assembly1.cif
2026-05-04 06:31:32,227 - INFO - [1367/2052] Asymmetric unit already cached: 7M4O.cif
2026-05-04 06:31:32,227 - INFO - [1367/2052] Biological assembly already cached: 7M4O-assembly1.cif
2026-05-04 06:31:32,428 - INFO - [1368/2052] Asymmetric unit already cached: 7MLA.cif
2026-05-04 06:31:32,428 - INFO - [1368/2052] Biological assembly already cached: 7MLA-assembly1.cif
2026-05-04 06:31:32,628 - INFO - [1369/2052] Asymmetric unit already cached: 7MOP.cif
2026-05-04 06:31:32,628 - INFO - [1369/2052] Biological assembly already cached: 7MOP-assembly1.cif
2026-05-04 06:31:32,829 - INFO - [1370/2052] Asymmetric unit already cached: 7MWD.cif
2026-05-04 06:31:32,829 - INFO - [1370/2052] Biological assembly already cached: 7MWD-assembly1.cif
2026-05-04 06:31:33,029 - INFO - [1371/2052] Asymmetric unit already cached: 7MWE.cif
2026-05-04 06:31:33,030 - INFO - [1371/2052] Biological assembly already cached: 7MWE-assembly1.cif
2026-05-04 06:31:33,230 - INFO - [1372/2052] Asymmetric unit already cached: 7MWF.cif
2026-05-04 06:31:33,230 - INFO - [1372/2052] Biological assembly already cached: 7MWF-assembly1.cif
2026-05-04 06:31:33,431 - INFO - [1373/2052] Asymmetric unit already cached: 7MYF.cif
2026-05-04 06:31:33,431 - INFO - [1373/2052] Biological assembly already cached: 7MYF-assembly1.cif
2026-05-04 06:31:33,631 - INFO - [1374/2052] Asymmetric unit already cached: 7MYH.cif
2026-05-04 06:31:33,632 - INFO - [1374/2052] Biological assembly already cached: 7MYH-assembly1.cif
2026-05-04 06:31:33,832 - INFO - [1375/2052] Asymmetric unit already cached: 7NA1.cif
2026-05-04 06:31:33,832 - INFO - [1375/2052] Biological assembly already cached: 7NA1-assembly1.cif
2026-05-04 06:31:34,033 - INFO - [1376/2052] Asymmetric unit already cached: 7NA2.cif
2026-05-04 06:31:34,033 - INFO - [1376/2052] Biological assembly already cached: 7NA2-assembly1.cif
2026-05-04 06:31:34,233 - INFO - [1377/2052] Asymmetric unit already cached: 7NA3.cif
2026-05-04 06:31:34,233 - INFO - [1377/2052] Biological assembly already cached: 7NA3-assembly1.cif
2026-05-04 06:31:34,434 - INFO - [1378/2052] Asymmetric unit already cached: 7NA4.cif
2026-05-04 06:31:34,434 - INFO - [1378/2052] Biological assembly already cached: 7NA4-assembly1.cif
2026-05-04 06:31:34,635 - INFO - [1379/2052] Asymmetric unit already cached: 7ND1.cif
2026-05-04 06:31:34,635 - INFO - [1379/2052] Biological assembly already cached: 7ND1-assembly1.cif
2026-05-04 06:31:34,835 - INFO - [1380/2052] Asymmetric unit already cached: 7NK0.cif
2026-05-04 06:31:34,835 - INFO - [1380/2052] Biological assembly already cached: 7NK0-assembly1.cif
2026-05-04 06:31:35,036 - INFO - [1381/2052] Asymmetric unit already cached: 7NMZ.cif
2026-05-04 06:31:35,036 - INFO - [1381/2052] Biological assembly already cached: 7NMZ-assembly1.cif
2026-05-04 06:31:35,236 - INFO - [1382/2052] Asymmetric unit already cached: 7NUS.cif
2026-05-04 06:31:35,237 - INFO - [1382/2052] Biological assembly already cached: 7NUS-assembly1.cif
2026-05-04 06:31:35,437 - INFO - [1383/2052] Asymmetric unit already cached: 7NVR.cif
2026-05-04 06:31:35,437 - INFO - [1383/2052] Biological assembly already cached: 7NVR-assembly1.cif
2026-05-04 06:31:35,638 - INFO - [1384/2052] Asymmetric unit already cached: 7NVW.cif
2026-05-04 06:31:35,638 - INFO - [1384/2052] Biological assembly already cached: 7NVW-assembly1.cif
2026-05-04 06:31:35,838 - INFO - [1385/2052] Asymmetric unit already cached: 7NVX.cif
2026-05-04 06:31:35,838 - INFO - [1385/2052] Biological assembly already cached: 7NVX-assembly1.cif
2026-05-04 06:31:36,039 - INFO - [1386/2052] Asymmetric unit already cached: 7NVY.cif
2026-05-04 06:31:36,039 - INFO - [1386/2052] Biological assembly already cached: 7NVY-assembly1.cif
2026-05-04 06:31:36,239 - INFO - [1387/2052] Asymmetric unit already cached: 7NVZ.cif
2026-05-04 06:31:36,239 - INFO - [1387/2052] Biological assembly already cached: 7NVZ-assembly1.cif
2026-05-04 06:31:36,440 - INFO - [1388/2052] Asymmetric unit already cached: 7NW0.cif
2026-05-04 06:31:36,440 - INFO - [1388/2052] Biological assembly already cached: 7NW0-assembly1.cif
2026-05-04 06:31:36,640 - INFO - [1389/2052] Asymmetric unit already cached: 7NZC.cif
2026-05-04 06:31:36,641 - INFO - [1389/2052] Biological assembly already cached: 7NZC-assembly1.cif
2026-05-04 06:31:36,841 - INFO - [1390/2052] Asymmetric unit already cached: 7NZD.cif
2026-05-04 06:31:36,841 - INFO - [1390/2052] Biological assembly already cached: 7NZD-assembly1.cif
2026-05-04 06:31:37,042 - INFO - [1391/2052] Asymmetric unit already cached: 7O0B.cif
2026-05-04 06:31:37,042 - INFO - [1391/2052] Biological assembly already cached: 7O0B-assembly1.cif
2026-05-04 06:31:37,242 - INFO - [1392/2052] Asymmetric unit already cached: 7OD1.cif
2026-05-04 06:31:37,242 - INFO - [1392/2052] Biological assembly already cached: 7OD1-assembly1.cif
2026-05-04 06:31:37,443 - INFO - [1393/2052] Asymmetric unit already cached: 7OIK.cif
2026-05-04 06:31:37,443 - INFO - [1393/2052] Biological assembly already cached: 7OIK-assembly1.cif
2026-05-04 06:31:37,643 - INFO - [1394/2052] Asymmetric unit already cached: 7OJX.cif
2026-05-04 06:31:37,643 - INFO - [1394/2052] Biological assembly already cached: 7OJX-assembly1.cif
2026-05-04 06:31:37,844 - INFO - [1395/2052] Asymmetric unit already cached: 7OKQ.cif
2026-05-04 06:31:37,844 - INFO - [1395/2052] Biological assembly already cached: 7OKQ-assembly1.cif
2026-05-04 06:31:38,044 - INFO - [1396/2052] Asymmetric unit already cached: 7ONI.cif
2026-05-04 06:31:38,044 - INFO - [1396/2052] Biological assembly already cached: 7ONI-assembly1.cif
2026-05-04 06:31:38,245 - INFO - [1397/2052] Asymmetric unit already cached: 7OVX.cif
2026-05-04 06:31:38,245 - INFO - [1397/2052] Biological assembly already cached: 7OVX-assembly1.cif
2026-05-04 06:31:38,446 - INFO - [1398/2052] Asymmetric unit already cached: 7OW2.cif
2026-05-04 06:31:38,446 - INFO - [1398/2052] Biological assembly already cached: 7OW2-assembly1.cif
2026-05-04 06:31:38,646 - INFO - [1399/2052] Asymmetric unit already cached: 7P2K.cif
2026-05-04 06:31:38,646 - INFO - [1399/2052] Biological assembly already cached: 7P2K-assembly1.cif
2026-05-04 06:31:38,847 - INFO - [1400/2052] Asymmetric unit already cached: 7PLO.cif
2026-05-04 06:31:38,847 - INFO - [1400/2052] Biological assembly already cached: 7PLO-assembly1.cif
2026-05-04 06:31:39,047 - INFO - [1401/2052] Asymmetric unit already cached: 7Q40.cif
2026-05-04 06:31:39,047 - INFO - [1401/2052] Biological assembly already cached: 7Q40-assembly1.cif
2026-05-04 06:31:39,248 - INFO - [1402/2052] Asymmetric unit already cached: 7Q41.cif
2026-05-04 06:31:39,248 - INFO - [1402/2052] Biological assembly already cached: 7Q41-assembly1.cif
2026-05-04 06:31:39,448 - INFO - [1403/2052] Asymmetric unit already cached: 7Q42.cif
2026-05-04 06:31:39,448 - INFO - [1403/2052] Biological assembly already cached: 7Q42-assembly1.cif
2026-05-04 06:31:39,649 - INFO - [1404/2052] Asymmetric unit already cached: 7Q43.cif
2026-05-04 06:31:39,649 - INFO - [1404/2052] Biological assembly already cached: 7Q43-assembly1.cif
2026-05-04 06:31:39,849 - INFO - [1405/2052] Asymmetric unit already cached: 7Q44.cif
2026-05-04 06:31:39,849 - INFO - [1405/2052] Biological assembly already cached: 7Q44-assembly1.cif
2026-05-04 06:31:40,050 - INFO - [1406/2052] Asymmetric unit already cached: 7Q45.cif
2026-05-04 06:31:40,050 - INFO - [1406/2052] Biological assembly already cached: 7Q45-assembly1.cif
2026-05-04 06:31:40,250 - INFO - [1407/2052] Asymmetric unit already cached: 7Q46.cif
2026-05-04 06:31:40,251 - INFO - [1407/2052] Biological assembly already cached: 7Q46-assembly1.cif
2026-05-04 06:31:40,451 - INFO - [1408/2052] Asymmetric unit already cached: 7QCT.cif
2026-05-04 06:31:40,451 - INFO - [1408/2052] Biological assembly already cached: 7QCT-assembly1.cif
2026-05-04 06:31:40,652 - INFO - [1409/2052] Asymmetric unit already cached: 7QDQ.cif
2026-05-04 06:31:40,652 - INFO - [1409/2052] Biological assembly already cached: 7QDQ-assembly1.cif
2026-05-04 06:31:40,852 - INFO - [1410/2052] Asymmetric unit already cached: 7QGJ.cif
2026-05-04 06:31:40,852 - INFO - [1410/2052] Biological assembly already cached: 7QGJ-assembly1.cif
2026-05-04 06:31:41,053 - INFO - [1411/2052] Asymmetric unit already cached: 7QGS.cif
2026-05-04 06:31:41,053 - INFO - [1411/2052] Biological assembly already cached: 7QGS-assembly1.cif
2026-05-04 06:31:41,253 - INFO - [1412/2052] Asymmetric unit already cached: 7QPB.cif
2026-05-04 06:31:41,254 - INFO - [1412/2052] Biological assembly already cached: 7QPB-assembly1.cif
2026-05-04 06:31:41,454 - INFO - [1413/2052] Asymmetric unit already cached: 7QRV.cif
2026-05-04 06:31:41,454 - INFO - [1413/2052] Biological assembly already cached: 7QRV-assembly1.cif
2026-05-04 06:31:41,655 - INFO - [1414/2052] Asymmetric unit already cached: 7QRW.cif
2026-05-04 06:31:41,655 - INFO - [1414/2052] Biological assembly already cached: 7QRW-assembly1.cif
2026-05-04 06:31:41,855 - INFO - [1415/2052] Asymmetric unit already cached: 7QRX.cif
2026-05-04 06:31:41,855 - INFO - [1415/2052] Biological assembly already cached: 7QRX-assembly1.cif
2026-05-04 06:31:42,056 - INFO - [1416/2052] Asymmetric unit already cached: 7QRY.cif
2026-05-04 06:31:42,056 - INFO - [1416/2052] Biological assembly already cached: 7QRY-assembly1.cif
2026-05-04 06:31:42,256 - INFO - [1417/2052] Asymmetric unit already cached: 7QRZ.cif
2026-05-04 06:31:42,256 - INFO - [1417/2052] Biological assembly already cached: 7QRZ-assembly1.cif
2026-05-04 06:31:42,457 - INFO - [1418/2052] Asymmetric unit already cached: 7QS0.cif
2026-05-04 06:31:42,457 - INFO - [1418/2052] Biological assembly already cached: 7QS0-assembly1.cif
2026-05-04 06:31:42,657 - INFO - [1419/2052] Asymmetric unit already cached: 7QS1.cif
2026-05-04 06:31:42,658 - INFO - [1419/2052] Biological assembly already cached: 7QS1-assembly1.cif
2026-05-04 06:31:42,858 - INFO - [1420/2052] Asymmetric unit already cached: 7QS2.cif
2026-05-04 06:31:42,858 - INFO - [1420/2052] Biological assembly already cached: 7QS2-assembly1.cif
2026-05-04 06:31:43,059 - INFO - [1421/2052] Asymmetric unit already cached: 7QS4.cif
2026-05-04 06:31:43,059 - INFO - [1421/2052] Biological assembly already cached: 7QS4-assembly1.cif
2026-05-04 06:31:43,259 - INFO - [1422/2052] Asymmetric unit already cached: 7QS5.cif
2026-05-04 06:31:43,260 - INFO - [1422/2052] Biological assembly already cached: 7QS5-assembly1.cif
2026-05-04 06:31:43,460 - INFO - [1423/2052] Asymmetric unit already cached: 7QTT.cif
2026-05-04 06:31:43,460 - INFO - [1423/2052] Biological assembly already cached: 7QTT-assembly1.cif
2026-05-04 06:31:43,661 - INFO - [1424/2052] Asymmetric unit already cached: 7R1O.cif
2026-05-04 06:31:43,661 - INFO - [1424/2052] Biological assembly already cached: 7R1O-assembly1.cif
2026-05-04 06:31:43,861 - INFO - [1425/2052] Asymmetric unit already cached: 7R70.cif
2026-05-04 06:31:43,861 - INFO - [1425/2052] Biological assembly already cached: 7R70-assembly1.cif
2026-05-04 06:31:44,062 - INFO - [1426/2052] Asymmetric unit already cached: 7R71.cif
2026-05-04 06:31:44,062 - INFO - [1426/2052] Biological assembly already cached: 7R71-assembly1.cif
2026-05-04 06:31:44,262 - INFO - [1427/2052] Asymmetric unit already cached: 7RGW.cif
2026-05-04 06:31:44,262 - INFO - [1427/2052] Biological assembly already cached: 7RGW-assembly1.cif
2026-05-04 06:31:44,463 - INFO - [1428/2052] Asymmetric unit already cached: 7RLE.cif
2026-05-04 06:31:44,463 - INFO - [1428/2052] Biological assembly already cached: 7RLE-assembly1.cif
2026-05-04 06:31:44,664 - INFO - [1429/2052] Asymmetric unit already cached: 7SIY.cif
2026-05-04 06:31:44,664 - INFO - [1429/2052] Biological assembly already cached: 7SIY-assembly1.cif
2026-05-04 06:31:44,864 - INFO - [1430/2052] Asymmetric unit already cached: 7SS8.cif
2026-05-04 06:31:44,864 - INFO - [1430/2052] Biological assembly already cached: 7SS8-assembly1.cif
2026-05-04 06:31:45,065 - INFO - [1431/2052] Asymmetric unit already cached: 7SSK.cif
2026-05-04 06:31:45,065 - INFO - [1431/2052] Biological assembly already cached: 7SSK-assembly1.cif
2026-05-04 06:31:45,265 - INFO - [1432/2052] Asymmetric unit already cached: 7SZQ.cif
2026-05-04 06:31:45,266 - INFO - [1432/2052] Biological assembly already cached: 7SZQ-assembly1.cif
2026-05-04 06:31:45,466 - INFO - [1433/2052] Asymmetric unit already cached: 7TB1.cif
2026-05-04 06:31:45,466 - INFO - [1433/2052] Biological assembly already cached: 7TB1-assembly1.cif
2026-05-04 06:31:45,667 - INFO - [1434/2052] Asymmetric unit already cached: 7TB3.cif
2026-05-04 06:31:45,667 - INFO - [1434/2052] Biological assembly already cached: 7TB3-assembly1.cif
2026-05-04 06:31:45,867 - INFO - [1435/2052] Asymmetric unit already cached: 7TBH.cif
2026-05-04 06:31:45,867 - INFO - [1435/2052] Biological assembly already cached: 7TBH-assembly1.cif
2026-05-04 06:31:46,068 - INFO - [1436/2052] Asymmetric unit already cached: 7TRL.cif
2026-05-04 06:31:46,068 - INFO - [1436/2052] Biological assembly already cached: 7TRL-assembly1.cif
2026-05-04 06:31:46,268 - INFO - [1437/2052] Asymmetric unit already cached: 7TRM.cif
2026-05-04 06:31:46,269 - INFO - [1437/2052] Biological assembly already cached: 7TRM-assembly1.cif
2026-05-04 06:31:46,469 - INFO - [1438/2052] Asymmetric unit already cached: 7TV4.cif
2026-05-04 06:31:46,469 - INFO - [1438/2052] Biological assembly already cached: 7TV4-assembly1.cif
2026-05-04 06:31:46,670 - INFO - [1439/2052] Asymmetric unit already cached: 7UGE.cif
2026-05-04 06:31:46,670 - INFO - [1439/2052] Biological assembly already cached: 7UGE-assembly1.cif
2026-05-04 06:31:46,870 - INFO - [1440/2052] Asymmetric unit already cached: 7UGI.cif
2026-05-04 06:31:46,870 - INFO - [1440/2052] Biological assembly already cached: 7UGI-assembly1.cif
2026-05-04 06:31:47,071 - INFO - [1441/2052] Asymmetric unit already cached: 7UGL.cif
2026-05-04 06:31:47,071 - INFO - [1441/2052] Biological assembly already cached: 7UGL-assembly1.cif
2026-05-04 06:31:47,271 - INFO - [1442/2052] Asymmetric unit already cached: 7UHY.cif
2026-05-04 06:31:47,272 - INFO - [1442/2052] Biological assembly already cached: 7UHY-assembly1.cif
2026-05-04 06:31:47,472 - INFO - [1443/2052] Asymmetric unit already cached: 7UN3.cif
2026-05-04 06:31:47,472 - INFO - [1443/2052] Biological assembly already cached: 7UN3-assembly1.cif
2026-05-04 06:31:47,673 - INFO - [1444/2052] Asymmetric unit already cached: 7UN6.cif
2026-05-04 06:31:47,673 - INFO - [1444/2052] Biological assembly already cached: 7UN6-assembly1.cif
2026-05-04 06:31:47,873 - INFO - [1445/2052] Asymmetric unit already cached: 7UY2.cif
2026-05-04 06:31:47,873 - INFO - [1445/2052] Biological assembly already cached: 7UY2-assembly1.cif
2026-05-04 06:31:48,074 - INFO - [1446/2052] Asymmetric unit already cached: 7UYJ.cif
2026-05-04 06:31:48,074 - INFO - [1446/2052] Biological assembly already cached: 7UYJ-assembly1.cif
2026-05-04 06:31:48,274 - INFO - [1447/2052] Asymmetric unit already cached: 7UYK.cif
2026-05-04 06:31:48,275 - INFO - [1447/2052] Biological assembly already cached: 7UYK-assembly1.cif
2026-05-04 06:31:48,475 - INFO - [1448/2052] Asymmetric unit already cached: 7V8E.cif
2026-05-04 06:31:48,475 - INFO - [1448/2052] Biological assembly already cached: 7V8E-assembly1.cif
2026-05-04 06:31:48,676 - INFO - [1449/2052] Asymmetric unit already cached: 7V8F.cif
2026-05-04 06:31:48,676 - INFO - [1449/2052] Biological assembly already cached: 7V8F-assembly1.cif
2026-05-04 06:31:48,876 - INFO - [1450/2052] Asymmetric unit already cached: 7V8G.cif
2026-05-04 06:31:48,876 - INFO - [1450/2052] Biological assembly already cached: 7V8G-assembly1.cif
2026-05-04 06:31:49,077 - INFO - [1451/2052] Asymmetric unit already cached: 7VHY.cif
2026-05-04 06:31:49,077 - INFO - [1451/2052] Biological assembly already cached: 7VHY-assembly1.cif
2026-05-04 06:31:49,278 - INFO - [1452/2052] Asymmetric unit already cached: 7VHZ.cif
2026-05-04 06:31:49,278 - INFO - [1452/2052] Biological assembly already cached: 7VHZ-assembly1.cif
2026-05-04 06:31:49,478 - INFO - [1453/2052] Asymmetric unit already cached: 7VI0.cif
2026-05-04 06:31:49,478 - INFO - [1453/2052] Biological assembly already cached: 7VI0-assembly1.cif
2026-05-04 06:31:49,679 - INFO - [1454/2052] Asymmetric unit already cached: 7W0Q.cif
2026-05-04 06:31:49,679 - INFO - [1454/2052] Biological assembly already cached: 7W0Q-assembly1.cif
2026-05-04 06:31:49,879 - INFO - [1455/2052] Asymmetric unit already cached: 7W0S.cif
2026-05-04 06:31:49,880 - INFO - [1455/2052] Biological assembly already cached: 7W0S-assembly1.cif
2026-05-04 06:31:50,080 - INFO - [1456/2052] Asymmetric unit already cached: 7W0T.cif
2026-05-04 06:31:50,080 - INFO - [1456/2052] Biological assembly already cached: 7W0T-assembly1.cif
2026-05-04 06:31:50,281 - INFO - [1457/2052] Asymmetric unit already cached: 7W59.cif
2026-05-04 06:31:50,281 - INFO - [1457/2052] Biological assembly already cached: 7W59-assembly1.cif
2026-05-04 06:31:50,481 - INFO - [1458/2052] Asymmetric unit already cached: 7W5A.cif
2026-05-04 06:31:50,481 - INFO - [1458/2052] Biological assembly already cached: 7W5A-assembly1.cif
2026-05-04 06:31:50,682 - INFO - [1459/2052] Asymmetric unit already cached: 7W5B.cif
2026-05-04 06:31:50,682 - INFO - [1459/2052] Biological assembly already cached: 7W5B-assembly1.cif
2026-05-04 06:31:50,882 - INFO - [1460/2052] Asymmetric unit already cached: 7W6L.cif
2026-05-04 06:31:50,883 - INFO - [1460/2052] Biological assembly already cached: 7W6L-assembly1.cif
2026-05-04 06:31:51,083 - INFO - [1461/2052] Asymmetric unit already cached: 7W9V.cif
2026-05-04 06:31:51,083 - INFO - [1461/2052] Biological assembly already cached: 7W9V-assembly1.cif
2026-05-04 06:31:51,284 - INFO - [1462/2052] Asymmetric unit already cached: 7WX2.cif
2026-05-04 06:31:51,284 - INFO - [1462/2052] Biological assembly already cached: 7WX2-assembly1.cif
2026-05-04 06:31:51,484 - INFO - [1463/2052] Asymmetric unit already cached: 7X6Y.cif
2026-05-04 06:31:51,484 - INFO - [1463/2052] Biological assembly already cached: 7X6Y-assembly1.cif
2026-05-04 06:31:51,685 - INFO - [1464/2052] Asymmetric unit already cached: 7X6Z.cif
2026-05-04 06:31:51,685 - INFO - [1464/2052] Biological assembly already cached: 7X6Z-assembly1.cif
2026-05-04 06:31:51,885 - INFO - [1465/2052] Asymmetric unit already cached: 7X70.cif
2026-05-04 06:31:51,886 - INFO - [1465/2052] Biological assembly already cached: 7X70-assembly1.cif
2026-05-04 06:31:52,086 - INFO - [1466/2052] Asymmetric unit already cached: 7XEZ.cif
2026-05-04 06:31:52,086 - INFO - [1466/2052] Biological assembly already cached: 7XEZ-assembly1.cif
2026-05-04 06:31:52,287 - INFO - [1467/2052] Asymmetric unit already cached: 7XFG.cif
2026-05-04 06:31:52,287 - INFO - [1467/2052] Biological assembly already cached: 7XFG-assembly1.cif
2026-05-04 06:31:52,487 - INFO - [1468/2052] Asymmetric unit already cached: 7XH6.cif
2026-05-04 06:31:52,487 - INFO - [1468/2052] Biological assembly already cached: 7XH6-assembly1.cif
2026-05-04 06:31:52,688 - INFO - [1469/2052] Asymmetric unit already cached: 7XHE.cif
2026-05-04 06:31:52,688 - INFO - [1469/2052] Biological assembly already cached: 7XHE-assembly1.cif
2026-05-04 06:31:52,888 - INFO - [1470/2052] Asymmetric unit already cached: 7XI0.cif
2026-05-04 06:31:52,889 - INFO - [1470/2052] Biological assembly already cached: 7XI0-assembly1.cif
2026-05-04 06:31:53,089 - INFO - [1471/2052] Asymmetric unit already cached: 7XIJ.cif
2026-05-04 06:31:53,089 - INFO - [1471/2052] Biological assembly already cached: 7XIJ-assembly1.cif
2026-05-04 06:31:53,290 - INFO - [1472/2052] Asymmetric unit already cached: 7XM7.cif
2026-05-04 06:31:53,290 - INFO - [1472/2052] Biological assembly already cached: 7XM7-assembly1.cif
2026-05-04 06:31:53,490 - INFO - [1473/2052] Asymmetric unit already cached: 7XNE.cif
2026-05-04 06:31:53,490 - INFO - [1473/2052] Biological assembly already cached: 7XNE-assembly1.cif
2026-05-04 06:31:53,691 - INFO - [1474/2052] Asymmetric unit already cached: 7XNG.cif
2026-05-04 06:31:53,691 - INFO - [1474/2052] Biological assembly already cached: 7XNG-assembly1.cif
2026-05-04 06:31:53,891 - INFO - [1475/2052] Asymmetric unit already cached: 7XT2.cif
2026-05-04 06:31:53,892 - INFO - [1475/2052] Biological assembly already cached: 7XT2-assembly1.cif
2026-05-04 06:31:54,092 - INFO - [1476/2052] Asymmetric unit already cached: 7Y3A.cif
2026-05-04 06:31:54,092 - INFO - [1476/2052] Biological assembly already cached: 7Y3A-assembly1.cif
2026-05-04 06:31:54,293 - INFO - [1477/2052] Asymmetric unit already cached: 7Y3B.cif
2026-05-04 06:31:54,293 - INFO - [1477/2052] Biological assembly already cached: 7Y3B-assembly1.cif
2026-05-04 06:31:54,493 - INFO - [1478/2052] Asymmetric unit already cached: 7Y3C.cif
2026-05-04 06:31:54,493 - INFO - [1478/2052] Biological assembly already cached: 7Y3C-assembly1.cif
2026-05-04 06:31:54,694 - INFO - [1479/2052] Asymmetric unit already cached: 7Y4S.cif
2026-05-04 06:31:54,694 - INFO - [1479/2052] Biological assembly already cached: 7Y4S-assembly1.cif
2026-05-04 06:31:54,894 - INFO - [1480/2052] Asymmetric unit already cached: 7YNX.cif
2026-05-04 06:31:54,894 - INFO - [1480/2052] Biological assembly already cached: 7YNX-assembly1.cif
2026-05-04 06:31:55,095 - INFO - [1481/2052] Asymmetric unit already cached: 7YUI.cif
2026-05-04 06:31:55,095 - INFO - [1481/2052] Biological assembly already cached: 7YUI-assembly1.cif
2026-05-04 06:31:55,296 - INFO - [1482/2052] Asymmetric unit already cached: 7YUJ.cif
2026-05-04 06:31:55,296 - INFO - [1482/2052] Biological assembly already cached: 7YUJ-assembly1.cif
2026-05-04 06:31:55,496 - INFO - [1483/2052] Asymmetric unit already cached: 7Z36.cif
2026-05-04 06:31:55,496 - INFO - [1483/2052] Biological assembly already cached: 7Z36-assembly1.cif
2026-05-04 06:31:55,697 - INFO - [1484/2052] Asymmetric unit already cached: 7Z8B.cif
2026-05-04 06:31:55,697 - INFO - [1484/2052] Biological assembly already cached: 7Z8B-assembly1.cif
2026-05-04 06:31:55,897 - INFO - [1485/2052] Asymmetric unit already cached: 7Z8R.cif
2026-05-04 06:31:55,898 - INFO - [1485/2052] Biological assembly already cached: 7Z8R-assembly1.cif
2026-05-04 06:31:56,098 - INFO - [1486/2052] Asymmetric unit already cached: 7Z8T.cif
2026-05-04 06:31:56,098 - INFO - [1486/2052] Biological assembly already cached: 7Z8T-assembly1.cif
2026-05-04 06:31:56,299 - INFO - [1487/2052] Asymmetric unit already cached: 7Z8V.cif
2026-05-04 06:31:56,299 - INFO - [1487/2052] Biological assembly already cached: 7Z8V-assembly1.cif
2026-05-04 06:31:56,499 - INFO - [1488/2052] Asymmetric unit already cached: 7ZBW.cif
2026-05-04 06:31:56,499 - INFO - [1488/2052] Biological assembly already cached: 7ZBW-assembly1.cif
2026-05-04 06:31:56,700 - INFO - [1489/2052] Asymmetric unit already cached: 7ZBZ.cif
2026-05-04 06:31:56,700 - INFO - [1489/2052] Biological assembly already cached: 7ZBZ-assembly1.cif
2026-05-04 06:31:56,900 - INFO - [1490/2052] Asymmetric unit already cached: 7ZDD.cif
2026-05-04 06:31:56,900 - INFO - [1490/2052] Biological assembly already cached: 7ZDD-assembly1.cif
2026-05-04 06:31:57,101 - INFO - [1491/2052] Asymmetric unit already cached: 7ZJ3.cif
2026-05-04 06:31:57,101 - INFO - [1491/2052] Biological assembly already cached: 7ZJ3-assembly1.cif
2026-05-04 06:31:57,301 - INFO - [1492/2052] Asymmetric unit already cached: 7ZYU.cif
2026-05-04 06:31:57,302 - INFO - [1492/2052] Biological assembly already cached: 7ZYU-assembly1.cif
2026-05-04 06:31:57,502 - INFO - [1493/2052] Asymmetric unit already cached: 8A38.cif
2026-05-04 06:31:57,502 - INFO - [1493/2052] Biological assembly already cached: 8A38-assembly1.cif
2026-05-04 06:31:57,703 - INFO - [1494/2052] Asymmetric unit already cached: 8A58.cif
2026-05-04 06:31:57,703 - INFO - [1494/2052] Biological assembly already cached: 8A58-assembly1.cif
2026-05-04 06:31:57,903 - INFO - [1495/2052] Asymmetric unit already cached: 8A5L.cif
2026-05-04 06:31:57,903 - INFO - [1495/2052] Biological assembly already cached: 8A5L-assembly1.cif
2026-05-04 06:31:58,104 - INFO - [1496/2052] Asymmetric unit already cached: 8A5M.cif
2026-05-04 06:31:58,104 - INFO - [1496/2052] Biological assembly already cached: 8A5M-assembly1.cif
2026-05-04 06:31:58,304 - INFO - [1497/2052] Asymmetric unit already cached: 8A8X.cif
2026-05-04 06:31:58,305 - INFO - [1497/2052] Biological assembly already cached: 8A8X-assembly1.cif
2026-05-04 06:31:58,505 - INFO - [1498/2052] Asymmetric unit already cached: 8AEU.cif
2026-05-04 06:31:58,505 - INFO - [1498/2052] Biological assembly already cached: 8AEU-assembly1.cif
2026-05-04 06:31:58,706 - INFO - [1499/2052] Asymmetric unit already cached: 8AMR.cif
2026-05-04 06:31:58,706 - INFO - [1499/2052] Biological assembly already cached: 8AMR-assembly1.cif
2026-05-04 06:31:58,906 - INFO - [1500/2052] Asymmetric unit already cached: 8AMS.cif
2026-05-04 06:31:58,906 - INFO - [1500/2052] Biological assembly already cached: 8AMS-assembly1.cif
2026-05-04 06:31:59,107 - INFO - [1501/2052] Asymmetric unit already cached: 8ATM.cif
2026-05-04 06:31:59,107 - INFO - [1501/2052] Biological assembly already cached: 8ATM-assembly1.cif
2026-05-04 06:31:59,308 - INFO - [1502/2052] Asymmetric unit already cached: 8ATO.cif
2026-05-04 06:31:59,308 - INFO - [1502/2052] Biological assembly already cached: 8ATO-assembly1.cif
2026-05-04 06:31:59,508 - INFO - [1503/2052] Asymmetric unit already cached: 8ATU.cif
2026-05-04 06:31:59,508 - INFO - [1503/2052] Biological assembly already cached: 8ATU-assembly1.cif
2026-05-04 06:31:59,709 - INFO - [1504/2052] Asymmetric unit already cached: 8ATX.cif
2026-05-04 06:31:59,709 - INFO - [1504/2052] Biological assembly already cached: 8ATX-assembly1.cif
2026-05-04 06:31:59,909 - INFO - [1505/2052] Asymmetric unit already cached: 8AUK.cif
2026-05-04 06:31:59,909 - INFO - [1505/2052] Biological assembly already cached: 8AUK-assembly1.cif
2026-05-04 06:32:00,110 - INFO - [1506/2052] Asymmetric unit already cached: 8AUW.cif
2026-05-04 06:32:00,110 - INFO - [1506/2052] Biological assembly already cached: 8AUW-assembly1.cif
2026-05-04 06:32:00,310 - INFO - [1507/2052] Asymmetric unit already cached: 8AZA.cif
2026-05-04 06:32:00,310 - INFO - [1507/2052] Biological assembly already cached: 8AZA-assembly1.cif
2026-05-04 06:32:00,511 - INFO - [1508/2052] Asymmetric unit already cached: 8B3G.cif
2026-05-04 06:32:00,511 - INFO - [1508/2052] Biological assembly already cached: 8B3G-assembly1.cif
2026-05-04 06:32:00,711 - INFO - [1509/2052] Asymmetric unit already cached: 8B3I.cif
2026-05-04 06:32:00,712 - INFO - [1509/2052] Biological assembly already cached: 8B3I-assembly1.cif
2026-05-04 06:32:00,912 - INFO - [1510/2052] Asymmetric unit already cached: 8B5W.cif
2026-05-04 06:32:00,912 - INFO - [1510/2052] Biological assembly already cached: 8B5W-assembly1.cif
2026-05-04 06:32:01,113 - INFO - [1511/2052] Asymmetric unit already cached: 8BD8.cif
2026-05-04 06:32:01,113 - INFO - [1511/2052] Biological assembly already cached: 8BD8-assembly1.cif
2026-05-04 06:32:01,313 - INFO - [1512/2052] Asymmetric unit already cached: 8BD9.cif
2026-05-04 06:32:01,313 - INFO - [1512/2052] Biological assembly already cached: 8BD9-assembly1.cif
2026-05-04 06:32:01,514 - INFO - [1513/2052] Asymmetric unit already cached: 8BDY.cif
2026-05-04 06:32:01,514 - INFO - [1513/2052] Biological assembly already cached: 8BDY-assembly1.cif
2026-05-04 06:32:01,714 - INFO - [1514/2052] Asymmetric unit already cached: 8BGU.cif
2026-05-04 06:32:01,715 - INFO - [1514/2052] Biological assembly already cached: 8BGU-assembly1.cif
2026-05-04 06:32:01,915 - INFO - [1515/2052] Asymmetric unit already cached: 8BJA.cif
2026-05-04 06:32:01,915 - INFO - [1515/2052] Biological assembly already cached: 8BJA-assembly1.cif
2026-05-04 06:32:02,116 - INFO - [1516/2052] Asymmetric unit already cached: 8BTL.cif
2026-05-04 06:32:02,116 - INFO - [1516/2052] Biological assembly already cached: 8BTL-assembly1.cif
2026-05-04 06:32:02,316 - INFO - [1517/2052] Asymmetric unit already cached: 8BVL.cif
2026-05-04 06:32:02,316 - INFO - [1517/2052] Biological assembly already cached: 8BVL-assembly1.cif
2026-05-04 06:32:02,517 - INFO - [1518/2052] Asymmetric unit already cached: 8BVW.cif
2026-05-04 06:32:02,517 - INFO - [1518/2052] Biological assembly already cached: 8BVW-assembly1.cif
2026-05-04 06:32:02,717 - INFO - [1519/2052] Asymmetric unit already cached: 8BYQ.cif
2026-05-04 06:32:02,717 - INFO - [1519/2052] Biological assembly already cached: 8BYQ-assembly1.cif
2026-05-04 06:32:02,918 - INFO - [1520/2052] Asymmetric unit already cached: 8C06.cif
2026-05-04 06:32:02,918 - INFO - [1520/2052] Biological assembly already cached: 8C06-assembly1.cif
2026-05-04 06:32:03,118 - INFO - [1521/2052] Asymmetric unit already cached: 8C07.cif
2026-05-04 06:32:03,119 - INFO - [1521/2052] Biological assembly already cached: 8C07-assembly1.cif
2026-05-04 06:32:03,319 - INFO - [1522/2052] Asymmetric unit already cached: 8C6J.cif
2026-05-04 06:32:03,319 - INFO - [1522/2052] Biological assembly already cached: 8C6J-assembly1.cif
2026-05-04 06:32:03,520 - INFO - [1523/2052] Asymmetric unit already cached: 8CDJ.cif
2026-05-04 06:32:03,520 - INFO - [1523/2052] Biological assembly already cached: 8CDJ-assembly1.cif
2026-05-04 06:32:03,720 - INFO - [1524/2052] Asymmetric unit already cached: 8CDK.cif
2026-05-04 06:32:03,721 - INFO - [1524/2052] Biological assembly already cached: 8CDK-assembly1.cif
2026-05-04 06:32:03,921 - INFO - [1525/2052] Asymmetric unit already cached: 8CH6.cif
2026-05-04 06:32:03,921 - INFO - [1525/2052] Biological assembly already cached: 8CH6-assembly1.cif
2026-05-04 06:32:04,122 - INFO - [1526/2052] Asymmetric unit already cached: 8D4X.cif
2026-05-04 06:32:04,122 - INFO - [1526/2052] Biological assembly already cached: 8D4X-assembly1.cif
2026-05-04 06:32:04,322 - INFO - [1527/2052] Asymmetric unit already cached: 8DJH.cif
2026-05-04 06:32:04,322 - INFO - [1527/2052] Biological assembly already cached: 8DJH-assembly1.cif
2026-05-04 06:32:04,523 - INFO - [1528/2052] Asymmetric unit already cached: 8DJI.cif
2026-05-04 06:32:04,523 - INFO - [1528/2052] Biological assembly already cached: 8DJI-assembly1.cif
2026-05-04 06:32:04,723 - INFO - [1529/2052] Asymmetric unit already cached: 8DSF.cif
2026-05-04 06:32:04,724 - INFO - [1529/2052] Biological assembly already cached: 8DSF-assembly1.cif
2026-05-04 06:32:04,924 - INFO - [1530/2052] Asymmetric unit already cached: 8DSO.cif
2026-05-04 06:32:04,924 - INFO - [1530/2052] Biological assembly already cached: 8DSO-assembly1.cif
2026-05-04 06:32:05,125 - INFO - [1531/2052] Asymmetric unit already cached: 8E0Q.cif
2026-05-04 06:32:05,125 - INFO - [1531/2052] Biological assembly already cached: 8E0Q-assembly1.cif
2026-05-04 06:32:05,325 - INFO - [1532/2052] Asymmetric unit already cached: 8E1D.cif
2026-05-04 06:32:05,325 - INFO - [1532/2052] Biological assembly already cached: 8E1D-assembly1.cif
2026-05-04 06:32:05,526 - INFO - [1533/2052] Asymmetric unit already cached: 8E2D.cif
2026-05-04 06:32:05,526 - INFO - [1533/2052] Biological assembly already cached: 8E2D-assembly1.cif
2026-05-04 06:32:05,726 - INFO - [1534/2052] Asymmetric unit already cached: 8E2E.cif
2026-05-04 06:32:05,727 - INFO - [1534/2052] Biological assembly already cached: 8E2E-assembly1.cif
2026-05-04 06:32:05,927 - INFO - [1535/2052] Asymmetric unit already cached: 8E2F.cif
2026-05-04 06:32:05,927 - INFO - [1535/2052] Biological assembly already cached: 8E2F-assembly1.cif
2026-05-04 06:32:06,128 - INFO - [1536/2052] Asymmetric unit already cached: 8E2G.cif
2026-05-04 06:32:06,128 - INFO - [1536/2052] Biological assembly already cached: 8E2G-assembly1.cif
2026-05-04 06:32:06,328 - INFO - [1537/2052] Asymmetric unit already cached: 8E2H.cif
2026-05-04 06:32:06,328 - INFO - [1537/2052] Biological assembly already cached: 8E2H-assembly1.cif
2026-05-04 06:32:06,529 - INFO - [1538/2052] Asymmetric unit already cached: 8E2I.cif
2026-05-04 06:32:06,529 - INFO - [1538/2052] Biological assembly already cached: 8E2I-assembly1.cif
2026-05-04 06:32:06,729 - INFO - [1539/2052] Asymmetric unit already cached: 8E2K.cif
2026-05-04 06:32:06,729 - INFO - [1539/2052] Biological assembly already cached: 8E2K-assembly1.cif
2026-05-04 06:32:06,930 - INFO - [1540/2052] Asymmetric unit already cached: 8EAZ.cif
2026-05-04 06:32:06,930 - INFO - [1540/2052] Biological assembly already cached: 8EAZ-assembly1.cif
2026-05-04 06:32:07,130 - INFO - [1541/2052] Asymmetric unit already cached: 8EB0.cif
2026-05-04 06:32:07,131 - INFO - [1541/2052] Biological assembly already cached: 8EB0-assembly1.cif
2026-05-04 06:32:07,331 - INFO - [1542/2052] Asymmetric unit already cached: 8EHZ.cif
2026-05-04 06:32:07,331 - INFO - [1542/2052] Biological assembly already cached: 8EHZ-assembly1.cif
2026-05-04 06:32:07,532 - INFO - [1543/2052] Asymmetric unit already cached: 8EI0.cif
2026-05-04 06:32:07,532 - INFO - [1543/2052] Biological assembly already cached: 8EI0-assembly1.cif
2026-05-04 06:32:07,732 - INFO - [1544/2052] Asymmetric unit already cached: 8EI4.cif
2026-05-04 06:32:07,732 - INFO - [1544/2052] Biological assembly already cached: 8EI4-assembly1.cif
2026-05-04 06:32:07,933 - INFO - [1545/2052] Asymmetric unit already cached: 8EI5.cif
2026-05-04 06:32:07,933 - INFO - [1545/2052] Biological assembly already cached: 8EI5-assembly1.cif
2026-05-04 06:32:08,133 - INFO - [1546/2052] Asymmetric unit already cached: 8EI6.cif
2026-05-04 06:32:08,134 - INFO - [1546/2052] Biological assembly already cached: 8EI6-assembly1.cif
2026-05-04 06:32:08,334 - INFO - [1547/2052] Asymmetric unit already cached: 8EI7.cif
2026-05-04 06:32:08,334 - INFO - [1547/2052] Biological assembly already cached: 8EI7-assembly1.cif
2026-05-04 06:32:08,534 - INFO - [1548/2052] Asymmetric unit already cached: 8EI8.cif
2026-05-04 06:32:08,535 - INFO - [1548/2052] Biological assembly already cached: 8EI8-assembly1.cif
2026-05-04 06:32:08,735 - INFO - [1549/2052] Asymmetric unit already cached: 8EI9.cif
2026-05-04 06:32:08,735 - INFO - [1549/2052] Biological assembly already cached: 8EI9-assembly1.cif
2026-05-04 06:32:08,936 - INFO - [1550/2052] Asymmetric unit already cached: 8EIA.cif
2026-05-04 06:32:08,936 - INFO - [1550/2052] Biological assembly already cached: 8EIA-assembly1.cif
2026-05-04 06:32:09,136 - INFO - [1551/2052] Asymmetric unit already cached: 8EIB.cif
2026-05-04 06:32:09,136 - INFO - [1551/2052] Biological assembly already cached: 8EIB-assembly1.cif
2026-05-04 06:32:09,337 - INFO - [1552/2052] Asymmetric unit already cached: 8EIC.cif
2026-05-04 06:32:09,337 - INFO - [1552/2052] Biological assembly already cached: 8EIC-assembly1.cif
2026-05-04 06:32:09,537 - INFO - [1553/2052] Asymmetric unit already cached: 8ENP.cif
2026-05-04 06:32:09,538 - INFO - [1553/2052] Biological assembly already cached: 8ENP-assembly1.cif
2026-05-04 06:32:09,738 - INFO - [1554/2052] Asymmetric unit already cached: 8EPT.cif
2026-05-04 06:32:09,738 - INFO - [1554/2052] Biological assembly already cached: 8EPT-assembly1.cif
2026-05-04 06:32:09,938 - INFO - [1555/2052] Asymmetric unit already cached: 8EWI.cif
2026-05-04 06:32:09,939 - INFO - [1555/2052] Biological assembly already cached: 8EWI-assembly1.cif
2026-05-04 06:32:10,139 - INFO - [1556/2052] Asymmetric unit already cached: 8F0Z.cif
2026-05-04 06:32:10,139 - INFO - [1556/2052] Biological assembly already cached: 8F0Z-assembly1.cif
2026-05-04 06:32:10,340 - INFO - [1557/2052] Asymmetric unit already cached: 8F10.cif
2026-05-04 06:32:10,340 - INFO - [1557/2052] Biological assembly already cached: 8F10-assembly1.cif
2026-05-04 06:32:10,540 - INFO - [1558/2052] Asymmetric unit already cached: 8F12.cif
2026-05-04 06:32:10,540 - INFO - [1558/2052] Biological assembly already cached: 8F12-assembly1.cif
2026-05-04 06:32:10,741 - INFO - [1559/2052] Asymmetric unit already cached: 8F13.cif
2026-05-04 06:32:10,741 - INFO - [1559/2052] Biological assembly already cached: 8F13-assembly1.cif
2026-05-04 06:32:10,941 - INFO - [1560/2052] Asymmetric unit already cached: 8F14.cif
2026-05-04 06:32:10,941 - INFO - [1560/2052] Biological assembly already cached: 8F14-assembly1.cif
2026-05-04 06:32:11,142 - INFO - [1561/2052] Asymmetric unit already cached: 8F15.cif
2026-05-04 06:32:11,142 - INFO - [1561/2052] Biological assembly already cached: 8F15-assembly1.cif
2026-05-04 06:32:11,342 - INFO - [1562/2052] Asymmetric unit already cached: 8F16.cif
2026-05-04 06:32:11,342 - INFO - [1562/2052] Biological assembly already cached: 8F16-assembly1.cif
2026-05-04 06:32:11,543 - INFO - [1563/2052] Asymmetric unit already cached: 8F17.cif
2026-05-04 06:32:11,543 - INFO - [1563/2052] Biological assembly already cached: 8F17-assembly1.cif
2026-05-04 06:32:11,743 - INFO - [1564/2052] Asymmetric unit already cached: 8FUP.cif
2026-05-04 06:32:11,743 - INFO - [1564/2052] Biological assembly already cached: 8FUP-assembly1.cif
2026-05-04 06:32:11,944 - INFO - [1565/2052] Asymmetric unit already cached: 8FV2.cif
2026-05-04 06:32:11,944 - INFO - [1565/2052] Biological assembly already cached: 8FV2-assembly1.cif
2026-05-04 06:32:12,144 - INFO - [1566/2052] Asymmetric unit already cached: 8FVF.cif
2026-05-04 06:32:12,145 - INFO - [1566/2052] Biological assembly already cached: 8FVF-assembly1.cif
2026-05-04 06:32:12,345 - INFO - [1567/2052] Asymmetric unit already cached: 8FXA.cif
2026-05-04 06:32:12,345 - INFO - [1567/2052] Biological assembly already cached: 8FXA-assembly1.cif
2026-05-04 06:32:12,546 - INFO - [1568/2052] Asymmetric unit already cached: 8FXE.cif
2026-05-04 06:32:12,546 - INFO - [1568/2052] Biological assembly already cached: 8FXE-assembly1.cif
2026-05-04 06:32:12,746 - INFO - [1569/2052] Asymmetric unit already cached: 8FXN.cif
2026-05-04 06:32:12,746 - INFO - [1569/2052] Biological assembly already cached: 8FXN-assembly1.cif
2026-05-04 06:32:12,947 - INFO - [1570/2052] Asymmetric unit already cached: 8FXO.cif
2026-05-04 06:32:12,947 - INFO - [1570/2052] Biological assembly already cached: 8FXO-assembly1.cif
2026-05-04 06:32:13,147 - INFO - [1571/2052] Asymmetric unit already cached: 8FYU.cif
2026-05-04 06:32:13,147 - INFO - [1571/2052] Biological assembly already cached: 8FYU-assembly1.cif
2026-05-04 06:32:13,348 - INFO - [1572/2052] Asymmetric unit already cached: 8G43.cif
2026-05-04 06:32:13,348 - INFO - [1572/2052] Biological assembly already cached: 8G43-assembly1.cif
2026-05-04 06:32:13,548 - INFO - [1573/2052] Asymmetric unit already cached: 8G44.cif
2026-05-04 06:32:13,549 - INFO - [1573/2052] Biological assembly already cached: 8G44-assembly1.cif
2026-05-04 06:32:13,749 - INFO - [1574/2052] Asymmetric unit already cached: 8G45.cif
2026-05-04 06:32:13,749 - INFO - [1574/2052] Biological assembly already cached: 8G45-assembly1.cif
2026-05-04 06:32:13,950 - INFO - [1575/2052] Asymmetric unit already cached: 8G4Y.cif
2026-05-04 06:32:13,950 - INFO - [1575/2052] Biological assembly already cached: 8G4Y-assembly1.cif
2026-05-04 06:32:14,150 - INFO - [1576/2052] Asymmetric unit already cached: 8G6T.cif
2026-05-04 06:32:14,150 - INFO - [1576/2052] Biological assembly already cached: 8G6T-assembly1.cif
2026-05-04 06:32:14,351 - INFO - [1577/2052] Asymmetric unit already cached: 8G7T.cif
2026-05-04 06:32:14,351 - INFO - [1577/2052] Biological assembly already cached: 8G7T-assembly1.cif
2026-05-04 06:32:14,551 - INFO - [1578/2052] Asymmetric unit already cached: 8G7U.cif
2026-05-04 06:32:14,551 - INFO - [1578/2052] Biological assembly already cached: 8G7U-assembly1.cif
2026-05-04 06:32:14,752 - INFO - [1579/2052] Asymmetric unit already cached: 8G7V.cif
2026-05-04 06:32:14,752 - INFO - [1579/2052] Biological assembly already cached: 8G7V-assembly1.cif
2026-05-04 06:32:14,952 - INFO - [1580/2052] Asymmetric unit already cached: 8GA2.cif
2026-05-04 06:32:14,953 - INFO - [1580/2052] Biological assembly already cached: 8GA2-assembly1.cif
2026-05-04 06:32:15,153 - INFO - [1581/2052] Asymmetric unit already cached: 8GBQ.cif
2026-05-04 06:32:15,153 - INFO - [1581/2052] Biological assembly already cached: 8GBQ-assembly1.cif
2026-05-04 06:32:15,353 - INFO - [1582/2052] Asymmetric unit already cached: 8GCB.cif
2026-05-04 06:32:15,354 - INFO - [1582/2052] Biological assembly already cached: 8GCB-assembly1.cif
2026-05-04 06:32:15,554 - INFO - [1583/2052] Asymmetric unit already cached: 8GCG.cif
2026-05-04 06:32:15,554 - INFO - [1583/2052] Biological assembly already cached: 8GCG-assembly1.cif
2026-05-04 06:32:15,755 - INFO - [1584/2052] Asymmetric unit already cached: 8GCK.cif
2026-05-04 06:32:15,755 - INFO - [1584/2052] Biological assembly already cached: 8GCK-assembly1.cif
2026-05-04 06:32:15,955 - INFO - [1585/2052] Asymmetric unit already cached: 8GCR.cif
2026-05-04 06:32:15,955 - INFO - [1585/2052] Biological assembly already cached: 8GCR-assembly1.cif
2026-05-04 06:32:16,156 - INFO - [1586/2052] Asymmetric unit already cached: 8GCY.cif
2026-05-04 06:32:16,156 - INFO - [1586/2052] Biological assembly already cached: 8GCY-assembly1.cif
2026-05-04 06:32:16,356 - INFO - [1587/2052] Asymmetric unit already cached: 8GH7.cif
2026-05-04 06:32:16,357 - INFO - [1587/2052] Biological assembly already cached: 8GH7-assembly1.cif
2026-05-04 06:32:16,557 - INFO - [1588/2052] Asymmetric unit already cached: 8GQ6.cif
2026-05-04 06:32:16,557 - INFO - [1588/2052] Biological assembly already cached: 8GQ6-assembly1.cif
2026-05-04 06:32:16,758 - INFO - [1589/2052] Asymmetric unit already cached: 8GRM.cif
2026-05-04 06:32:16,758 - INFO - [1589/2052] Biological assembly already cached: 8GRM-assembly1.cif
2026-05-04 06:32:16,958 - INFO - [1590/2052] Asymmetric unit already cached: 8GRQ.cif
2026-05-04 06:32:16,958 - INFO - [1590/2052] Biological assembly already cached: 8GRQ-assembly1.cif
2026-05-04 06:32:17,159 - INFO - [1591/2052] Asymmetric unit already cached: 8GUI.cif
2026-05-04 06:32:17,159 - INFO - [1591/2052] Biological assembly already cached: 8GUI-assembly1.cif
2026-05-04 06:32:17,359 - INFO - [1592/2052] Asymmetric unit already cached: 8GUJ.cif
2026-05-04 06:32:17,360 - INFO - [1592/2052] Biological assembly already cached: 8GUJ-assembly1.cif
2026-05-04 06:32:17,560 - INFO - [1593/2052] Asymmetric unit already cached: 8GXQ.cif
2026-05-04 06:32:17,560 - INFO - [1593/2052] Biological assembly already cached: 8GXQ-assembly1.cif
2026-05-04 06:32:17,761 - INFO - [1594/2052] Asymmetric unit already cached: 8GXS.cif
2026-05-04 06:32:17,761 - INFO - [1594/2052] Biological assembly already cached: 8GXS-assembly1.cif
2026-05-04 06:32:17,961 - INFO - [1595/2052] Asymmetric unit already cached: 8GZC.cif
2026-05-04 06:32:17,961 - INFO - [1595/2052] Biological assembly already cached: 8GZC-assembly1.cif
2026-05-04 06:32:18,162 - INFO - [1596/2052] Asymmetric unit already cached: 8H33.cif
2026-05-04 06:32:18,162 - INFO - [1596/2052] Biological assembly already cached: 8H33-assembly1.cif
2026-05-04 06:32:18,363 - INFO - [1597/2052] Asymmetric unit already cached: 8H34.cif
2026-05-04 06:32:18,363 - INFO - [1597/2052] Biological assembly already cached: 8H34-assembly1.cif
2026-05-04 06:32:18,563 - INFO - [1598/2052] Asymmetric unit already cached: 8H35.cif
2026-05-04 06:32:18,563 - INFO - [1598/2052] Biological assembly already cached: 8H35-assembly1.cif
2026-05-04 06:32:18,764 - INFO - [1599/2052] Asymmetric unit already cached: 8H36.cif
2026-05-04 06:32:18,764 - INFO - [1599/2052] Biological assembly already cached: 8H36-assembly1.cif
2026-05-04 06:32:18,964 - INFO - [1600/2052] Asymmetric unit already cached: 8H37.cif
2026-05-04 06:32:18,965 - INFO - [1600/2052] Biological assembly already cached: 8H37-assembly1.cif
2026-05-04 06:32:19,165 - INFO - [1601/2052] Asymmetric unit already cached: 8H38.cif
2026-05-04 06:32:19,165 - INFO - [1601/2052] Biological assembly already cached: 8H38-assembly1.cif
2026-05-04 06:32:19,366 - INFO - [1602/2052] Asymmetric unit already cached: 8H3A.cif
2026-05-04 06:32:19,366 - INFO - [1602/2052] Biological assembly already cached: 8H3A-assembly1.cif
2026-05-04 06:32:19,566 - INFO - [1603/2052] Asymmetric unit already cached: 8H3F.cif
2026-05-04 06:32:19,566 - INFO - [1603/2052] Biological assembly already cached: 8H3F-assembly1.cif
2026-05-04 06:32:19,767 - INFO - [1604/2052] Asymmetric unit already cached: 8H3Q.cif
2026-05-04 06:32:19,767 - INFO - [1604/2052] Biological assembly already cached: 8H3Q-assembly1.cif
2026-05-04 06:32:19,967 - INFO - [1605/2052] Asymmetric unit already cached: 8H3R.cif
2026-05-04 06:32:19,968 - INFO - [1605/2052] Biological assembly already cached: 8H3R-assembly1.cif
2026-05-04 06:32:20,168 - INFO - [1606/2052] Asymmetric unit already cached: 8H8X.cif
2026-05-04 06:32:20,168 - INFO - [1606/2052] Biological assembly already cached: 8H8X-assembly1.cif
2026-05-04 06:32:20,369 - INFO - [1607/2052] Asymmetric unit already cached: 8HAE.cif
2026-05-04 06:32:20,369 - INFO - [1607/2052] Biological assembly already cached: 8HAE-assembly1.cif
2026-05-04 06:32:20,569 - INFO - [1608/2052] Asymmetric unit already cached: 8HAG.cif
2026-05-04 06:32:20,569 - INFO - [1608/2052] Biological assembly already cached: 8HAG-assembly1.cif
2026-05-04 06:32:20,770 - INFO - [1609/2052] Asymmetric unit already cached: 8HAH.cif
2026-05-04 06:32:20,770 - INFO - [1609/2052] Biological assembly already cached: 8HAH-assembly1.cif
2026-05-04 06:32:20,970 - INFO - [1610/2052] Asymmetric unit already cached: 8HAI.cif
2026-05-04 06:32:20,971 - INFO - [1610/2052] Biological assembly already cached: 8HAI-assembly1.cif
2026-05-04 06:32:21,171 - INFO - [1611/2052] Asymmetric unit already cached: 8HAJ.cif
2026-05-04 06:32:21,171 - INFO - [1611/2052] Biological assembly already cached: 8HAJ-assembly1.cif
2026-05-04 06:32:21,372 - INFO - [1612/2052] Asymmetric unit already cached: 8HAK.cif
2026-05-04 06:32:21,372 - INFO - [1612/2052] Biological assembly already cached: 8HAK-assembly1.cif
2026-05-04 06:32:21,572 - INFO - [1613/2052] Asymmetric unit already cached: 8HAL.cif
2026-05-04 06:32:21,572 - INFO - [1613/2052] Biological assembly already cached: 8HAL-assembly1.cif
2026-05-04 06:32:21,773 - INFO - [1614/2052] Asymmetric unit already cached: 8HAM.cif
2026-05-04 06:32:21,773 - INFO - [1614/2052] Biological assembly already cached: 8HAM-assembly1.cif
2026-05-04 06:32:21,973 - INFO - [1615/2052] Asymmetric unit already cached: 8HAN.cif
2026-05-04 06:32:21,973 - INFO - [1615/2052] Biological assembly already cached: 8HAN-assembly1.cif
2026-05-04 06:32:22,174 - INFO - [1616/2052] Asymmetric unit already cached: 8HCU.cif
2026-05-04 06:32:22,174 - INFO - [1616/2052] Biological assembly already cached: 8HCU-assembly1.cif
2026-05-04 06:32:22,374 - INFO - [1617/2052] Asymmetric unit already cached: 8HDG.cif
2026-05-04 06:32:22,375 - INFO - [1617/2052] Biological assembly already cached: 8HDG-assembly1.cif
2026-05-04 06:32:22,575 - INFO - [1618/2052] Asymmetric unit already cached: 8HEO.cif
2026-05-04 06:32:22,575 - INFO - [1618/2052] Biological assembly already cached: 8HEO-assembly1.cif
2026-05-04 06:32:22,776 - INFO - [1619/2052] Asymmetric unit already cached: 8HZ2.cif
2026-05-04 06:32:22,776 - INFO - [1619/2052] Biological assembly already cached: 8HZ2-assembly1.cif
2026-05-04 06:32:22,976 - INFO - [1620/2052] Asymmetric unit already cached: 8I0P.cif
2026-05-04 06:32:22,976 - INFO - [1620/2052] Biological assembly already cached: 8I0P-assembly1.cif
2026-05-04 06:32:23,177 - INFO - [1621/2052] Asymmetric unit already cached: 8I0R.cif
2026-05-04 06:32:23,177 - INFO - [1621/2052] Biological assembly already cached: 8I0R-assembly1.cif
2026-05-04 06:32:23,377 - INFO - [1622/2052] Asymmetric unit already cached: 8I0S.cif
2026-05-04 06:32:23,378 - INFO - [1622/2052] Biological assembly already cached: 8I0S-assembly1.cif
2026-05-04 06:32:23,578 - INFO - [1623/2052] Asymmetric unit already cached: 8I0T.cif
2026-05-04 06:32:23,578 - INFO - [1623/2052] Biological assembly already cached: 8I0T-assembly1.cif
2026-05-04 06:32:23,779 - INFO - [1624/2052] Asymmetric unit already cached: 8I0U.cif
2026-05-04 06:32:23,779 - INFO - [1624/2052] Biological assembly already cached: 8I0U-assembly1.cif
2026-05-04 06:32:23,979 - INFO - [1625/2052] Asymmetric unit already cached: 8I0V.cif
2026-05-04 06:32:23,979 - INFO - [1625/2052] Biological assembly already cached: 8I0V-assembly1.cif
2026-05-04 06:32:24,180 - INFO - [1626/2052] Asymmetric unit already cached: 8I0W.cif
2026-05-04 06:32:24,180 - INFO - [1626/2052] Biological assembly already cached: 8I0W-assembly1.cif
2026-05-04 06:32:24,380 - INFO - [1627/2052] Asymmetric unit already cached: 8IA5.cif
2026-05-04 06:32:24,381 - INFO - [1627/2052] Biological assembly already cached: 8IA5-assembly1.cif
2026-05-04 06:32:24,581 - INFO - [1628/2052] Asymmetric unit already cached: 8IEJ.cif
2026-05-04 06:32:24,581 - INFO - [1628/2052] Biological assembly already cached: 8IEJ-assembly1.cif
2026-05-04 06:32:24,782 - INFO - [1629/2052] Asymmetric unit already cached: 8IJ1.cif
2026-05-04 06:32:24,782 - INFO - [1629/2052] Biological assembly already cached: 8IJ1-assembly1.cif
2026-05-04 06:32:24,982 - INFO - [1630/2052] Asymmetric unit already cached: 8IK6.cif
2026-05-04 06:32:24,982 - INFO - [1630/2052] Biological assembly already cached: 8IK6-assembly1.cif
2026-05-04 06:32:25,183 - INFO - [1631/2052] Asymmetric unit already cached: 8IKM.cif
2026-05-04 06:32:25,183 - INFO - [1631/2052] Biological assembly already cached: 8IKM-assembly1.cif
2026-05-04 06:32:25,383 - INFO - [1632/2052] Asymmetric unit already cached: 8IKT.cif
2026-05-04 06:32:25,384 - INFO - [1632/2052] Biological assembly already cached: 8IKT-assembly1.cif
2026-05-04 06:32:25,584 - INFO - [1633/2052] Asymmetric unit already cached: 8IKV.cif
2026-05-04 06:32:25,584 - INFO - [1633/2052] Biological assembly already cached: 8IKV-assembly1.cif
2026-05-04 06:32:25,785 - INFO - [1634/2052] Asymmetric unit already cached: 8IMS.cif
2026-05-04 06:32:25,785 - INFO - [1634/2052] Biological assembly already cached: 8IMS-assembly1.cif
2026-05-04 06:32:25,985 - INFO - [1635/2052] Asymmetric unit already cached: 8IR2.cif
2026-05-04 06:32:25,985 - INFO - [1635/2052] Biological assembly already cached: 8IR2-assembly1.cif
2026-05-04 06:32:26,186 - INFO - [1636/2052] Asymmetric unit already cached: 8IR4.cif
2026-05-04 06:32:26,186 - INFO - [1636/2052] Biological assembly already cached: 8IR4-assembly1.cif
2026-05-04 06:32:26,386 - INFO - [1637/2052] Asymmetric unit already cached: 8IYA.cif
2026-05-04 06:32:26,386 - INFO - [1637/2052] Biological assembly already cached: 8IYA-assembly1.cif
2026-05-04 06:32:26,587 - INFO - [1638/2052] Asymmetric unit already cached: 8J25.cif
2026-05-04 06:32:26,587 - INFO - [1638/2052] Biological assembly already cached: 8J25-assembly1.cif
2026-05-04 06:32:26,787 - INFO - [1639/2052] Asymmetric unit already cached: 8J2P.cif
2026-05-04 06:32:26,787 - INFO - [1639/2052] Biological assembly already cached: 8J2P-assembly1.cif
2026-05-04 06:32:26,988 - INFO - [1640/2052] Asymmetric unit already cached: 8J81.cif
2026-05-04 06:32:26,988 - INFO - [1640/2052] Biological assembly already cached: 8J81-assembly1.cif
2026-05-04 06:32:27,189 - INFO - [1641/2052] Asymmetric unit already cached: 8J9Q.cif
2026-05-04 06:32:27,189 - INFO - [1641/2052] Biological assembly already cached: 8J9Q-assembly1.cif
2026-05-04 06:32:27,389 - INFO - [1642/2052] Asymmetric unit already cached: 8J9R.cif
2026-05-04 06:32:27,389 - INFO - [1642/2052] Biological assembly already cached: 8J9R-assembly1.cif
2026-05-04 06:32:27,590 - INFO - [1643/2052] Asymmetric unit already cached: 8JAQ.cif
2026-05-04 06:32:27,590 - INFO - [1643/2052] Biological assembly already cached: 8JAQ-assembly1.cif
2026-05-04 06:32:27,790 - INFO - [1644/2052] Asymmetric unit already cached: 8JAS.cif
2026-05-04 06:32:27,791 - INFO - [1644/2052] Biological assembly already cached: 8JAS-assembly1.cif
2026-05-04 06:32:27,991 - INFO - [1645/2052] Asymmetric unit already cached: 8JAV.cif
2026-05-04 06:32:27,991 - INFO - [1645/2052] Biological assembly already cached: 8JAV-assembly1.cif
2026-05-04 06:32:28,192 - INFO - [1646/2052] Asymmetric unit already cached: 8JE1.cif
2026-05-04 06:32:28,192 - INFO - [1646/2052] Biological assembly already cached: 8JE1-assembly1.cif
2026-05-04 06:32:28,392 - INFO - [1647/2052] Asymmetric unit already cached: 8JIG.cif
2026-05-04 06:32:28,392 - INFO - [1647/2052] Biological assembly already cached: 8JIG-assembly1.cif
2026-05-04 06:32:28,593 - INFO - [1648/2052] Asymmetric unit already cached: 8JRN.cif
2026-05-04 06:32:28,593 - INFO - [1648/2052] Biological assembly already cached: 8JRN-assembly1.cif
2026-05-04 06:32:28,793 - INFO - [1649/2052] Asymmetric unit already cached: 8JRO.cif
2026-05-04 06:32:28,793 - INFO - [1649/2052] Biological assembly already cached: 8JRO-assembly1.cif
2026-05-04 06:32:28,994 - INFO - [1650/2052] Asymmetric unit already cached: 8JRP.cif
2026-05-04 06:32:28,994 - INFO - [1650/2052] Biological assembly already cached: 8JRP-assembly1.cif
2026-05-04 06:32:29,194 - INFO - [1651/2052] Asymmetric unit already cached: 8JRQ.cif
2026-05-04 06:32:29,194 - INFO - [1651/2052] Biological assembly already cached: 8JRQ-assembly1.cif
2026-05-04 06:32:29,395 - INFO - [1652/2052] Asymmetric unit already cached: 8JRR.cif
2026-05-04 06:32:29,395 - INFO - [1652/2052] Biological assembly already cached: 8JRR-assembly1.cif
2026-05-04 06:32:29,595 - INFO - [1653/2052] Asymmetric unit already cached: 8JUC.cif
2026-05-04 06:32:29,596 - INFO - [1653/2052] Biological assembly already cached: 8JUC-assembly1.cif
2026-05-04 06:32:29,796 - INFO - [1654/2052] Asymmetric unit already cached: 8JVD.cif
2026-05-04 06:32:29,796 - INFO - [1654/2052] Biological assembly already cached: 8JVD-assembly1.cif
2026-05-04 06:32:29,996 - INFO - [1655/2052] Asymmetric unit already cached: 8JVE.cif
2026-05-04 06:32:29,997 - INFO - [1655/2052] Biological assembly already cached: 8JVE-assembly1.cif
2026-05-04 06:32:30,197 - INFO - [1656/2052] Asymmetric unit already cached: 8JVL.cif
2026-05-04 06:32:30,197 - INFO - [1656/2052] Biological assembly already cached: 8JVL-assembly1.cif
2026-05-04 06:32:30,398 - INFO - [1657/2052] Asymmetric unit already cached: 8JWJ.cif
2026-05-04 06:32:30,398 - INFO - [1657/2052] Biological assembly already cached: 8JWJ-assembly1.cif
2026-05-04 06:32:30,598 - INFO - [1658/2052] Asymmetric unit already cached: 8JWU.cif
2026-05-04 06:32:30,598 - INFO - [1658/2052] Biological assembly already cached: 8JWU-assembly1.cif
2026-05-04 06:32:30,799 - INFO - [1659/2052] Asymmetric unit already cached: 8JWV.cif
2026-05-04 06:32:30,799 - INFO - [1659/2052] Biological assembly already cached: 8JWV-assembly1.cif
2026-05-04 06:32:30,999 - INFO - [1660/2052] Asymmetric unit already cached: 8K6Q.cif
2026-05-04 06:32:30,999 - INFO - [1660/2052] Biological assembly already cached: 8K6Q-assembly1.cif
2026-05-04 06:32:31,200 - INFO - [1661/2052] Asymmetric unit already cached: 8K9I.cif
2026-05-04 06:32:31,200 - INFO - [1661/2052] Biological assembly already cached: 8K9I-assembly1.cif
2026-05-04 06:32:31,400 - INFO - [1662/2052] Asymmetric unit already cached: 8KES.cif
2026-05-04 06:32:31,401 - INFO - [1662/2052] Biological assembly already cached: 8KES-assembly1.cif
2026-05-04 06:32:31,601 - INFO - [1663/2052] Asymmetric unit already cached: 8KET.cif
2026-05-04 06:32:31,601 - INFO - [1663/2052] Biological assembly already cached: 8KET-assembly1.cif
2026-05-04 06:32:31,802 - INFO - [1664/2052] Asymmetric unit already cached: 8KEV.cif
2026-05-04 06:32:31,802 - INFO - [1664/2052] Biological assembly already cached: 8KEV-assembly1.cif
2026-05-04 06:32:32,002 - INFO - [1665/2052] Asymmetric unit already cached: 8KHP.cif
2026-05-04 06:32:32,002 - INFO - [1665/2052] Biological assembly already cached: 8KHP-assembly1.cif
2026-05-04 06:32:32,203 - INFO - [1666/2052] Asymmetric unit already cached: 8ODR.cif
2026-05-04 06:32:32,203 - INFO - [1666/2052] Biological assembly already cached: 8ODR-assembly1.cif
2026-05-04 06:32:32,403 - INFO - [1667/2052] Asymmetric unit already cached: 8OIF.cif
2026-05-04 06:32:32,403 - INFO - [1667/2052] Biological assembly already cached: 8OIF-assembly1.cif
2026-05-04 06:32:32,604 - INFO - [1668/2052] Asymmetric unit already cached: 8OR0.cif
2026-05-04 06:32:32,604 - INFO - [1668/2052] Biological assembly already cached: 8OR0-assembly1.cif
2026-05-04 06:32:32,804 - INFO - [1669/2052] Asymmetric unit already cached: 8OR2.cif
2026-05-04 06:32:32,805 - INFO - [1669/2052] Biological assembly already cached: 8OR2-assembly1.cif
2026-05-04 06:32:33,005 - INFO - [1670/2052] Asymmetric unit already cached: 8OR3.cif
2026-05-04 06:32:33,005 - INFO - [1670/2052] Biological assembly already cached: 8OR3-assembly1.cif
2026-05-04 06:32:33,206 - INFO - [1671/2052] Asymmetric unit already cached: 8OR4.cif
2026-05-04 06:32:33,206 - INFO - [1671/2052] Biological assembly already cached: 8OR4-assembly1.cif
2026-05-04 06:32:33,406 - INFO - [1672/2052] Asymmetric unit already cached: 8ORM.cif
2026-05-04 06:32:33,406 - INFO - [1672/2052] Biological assembly already cached: 8ORM-assembly1.cif
2026-05-04 06:32:33,607 - INFO - [1673/2052] Asymmetric unit already cached: 8P0D.cif
2026-05-04 06:32:33,607 - INFO - [1673/2052] Biological assembly already cached: 8P0D-assembly1.cif
2026-05-04 06:32:33,807 - INFO - [1674/2052] Asymmetric unit already cached: 8P6V.cif
2026-05-04 06:32:33,808 - INFO - [1674/2052] Biological assembly already cached: 8P6V-assembly1.cif
2026-05-04 06:32:34,008 - INFO - [1675/2052] Asymmetric unit already cached: 8P6W.cif
2026-05-04 06:32:34,008 - INFO - [1675/2052] Biological assembly already cached: 8P6W-assembly1.cif
2026-05-04 06:32:34,209 - INFO - [1676/2052] Asymmetric unit already cached: 8P6X.cif
2026-05-04 06:32:34,209 - INFO - [1676/2052] Biological assembly already cached: 8P6X-assembly1.cif
2026-05-04 06:32:34,409 - INFO - [1677/2052] Asymmetric unit already cached: 8P6Y.cif
2026-05-04 06:32:34,409 - INFO - [1677/2052] Biological assembly already cached: 8P6Y-assembly1.cif
2026-05-04 06:32:34,610 - INFO - [1678/2052] Asymmetric unit already cached: 8P6Z.cif
2026-05-04 06:32:34,610 - INFO - [1678/2052] Biological assembly already cached: 8P6Z-assembly1.cif
2026-05-04 06:32:34,810 - INFO - [1679/2052] Asymmetric unit already cached: 8P70.cif
2026-05-04 06:32:34,811 - INFO - [1679/2052] Biological assembly already cached: 8P70-assembly1.cif
2026-05-04 06:32:35,011 - INFO - [1680/2052] Asymmetric unit already cached: 8P71.cif
2026-05-04 06:32:35,011 - INFO - [1680/2052] Biological assembly already cached: 8P71-assembly1.cif
2026-05-04 06:32:35,212 - INFO - [1681/2052] Asymmetric unit already cached: 8P72.cif
2026-05-04 06:32:35,212 - INFO - [1681/2052] Biological assembly already cached: 8P72-assembly1.cif
2026-05-04 06:32:35,412 - INFO - [1682/2052] Asymmetric unit already cached: 8P73.cif
2026-05-04 06:32:35,412 - INFO - [1682/2052] Biological assembly already cached: 8P73-assembly1.cif
2026-05-04 06:32:35,613 - INFO - [1683/2052] Asymmetric unit already cached: 8P74.cif
2026-05-04 06:32:35,613 - INFO - [1683/2052] Biological assembly already cached: 8P74-assembly1.cif
2026-05-04 06:32:35,813 - INFO - [1684/2052] Asymmetric unit already cached: 8P75.cif
2026-05-04 06:32:35,813 - INFO - [1684/2052] Biological assembly already cached: 8P75-assembly1.cif
2026-05-04 06:32:36,014 - INFO - [1685/2052] Asymmetric unit already cached: 8P76.cif
2026-05-04 06:32:36,014 - INFO - [1685/2052] Biological assembly already cached: 8P76-assembly1.cif
2026-05-04 06:32:36,215 - INFO - [1686/2052] Asymmetric unit already cached: 8P77.cif
2026-05-04 06:32:36,215 - INFO - [1686/2052] Biological assembly already cached: 8P77-assembly1.cif
2026-05-04 06:32:36,415 - INFO - [1687/2052] Asymmetric unit already cached: 8P78.cif
2026-05-04 06:32:36,415 - INFO - [1687/2052] Biological assembly already cached: 8P78-assembly1.cif
2026-05-04 06:32:36,616 - INFO - [1688/2052] Asymmetric unit already cached: 8P79.cif
2026-05-04 06:32:36,616 - INFO - [1688/2052] Biological assembly already cached: 8P79-assembly1.cif
2026-05-04 06:32:36,816 - INFO - [1689/2052] Asymmetric unit already cached: 8P7L.cif
2026-05-04 06:32:36,816 - INFO - [1689/2052] Biological assembly already cached: 8P7L-assembly1.cif
2026-05-04 06:32:37,017 - INFO - [1690/2052] Asymmetric unit already cached: 8P82.cif
2026-05-04 06:32:37,017 - INFO - [1690/2052] Biological assembly already cached: 8P82-assembly1.cif
2026-05-04 06:32:37,218 - INFO - [1691/2052] Asymmetric unit already cached: 8P83.cif
2026-05-04 06:32:37,218 - INFO - [1691/2052] Biological assembly already cached: 8P83-assembly1.cif
2026-05-04 06:32:37,418 - INFO - [1692/2052] Asymmetric unit already cached: 8PD4.cif
2026-05-04 06:32:37,418 - INFO - [1692/2052] Biological assembly already cached: 8PD4-assembly1.cif
2026-05-04 06:32:37,619 - INFO - [1693/2052] Asymmetric unit already cached: 8PD6.cif
2026-05-04 06:32:37,619 - INFO - [1693/2052] Biological assembly already cached: 8PD6-assembly1.cif
2026-05-04 06:32:37,819 - INFO - [1694/2052] Asymmetric unit already cached: 8PJN.cif
2026-05-04 06:32:37,820 - INFO - [1694/2052] Biological assembly already cached: 8PJN-assembly1.cif
2026-05-04 06:32:38,020 - INFO - [1695/2052] Asymmetric unit already cached: 8PKP.cif
2026-05-04 06:32:38,020 - INFO - [1695/2052] Biological assembly already cached: 8PKP-assembly1.cif
2026-05-04 06:32:38,221 - INFO - [1696/2052] Asymmetric unit already cached: 8PLZ.cif
2026-05-04 06:32:38,221 - INFO - [1696/2052] Biological assembly already cached: 8PLZ-assembly1.cif
2026-05-04 06:32:38,421 - INFO - [1697/2052] Asymmetric unit already cached: 8PP7.cif
2026-05-04 06:32:38,421 - INFO - [1697/2052] Biological assembly already cached: 8PP7-assembly1.cif
2026-05-04 06:32:38,622 - INFO - [1698/2052] Asymmetric unit already cached: 8PQL.cif
2026-05-04 06:32:38,622 - INFO - [1698/2052] Biological assembly already cached: 8PQL-assembly1.cif
2026-05-04 06:32:38,822 - INFO - [1699/2052] Asymmetric unit already cached: 8PWC.cif
2026-05-04 06:32:38,822 - INFO - [1699/2052] Biological assembly already cached: 8PWC-assembly1.cif
2026-05-04 06:32:39,023 - INFO - [1700/2052] Asymmetric unit already cached: 8PWL.cif
2026-05-04 06:32:39,023 - INFO - [1700/2052] Biological assembly already cached: 8PWL-assembly1.cif
2026-05-04 06:32:39,223 - INFO - [1701/2052] Asymmetric unit already cached: 8PYR.cif
2026-05-04 06:32:39,223 - INFO - [1701/2052] Biological assembly already cached: 8PYR-assembly1.cif
2026-05-04 06:32:39,424 - INFO - [1702/2052] Asymmetric unit already cached: 8Q0N.cif
2026-05-04 06:32:39,424 - INFO - [1702/2052] Biological assembly already cached: 8Q0N-assembly1.cif
2026-05-04 06:32:39,624 - INFO - [1703/2052] Asymmetric unit already cached: 8Q7E.cif
2026-05-04 06:32:39,625 - INFO - [1703/2052] Biological assembly already cached: 8Q7E-assembly1.cif
2026-05-04 06:32:39,825 - INFO - [1704/2052] Asymmetric unit already cached: 8Q7H.cif
2026-05-04 06:32:39,825 - INFO - [1704/2052] Biological assembly already cached: 8Q7H-assembly1.cif
2026-05-04 06:32:40,025 - INFO - [1705/2052] Asymmetric unit already cached: 8Q7R.cif
2026-05-04 06:32:40,026 - INFO - [1705/2052] Biological assembly already cached: 8Q7R-assembly1.cif
2026-05-04 06:32:40,226 - INFO - [1706/2052] Asymmetric unit already cached: 8QNG.cif
2026-05-04 06:32:40,226 - INFO - [1706/2052] Biological assembly already cached: 8QNG-assembly1.cif
2026-05-04 06:32:40,427 - INFO - [1707/2052] Asymmetric unit already cached: 8QNH.cif
2026-05-04 06:32:40,427 - INFO - [1707/2052] Biological assembly already cached: 8QNH-assembly1.cif
2026-05-04 06:32:40,627 - INFO - [1708/2052] Asymmetric unit already cached: 8QNI.cif
2026-05-04 06:32:40,627 - INFO - [1708/2052] Biological assembly already cached: 8QNI-assembly1.cif
2026-05-04 06:32:40,828 - INFO - [1709/2052] Asymmetric unit already cached: 8QTG.cif
2026-05-04 06:32:40,828 - INFO - [1709/2052] Biological assembly already cached: 8QTG-assembly1.cif
2026-05-04 06:32:41,028 - INFO - [1710/2052] Asymmetric unit already cached: 8QTH.cif
2026-05-04 06:32:41,029 - INFO - [1710/2052] Biological assembly already cached: 8QTH-assembly1.cif
2026-05-04 06:32:41,229 - INFO - [1711/2052] Asymmetric unit already cached: 8QTJ.cif
2026-05-04 06:32:41,229 - INFO - [1711/2052] Biological assembly already cached: 8QTJ-assembly1.cif
2026-05-04 06:32:41,430 - INFO - [1712/2052] Asymmetric unit already cached: 8QTK.cif
2026-05-04 06:32:41,430 - INFO - [1712/2052] Biological assembly already cached: 8QTK-assembly1.cif
2026-05-04 06:32:41,630 - INFO - [1713/2052] Asymmetric unit already cached: 8QU8.cif
2026-05-04 06:32:41,630 - INFO - [1713/2052] Biological assembly already cached: 8QU8-assembly1.cif
2026-05-04 06:32:41,831 - INFO - [1714/2052] Asymmetric unit already cached: 8R1F.cif
2026-05-04 06:32:41,831 - INFO - [1714/2052] Biological assembly already cached: 8R1F-assembly1.cif
2026-05-04 06:32:42,031 - INFO - [1715/2052] Asymmetric unit already cached: 8R1G.cif
2026-05-04 06:32:42,031 - INFO - [1715/2052] Biological assembly already cached: 8R1G-assembly1.cif
2026-05-04 06:32:42,232 - INFO - [1716/2052] Asymmetric unit already cached: 8R5B.cif
2026-05-04 06:32:42,232 - INFO - [1716/2052] Biological assembly already cached: 8R5B-assembly1.cif
2026-05-04 06:32:42,432 - INFO - [1717/2052] Asymmetric unit already cached: 8R5C.cif
2026-05-04 06:32:42,432 - INFO - [1717/2052] Biological assembly already cached: 8R5C-assembly1.cif
2026-05-04 06:32:42,633 - INFO - [1718/2052] Asymmetric unit already cached: 8R5D.cif
2026-05-04 06:32:42,633 - INFO - [1718/2052] Biological assembly already cached: 8R5D-assembly1.cif
2026-05-04 06:32:42,833 - INFO - [1719/2052] Asymmetric unit already cached: 8R5H.cif
2026-05-04 06:32:42,833 - INFO - [1719/2052] Biological assembly already cached: 8R5H-assembly1.cif
2026-05-04 06:32:43,034 - INFO - [1720/2052] Asymmetric unit already cached: 8R5N.cif
2026-05-04 06:32:43,034 - INFO - [1720/2052] Biological assembly already cached: 8R5N-assembly1.cif
2026-05-04 06:32:43,234 - INFO - [1721/2052] Asymmetric unit already cached: 8R6A.cif
2026-05-04 06:32:43,234 - INFO - [1721/2052] Biological assembly already cached: 8R6A-assembly1.cif
2026-05-04 06:32:43,435 - INFO - [1722/2052] Asymmetric unit already cached: 8R6B.cif
2026-05-04 06:32:43,435 - INFO - [1722/2052] Biological assembly already cached: 8R6B-assembly1.cif
2026-05-04 06:32:43,635 - INFO - [1723/2052] Asymmetric unit already cached: 8R79.cif
2026-05-04 06:32:43,636 - INFO - [1723/2052] Biological assembly already cached: 8R79-assembly1.cif
2026-05-04 06:32:43,836 - INFO - [1724/2052] Asymmetric unit already cached: 8R7O.cif
2026-05-04 06:32:43,836 - INFO - [1724/2052] Biological assembly already cached: 8R7O-assembly1.cif
2026-05-04 06:32:44,036 - INFO - [1725/2052] Asymmetric unit already cached: 8RD0.cif
2026-05-04 06:32:44,037 - INFO - [1725/2052] Biological assembly already cached: 8RD0-assembly1.cif
2026-05-04 06:32:44,237 - INFO - [1726/2052] Asymmetric unit already cached: 8RD1.cif
2026-05-04 06:32:44,237 - INFO - [1726/2052] Biological assembly already cached: 8RD1-assembly1.cif
2026-05-04 06:32:44,438 - INFO - [1727/2052] Asymmetric unit already cached: 8RD7.cif
2026-05-04 06:32:44,438 - INFO - [1727/2052] Biological assembly already cached: 8RD7-assembly1.cif
2026-05-04 06:32:44,638 - INFO - [1728/2052] Asymmetric unit already cached: 8RHS.cif
2026-05-04 06:32:44,638 - INFO - [1728/2052] Biological assembly already cached: 8RHS-assembly1.cif
2026-05-04 06:32:44,839 - INFO - [1729/2052] Asymmetric unit already cached: 8RHZ.cif
2026-05-04 06:32:44,839 - INFO - [1729/2052] Biological assembly already cached: 8RHZ-assembly1.cif
2026-05-04 06:32:45,039 - INFO - [1730/2052] Asymmetric unit already cached: 8RO2.cif
2026-05-04 06:32:45,039 - INFO - [1730/2052] Biological assembly already cached: 8RO2-assembly1.cif
2026-05-04 06:32:45,240 - INFO - [1731/2052] Asymmetric unit already cached: 8RS8.cif
2026-05-04 06:32:45,240 - INFO - [1731/2052] Biological assembly already cached: 8RS8-assembly1.cif
2026-05-04 06:32:45,440 - INFO - [1732/2052] Asymmetric unit already cached: 8RWZ.cif
2026-05-04 06:32:45,441 - INFO - [1732/2052] Biological assembly already cached: 8RWZ-assembly1.cif
2026-05-04 06:32:45,641 - INFO - [1733/2052] Asymmetric unit already cached: 8RX0.cif
2026-05-04 06:32:45,641 - INFO - [1733/2052] Biological assembly already cached: 8RX0-assembly1.cif
2026-05-04 06:32:45,842 - INFO - [1734/2052] Asymmetric unit already cached: 8S0R.cif
2026-05-04 06:32:45,842 - INFO - [1734/2052] Biological assembly already cached: 8S0R-assembly1.cif
2026-05-04 06:32:46,042 - INFO - [1735/2052] Asymmetric unit already cached: 8S0T.cif
2026-05-04 06:32:46,042 - INFO - [1735/2052] Biological assembly already cached: 8S0T-assembly1.cif
2026-05-04 06:32:46,243 - INFO - [1736/2052] Asymmetric unit already cached: 8S24.cif
2026-05-04 06:32:46,243 - INFO - [1736/2052] Biological assembly already cached: 8S24-assembly1.cif
2026-05-04 06:32:46,443 - INFO - [1737/2052] Asymmetric unit already cached: 8SE9.cif
2026-05-04 06:32:46,444 - INFO - [1737/2052] Biological assembly already cached: 8SE9-assembly1.cif
2026-05-04 06:32:46,644 - INFO - [1738/2052] Asymmetric unit already cached: 8SEA.cif
2026-05-04 06:32:46,644 - INFO - [1738/2052] Biological assembly already cached: 8SEA-assembly1.cif
2026-05-04 06:32:46,845 - INFO - [1739/2052] Asymmetric unit already cached: 8SEB.cif
2026-05-04 06:32:46,845 - INFO - [1739/2052] Biological assembly already cached: 8SEB-assembly1.cif
2026-05-04 06:32:47,045 - INFO - [1740/2052] Asymmetric unit already cached: 8SMW.cif
2026-05-04 06:32:47,045 - INFO - [1740/2052] Biological assembly already cached: 8SMW-assembly1.cif
2026-05-04 06:32:47,246 - INFO - [1741/2052] Asymmetric unit already cached: 8SMX.cif
2026-05-04 06:32:47,246 - INFO - [1741/2052] Biological assembly already cached: 8SMX-assembly1.cif
2026-05-04 06:32:47,446 - INFO - [1742/2052] Asymmetric unit already cached: 8SMY.cif
2026-05-04 06:32:47,447 - INFO - [1742/2052] Biological assembly already cached: 8SMY-assembly1.cif
2026-05-04 06:32:47,647 - INFO - [1743/2052] Asymmetric unit already cached: 8SMZ.cif
2026-05-04 06:32:47,647 - INFO - [1743/2052] Biological assembly already cached: 8SMZ-assembly1.cif
2026-05-04 06:32:47,848 - INFO - [1744/2052] Asymmetric unit already cached: 8SN0.cif
2026-05-04 06:32:47,848 - INFO - [1744/2052] Biological assembly already cached: 8SN0-assembly1.cif
2026-05-04 06:32:48,048 - INFO - [1745/2052] Asymmetric unit already cached: 8SN1.cif
2026-05-04 06:32:48,048 - INFO - [1745/2052] Biological assembly already cached: 8SN1-assembly1.cif
2026-05-04 06:32:48,249 - INFO - [1746/2052] Asymmetric unit already cached: 8SN2.cif
2026-05-04 06:32:48,249 - INFO - [1746/2052] Biological assembly already cached: 8SN2-assembly1.cif
2026-05-04 06:32:48,449 - INFO - [1747/2052] Asymmetric unit already cached: 8SN3.cif
2026-05-04 06:32:48,449 - INFO - [1747/2052] Biological assembly already cached: 8SN3-assembly1.cif
2026-05-04 06:32:48,650 - INFO - [1748/2052] Asymmetric unit already cached: 8SN4.cif
2026-05-04 06:32:48,650 - INFO - [1748/2052] Biological assembly already cached: 8SN4-assembly1.cif
2026-05-04 06:32:48,851 - INFO - [1749/2052] Asymmetric unit already cached: 8SN5.cif
2026-05-04 06:32:48,851 - INFO - [1749/2052] Biological assembly already cached: 8SN5-assembly1.cif
2026-05-04 06:32:49,051 - INFO - [1750/2052] Asymmetric unit already cached: 8SN6.cif
2026-05-04 06:32:49,051 - INFO - [1750/2052] Biological assembly already cached: 8SN6-assembly1.cif
2026-05-04 06:32:49,252 - INFO - [1751/2052] Asymmetric unit already cached: 8SN7.cif
2026-05-04 06:32:49,252 - INFO - [1751/2052] Biological assembly already cached: 8SN7-assembly1.cif
2026-05-04 06:32:49,453 - INFO - [1752/2052] Asymmetric unit already cached: 8SN8.cif
2026-05-04 06:32:49,453 - INFO - [1752/2052] Biological assembly already cached: 8SN8-assembly1.cif
2026-05-04 06:32:49,653 - INFO - [1753/2052] Asymmetric unit already cached: 8SN9.cif
2026-05-04 06:32:49,653 - INFO - [1753/2052] Biological assembly already cached: 8SN9-assembly1.cif
2026-05-04 06:32:49,854 - INFO - [1754/2052] Asymmetric unit already cached: 8SNA.cif
2026-05-04 06:32:49,854 - INFO - [1754/2052] Biological assembly already cached: 8SNA-assembly1.cif
2026-05-04 06:32:50,054 - INFO - [1755/2052] Asymmetric unit already cached: 8SUV.cif
2026-05-04 06:32:50,055 - INFO - [1755/2052] Biological assembly already cached: 8SUV-assembly1.cif
2026-05-04 06:32:50,255 - INFO - [1756/2052] Asymmetric unit already cached: 8SV8.cif
2026-05-04 06:32:50,255 - INFO - [1756/2052] Biological assembly already cached: 8SV8-assembly1.cif
2026-05-04 06:32:50,456 - INFO - [1757/2052] Asymmetric unit already cached: 8T0S.cif
2026-05-04 06:32:50,456 - INFO - [1757/2052] Biological assembly already cached: 8T0S-assembly1.cif
2026-05-04 06:32:50,656 - INFO - [1758/2052] Asymmetric unit already cached: 8T5P.cif
2026-05-04 06:32:50,657 - INFO - [1758/2052] Biological assembly already cached: 8T5P-assembly1.cif
2026-05-04 06:32:50,857 - INFO - [1759/2052] Asymmetric unit already cached: 8T5Q.cif
2026-05-04 06:32:50,857 - INFO - [1759/2052] Biological assembly already cached: 8T5Q-assembly1.cif
2026-05-04 06:32:51,058 - INFO - [1760/2052] Asymmetric unit already cached: 8TAR.cif
2026-05-04 06:32:51,058 - INFO - [1760/2052] Biological assembly already cached: 8TAR-assembly1.cif
2026-05-04 06:32:51,258 - INFO - [1761/2052] Asymmetric unit already cached: 8TAU.cif
2026-05-04 06:32:51,259 - INFO - [1761/2052] Biological assembly already cached: 8TAU-assembly1.cif
2026-05-04 06:32:51,459 - INFO - [1762/2052] Asymmetric unit already cached: 8TXV.cif
2026-05-04 06:32:51,459 - INFO - [1762/2052] Biological assembly already cached: 8TXV-assembly1.cif
2026-05-04 06:32:51,660 - INFO - [1763/2052] Asymmetric unit already cached: 8TXW.cif
2026-05-04 06:32:51,660 - INFO - [1763/2052] Biological assembly already cached: 8TXW-assembly1.cif
2026-05-04 06:32:51,860 - INFO - [1764/2052] Asymmetric unit already cached: 8TXX.cif
2026-05-04 06:32:51,860 - INFO - [1764/2052] Biological assembly already cached: 8TXX-assembly1.cif
2026-05-04 06:32:52,061 - INFO - [1765/2052] Asymmetric unit already cached: 8U13.cif
2026-05-04 06:32:52,061 - INFO - [1765/2052] Biological assembly already cached: 8U13-assembly1.cif
2026-05-04 06:32:52,262 - INFO - [1766/2052] Asymmetric unit already cached: 8U14.cif
2026-05-04 06:32:52,262 - INFO - [1766/2052] Biological assembly already cached: 8U14-assembly1.cif
2026-05-04 06:32:52,462 - INFO - [1767/2052] Asymmetric unit already cached: 8U2Y.cif
2026-05-04 06:32:52,462 - INFO - [1767/2052] Biological assembly already cached: 8U2Y-assembly1.cif
2026-05-04 06:32:52,663 - INFO - [1768/2052] Asymmetric unit already cached: 8UBU.cif
2026-05-04 06:32:52,663 - INFO - [1768/2052] Biological assembly already cached: 8UBU-assembly1.cif
2026-05-04 06:32:52,863 - INFO - [1769/2052] Asymmetric unit already cached: 8UPF.cif
2026-05-04 06:32:52,864 - INFO - [1769/2052] Biological assembly already cached: 8UPF-assembly1.cif
2026-05-04 06:32:53,064 - INFO - [1770/2052] Asymmetric unit already cached: 8UQ8.cif
2026-05-04 06:32:53,064 - INFO - [1770/2052] Biological assembly already cached: 8UQ8-assembly1.cif
2026-05-04 06:32:53,265 - INFO - [1771/2052] Asymmetric unit already cached: 8UQ9.cif
2026-05-04 06:32:53,265 - INFO - [1771/2052] Biological assembly already cached: 8UQ9-assembly1.cif
2026-05-04 06:32:53,465 - INFO - [1772/2052] Asymmetric unit already cached: 8UQA.cif
2026-05-04 06:32:53,466 - INFO - [1772/2052] Biological assembly already cached: 8UQA-assembly1.cif
2026-05-04 06:32:53,666 - INFO - [1773/2052] Asymmetric unit already cached: 8UQB.cif
2026-05-04 06:32:53,666 - INFO - [1773/2052] Biological assembly already cached: 8UQB-assembly1.cif
2026-05-04 06:32:53,867 - INFO - [1774/2052] Asymmetric unit already cached: 8UQC.cif
2026-05-04 06:32:53,867 - INFO - [1774/2052] Biological assembly already cached: 8UQC-assembly1.cif
2026-05-04 06:32:54,068 - INFO - [1775/2052] Asymmetric unit already cached: 8UQD.cif
2026-05-04 06:32:54,068 - INFO - [1775/2052] Biological assembly already cached: 8UQD-assembly1.cif
2026-05-04 06:32:54,268 - INFO - [1776/2052] Asymmetric unit already cached: 8UQE.cif
2026-05-04 06:32:54,268 - INFO - [1776/2052] Biological assembly already cached: 8UQE-assembly1.cif
2026-05-04 06:32:54,469 - INFO - [1777/2052] Asymmetric unit already cached: 8V0D.cif
2026-05-04 06:32:54,469 - INFO - [1777/2052] Biological assembly already cached: 8V0D-assembly1.cif
2026-05-04 06:32:54,669 - INFO - [1778/2052] Asymmetric unit already cached: 8V0E.cif
2026-05-04 06:32:54,670 - INFO - [1778/2052] Biological assembly already cached: 8V0E-assembly1.cif
2026-05-04 06:32:54,870 - INFO - [1779/2052] Asymmetric unit already cached: 8VK8.cif
2026-05-04 06:32:54,870 - INFO - [1779/2052] Biological assembly already cached: 8VK8-assembly1.cif
2026-05-04 06:32:55,071 - INFO - [1780/2052] Asymmetric unit already cached: 8VK9.cif
2026-05-04 06:32:55,071 - INFO - [1780/2052] Biological assembly already cached: 8VK9-assembly1.cif
2026-05-04 06:32:55,271 - INFO - [1781/2052] Asymmetric unit already cached: 8VW4.cif
2026-05-04 06:32:55,272 - INFO - [1781/2052] Biological assembly already cached: 8VW4-assembly1.cif
2026-05-04 06:32:55,472 - INFO - [1782/2052] Asymmetric unit already cached: 8VW5.cif
2026-05-04 06:32:55,472 - INFO - [1782/2052] Biological assembly already cached: 8VW5-assembly1.cif
2026-05-04 06:32:55,673 - INFO - [1783/2052] Asymmetric unit already cached: 8W59.cif
2026-05-04 06:32:55,673 - INFO - [1783/2052] Biological assembly already cached: 8W59-assembly1.cif
2026-05-04 06:32:55,873 - INFO - [1784/2052] Asymmetric unit already cached: 8W5A.cif
2026-05-04 06:32:55,873 - INFO - [1784/2052] Biological assembly already cached: 8W5A-assembly1.cif
2026-05-04 06:32:56,074 - INFO - [1785/2052] Asymmetric unit already cached: 8WAK.cif
2026-05-04 06:32:56,074 - INFO - [1785/2052] Biological assembly already cached: 8WAK-assembly1.cif
2026-05-04 06:32:56,275 - INFO - [1786/2052] Asymmetric unit already cached: 8WAL.cif
2026-05-04 06:32:56,275 - INFO - [1786/2052] Biological assembly already cached: 8WAL-assembly1.cif
2026-05-04 06:32:56,475 - INFO - [1787/2052] Asymmetric unit already cached: 8WAN.cif
2026-05-04 06:32:56,475 - INFO - [1787/2052] Biological assembly already cached: 8WAN-assembly1.cif
2026-05-04 06:32:56,676 - INFO - [1788/2052] Asymmetric unit already cached: 8WAO.cif
2026-05-04 06:32:56,676 - INFO - [1788/2052] Biological assembly already cached: 8WAO-assembly1.cif
2026-05-04 06:32:56,877 - INFO - [1789/2052] Asymmetric unit already cached: 8WAP.cif
2026-05-04 06:32:56,877 - INFO - [1789/2052] Biological assembly already cached: 8WAP-assembly1.cif
2026-05-04 06:32:57,077 - INFO - [1790/2052] Asymmetric unit already cached: 8WAQ.cif
2026-05-04 06:32:57,077 - INFO - [1790/2052] Biological assembly already cached: 8WAQ-assembly1.cif
2026-05-04 06:32:57,278 - INFO - [1791/2052] Asymmetric unit already cached: 8WAR.cif
2026-05-04 06:32:57,278 - INFO - [1791/2052] Biological assembly already cached: 8WAR-assembly1.cif
2026-05-04 06:32:57,479 - INFO - [1792/2052] Asymmetric unit already cached: 8WAS.cif
2026-05-04 06:32:57,479 - INFO - [1792/2052] Biological assembly already cached: 8WAS-assembly1.cif
2026-05-04 06:32:57,679 - INFO - [1793/2052] Asymmetric unit already cached: 8WDK.cif
2026-05-04 06:32:57,679 - INFO - [1793/2052] Biological assembly already cached: 8WDK-assembly1.cif
2026-05-04 06:32:57,880 - INFO - [1794/2052] Asymmetric unit already cached: 8WMS.cif
2026-05-04 06:32:57,880 - INFO - [1794/2052] Biological assembly already cached: 8WMS-assembly1.cif
2026-05-04 06:32:58,080 - INFO - [1795/2052] Asymmetric unit already cached: 8WQA.cif
2026-05-04 06:32:58,081 - INFO - [1795/2052] Biological assembly already cached: 8WQA-assembly1.cif
2026-05-04 06:32:58,281 - INFO - [1796/2052] Asymmetric unit already cached: 8WQB.cif
2026-05-04 06:32:58,281 - INFO - [1796/2052] Biological assembly already cached: 8WQB-assembly1.cif
2026-05-04 06:32:58,482 - INFO - [1797/2052] Asymmetric unit already cached: 8WQC.cif
2026-05-04 06:32:58,482 - INFO - [1797/2052] Biological assembly already cached: 8WQC-assembly1.cif
2026-05-04 06:32:58,682 - INFO - [1798/2052] Asymmetric unit already cached: 8WQE.cif
2026-05-04 06:32:58,683 - INFO - [1798/2052] Biological assembly already cached: 8WQE-assembly1.cif
2026-05-04 06:32:58,883 - INFO - [1799/2052] Asymmetric unit already cached: 8WQF.cif
2026-05-04 06:32:58,883 - INFO - [1799/2052] Biological assembly already cached: 8WQF-assembly1.cif
2026-05-04 06:32:59,084 - INFO - [1800/2052] Asymmetric unit already cached: 8WQG.cif
2026-05-04 06:32:59,084 - INFO - [1800/2052] Biological assembly already cached: 8WQG-assembly1.cif
2026-05-04 06:32:59,284 - INFO - [1801/2052] Asymmetric unit already cached: 8WQH.cif
2026-05-04 06:32:59,284 - INFO - [1801/2052] Biological assembly already cached: 8WQH-assembly1.cif
2026-05-04 06:32:59,485 - INFO - [1802/2052] Asymmetric unit already cached: 8WR5.cif
2026-05-04 06:32:59,485 - INFO - [1802/2052] Biological assembly already cached: 8WR5-assembly1.cif
2026-05-04 06:32:59,685 - INFO - [1803/2052] Asymmetric unit already cached: 8WVU.cif
2026-05-04 06:32:59,685 - INFO - [1803/2052] Biological assembly already cached: 8WVU-assembly1.cif
2026-05-04 06:32:59,886 - INFO - [1804/2052] Asymmetric unit already cached: 8WZN.cif
2026-05-04 06:32:59,886 - INFO - [1804/2052] Biological assembly already cached: 8WZN-assembly1.cif
2026-05-04 06:33:00,086 - INFO - [1805/2052] Asymmetric unit already cached: 8WZO.cif
2026-05-04 06:33:00,087 - INFO - [1805/2052] Biological assembly already cached: 8WZO-assembly1.cif
2026-05-04 06:33:00,287 - INFO - [1806/2052] Asymmetric unit already cached: 8X7I.cif
2026-05-04 06:33:00,287 - INFO - [1806/2052] Biological assembly already cached: 8X7I-assembly1.cif
2026-05-04 06:33:00,488 - INFO - [1807/2052] Asymmetric unit already cached: 8X7J.cif
2026-05-04 06:33:00,488 - INFO - [1807/2052] Biological assembly already cached: 8X7J-assembly1.cif
2026-05-04 06:33:00,688 - INFO - [1808/2052] Asymmetric unit already cached: 8X7K.cif
2026-05-04 06:33:00,689 - INFO - [1808/2052] Biological assembly already cached: 8X7K-assembly1.cif
2026-05-04 06:33:00,889 - INFO - [1809/2052] Asymmetric unit already cached: 8XFP.cif
2026-05-04 06:33:00,889 - INFO - [1809/2052] Biological assembly already cached: 8XFP-assembly1.cif
2026-05-04 06:33:01,090 - INFO - [1810/2052] Asymmetric unit already cached: 8XFS.cif
2026-05-04 06:33:01,090 - INFO - [1810/2052] Biological assembly already cached: 8XFS-assembly1.cif
2026-05-04 06:33:01,290 - INFO - [1811/2052] Asymmetric unit already cached: 8XFT.cif
2026-05-04 06:33:01,290 - INFO - [1811/2052] Biological assembly already cached: 8XFT-assembly1.cif
2026-05-04 06:33:01,491 - INFO - [1812/2052] Asymmetric unit already cached: 8XV4.cif
2026-05-04 06:33:01,491 - INFO - [1812/2052] Biological assembly already cached: 8XV4-assembly1.cif
2026-05-04 06:33:01,691 - INFO - [1813/2052] Asymmetric unit already cached: 8XV6.cif
2026-05-04 06:33:01,692 - INFO - [1813/2052] Biological assembly already cached: 8XV6-assembly1.cif
2026-05-04 06:33:01,892 - INFO - [1814/2052] Asymmetric unit already cached: 8XV7.cif
2026-05-04 06:33:01,892 - INFO - [1814/2052] Biological assembly already cached: 8XV7-assembly1.cif
2026-05-04 06:33:02,093 - INFO - [1815/2052] Asymmetric unit already cached: 8XV8.cif
2026-05-04 06:33:02,093 - INFO - [1815/2052] Biological assembly already cached: 8XV8-assembly1.cif
2026-05-04 06:33:02,293 - INFO - [1816/2052] Asymmetric unit already cached: 8Y4Z.cif
2026-05-04 06:33:02,294 - INFO - [1816/2052] Biological assembly already cached: 8Y4Z-assembly1.cif
2026-05-04 06:33:02,494 - INFO - [1817/2052] Asymmetric unit already cached: 8Y58.cif
2026-05-04 06:33:02,494 - INFO - [1817/2052] Biological assembly already cached: 8Y58-assembly1.cif
2026-05-04 06:33:02,695 - INFO - [1818/2052] Asymmetric unit already cached: 8Y59.cif
2026-05-04 06:33:02,695 - INFO - [1818/2052] Biological assembly already cached: 8Y59-assembly1.cif
2026-05-04 06:33:02,895 - INFO - [1819/2052] Asymmetric unit already cached: 8Y5B.cif
2026-05-04 06:33:02,895 - INFO - [1819/2052] Biological assembly already cached: 8Y5B-assembly1.cif
2026-05-04 06:33:03,096 - INFO - [1820/2052] Asymmetric unit already cached: 8Y69.cif
2026-05-04 06:33:03,096 - INFO - [1820/2052] Biological assembly already cached: 8Y69-assembly1.cif
2026-05-04 06:33:03,297 - INFO - [1821/2052] Asymmetric unit already cached: 8YTC.cif
2026-05-04 06:33:03,297 - INFO - [1821/2052] Biological assembly already cached: 8YTC-assembly1.cif
2026-05-04 06:33:03,497 - INFO - [1822/2052] Asymmetric unit already cached: 8YTF.cif
2026-05-04 06:33:03,497 - INFO - [1822/2052] Biological assembly already cached: 8YTF-assembly1.cif
2026-05-04 06:33:03,698 - INFO - [1823/2052] Asymmetric unit already cached: 8YTG.cif
2026-05-04 06:33:03,698 - INFO - [1823/2052] Biological assembly already cached: 8YTG-assembly1.cif
2026-05-04 06:33:03,899 - INFO - [1824/2052] Asymmetric unit already cached: 8YTH.cif
2026-05-04 06:33:03,899 - INFO - [1824/2052] Biological assembly already cached: 8YTH-assembly1.cif
2026-05-04 06:33:04,099 - INFO - [1825/2052] Asymmetric unit already cached: 8Z30.cif
2026-05-04 06:33:04,099 - INFO - [1825/2052] Biological assembly already cached: 8Z30-assembly1.cif
2026-05-04 06:33:04,300 - INFO - [1826/2052] Asymmetric unit already cached: 8Z36.cif
2026-05-04 06:33:04,300 - INFO - [1826/2052] Biological assembly already cached: 8Z36-assembly1.cif
2026-05-04 06:33:04,501 - INFO - [1827/2052] Asymmetric unit already cached: 8ZUK.cif
2026-05-04 06:33:04,501 - INFO - [1827/2052] Biological assembly already cached: 8ZUK-assembly1.cif
2026-05-04 06:33:04,701 - INFO - [1828/2052] Asymmetric unit already cached: 8ZZM.cif
2026-05-04 06:33:04,701 - INFO - [1828/2052] Downloading biological assembly for 8ZZM
2026-05-04 06:33:05,062 - WARNING - Failed to download https://files.rcsb.org/download/8ZZM-assembly1.cif (status 404)
2026-05-04 06:33:05,262 - INFO - [1829/2052] Asymmetric unit already cached: 8ZZN.cif
2026-05-04 06:33:05,262 - INFO - [1829/2052] Downloading biological assembly for 8ZZN
2026-05-04 06:33:05,407 - WARNING - Failed to download https://files.rcsb.org/download/8ZZN-assembly1.cif (status 404)
2026-05-04 06:33:05,608 - INFO - [1830/2052] Asymmetric unit already cached: 8ZZS.cif
2026-05-04 06:33:05,608 - INFO - [1830/2052] Downloading biological assembly for 8ZZS
2026-05-04 06:33:05,739 - WARNING - Failed to download https://files.rcsb.org/download/8ZZS-assembly1.cif (status 404)
2026-05-04 06:33:05,940 - INFO - [1831/2052] Asymmetric unit already cached: 8ZZT.cif
2026-05-04 06:33:05,940 - INFO - [1831/2052] Downloading biological assembly for 8ZZT
2026-05-04 06:33:06,125 - WARNING - Failed to download https://files.rcsb.org/download/8ZZT-assembly1.cif (status 404)
2026-05-04 06:33:06,325 - INFO - [1832/2052] Asymmetric unit already cached: 9A1I.cif
2026-05-04 06:33:06,326 - INFO - [1832/2052] Downloading biological assembly for 9A1I
2026-05-04 06:33:06,459 - WARNING - Failed to download https://files.rcsb.org/download/9A1I-assembly1.cif (status 404)
2026-05-04 06:33:06,659 - INFO - [1833/2052] Asymmetric unit already cached: 9A1J.cif
2026-05-04 06:33:06,659 - INFO - [1833/2052] Downloading biological assembly for 9A1J
2026-05-04 06:33:06,790 - WARNING - Failed to download https://files.rcsb.org/download/9A1J-assembly1.cif (status 404)
2026-05-04 06:33:06,991 - INFO - [1834/2052] Asymmetric unit already cached: 9A40.cif
2026-05-04 06:33:06,991 - INFO - [1834/2052] Downloading biological assembly for 9A40
2026-05-04 06:33:07,131 - WARNING - Failed to download https://files.rcsb.org/download/9A40-assembly1.cif (status 404)
2026-05-04 06:33:07,331 - INFO - [1835/2052] Asymmetric unit already cached: 9ATN.cif
2026-05-04 06:33:07,331 - INFO - [1835/2052] Biological assembly already cached: 9ATN-assembly1.cif
2026-05-04 06:33:07,532 - INFO - [1836/2052] Asymmetric unit already cached: 9AZJ.cif
2026-05-04 06:33:07,532 - INFO - [1836/2052] Biological assembly already cached: 9AZJ-assembly1.cif
2026-05-04 06:33:07,732 - INFO - [1837/2052] Asymmetric unit already cached: 9B0B.cif
2026-05-04 06:33:07,733 - INFO - [1837/2052] Biological assembly already cached: 9B0B-assembly1.cif
2026-05-04 06:33:07,933 - INFO - [1838/2052] Asymmetric unit already cached: 9B0Z.cif
2026-05-04 06:33:07,933 - INFO - [1838/2052] Biological assembly already cached: 9B0Z-assembly1.cif
2026-05-04 06:33:08,134 - INFO - [1839/2052] Asymmetric unit already cached: 9B12.cif
2026-05-04 06:33:08,134 - INFO - [1839/2052] Biological assembly already cached: 9B12-assembly1.cif
2026-05-04 06:33:08,334 - INFO - [1840/2052] Asymmetric unit already cached: 9B62.cif
2026-05-04 06:33:08,335 - INFO - [1840/2052] Biological assembly already cached: 9B62-assembly1.cif
2026-05-04 06:33:08,535 - INFO - [1841/2052] Asymmetric unit already cached: 9BD3.cif
2026-05-04 06:33:08,535 - INFO - [1841/2052] Biological assembly already cached: 9BD3-assembly1.cif
2026-05-04 06:33:08,736 - INFO - [1842/2052] Asymmetric unit already cached: 9BIV.cif
2026-05-04 06:33:08,736 - INFO - [1842/2052] Biological assembly already cached: 9BIV-assembly1.cif
2026-05-04 06:33:08,936 - INFO - [1843/2052] Asymmetric unit already cached: 9BJ8.cif
2026-05-04 06:33:08,937 - INFO - [1843/2052] Biological assembly already cached: 9BJ8-assembly1.cif
2026-05-04 06:33:09,137 - INFO - [1844/2052] Asymmetric unit already cached: 9BJ9.cif
2026-05-04 06:33:09,137 - INFO - [1844/2052] Biological assembly already cached: 9BJ9-assembly1.cif
2026-05-04 06:33:09,338 - INFO - [1845/2052] Asymmetric unit already cached: 9BJZ.cif
2026-05-04 06:33:09,338 - INFO - [1845/2052] Biological assembly already cached: 9BJZ-assembly1.cif
2026-05-04 06:33:09,538 - INFO - [1846/2052] Asymmetric unit already cached: 9BKR.cif
2026-05-04 06:33:09,539 - INFO - [1846/2052] Biological assembly already cached: 9BKR-assembly1.cif
2026-05-04 06:33:09,739 - INFO - [1847/2052] Asymmetric unit already cached: 9BKS.cif
2026-05-04 06:33:09,739 - INFO - [1847/2052] Biological assembly already cached: 9BKS-assembly1.cif
2026-05-04 06:33:09,940 - INFO - [1848/2052] Asymmetric unit already cached: 9CDW.cif
2026-05-04 06:33:09,940 - INFO - [1848/2052] Biological assembly already cached: 9CDW-assembly1.cif
2026-05-04 06:33:10,140 - INFO - [1849/2052] Asymmetric unit already cached: 9CDZ.cif
2026-05-04 06:33:10,141 - INFO - [1849/2052] Biological assembly already cached: 9CDZ-assembly1.cif
2026-05-04 06:33:10,341 - INFO - [1850/2052] Asymmetric unit already cached: 9CHT.cif
2026-05-04 06:33:10,341 - INFO - [1850/2052] Biological assembly already cached: 9CHT-assembly1.cif
2026-05-04 06:33:10,542 - INFO - [1851/2052] Asymmetric unit already cached: 9D9Z.cif
2026-05-04 06:33:10,542 - INFO - [1851/2052] Biological assembly already cached: 9D9Z-assembly1.cif
2026-05-04 06:33:10,742 - INFO - [1852/2052] Asymmetric unit already cached: 9DBY.cif
2026-05-04 06:33:10,743 - INFO - [1852/2052] Biological assembly already cached: 9DBY-assembly1.cif
2026-05-04 06:33:10,943 - INFO - [1853/2052] Asymmetric unit already cached: 9DDE.cif
2026-05-04 06:33:10,943 - INFO - [1853/2052] Biological assembly already cached: 9DDE-assembly1.cif
2026-05-04 06:33:11,144 - INFO - [1854/2052] Asymmetric unit already cached: 9DGG.cif
2026-05-04 06:33:11,144 - INFO - [1854/2052] Biological assembly already cached: 9DGG-assembly1.cif
2026-05-04 06:33:11,344 - INFO - [1855/2052] Asymmetric unit already cached: 9DNO.cif
2026-05-04 06:33:11,345 - INFO - [1855/2052] Biological assembly already cached: 9DNO-assembly1.cif
2026-05-04 06:33:11,545 - INFO - [1856/2052] Asymmetric unit already cached: 9DNP.cif
2026-05-04 06:33:11,545 - INFO - [1856/2052] Biological assembly already cached: 9DNP-assembly1.cif
2026-05-04 06:33:11,746 - INFO - [1857/2052] Asymmetric unit already cached: 9DNQ.cif
2026-05-04 06:33:11,746 - INFO - [1857/2052] Biological assembly already cached: 9DNQ-assembly1.cif
2026-05-04 06:33:11,946 - INFO - [1858/2052] Asymmetric unit already cached: 9DNR.cif
2026-05-04 06:33:11,947 - INFO - [1858/2052] Biological assembly already cached: 9DNR-assembly1.cif
2026-05-04 06:33:12,147 - INFO - [1859/2052] Asymmetric unit already cached: 9DNS.cif
2026-05-04 06:33:12,147 - INFO - [1859/2052] Biological assembly already cached: 9DNS-assembly1.cif
2026-05-04 06:33:12,348 - INFO - [1860/2052] Asymmetric unit already cached: 9DQB.cif
2026-05-04 06:33:12,348 - INFO - [1860/2052] Biological assembly already cached: 9DQB-assembly1.cif
2026-05-04 06:33:12,548 - INFO - [1861/2052] Asymmetric unit already cached: 9DRJ.cif
2026-05-04 06:33:12,549 - INFO - [1861/2052] Biological assembly already cached: 9DRJ-assembly1.cif
2026-05-04 06:33:12,749 - INFO - [1862/2052] Asymmetric unit already cached: 9DRY.cif
2026-05-04 06:33:12,749 - INFO - [1862/2052] Biological assembly already cached: 9DRY-assembly1.cif
2026-05-04 06:33:12,950 - INFO - [1863/2052] Asymmetric unit already cached: 9DYA.cif
2026-05-04 06:33:12,950 - INFO - [1863/2052] Biological assembly already cached: 9DYA-assembly1.cif
2026-05-04 06:33:13,150 - INFO - [1864/2052] Asymmetric unit already cached: 9DYB.cif
2026-05-04 06:33:13,150 - INFO - [1864/2052] Biological assembly already cached: 9DYB-assembly1.cif
2026-05-04 06:33:13,351 - INFO - [1865/2052] Asymmetric unit already cached: 9EFM.cif
2026-05-04 06:33:13,351 - INFO - [1865/2052] Biological assembly already cached: 9EFM-assembly1.cif
2026-05-04 06:33:13,552 - INFO - [1866/2052] Asymmetric unit already cached: 9EFQ.cif
2026-05-04 06:33:13,552 - INFO - [1866/2052] Biological assembly already cached: 9EFQ-assembly1.cif
2026-05-04 06:33:13,752 - INFO - [1867/2052] Asymmetric unit already cached: 9EFV.cif
2026-05-04 06:33:13,752 - INFO - [1867/2052] Biological assembly already cached: 9EFV-assembly1.cif
2026-05-04 06:33:13,953 - INFO - [1868/2052] Asymmetric unit already cached: 9EG1.cif
2026-05-04 06:33:13,953 - INFO - [1868/2052] Biological assembly already cached: 9EG1-assembly1.cif
2026-05-04 06:33:14,154 - INFO - [1869/2052] Asymmetric unit already cached: 9EG8.cif
2026-05-04 06:33:14,154 - INFO - [1869/2052] Biological assembly already cached: 9EG8-assembly1.cif
2026-05-04 06:33:14,354 - INFO - [1870/2052] Asymmetric unit already cached: 9EGL.cif
2026-05-04 06:33:14,354 - INFO - [1870/2052] Biological assembly already cached: 9EGL-assembly1.cif
2026-05-04 06:33:14,555 - INFO - [1871/2052] Asymmetric unit already cached: 9EGV.cif
2026-05-04 06:33:14,555 - INFO - [1871/2052] Biological assembly already cached: 9EGV-assembly1.cif
2026-05-04 06:33:14,756 - INFO - [1872/2052] Asymmetric unit already cached: 9EGW.cif
2026-05-04 06:33:14,756 - INFO - [1872/2052] Biological assembly already cached: 9EGW-assembly1.cif
2026-05-04 06:33:14,956 - INFO - [1873/2052] Asymmetric unit already cached: 9EK5.cif
2026-05-04 06:33:14,956 - INFO - [1873/2052] Biological assembly already cached: 9EK5-assembly1.cif
2026-05-04 06:33:15,157 - INFO - [1874/2052] Asymmetric unit already cached: 9EQH.cif
2026-05-04 06:33:15,157 - INFO - [1874/2052] Biological assembly already cached: 9EQH-assembly1.cif
2026-05-04 06:33:15,357 - INFO - [1875/2052] Asymmetric unit already cached: 9EQK.cif
2026-05-04 06:33:15,358 - INFO - [1875/2052] Biological assembly already cached: 9EQK-assembly1.cif
2026-05-04 06:33:15,558 - INFO - [1876/2052] Asymmetric unit already cached: 9ERZ.cif
2026-05-04 06:33:15,558 - INFO - [1876/2052] Biological assembly already cached: 9ERZ-assembly1.cif
2026-05-04 06:33:15,759 - INFO - [1877/2052] Asymmetric unit already cached: 9FMD.cif
2026-05-04 06:33:15,759 - INFO - [1877/2052] Biological assembly already cached: 9FMD-assembly1.cif
2026-05-04 06:33:15,960 - INFO - [1878/2052] Asymmetric unit already cached: 9FQH.cif
2026-05-04 06:33:15,960 - INFO - [1878/2052] Biological assembly already cached: 9FQH-assembly1.cif
2026-05-04 06:33:16,160 - INFO - [1879/2052] Asymmetric unit already cached: 9FQI.cif
2026-05-04 06:33:16,160 - INFO - [1879/2052] Biological assembly already cached: 9FQI-assembly1.cif
2026-05-04 06:33:16,361 - INFO - [1880/2052] Asymmetric unit already cached: 9FQJ.cif
2026-05-04 06:33:16,361 - INFO - [1880/2052] Biological assembly already cached: 9FQJ-assembly1.cif
2026-05-04 06:33:16,561 - INFO - [1881/2052] Asymmetric unit already cached: 9FSH.cif
2026-05-04 06:33:16,562 - INFO - [1881/2052] Biological assembly already cached: 9FSH-assembly1.cif
2026-05-04 06:33:16,762 - INFO - [1882/2052] Asymmetric unit already cached: 9FSJ.cif
2026-05-04 06:33:16,762 - INFO - [1882/2052] Biological assembly already cached: 9FSJ-assembly1.cif
2026-05-04 06:33:16,963 - INFO - [1883/2052] Asymmetric unit already cached: 9FSK.cif
2026-05-04 06:33:16,963 - INFO - [1883/2052] Biological assembly already cached: 9FSK-assembly1.cif
2026-05-04 06:33:17,163 - INFO - [1884/2052] Asymmetric unit already cached: 9G08.cif
2026-05-04 06:33:17,164 - INFO - [1884/2052] Biological assembly already cached: 9G08-assembly1.cif
2026-05-04 06:33:17,364 - INFO - [1885/2052] Asymmetric unit already cached: 9G09.cif
2026-05-04 06:33:17,364 - INFO - [1885/2052] Biological assembly already cached: 9G09-assembly1.cif
2026-05-04 06:33:17,565 - INFO - [1886/2052] Asymmetric unit already cached: 9G0L.cif
2026-05-04 06:33:17,565 - INFO - [1886/2052] Biological assembly already cached: 9G0L-assembly1.cif
2026-05-04 06:33:17,765 - INFO - [1887/2052] Asymmetric unit already cached: 9GAW.cif
2026-05-04 06:33:17,765 - INFO - [1887/2052] Biological assembly already cached: 9GAW-assembly1.cif
2026-05-04 06:33:17,966 - INFO - [1888/2052] Asymmetric unit already cached: 9GD5.cif
2026-05-04 06:33:17,966 - INFO - [1888/2052] Biological assembly already cached: 9GD5-assembly1.cif
2026-05-04 06:33:18,166 - INFO - [1889/2052] Asymmetric unit already cached: 9GDG.cif
2026-05-04 06:33:18,167 - INFO - [1889/2052] Biological assembly already cached: 9GDG-assembly1.cif
2026-05-04 06:33:18,367 - INFO - [1890/2052] Asymmetric unit already cached: 9GES.cif
2026-05-04 06:33:18,367 - INFO - [1890/2052] Biological assembly already cached: 9GES-assembly1.cif
2026-05-04 06:33:18,568 - INFO - [1891/2052] Asymmetric unit already cached: 9GET.cif
2026-05-04 06:33:18,568 - INFO - [1891/2052] Biological assembly already cached: 9GET-assembly1.cif
2026-05-04 06:33:18,768 - INFO - [1892/2052] Asymmetric unit already cached: 9GEW.cif
2026-05-04 06:33:18,769 - INFO - [1892/2052] Biological assembly already cached: 9GEW-assembly1.cif
2026-05-04 06:33:18,969 - INFO - [1893/2052] Asymmetric unit already cached: 9GEY.cif
2026-05-04 06:33:18,969 - INFO - [1893/2052] Biological assembly already cached: 9GEY-assembly1.cif
2026-05-04 06:33:19,170 - INFO - [1894/2052] Asymmetric unit already cached: 9GFC.cif
2026-05-04 06:33:19,170 - INFO - [1894/2052] Biological assembly already cached: 9GFC-assembly1.cif
2026-05-04 06:33:19,370 - INFO - [1895/2052] Asymmetric unit already cached: 9GFK.cif
2026-05-04 06:33:19,371 - INFO - [1895/2052] Biological assembly already cached: 9GFK-assembly1.cif
2026-05-04 06:33:19,571 - INFO - [1896/2052] Asymmetric unit already cached: 9GIK.cif
2026-05-04 06:33:19,571 - INFO - [1896/2052] Biological assembly already cached: 9GIK-assembly1.cif
2026-05-04 06:33:19,772 - INFO - [1897/2052] Asymmetric unit already cached: 9GIM.cif
2026-05-04 06:33:19,772 - INFO - [1897/2052] Biological assembly already cached: 9GIM-assembly1.cif
2026-05-04 06:33:19,972 - INFO - [1898/2052] Asymmetric unit already cached: 9GKM.cif
2026-05-04 06:33:19,973 - INFO - [1898/2052] Biological assembly already cached: 9GKM-assembly1.cif
2026-05-04 06:33:20,173 - INFO - [1899/2052] Asymmetric unit already cached: 9GKN.cif
2026-05-04 06:33:20,173 - INFO - [1899/2052] Biological assembly already cached: 9GKN-assembly1.cif
2026-05-04 06:33:20,374 - INFO - [1900/2052] Asymmetric unit already cached: 9GLR.cif
2026-05-04 06:33:20,374 - INFO - [1900/2052] Biological assembly already cached: 9GLR-assembly1.cif
2026-05-04 06:33:20,574 - INFO - [1901/2052] Asymmetric unit already cached: 9GLS.cif
2026-05-04 06:33:20,575 - INFO - [1901/2052] Biological assembly already cached: 9GLS-assembly1.cif
2026-05-04 06:33:20,775 - INFO - [1902/2052] Asymmetric unit already cached: 9GY4.cif
2026-05-04 06:33:20,775 - INFO - [1902/2052] Biological assembly already cached: 9GY4-assembly1.cif
2026-05-04 06:33:20,976 - INFO - [1903/2052] Asymmetric unit already cached: 9H1J.cif
2026-05-04 06:33:20,976 - INFO - [1903/2052] Biological assembly already cached: 9H1J-assembly1.cif
2026-05-04 06:33:21,176 - INFO - [1904/2052] Asymmetric unit already cached: 9H9O.cif
2026-05-04 06:33:21,177 - INFO - [1904/2052] Biological assembly already cached: 9H9O-assembly1.cif
2026-05-04 06:33:21,377 - INFO - [1905/2052] Asymmetric unit already cached: 9H9T.cif
2026-05-04 06:33:21,377 - INFO - [1905/2052] Biological assembly already cached: 9H9T-assembly1.cif
2026-05-04 06:33:21,578 - INFO - [1906/2052] Asymmetric unit already cached: 9HGE.cif
2026-05-04 06:33:21,578 - INFO - [1906/2052] Biological assembly already cached: 9HGE-assembly1.cif
2026-05-04 06:33:21,779 - INFO - [1907/2052] Asymmetric unit already cached: 9HIN.cif
2026-05-04 06:33:21,779 - INFO - [1907/2052] Biological assembly already cached: 9HIN-assembly1.cif
2026-05-04 06:33:21,979 - INFO - [1908/2052] Asymmetric unit already cached: 9HIX.cif
2026-05-04 06:33:21,979 - INFO - [1908/2052] Biological assembly already cached: 9HIX-assembly1.cif
2026-05-04 06:33:22,180 - INFO - [1909/2052] Asymmetric unit already cached: 9HIY.cif
2026-05-04 06:33:22,180 - INFO - [1909/2052] Biological assembly already cached: 9HIY-assembly1.cif
2026-05-04 06:33:22,381 - INFO - [1910/2052] Asymmetric unit already cached: 9HJ0.cif
2026-05-04 06:33:22,381 - INFO - [1910/2052] Biological assembly already cached: 9HJ0-assembly1.cif
2026-05-04 06:33:22,581 - INFO - [1911/2052] Asymmetric unit already cached: 9HXW.cif
2026-05-04 06:33:22,581 - INFO - [1911/2052] Biological assembly already cached: 9HXW-assembly1.cif
2026-05-04 06:33:22,782 - INFO - [1912/2052] Asymmetric unit already cached: 9I0T.cif
2026-05-04 06:33:22,782 - INFO - [1912/2052] Biological assembly already cached: 9I0T-assembly1.cif
2026-05-04 06:33:22,983 - INFO - [1913/2052] Asymmetric unit already cached: 9I1J.cif
2026-05-04 06:33:22,983 - INFO - [1913/2052] Biological assembly already cached: 9I1J-assembly1.cif
2026-05-04 06:33:23,183 - INFO - [1914/2052] Asymmetric unit already cached: 9I9I.cif
2026-05-04 06:33:23,183 - INFO - [1914/2052] Biological assembly already cached: 9I9I-assembly1.cif
2026-05-04 06:33:23,384 - INFO - [1915/2052] Asymmetric unit already cached: 9I9J.cif
2026-05-04 06:33:23,384 - INFO - [1915/2052] Biological assembly already cached: 9I9J-assembly1.cif
2026-05-04 06:33:23,585 - INFO - [1916/2052] Asymmetric unit already cached: 9I9K.cif
2026-05-04 06:33:23,585 - INFO - [1916/2052] Biological assembly already cached: 9I9K-assembly1.cif
2026-05-04 06:33:23,785 - INFO - [1917/2052] Asymmetric unit already cached: 9IF9.cif
2026-05-04 06:33:23,785 - INFO - [1917/2052] Biological assembly already cached: 9IF9-assembly1.cif
2026-05-04 06:33:23,986 - INFO - [1918/2052] Asymmetric unit already cached: 9II5.cif
2026-05-04 06:33:23,986 - INFO - [1918/2052] Biological assembly already cached: 9II5-assembly1.cif
2026-05-04 06:33:24,187 - INFO - [1919/2052] Asymmetric unit already cached: 9IIC.cif
2026-05-04 06:33:24,187 - INFO - [1919/2052] Biological assembly already cached: 9IIC-assembly1.cif
2026-05-04 06:33:24,387 - INFO - [1920/2052] Asymmetric unit already cached: 9IPU.cif
2026-05-04 06:33:24,387 - INFO - [1920/2052] Biological assembly already cached: 9IPU-assembly1.cif
2026-05-04 06:33:24,588 - INFO - [1921/2052] Asymmetric unit already cached: 9IT5.cif
2026-05-04 06:33:24,588 - INFO - [1921/2052] Biological assembly already cached: 9IT5-assembly1.cif
2026-05-04 06:33:24,788 - INFO - [1922/2052] Asymmetric unit already cached: 9IUN.cif
2026-05-04 06:33:24,789 - INFO - [1922/2052] Biological assembly already cached: 9IUN-assembly1.cif
2026-05-04 06:33:24,989 - INFO - [1923/2052] Asymmetric unit already cached: 9IWL.cif
2026-05-04 06:33:24,989 - INFO - [1923/2052] Biological assembly already cached: 9IWL-assembly1.cif
2026-05-04 06:33:25,190 - INFO - [1924/2052] Asymmetric unit already cached: 9J63.cif
2026-05-04 06:33:25,190 - INFO - [1924/2052] Biological assembly already cached: 9J63-assembly1.cif
2026-05-04 06:33:25,390 - INFO - [1925/2052] Asymmetric unit already cached: 9J64.cif
2026-05-04 06:33:25,391 - INFO - [1925/2052] Biological assembly already cached: 9J64-assembly1.cif
2026-05-04 06:33:25,591 - INFO - [1926/2052] Asymmetric unit already cached: 9J6O.cif
2026-05-04 06:33:25,591 - INFO - [1926/2052] Biological assembly already cached: 9J6O-assembly1.cif
2026-05-04 06:33:25,792 - INFO - [1927/2052] Asymmetric unit already cached: 9J77.cif
2026-05-04 06:33:25,792 - INFO - [1927/2052] Biological assembly already cached: 9J77-assembly1.cif
2026-05-04 06:33:25,992 - INFO - [1928/2052] Asymmetric unit already cached: 9J78.cif
2026-05-04 06:33:25,993 - INFO - [1928/2052] Biological assembly already cached: 9J78-assembly1.cif
2026-05-04 06:33:26,193 - INFO - [1929/2052] Asymmetric unit already cached: 9J79.cif
2026-05-04 06:33:26,193 - INFO - [1929/2052] Biological assembly already cached: 9J79-assembly1.cif
2026-05-04 06:33:26,394 - INFO - [1930/2052] Asymmetric unit already cached: 9JEJ.cif
2026-05-04 06:33:26,394 - INFO - [1930/2052] Biological assembly already cached: 9JEJ-assembly1.cif
2026-05-04 06:33:26,594 - INFO - [1931/2052] Asymmetric unit already cached: 9JKB.cif
2026-05-04 06:33:26,595 - INFO - [1931/2052] Biological assembly already cached: 9JKB-assembly1.cif
2026-05-04 06:33:26,795 - INFO - [1932/2052] Asymmetric unit already cached: 9JNI.cif
2026-05-04 06:33:26,795 - INFO - [1932/2052] Biological assembly already cached: 9JNI-assembly1.cif
2026-05-04 06:33:26,996 - INFO - [1933/2052] Asymmetric unit already cached: 9JNL.cif
2026-05-04 06:33:26,996 - INFO - [1933/2052] Biological assembly already cached: 9JNL-assembly1.cif
2026-05-04 06:33:27,196 - INFO - [1934/2052] Asymmetric unit already cached: 9JNM.cif
2026-05-04 06:33:27,197 - INFO - [1934/2052] Biological assembly already cached: 9JNM-assembly1.cif
2026-05-04 06:33:27,397 - INFO - [1935/2052] Asymmetric unit already cached: 9JTA.cif
2026-05-04 06:33:27,397 - INFO - [1935/2052] Biological assembly already cached: 9JTA-assembly1.cif
2026-05-04 06:33:27,598 - INFO - [1936/2052] Asymmetric unit already cached: 9JUR.cif
2026-05-04 06:33:27,598 - INFO - [1936/2052] Biological assembly already cached: 9JUR-assembly1.cif
2026-05-04 06:33:27,799 - INFO - [1937/2052] Asymmetric unit already cached: 9JUT.cif
2026-05-04 06:33:27,799 - INFO - [1937/2052] Biological assembly already cached: 9JUT-assembly1.cif
2026-05-04 06:33:27,999 - INFO - [1938/2052] Asymmetric unit already cached: 9JUU.cif
2026-05-04 06:33:27,999 - INFO - [1938/2052] Biological assembly already cached: 9JUU-assembly1.cif
2026-05-04 06:33:28,200 - INFO - [1939/2052] Asymmetric unit already cached: 9JUY.cif
2026-05-04 06:33:28,200 - INFO - [1939/2052] Biological assembly already cached: 9JUY-assembly1.cif
2026-05-04 06:33:28,400 - INFO - [1940/2052] Asymmetric unit already cached: 9KB8.cif
2026-05-04 06:33:28,401 - INFO - [1940/2052] Biological assembly already cached: 9KB8-assembly1.cif
2026-05-04 06:33:28,601 - INFO - [1941/2052] Asymmetric unit already cached: 9KB9.cif
2026-05-04 06:33:28,601 - INFO - [1941/2052] Biological assembly already cached: 9KB9-assembly1.cif
2026-05-04 06:33:28,802 - INFO - [1942/2052] Asymmetric unit already cached: 9KBD.cif
2026-05-04 06:33:28,802 - INFO - [1942/2052] Biological assembly already cached: 9KBD-assembly1.cif
2026-05-04 06:33:29,002 - INFO - [1943/2052] Asymmetric unit already cached: 9KEN.cif
2026-05-04 06:33:29,003 - INFO - [1943/2052] Biological assembly already cached: 9KEN-assembly1.cif
2026-05-04 06:33:29,203 - INFO - [1944/2052] Asymmetric unit already cached: 9KQ2.cif
2026-05-04 06:33:29,203 - INFO - [1944/2052] Biological assembly already cached: 9KQ2-assembly1.cif
2026-05-04 06:33:29,404 - INFO - [1945/2052] Asymmetric unit already cached: 9KQO.cif
2026-05-04 06:33:29,404 - INFO - [1945/2052] Biological assembly already cached: 9KQO-assembly1.cif
2026-05-04 06:33:29,604 - INFO - [1946/2052] Asymmetric unit already cached: 9L3L.cif
2026-05-04 06:33:29,605 - INFO - [1946/2052] Biological assembly already cached: 9L3L-assembly1.cif
2026-05-04 06:33:29,805 - INFO - [1947/2052] Asymmetric unit already cached: 9L8Y.cif
2026-05-04 06:33:29,805 - INFO - [1947/2052] Biological assembly already cached: 9L8Y-assembly1.cif
2026-05-04 06:33:30,006 - INFO - [1948/2052] Asymmetric unit already cached: 9L93.cif
2026-05-04 06:33:30,006 - INFO - [1948/2052] Biological assembly already cached: 9L93-assembly1.cif
2026-05-04 06:33:30,206 - INFO - [1949/2052] Asymmetric unit already cached: 9LHJ.cif
2026-05-04 06:33:30,207 - INFO - [1949/2052] Biological assembly already cached: 9LHJ-assembly1.cif
2026-05-04 06:33:30,407 - INFO - [1950/2052] Asymmetric unit already cached: 9LKY.cif
2026-05-04 06:33:30,407 - INFO - [1950/2052] Biological assembly already cached: 9LKY-assembly1.cif
2026-05-04 06:33:30,608 - INFO - [1951/2052] Asymmetric unit already cached: 9LN6.cif
2026-05-04 06:33:30,608 - INFO - [1951/2052] Biological assembly already cached: 9LN6-assembly1.cif
2026-05-04 06:33:30,808 - INFO - [1952/2052] Asymmetric unit already cached: 9LPK.cif
2026-05-04 06:33:30,809 - INFO - [1952/2052] Biological assembly already cached: 9LPK-assembly1.cif
2026-05-04 06:33:31,009 - INFO - [1953/2052] Asymmetric unit already cached: 9LTO.cif
2026-05-04 06:33:31,009 - INFO - [1953/2052] Biological assembly already cached: 9LTO-assembly1.cif
2026-05-04 06:33:31,210 - INFO - [1954/2052] Asymmetric unit already cached: 9LTR.cif
2026-05-04 06:33:31,210 - INFO - [1954/2052] Biological assembly already cached: 9LTR-assembly1.cif
2026-05-04 06:33:31,410 - INFO - [1955/2052] Asymmetric unit already cached: 9LTZ.cif
2026-05-04 06:33:31,411 - INFO - [1955/2052] Biological assembly already cached: 9LTZ-assembly1.cif
2026-05-04 06:33:31,611 - INFO - [1956/2052] Asymmetric unit already cached: 9LU1.cif
2026-05-04 06:33:31,611 - INFO - [1956/2052] Biological assembly already cached: 9LU1-assembly1.cif
2026-05-04 06:33:31,812 - INFO - [1957/2052] Asymmetric unit already cached: 9LUL.cif
2026-05-04 06:33:31,812 - INFO - [1957/2052] Biological assembly already cached: 9LUL-assembly1.cif
2026-05-04 06:33:32,012 - INFO - [1958/2052] Asymmetric unit already cached: 9LVJ.cif
2026-05-04 06:33:32,013 - INFO - [1958/2052] Biological assembly already cached: 9LVJ-assembly1.cif
2026-05-04 06:33:32,213 - INFO - [1959/2052] Asymmetric unit already cached: 9LVK.cif
2026-05-04 06:33:32,213 - INFO - [1959/2052] Biological assembly already cached: 9LVK-assembly1.cif
2026-05-04 06:33:32,414 - INFO - [1960/2052] Asymmetric unit already cached: 9LWF.cif
2026-05-04 06:33:32,414 - INFO - [1960/2052] Biological assembly already cached: 9LWF-assembly1.cif
2026-05-04 06:33:32,614 - INFO - [1961/2052] Downloading asymmetric unit for 9LWI
2026-05-04 06:33:33,065 - INFO - Downloaded: 9LWI.cif
2026-05-04 06:33:33,065 - INFO - [1961/2052] Downloading biological assembly for 9LWI
2026-05-04 06:33:33,508 - INFO - Downloaded: 9LWI-assembly1.cif
2026-05-04 06:33:33,709 - INFO - [1962/2052] Downloading asymmetric unit for 9LWJ
2026-05-04 06:33:34,197 - INFO - Downloaded: 9LWJ.cif
2026-05-04 06:33:34,197 - INFO - [1962/2052] Downloading biological assembly for 9LWJ
2026-05-04 06:33:34,698 - INFO - Downloaded: 9LWJ-assembly1.cif
2026-05-04 06:33:34,899 - INFO - [1963/2052] Downloading asymmetric unit for 9LWL
2026-05-04 06:33:35,400 - INFO - Downloaded: 9LWL.cif
2026-05-04 06:33:35,400 - INFO - [1963/2052] Downloading biological assembly for 9LWL
2026-05-04 06:33:35,873 - INFO - Downloaded: 9LWL-assembly1.cif
2026-05-04 06:33:36,074 - INFO - [1964/2052] Asymmetric unit already cached: 9LWU.cif
2026-05-04 06:33:36,074 - INFO - [1964/2052] Biological assembly already cached: 9LWU-assembly1.cif
2026-05-04 06:33:36,275 - INFO - [1965/2052] Asymmetric unit already cached: 9M0Y.cif
2026-05-04 06:33:36,275 - INFO - [1965/2052] Biological assembly already cached: 9M0Y-assembly1.cif
2026-05-04 06:33:36,475 - INFO - [1966/2052] Asymmetric unit already cached: 9M3N.cif
2026-05-04 06:33:36,475 - INFO - [1966/2052] Biological assembly already cached: 9M3N-assembly1.cif
2026-05-04 06:33:36,676 - INFO - [1967/2052] Asymmetric unit already cached: 9M76.cif
2026-05-04 06:33:36,676 - INFO - [1967/2052] Biological assembly already cached: 9M76-assembly1.cif
2026-05-04 06:33:36,877 - INFO - [1968/2052] Asymmetric unit already cached: 9M77.cif
2026-05-04 06:33:36,877 - INFO - [1968/2052] Biological assembly already cached: 9M77-assembly1.cif
2026-05-04 06:33:37,077 - INFO - [1969/2052] Asymmetric unit already cached: 9MC4.cif
2026-05-04 06:33:37,077 - INFO - [1969/2052] Biological assembly already cached: 9MC4-assembly1.cif
2026-05-04 06:33:37,278 - INFO - [1970/2052] Asymmetric unit already cached: 9MC5.cif
2026-05-04 06:33:37,278 - INFO - [1970/2052] Biological assembly already cached: 9MC5-assembly1.cif
2026-05-04 06:33:37,479 - INFO - [1971/2052] Asymmetric unit already cached: 9MC6.cif
2026-05-04 06:33:37,479 - INFO - [1971/2052] Biological assembly already cached: 9MC6-assembly1.cif
2026-05-04 06:33:37,679 - INFO - [1972/2052] Asymmetric unit already cached: 9MC7.cif
2026-05-04 06:33:37,680 - INFO - [1972/2052] Biological assembly already cached: 9MC7-assembly1.cif
2026-05-04 06:33:37,880 - INFO - [1973/2052] Asymmetric unit already cached: 9MC9.cif
2026-05-04 06:33:37,880 - INFO - [1973/2052] Biological assembly already cached: 9MC9-assembly1.cif
2026-05-04 06:33:38,081 - INFO - [1974/2052] Asymmetric unit already cached: 9MCB.cif
2026-05-04 06:33:38,081 - INFO - [1974/2052] Biological assembly already cached: 9MCB-assembly1.cif
2026-05-04 06:33:38,281 - INFO - [1975/2052] Asymmetric unit already cached: 9MUX.cif
2026-05-04 06:33:38,282 - INFO - [1975/2052] Biological assembly already cached: 9MUX-assembly1.cif
2026-05-04 06:33:38,482 - INFO - [1976/2052] Asymmetric unit already cached: 9MZA.cif
2026-05-04 06:33:38,482 - INFO - [1976/2052] Biological assembly already cached: 9MZA-assembly1.cif
2026-05-04 06:33:38,683 - INFO - [1977/2052] Asymmetric unit already cached: 9N1F.cif
2026-05-04 06:33:38,683 - INFO - [1977/2052] Biological assembly already cached: 9N1F-assembly1.cif
2026-05-04 06:33:38,884 - INFO - [1978/2052] Asymmetric unit already cached: 9N1R.cif
2026-05-04 06:33:38,884 - INFO - [1978/2052] Biological assembly already cached: 9N1R-assembly1.cif
2026-05-04 06:33:39,084 - INFO - [1979/2052] Asymmetric unit already cached: 9N21.cif
2026-05-04 06:33:39,084 - INFO - [1979/2052] Biological assembly already cached: 9N21-assembly1.cif
2026-05-04 06:33:39,285 - INFO - [1980/2052] Asymmetric unit already cached: 9N23.cif
2026-05-04 06:33:39,285 - INFO - [1980/2052] Biological assembly already cached: 9N23-assembly1.cif
2026-05-04 06:33:39,486 - INFO - [1981/2052] Asymmetric unit already cached: 9N9R.cif
2026-05-04 06:33:39,486 - INFO - [1981/2052] Biological assembly already cached: 9N9R-assembly1.cif
2026-05-04 06:33:39,686 - INFO - [1982/2052] Asymmetric unit already cached: 9N9S.cif
2026-05-04 06:33:39,686 - INFO - [1982/2052] Biological assembly already cached: 9N9S-assembly1.cif
2026-05-04 06:33:39,887 - INFO - [1983/2052] Asymmetric unit already cached: 9NWD.cif
2026-05-04 06:33:39,887 - INFO - [1983/2052] Biological assembly already cached: 9NWD-assembly1.cif
2026-05-04 06:33:40,088 - INFO - [1984/2052] Asymmetric unit already cached: 9NWE.cif
2026-05-04 06:33:40,088 - INFO - [1984/2052] Biological assembly already cached: 9NWE-assembly1.cif
2026-05-04 06:33:40,288 - INFO - [1985/2052] Asymmetric unit already cached: 9OG0.cif
2026-05-04 06:33:40,288 - INFO - [1985/2052] Biological assembly already cached: 9OG0-assembly1.cif
2026-05-04 06:33:40,489 - INFO - [1986/2052] Asymmetric unit already cached: 9OGV.cif
2026-05-04 06:33:40,489 - INFO - [1986/2052] Biological assembly already cached: 9OGV-assembly1.cif
2026-05-04 06:33:40,690 - INFO - [1987/2052] Asymmetric unit already cached: 9OGW.cif
2026-05-04 06:33:40,690 - INFO - [1987/2052] Biological assembly already cached: 9OGW-assembly1.cif
2026-05-04 06:33:40,890 - INFO - [1988/2052] Asymmetric unit already cached: 9OLB.cif
2026-05-04 06:33:40,890 - INFO - [1988/2052] Biological assembly already cached: 9OLB-assembly1.cif
2026-05-04 06:33:41,091 - INFO - [1989/2052] Asymmetric unit already cached: 9OMA.cif
2026-05-04 06:33:41,091 - INFO - [1989/2052] Biological assembly already cached: 9OMA-assembly1.cif
2026-05-04 06:33:41,292 - INFO - [1990/2052] Asymmetric unit already cached: 9OSC.cif
2026-05-04 06:33:41,292 - INFO - [1990/2052] Biological assembly already cached: 9OSC-assembly1.cif
2026-05-04 06:33:41,492 - INFO - [1991/2052] Asymmetric unit already cached: 9OTI.cif
2026-05-04 06:33:41,493 - INFO - [1991/2052] Biological assembly already cached: 9OTI-assembly1.cif
2026-05-04 06:33:41,693 - INFO - [1992/2052] Asymmetric unit already cached: 9P2Q.cif
2026-05-04 06:33:41,693 - INFO - [1992/2052] Biological assembly already cached: 9P2Q-assembly1.cif
2026-05-04 06:33:41,894 - INFO - [1993/2052] Asymmetric unit already cached: 9Q88.cif
2026-05-04 06:33:41,894 - INFO - [1993/2052] Biological assembly already cached: 9Q88-assembly1.cif
2026-05-04 06:33:42,094 - INFO - [1994/2052] Asymmetric unit already cached: 9Q8Y.cif
2026-05-04 06:33:42,095 - INFO - [1994/2052] Biological assembly already cached: 9Q8Y-assembly1.cif
2026-05-04 06:33:42,295 - INFO - [1995/2052] Asymmetric unit already cached: 9Q9O.cif
2026-05-04 06:33:42,295 - INFO - [1995/2052] Biological assembly already cached: 9Q9O-assembly1.cif
2026-05-04 06:33:42,496 - INFO - [1996/2052] Asymmetric unit already cached: 9Q9P.cif
2026-05-04 06:33:42,496 - INFO - [1996/2052] Biological assembly already cached: 9Q9P-assembly1.cif
2026-05-04 06:33:42,696 - INFO - [1997/2052] Asymmetric unit already cached: 9Q9Q.cif
2026-05-04 06:33:42,697 - INFO - [1997/2052] Biological assembly already cached: 9Q9Q-assembly1.cif
2026-05-04 06:33:42,897 - INFO - [1998/2052] Asymmetric unit already cached: 9Q9R.cif
2026-05-04 06:33:42,897 - INFO - [1998/2052] Biological assembly already cached: 9Q9R-assembly1.cif
2026-05-04 06:33:43,098 - INFO - [1999/2052] Asymmetric unit already cached: 9QAL.cif
2026-05-04 06:33:43,098 - INFO - [1999/2052] Biological assembly already cached: 9QAL-assembly1.cif
2026-05-04 06:33:43,298 - INFO - [2000/2052] Asymmetric unit already cached: 9QBA.cif
2026-05-04 06:33:43,299 - INFO - [2000/2052] Biological assembly already cached: 9QBA-assembly1.cif
2026-05-04 06:33:43,499 - INFO - [2001/2052] Asymmetric unit already cached: 9QCV.cif
2026-05-04 06:33:43,499 - INFO - [2001/2052] Biological assembly already cached: 9QCV-assembly1.cif
2026-05-04 06:33:43,700 - INFO - [2002/2052] Asymmetric unit already cached: 9QCX.cif
2026-05-04 06:33:43,700 - INFO - [2002/2052] Biological assembly already cached: 9QCX-assembly1.cif
2026-05-04 06:33:43,900 - INFO - [2003/2052] Asymmetric unit already cached: 9QEU.cif
2026-05-04 06:33:43,901 - INFO - [2003/2052] Biological assembly already cached: 9QEU-assembly1.cif
2026-05-04 06:33:44,101 - INFO - [2004/2052] Asymmetric unit already cached: 9QF1.cif
2026-05-04 06:33:44,101 - INFO - [2004/2052] Biological assembly already cached: 9QF1-assembly1.cif
2026-05-04 06:33:44,302 - INFO - [2005/2052] Asymmetric unit already cached: 9QFS.cif
2026-05-04 06:33:44,302 - INFO - [2005/2052] Biological assembly already cached: 9QFS-assembly1.cif
2026-05-04 06:33:44,503 - INFO - [2006/2052] Asymmetric unit already cached: 9QFY.cif
2026-05-04 06:33:44,503 - INFO - [2006/2052] Biological assembly already cached: 9QFY-assembly1.cif
2026-05-04 06:33:44,703 - INFO - [2007/2052] Asymmetric unit already cached: 9QGW.cif
2026-05-04 06:33:44,703 - INFO - [2007/2052] Biological assembly already cached: 9QGW-assembly1.cif
2026-05-04 06:33:44,904 - INFO - [2008/2052] Asymmetric unit already cached: 9QH5.cif
2026-05-04 06:33:44,904 - INFO - [2008/2052] Biological assembly already cached: 9QH5-assembly1.cif
2026-05-04 06:33:45,105 - INFO - [2009/2052] Asymmetric unit already cached: 9QHI.cif
2026-05-04 06:33:45,105 - INFO - [2009/2052] Biological assembly already cached: 9QHI-assembly1.cif
2026-05-04 06:33:45,305 - INFO - [2010/2052] Asymmetric unit already cached: 9QIA.cif
2026-05-04 06:33:45,306 - INFO - [2010/2052] Biological assembly already cached: 9QIA-assembly1.cif
2026-05-04 06:33:45,506 - INFO - [2011/2052] Asymmetric unit already cached: 9QIM.cif
2026-05-04 06:33:45,506 - INFO - [2011/2052] Biological assembly already cached: 9QIM-assembly1.cif
2026-05-04 06:33:45,707 - INFO - [2012/2052] Asymmetric unit already cached: 9QIO.cif
2026-05-04 06:33:45,707 - INFO - [2012/2052] Biological assembly already cached: 9QIO-assembly1.cif
2026-05-04 06:33:45,907 - INFO - [2013/2052] Asymmetric unit already cached: 9QIP.cif
2026-05-04 06:33:45,908 - INFO - [2013/2052] Biological assembly already cached: 9QIP-assembly1.cif
2026-05-04 06:33:46,108 - INFO - [2014/2052] Asymmetric unit already cached: 9QIV.cif
2026-05-04 06:33:46,108 - INFO - [2014/2052] Biological assembly already cached: 9QIV-assembly1.cif
2026-05-04 06:33:46,309 - INFO - [2015/2052] Asymmetric unit already cached: 9QJN.cif
2026-05-04 06:33:46,309 - INFO - [2015/2052] Biological assembly already cached: 9QJN-assembly1.cif
2026-05-04 06:33:46,509 - INFO - [2016/2052] Asymmetric unit already cached: 9QO0.cif
2026-05-04 06:33:46,510 - INFO - [2016/2052] Biological assembly already cached: 9QO0-assembly1.cif
2026-05-04 06:33:46,710 - INFO - [2017/2052] Asymmetric unit already cached: 9QO1.cif
2026-05-04 06:33:46,710 - INFO - [2017/2052] Biological assembly already cached: 9QO1-assembly1.cif
2026-05-04 06:33:46,911 - INFO - [2018/2052] Asymmetric unit already cached: 9QO2.cif
2026-05-04 06:33:46,911 - INFO - [2018/2052] Biological assembly already cached: 9QO2-assembly1.cif
2026-05-04 06:33:47,112 - INFO - [2019/2052] Asymmetric unit already cached: 9QO4.cif
2026-05-04 06:33:47,112 - INFO - [2019/2052] Biological assembly already cached: 9QO4-assembly1.cif
2026-05-04 06:33:47,312 - INFO - [2020/2052] Asymmetric unit already cached: 9QO5.cif
2026-05-04 06:33:47,312 - INFO - [2020/2052] Biological assembly already cached: 9QO5-assembly1.cif
2026-05-04 06:33:47,513 - INFO - [2021/2052] Asymmetric unit already cached: 9QPX.cif
2026-05-04 06:33:47,513 - INFO - [2021/2052] Biological assembly already cached: 9QPX-assembly1.cif
2026-05-04 06:33:47,714 - INFO - [2022/2052] Asymmetric unit already cached: 9QUG.cif
2026-05-04 06:33:47,714 - INFO - [2022/2052] Biological assembly already cached: 9QUG-assembly1.cif
2026-05-04 06:33:47,914 - INFO - [2023/2052] Asymmetric unit already cached: 9QWS.cif
2026-05-04 06:33:47,914 - INFO - [2023/2052] Biological assembly already cached: 9QWS-assembly1.cif
2026-05-04 06:33:48,115 - INFO - [2024/2052] Asymmetric unit already cached: 9QWU.cif
2026-05-04 06:33:48,115 - INFO - [2024/2052] Biological assembly already cached: 9QWU-assembly1.cif
2026-05-04 06:33:48,316 - INFO - [2025/2052] Asymmetric unit already cached: 9QWX.cif
2026-05-04 06:33:48,316 - INFO - [2025/2052] Biological assembly already cached: 9QWX-assembly1.cif
2026-05-04 06:33:48,516 - INFO - [2026/2052] Asymmetric unit already cached: 9QWZ.cif
2026-05-04 06:33:48,516 - INFO - [2026/2052] Biological assembly already cached: 9QWZ-assembly1.cif
2026-05-04 06:33:48,717 - INFO - [2027/2052] Asymmetric unit already cached: 9QX0.cif
2026-05-04 06:33:48,717 - INFO - [2027/2052] Biological assembly already cached: 9QX0-assembly1.cif
2026-05-04 06:33:48,918 - INFO - [2028/2052] Asymmetric unit already cached: 9R11.cif
2026-05-04 06:33:48,918 - INFO - [2028/2052] Biological assembly already cached: 9R11-assembly1.cif
2026-05-04 06:33:49,118 - INFO - [2029/2052] Asymmetric unit already cached: 9R1P.cif
2026-05-04 06:33:49,118 - INFO - [2029/2052] Biological assembly already cached: 9R1P-assembly1.cif
2026-05-04 06:33:49,319 - INFO - [2030/2052] Asymmetric unit already cached: 9R6V.cif
2026-05-04 06:33:49,319 - INFO - [2030/2052] Biological assembly already cached: 9R6V-assembly1.cif
2026-05-04 06:33:49,520 - INFO - [2031/2052] Asymmetric unit already cached: 9R85.cif
2026-05-04 06:33:49,520 - INFO - [2031/2052] Biological assembly already cached: 9R85-assembly1.cif
2026-05-04 06:33:49,720 - INFO - [2032/2052] Asymmetric unit already cached: 9R8T.cif
2026-05-04 06:33:49,720 - INFO - [2032/2052] Biological assembly already cached: 9R8T-assembly1.cif
2026-05-04 06:33:49,921 - INFO - [2033/2052] Asymmetric unit already cached: 9R94.cif
2026-05-04 06:33:49,921 - INFO - [2033/2052] Biological assembly already cached: 9R94-assembly1.cif
2026-05-04 06:33:50,122 - INFO - [2034/2052] Asymmetric unit already cached: 9RFB.cif
2026-05-04 06:33:50,122 - INFO - [2034/2052] Biological assembly already cached: 9RFB-assembly1.cif
2026-05-04 06:33:50,322 - INFO - [2035/2052] Asymmetric unit already cached: 9RFF.cif
2026-05-04 06:33:50,322 - INFO - [2035/2052] Biological assembly already cached: 9RFF-assembly1.cif
2026-05-04 06:33:50,523 - INFO - [2036/2052] Asymmetric unit already cached: 9SA1.cif
2026-05-04 06:33:50,523 - INFO - [2036/2052] Biological assembly already cached: 9SA1-assembly1.cif
2026-05-04 06:33:50,724 - INFO - [2037/2052] Asymmetric unit already cached: 9SA2.cif
2026-05-04 06:33:50,724 - INFO - [2037/2052] Biological assembly already cached: 9SA2-assembly1.cif
2026-05-04 06:33:50,924 - INFO - [2038/2052] Asymmetric unit already cached: 9SDX.cif
2026-05-04 06:33:50,924 - INFO - [2038/2052] Biological assembly already cached: 9SDX-assembly1.cif
2026-05-04 06:33:51,125 - INFO - [2039/2052] Asymmetric unit already cached: 9SDY.cif
2026-05-04 06:33:51,125 - INFO - [2039/2052] Biological assembly already cached: 9SDY-assembly1.cif
2026-05-04 06:33:51,326 - INFO - [2040/2052] Asymmetric unit already cached: 9SKQ.cif
2026-05-04 06:33:51,326 - INFO - [2040/2052] Biological assembly already cached: 9SKQ-assembly1.cif
2026-05-04 06:33:51,526 - INFO - [2041/2052] Asymmetric unit already cached: 9T32.cif
2026-05-04 06:33:51,526 - INFO - [2041/2052] Biological assembly already cached: 9T32-assembly1.cif
2026-05-04 06:33:51,727 - INFO - [2042/2052] Asymmetric unit already cached: 9UAV.cif
2026-05-04 06:33:51,727 - INFO - [2042/2052] Biological assembly already cached: 9UAV-assembly1.cif
2026-05-04 06:33:51,927 - INFO - [2043/2052] Asymmetric unit already cached: 9UPZ.cif
2026-05-04 06:33:51,928 - INFO - [2043/2052] Biological assembly already cached: 9UPZ-assembly1.cif
2026-05-04 06:33:52,128 - INFO - [2044/2052] Asymmetric unit already cached: 9UV6.cif
2026-05-04 06:33:52,128 - INFO - [2044/2052] Biological assembly already cached: 9UV6-assembly1.cif
2026-05-04 06:33:52,329 - INFO - [2045/2052] Asymmetric unit already cached: 9V0K.cif
2026-05-04 06:33:52,329 - INFO - [2045/2052] Biological assembly already cached: 9V0K-assembly1.cif
2026-05-04 06:33:52,530 - INFO - [2046/2052] Asymmetric unit already cached: 9VG5.cif
2026-05-04 06:33:52,530 - INFO - [2046/2052] Biological assembly already cached: 9VG5-assembly1.cif
2026-05-04 06:33:52,730 - INFO - [2047/2052] Asymmetric unit already cached: 9W90.cif
2026-05-04 06:33:52,730 - INFO - [2047/2052] Biological assembly already cached: 9W90-assembly1.cif
2026-05-04 06:33:52,931 - INFO - [2048/2052] Asymmetric unit already cached: 9XZJ.cif
2026-05-04 06:33:52,931 - INFO - [2048/2052] Biological assembly already cached: 9XZJ-assembly1.cif
2026-05-04 06:33:53,131 - INFO - [2049/2052] Asymmetric unit already cached: 9XZK.cif
2026-05-04 06:33:53,132 - INFO - [2049/2052] Biological assembly already cached: 9XZK-assembly1.cif
2026-05-04 06:33:53,332 - INFO - [2050/2052] Asymmetric unit already cached: 9YE9.cif
2026-05-04 06:33:53,332 - INFO - [2050/2052] Biological assembly already cached: 9YE9-assembly1.cif
2026-05-04 06:33:53,533 - INFO - [2051/2052] Asymmetric unit already cached: 9YEA.cif
2026-05-04 06:33:53,533 - INFO - [2051/2052] Biological assembly already cached: 9YEA-assembly1.cif
2026-05-04 06:33:53,733 - INFO - [2052/2052] Asymmetric unit already cached: 9Z5Q.cif
2026-05-04 06:33:53,733 - INFO - [2052/2052] Biological assembly already cached: 9Z5Q-assembly1.cif
2026-05-04 06:33:53,934 - INFO - Download complete.
